regra,ano,y,C,I,G,dX,K,L,desemprego,w,salarios,r,R_exigido,r_e,w_e,transferencia,beneficio,participacao_trabalho,vagas,vagas_nao_preenchidas,contratacoes,separacoes,demissoes,racionadas,sem_comprar_tudo,margem,margem_alvo,dispersao_precos,dispersao_salarios,estoques,investimento_atendido,procura_ate_1_ano,procura_1_a_2_anos,procura_2_anos_ou_mais,quadro_alvo,probabilidade_separacao,log_gamma,G_pedido,log_X
aprendizado,0,1.8659,1.1589,0.36323,0.36031,-0.016499,4.1362,0.95577,0.099663,1.0901,1.0419,0.093126,0.19821,0.10211,1.078,-0.051506,0.046236,0.55838,0.046638,0.014795,0.032363,0.032675,0.000475,0.59475,7.5e-05,0.0035125,0.011984,0.086642,0.0082253,0.11004,0.99569,0.72853,0.27147,0,0.97136,0.03537,0.0016809,0.36186,0.013162
aprendizado,1,1.8521,1.1558,0.36015,0.35641,-0.020305,4.1401,0.9536,0.099212,1.065,1.0155,0.098653,0.19736,0.10148,1.0781,-0.016165,0.046097,0.54834,0.067186,0.034252,0.03245,0.031675,0.0002125,0.5779,0,0.012717,0.041937,0.079072,0.017786,0.060911,0.98494,0.62644,0.21684,0.15672,0.98828,0.03537,0.0016809,0.36186,0.034222
aprendizado,2,1.8585,1.1492,0.34181,0.35655,0.010942,4.1343,0.95489,0.098087,1.0193,0.97335,0.10999,0.19755,0.10162,1.0748,-0.009215,0.043585,0.52371,0.072207,0.04006,0.031637,0.032212,0.000125,0.58005,0,0.041,0.077364,0.084115,0.019038,0.045109,0.98533,0.62189,0.14216,0.23595,0.99362,0.03537,0.0016809,0.36186,0.055282
aprendizado,3,1.8582,1.1391,0.31642,0.35965,0.043039,4.1088,0.95448,0.097263,0.96847,0.92439,0.11995,0.19883,0.10257,1.068,-0.0090979,0.041576,0.49748,0.072273,0.037921,0.032787,0.03195,0.000175,0.54897,0,0.071308,0.10734,0.079975,0.018571,0.059859,0.99387,0.63655,0.13734,0.22611,0.99074,0.03537,0.0016809,0.36186,0.076342
aprendizado,4,1.8579,1.1279,0.29512,0.36067,0.074201,4.0643,0.95757,0.097375,0.93088,0.89139,0.12582,0.20095,0.10413,1.0583,-0.0065313,0.03881,0.47978,0.068017,0.034056,0.033212,0.032912,0.00025,0.57114,0,0.092503,0.12029,0.075511,0.017182,0.10232,0.99669,0.64748,0.13686,0.21566,0.98955,0.03537,0.0016809,0.36186,0.097402
aprendizado,5,1.8455,1.1181,0.28118,0.36096,0.085293,4.0083,0.95323,0.099888,0.91292,0.87022,0.1262,0.20325,0.10584,1.0475,-0.011844,0.039647,0.47153,0.064951,0.032829,0.031675,0.032313,0.000275,0.5265,0,0.099758,0.12463,0.082866,0.019048,0.14836,0.99751,0.63749,0.14762,0.21489,0.98221,0.03537,0.0016809,0.36186,0.11846
aprendizado,6,1.843,1.1081,0.27339,0.36124,0.10027,3.9449,0.95351,0.099525,0.90346,0.86146,0.12668,0.20541,0.10744,1.0364,-0.012761,0.039137,0.46742,0.06351,0.029809,0.032725,0.031675,0.0004375,0.51449,0,0.10774,0.12677,0.080991,0.01971,0.1947,0.99828,0.62547,0.15059,0.22394,0.98018,0.03537,0.0016809,0.36186,0.13952
aprendizado,7,1.8327,1.0988,0.26862,0.36124,0.10404,3.8827,0.95554,0.098525,0.89801,0.85808,0.12512,0.20737,0.10889,1.0259,-0.016286,0.038172,0.46821,0.059488,0.026695,0.032137,0.031037,0.00065,0.49039,0,0.10991,0.12593,0.07822,0.018939,0.23936,0.99827,0.62663,0.14868,0.22468,0.98,0.03537,0.0016809,0.36186,0.16058
aprendizado,8,1.8236,1.0894,0.26986,0.36132,0.10306,3.8234,0.95505,0.09605,0.90137,0.86085,0.12166,0.20892,0.11004,1.0161,-0.020467,0.038491,0.47205,0.061143,0.028328,0.031887,0.032175,0.00025,0.48767,0,0.10355,0.12064,0.078912,0.021472,0.27196,0.9985,0.64069,0.13324,0.22608,0.97881,0.03537,0.0016809,0.36186,0.18164
aprendizado,9,1.8244,1.0801,0.27135,0.3618,0.1112,3.7698,0.9521,0.098575,0.90956,0.86599,0.12078,0.21012,0.11093,1.0075,-0.023675,0.039915,0.47466,0.059381,0.026326,0.032287,0.031637,0.0003875,0.48708,0,0.10762,0.12054,0.077282,0.021729,0.29757,0.99981,0.63807,0.15179,0.21014,0.97473,0.03537,0.0016809,0.36186,0.2027
aprendizado,10,1.8307,1.0734,0.27581,0.36149,0.12,3.7232,0.95725,0.098263,0.91752,0.8783,0.11899,0.21113,0.11168,1.0003,-0.021627,0.038373,0.47977,0.056212,0.023848,0.032188,0.03105,0.001075,0.48201,0,0.10335,0.11654,0.075465,0.022615,0.3265,0.99896,0.62914,0.15194,0.21891,0.97914,0.03537,0.0016809,0.36186,0.22376
aprendizado,11,1.8253,1.0677,0.28039,0.36169,0.11551,3.6854,0.9547,0.10146,0.93,0.88787,0.11791,0.21181,0.11219,0.99448,-0.023769,0.039842,0.48642,0.055869,0.0236,0.032075,0.031838,0.0012125,0.43985,0,0.09616,0.10973,0.076597,0.022235,0.3493,0.99953,0.64196,0.13615,0.22188,0.97279,0.03537,0.0016809,0.36186,0.24482
aprendizado,12,1.8201,1.0633,0.28159,0.36159,0.11354,3.6534,0.95572,0.10009,0.93307,0.89174,0.11467,0.21226,0.11252,0.98968,-0.02647,0.039598,0.48995,0.054833,0.02228,0.032212,0.031688,0.0006875,0.45709,0,0.095691,0.11083,0.077002,0.023988,0.36701,0.99925,0.62212,0.15445,0.22343,0.9742,0.03537,0.0016809,0.36186,0.26588
aprendizado,13,1.8045,1.0576,0.28152,0.36159,0.10375,3.6257,0.9547,0.1009,0.93101,0.88883,0.1126,0.2123,0.11255,0.98529,-0.033209,0.039891,0.49256,0.056796,0.022486,0.0338,0.03125,0.001175,0.47849,0,0.093016,0.11103,0.072778,0.023985,0.3651,0.99924,0.62877,0.14401,0.22722,0.97328,0.03537,0.0016809,0.36186,0.28694
aprendizado,14,1.7955,1.0524,0.28002,0.36169,0.10138,3.5994,0.96017,0.0983,0.92538,0.88852,0.11252,0.21242,0.11264,0.98076,-0.029503,0.037622,0.49486,0.050411,0.018448,0.032087,0.030975,0.0011375,0.4829,0,0.089852,0.10628,0.077642,0.022705,0.36967,0.99953,0.62477,0.14774,0.22749,0.97487,0.03537,0.0016809,0.36186,0.308
aprendizado,15,1.7786,1.0454,0.27904,0.36165,0.092528,3.5725,0.95827,0.098987,0.91598,0.87776,0.11156,0.21233,0.11257,0.97603,-0.037198,0.037936,0.49352,0.056611,0.024119,0.032262,0.031575,0.00105,0.47436,0,0.090974,0.10669,0.082163,0.021488,0.36001,0.9994,0.63605,0.13383,0.23012,0.97827,0.03537,0.0016809,0.36186,0.32906
aprendizado,16,1.7867,1.039,0.28052,0.36179,0.10537,3.5469,0.95751,0.10063,0.92268,0.88348,0.11544,0.21236,0.1126,0.97153,-0.032925,0.038492,0.49448,0.052328,0.020132,0.03205,0.031713,0.0010125,0.42668,0,0.093878,0.10237,0.086008,0.023517,0.35881,0.99978,0.6325,0.14624,0.22125,0.97166,0.03537,0.0016809,0.36186,0.35012
aprendizado,17,1.7827,1.0363,0.28558,0.36104,0.099793,3.5274,0.95553,0.1009,0.93452,0.89296,0.11166,0.21262,0.11278,0.96851,-0.032839,0.039727,0.50091,0.054776,0.021702,0.033263,0.031887,0.0009125,0.4617,0,0.091501,0.10695,0.084995,0.024097,0.36865,0.99772,0.6283,0.14561,0.22609,0.97461,0.03537,0.0016809,0.36186,0.37118
aprendizado,18,1.7705,1.0313,0.28395,0.36091,0.094288,3.5097,0.95543,0.10044,0.92521,0.88398,0.11341,0.21245,0.11266,0.96537,-0.037613,0.039367,0.4993,0.057597,0.025305,0.031787,0.031825,0.00055,0.5076,0,0.09514,0.11038,0.082546,0.021798,0.36193,0.99736,0.61593,0.15071,0.23335,0.97671,0.03537,0.0016809,0.36186,0.39224
aprendizado,19,1.765,1.0272,0.28437,0.36157,0.091867,3.494,0.95552,0.10235,0.92273,0.88168,0.11174,0.21254,0.11273,0.96213,-0.037961,0.039233,0.49954,0.057936,0.02618,0.031838,0.031625,0.0005375,0.47726,0,0.095445,0.11228,0.07991,0.02153,0.35754,0.9992,0.61293,0.14938,0.23769,0.9788,0.03537,0.0016809,0.36186,0.4133
aprendizado,20,1.7553,1.0221,0.28229,0.36141,0.089514,3.4795,0.95532,0.10162,0.916,0.87508,0.11315,0.21247,0.11268,0.95882,-0.04064,0.039015,0.49853,0.058427,0.027744,0.031613,0.030812,0.000775,0.50634,0,0.095297,0.11277,0.079092,0.023574,0.34773,0.99874,0.60285,0.14843,0.24873,0.97817,0.03537,0.0016809,0.36186,0.43436
aprendizado,21,1.7479,1.0168,0.28058,0.36145,0.089091,3.4633,0.9546,0.10131,0.91207,0.87066,0.11407,0.21255,0.11274,0.95525,-0.040705,0.039111,0.49812,0.060707,0.026742,0.033,0.031912,0.000775,0.46296,0,0.096891,0.11482,0.078097,0.024371,0.3396,0.99884,0.62453,0.13415,0.24132,0.97908,0.03537,0.0016809,0.36186,0.45542
aprendizado,22,1.7491,1.0124,0.28111,0.36164,0.093922,3.4479,0.95565,0.10132,0.91084,0.87045,0.11714,0.21279,0.11291,0.95172,-0.038711,0.038674,0.49765,0.060508,0.027863,0.032238,0.031125,0.00075,0.44637,0,0.096248,0.11137,0.075339,0.024728,0.33981,0.99938,0.63085,0.14442,0.22472,0.97919,0.03537,0.0016809,0.36186,0.47648
aprendizado,23,1.7494,1.0097,0.28172,0.36174,0.096258,3.4359,0.9565,0.099075,0.91503,0.87522,0.11481,0.21313,0.11316,0.94878,-0.038883,0.038546,0.50029,0.056864,0.024671,0.031938,0.031262,0.000725,0.43943,0,0.095097,0.10953,0.074027,0.025753,0.34369,0.99965,0.61861,0.15104,0.23035,0.97722,0.03537,0.0016809,0.36186,0.49754
aprendizado,24,1.7507,1.0069,0.28209,0.36111,0.10064,3.4251,0.95466,0.099962,0.91703,0.87545,0.11523,0.21338,0.11335,0.94627,-0.038885,0.039304,0.50005,0.058393,0.025993,0.032262,0.03125,0.0006625,0.48121,0,0.097395,0.11048,0.074729,0.023777,0.34994,0.99792,0.62463,0.14125,0.23411,0.97721,0.03537,0.0016809,0.36186,0.5186
aprendizado,25,1.7461,1.0047,0.28406,0.36145,0.095877,3.4155,0.95038,0.10155,0.92283,0.87703,0.11409,0.21354,0.11347,0.94425,-0.041359,0.041136,0.50227,0.060996,0.028029,0.032488,0.032375,0.0007625,0.45104,0,0.092328,0.10892,0.075255,0.024579,0.35286,0.99887,0.62949,0.14217,0.22834,0.97338,0.03537,0.0016809,0.36186,0.53966
aprendizado,26,1.7457,1.0028,0.28219,0.36161,0.099101,3.408,0.95456,0.10125,0.92125,0.87938,0.11373,0.21359,0.1135,0.9426,-0.041664,0.039524,0.50374,0.057917,0.021308,0.034125,0.03285,0.0011,0.44809,0,0.092187,0.10872,0.078154,0.025377,0.3539,0.99929,0.63505,0.14494,0.22001,0.97271,0.03537,0.0016809,0.36186,0.56072
aprendizado,27,1.7326,0.99999,0.27886,0.36147,0.092293,3.3985,0.95648,0.10075,0.91004,0.87043,0.11432,0.21358,0.1135,0.94043,-0.042546,0.038345,0.50238,0.055117,0.022318,0.03285,0.032012,0.0005875,0.47163,0,0.093089,0.11063,0.075218,0.023249,0.3531,0.99891,0.63484,0.14668,0.21848,0.97658,0.03537,0.0016809,0.36186,0.58178
aprendizado,28,1.727,0.99633,0.27909,0.36114,0.090397,3.3874,0.95441,0.10224,0.90691,0.86556,0.1143,0.2137,0.11358,0.93781,-0.043383,0.038961,0.50121,0.060887,0.028099,0.033888,0.033238,0.0013625,0.43915,0,0.094221,0.11144,0.072952,0.022829,0.35199,0.99801,0.65012,0.13418,0.2157,0.97825,0.03537,0.0016809,0.36186,0.60284
aprendizado,29,1.7167,0.99228,0.27771,0.36148,0.085246,3.3773,0.95333,0.10085,0.90404,0.86184,0.11218,0.21367,0.11357,0.93541,-0.047991,0.03923,0.50202,0.060768,0.026928,0.033188,0.032225,0.000325,0.50115,0,0.092589,0.11573,0.074636,0.021275,0.34198,0.99894,0.64186,0.14258,0.21556,0.9777,0.03537,0.0016809,0.36186,0.6239
aprendizado,30,1.7201,0.98805,0.27639,0.36146,0.094154,3.3661,0.95591,0.099825,0.89974,0.86008,0.1155,0.21376,0.11363,0.93261,-0.043738,0.03811,0.50003,0.057197,0.025433,0.0309,0.030762,0.0004875,0.43743,0,0.095165,0.11177,0.077685,0.020493,0.33969,0.99887,0.61985,0.15801,0.22214,0.97773,0.03537,0.0016809,0.36186,0.64496
aprendizado,31,1.7092,0.98369,0.27455,0.36153,0.089412,3.3551,0.9542,0.10229,0.8941,0.85315,0.11548,0.2138,0.11366,0.92982,-0.050177,0.038483,0.49916,0.062073,0.028117,0.03295,0.031962,0.0006875,0.45491,0,0.095215,0.11245,0.075569,0.023419,0.33216,0.99907,0.63082,0.14326,0.22592,0.97907,0.03537,0.0016809,0.36186,0.66602
aprendizado,32,1.7193,0.98134,0.27769,0.36163,0.098634,3.346,0.95531,0.1017,0.90268,0.86234,0.11532,0.21408,0.11387,0.92746,-0.04392,0.038453,0.50157,0.058498,0.025637,0.032337,0.031887,0.0009375,0.42307,0,0.092468,0.1093,0.074052,0.026245,0.33588,0.99935,0.62407,0.14672,0.22921,0.97592,0.03537,0.0016809,0.36186,0.68708
aprendizado,33,1.7192,0.97905,0.2754,0.36137,0.10338,3.3387,0.95401,0.10154,0.90185,0.86037,0.11645,0.21426,0.114,0.92546,-0.045994,0.038888,0.50045,0.05607,0.023432,0.03235,0.0313,0.000975,0.41036,0,0.096909,0.10858,0.077632,0.027858,0.34178,0.99863,0.62324,0.14937,0.22739,0.97245,0.03537,0.0016809,0.36186,0.70814
aprendizado,34,1.7089,0.97698,0.27488,0.36155,0.095538,3.3297,0.95072,0.10328,0.90446,0.85989,0.11388,0.21442,0.11412,0.92382,-0.048013,0.04019,0.50317,0.055475,0.02233,0.0329,0.031875,0.0008625,0.45429,0,0.092205,0.109,0.080945,0.028751,0.34594,0.99913,0.6296,0.14222,0.22817,0.96866,0.03537,0.0016809,0.36186,0.7292
aprendizado,35,1.715,0.97453,0.2755,0.36181,0.1032,3.3201,0.95316,0.10199,0.90314,0.86084,0.1157,0.21443,0.11413,0.92223,-0.047629,0.03925,0.50194,0.053805,0.021287,0.032825,0.0318,0.0008125,0.45085,0,0.097618,0.1097,0.080106,0.023054,0.34965,0.99984,0.62616,0.14917,0.22467,0.97105,0.03537,0.0016809,0.36186,0.75026
aprendizado,36,1.7156,0.97416,0.27893,0.36129,0.10125,3.3127,0.95233,0.10143,0.90866,0.86534,0.11639,0.21463,0.11428,0.92102,-0.045241,0.039791,0.50439,0.058036,0.024618,0.032837,0.032162,0.0006,0.42907,0,0.10177,0.11296,0.078143,0.023068,0.36384,0.9984,0.62237,0.14877,0.22886,0.97514,0.03537,0.0016809,0.36186,0.77132
aprendizado,37,1.7202,0.97372,0.28298,0.36035,0.10318,3.3075,0.95069,0.10199,0.91675,0.87155,0.10974,0.21458,0.11424,0.92048,-0.048902,0.040748,0.50665,0.061326,0.028287,0.032212,0.031613,0.0004625,0.47236,0,0.096837,0.11462,0.082093,0.022561,0.36331,0.99582,0.61997,0.14012,0.23991,0.97587,0.03537,0.0016809,0.36186,0.79238
aprendizado,38,1.7205,0.97371,0.28506,0.36124,0.10052,3.3066,0.95492,0.10094,0.91719,0.87584,0.11377,0.21433,0.11405,0.92016,-0.045082,0.039216,0.50905,0.057924,0.026011,0.032313,0.031438,0.0013375,0.38625,0,0.092868,0.11113,0.080712,0.024087,0.36629,0.99827,0.62395,0.14974,0.22631,0.97682,0.03537,0.0016809,0.36186,0.81344
aprendizado,39,1.7158,0.97396,0.28429,0.36142,0.096107,3.3099,0.9541,0.10232,0.9172,0.87511,0.11092,0.21415,0.11392,0.92005,-0.048438,0.03951,0.51003,0.057753,0.024719,0.032775,0.03255,0.000725,0.43881,0,0.087016,0.10779,0.074972,0.024082,0.36293,0.99876,0.62046,0.14904,0.23051,0.97455,0.03537,0.0016809,0.36186,0.8345
aprendizado,40,1.7078,0.97156,0.27894,0.36108,0.096172,3.3094,0.9533,0.10104,0.9044,0.86217,0.1123,0.21391,0.11374,0.91915,-0.050358,0.039253,0.50485,0.05917,0.025703,0.033425,0.031688,0.0011,0.46871,0,0.095645,0.11227,0.078172,0.023986,0.35635,0.99784,0.62006,0.14636,0.23358,0.97624,0.03537,0.0016809,0.36186,0.85556
aprendizado,41,1.7022,0.96924,0.27751,0.36159,0.093904,3.3038,0.95606,0.1001,0.89757,0.85813,0.11415,0.21383,0.11368,0.91773,-0.048793,0.037969,0.50411,0.057852,0.024696,0.033087,0.032338,0.0007375,0.43826,0,0.093395,0.11071,0.081771,0.026832,0.35547,0.99925,0.62659,0.13813,0.23528,0.9777,0.03537,0.0016809,0.36186,0.87662
aprendizado,42,1.6964,0.96614,0.275,0.36174,0.093535,3.2981,0.95421,0.10087,0.89222,0.85135,0.11481,0.21386,0.11371,0.91582,-0.050102,0.038403,0.50186,0.05862,0.02597,0.032813,0.032275,0.0008875,0.40875,0,0.093514,0.10524,0.076628,0.025853,0.35308,0.99967,0.63169,0.13829,0.23002,0.97521,0.03537,0.0016809,0.36186,0.89768
aprendizado,43,1.7021,0.964,0.27607,0.36164,0.10036,3.2929,0.95365,0.10103,0.89888,0.85721,0.11465,0.214,0.11381,0.91427,-0.048967,0.038888,0.50363,0.056466,0.022372,0.033412,0.032037,0.0009625,0.44479,0,0.094728,0.10545,0.068656,0.025272,0.35539,0.99937,0.63258,0.14326,0.22416,0.97216,0.03537,0.0016809,0.36186,0.91874
aprendizado,44,1.7039,0.96356,0.28159,0.36166,0.097052,3.2912,0.95596,0.098488,0.90759,0.86762,0.1099,0.21392,0.11375,0.9135,-0.051243,0.038426,0.50921,0.05622,0.023831,0.031738,0.03115,0.0006125,0.42065,0,0.089287,0.10511,0.070759,0.023087,0.35032,0.99943,0.62604,0.15586,0.2181,0.97651,0.03537,0.0016809,0.36186,0.9398
aprendizado,45,1.7108,0.96289,0.28333,0.36173,0.10289,3.2938,0.95727,0.099075,0.91194,0.87297,0.11367,0.21363,0.11353,0.91324,-0.047186,0.038136,0.51027,0.051673,0.020338,0.031425,0.03035,0.0013125,0.3963,0,0.088022,0.10042,0.073362,0.026397,0.34844,0.99962,0.623,0.14943,0.22757,0.97256,0.03537,0.0016809,0.36186,0.96086
aprendizado,46,1.7056,0.9637,0.28257,0.36184,0.09749,3.2975,0.95458,0.10054,0.91382,0.87232,0.11136,0.21353,0.11346,0.91334,-0.050303,0.039195,0.51144,0.052669,0.020265,0.033138,0.03145,0.00125,0.4174,0,0.085136,0.098895,0.073134,0.024175,0.35056,0.99993,0.63222,0.1451,0.22268,0.96892,0.03537,0.0016809,0.36186,0.98192
aprendizado,47,1.7258,0.96448,0.2844,0.36167,0.11522,3.2999,0.95543,0.098712,0.91935,0.87838,0.11399,0.21344,0.1134,0.91348,-0.044607,0.03912,0.50898,0.050345,0.017519,0.032775,0.03115,0.001,0.43214,0,0.096595,0.1006,0.078698,0.024314,0.35931,0.99945,0.63579,0.14325,0.22096,0.96887,0.03537,0.0016809,0.36186,1.003
aprendizado,48,1.7259,0.96741,0.29133,0.36149,0.10563,3.306,0.95576,0.10045,0.9315,0.89029,0.1098,0.2133,0.11329,0.91465,-0.046918,0.039514,0.51585,0.053854,0.020549,0.0322,0.032212,0.0011,0.38885,0,0.085207,0.098738,0.080351,0.025718,0.36563,0.99897,0.63981,0.14432,0.21588,0.9729,0.03537,0.0016809,0.36186,1.024
aprendizado,49,1.7282,0.97041,0.29486,0.36153,0.10143,3.3172,0.95543,0.10151,0.93726,0.89548,0.10728,0.21294,0.11302,0.91632,-0.045996,0.039883,0.51815,0.056005,0.022049,0.034037,0.033087,0.000675,0.46372,0,0.085821,0.10153,0.073895,0.026543,0.36622,0.99906,0.63666,0.14612,0.21722,0.97406,0.03537,0.0016809,0.36186,1.0451
aprendizado,50,1.7245,0.9707,0.29231,0.36131,0.10013,3.3267,0.95568,0.10232,0.92726,0.88616,0.11025,0.21242,0.11264,0.91737,-0.047798,0.039362,0.51388,0.057655,0.025035,0.032412,0.032262,0.00075,0.45934,0,0.085882,0.10301,0.072798,0.026265,0.36092,0.99846,0.62424,0.14962,0.22614,0.97744,0.03537,0.0016809,0.36186,1.0662
aprendizado,51,1.7178,0.97061,0.28909,0.36161,0.096522,3.3331,0.95537,0.10355,0.918,0.87702,0.11094,0.21212,0.11241,0.91774,-0.048809,0.039087,0.51055,0.059055,0.025461,0.033775,0.032725,0.0006375,0.46907,0,0.088074,0.10382,0.078623,0.026373,0.35621,0.99929,0.63275,0.14533,0.22192,0.97729,0.03537,0.0016809,0.36186,1.0872
aprendizado,52,1.7324,0.97178,0.28728,0.36158,0.11171,3.3356,0.96021,0.099525,0.91537,0.87895,0.11374,0.21214,0.11243,0.91755,-0.042747,0.037201,0.50737,0.053003,0.020753,0.032037,0.030725,0.000975,0.43905,0,0.095087,0.10349,0.079307,0.028374,0.36849,0.99921,0.61631,0.15544,0.22825,0.9768,0.03537,0.0016809,0.36186,1.1083
aprendizado,53,1.7363,0.97376,0.29186,0.36146,0.10926,3.3392,0.95727,0.099,0.92716,0.88754,0.11103,0.21215,0.11244,0.9179,-0.041761,0.038769,0.51115,0.054848,0.022783,0.032325,0.03115,0.00085,0.41206,0,0.093933,0.10487,0.076885,0.025781,0.3767,0.99888,0.62883,0.14021,0.23096,0.97515,0.03537,0.0016809,0.36186,1.1293
aprendizado,54,1.7396,0.97618,0.29344,0.36152,0.10842,3.347,0.95565,0.1003,0.9323,0.89095,0.11076,0.21202,0.11234,0.91897,-0.042409,0.03959,0.51217,0.056432,0.022438,0.03295,0.031762,0.0015125,0.42844,0,0.091772,0.10462,0.075138,0.025433,0.38591,0.99904,0.63199,0.14242,0.22559,0.97319,0.03537,0.0016809,0.36186,1.1504
aprendizado,55,1.7422,0.97769,0.29481,0.36174,0.10799,3.3534,0.95999,0.0978,0.93075,0.89351,0.10912,0.21176,0.11215,0.9199,-0.043758,0.037909,0.51286,0.054555,0.021728,0.032662,0.031175,0.0008875,0.44631,0,0.094262,0.10785,0.076155,0.029499,0.38848,0.99966,0.63533,0.13612,0.22854,0.97928,0.03537,0.0016809,0.36186,1.1715
aprendizado,56,1.7373,0.9788,0.29785,0.36089,0.099748,3.3619,0.95885,0.10085,0.93453,0.89607,0.10768,0.21133,0.11183,0.92093,-0.043686,0.038487,0.51579,0.058722,0.026168,0.032962,0.033337,0.000725,0.45393,0,0.090356,0.1084,0.077431,0.031711,0.38408,0.99732,0.64422,0.13602,0.21975,0.98058,0.03537,0.0016809,0.36186,1.1925
aprendizado,57,1.7469,0.98042,0.30021,0.36146,0.1048,3.3734,0.95784,0.10018,0.93772,0.89819,0.10849,0.21096,0.11156,0.92217,-0.042459,0.038997,0.51417,0.059799,0.026502,0.032762,0.031325,0.000675,0.42733,0,0.092434,0.10886,0.075869,0.025947,0.38154,0.99888,0.63548,0.14465,0.21986,0.98167,0.03537,0.0016809,0.36186,1.2136
aprendizado,58,1.7475,0.98179,0.29817,0.36142,0.10615,3.3849,0.95874,0.10041,0.93137,0.89295,0.10929,0.21065,0.11132,0.92306,-0.043262,0.038398,0.51098,0.058137,0.027514,0.031813,0.0315,0.0007125,0.45824,0,0.097768,0.11232,0.076079,0.026098,0.3797,0.99878,0.6301,0.14581,0.2241,0.98256,0.03537,0.0016809,0.36186,1.2346
aprendizado,59,1.7694,0.98451,0.30109,0.36182,0.12195,3.3953,0.95839,0.099725,0.94295,0.90371,0.1102,0.21058,0.11127,0.9241,-0.036766,0.03901,0.51075,0.055171,0.022589,0.032525,0.0316,0.000725,0.44774,0,0.097125,0.10485,0.076128,0.029695,0.38841,0.99987,0.62731,0.14727,0.22543,0.97528,0.03537,0.0016809,0.36186,1.2557
aprendizado,60,1.7725,0.98902,0.30489,0.36133,0.11726,3.4086,0.95714,0.1008,0.95682,0.91584,0.10784,0.2104,0.11114,0.92634,-0.038891,0.040051,0.51668,0.05209,0.02058,0.031813,0.030988,0.0011625,0.4039,0,0.090236,0.10246,0.077123,0.027873,0.39903,0.99853,0.62881,0.14822,0.22296,0.97342,0.03537,0.0016809,0.36186,1.2768
aprendizado,61,1.7727,0.99316,0.30761,0.36165,0.11031,3.4231,0.95908,0.099312,0.95844,0.91922,0.10599,0.20993,0.11079,0.92886,-0.038229,0.039385,0.51853,0.053128,0.02086,0.032837,0.03115,0.0007875,0.3638,0,0.087019,0.1016,0.077797,0.028739,0.40116,0.9994,0.62355,0.15215,0.2243,0.97607,0.03537,0.0016809,0.36186,1.2978
aprendizado,62,1.776,0.9967,0.30893,0.36169,0.10867,3.4383,0.95848,0.099363,0.95907,0.91925,0.10662,0.20949,0.11047,0.93109,-0.038134,0.039639,0.5176,0.055476,0.022412,0.033275,0.03225,0.0007625,0.3641,0,0.086467,0.099905,0.081995,0.029816,0.40204,0.99953,0.64372,0.14385,0.21243,0.9768,0.03537,0.0016809,0.36186,1.3189
aprendizado,63,1.758,0.99826,0.3043,0.36112,0.094354,3.4511,0.95677,0.099125,0.94913,0.90811,0.10311,0.20894,0.11006,0.93304,-0.043281,0.039877,0.51654,0.056137,0.023951,0.031563,0.031387,0.000825,0.4507,0,0.081825,0.10419,0.085105,0.029419,0.39255,0.99794,0.62997,0.15096,0.21907,0.97688,0.03537,0.0016809,0.36186,1.3399
aprendizado,64,1.7546,0.99536,0.29925,0.36165,0.0984,3.455,0.95698,0.1009,0.93326,0.89312,0.10807,0.20824,0.10954,0.93332,-0.045594,0.039133,0.509,0.057915,0.024558,0.032137,0.03185,0.00065,0.40227,0,0.092134,0.10671,0.079247,0.026807,0.37131,0.9994,0.62276,0.14905,0.22819,0.97796,0.03537,0.0016809,0.36186,1.361
aprendizado,65,1.755,0.99522,0.29883,0.361,0.099969,3.4581,0.95465,0.10061,0.93454,0.89215,0.10911,0.20819,0.1095,0.93334,-0.03963,0.04006,0.50834,0.059056,0.025971,0.0332,0.032525,0.0010875,0.43312,0,0.095941,0.1081,0.075484,0.024565,0.37084,0.99761,0.62744,0.14254,0.23002,0.97537,0.03537,0.0016809,0.36186,1.3821
aprendizado,66,1.7543,0.99529,0.29919,0.36176,0.09806,3.462,0.95551,0.098675,0.93646,0.89479,0.1086,0.20816,0.10948,0.9336,-0.042635,0.039817,0.51006,0.056967,0.023391,0.032762,0.030975,0.001,0.41141,0,0.089733,0.10262,0.077566,0.025882,0.36928,0.9997,0.63821,0.14071,0.22107,0.97476,0.03537,0.0016809,0.36186,1.4031
aprendizado,67,1.7487,0.99554,0.29887,0.36181,0.09246,3.4671,0.95255,0.1013,0.93958,0.895,0.10841,0.20811,0.10944,0.93398,-0.04188,0.041063,0.51181,0.055589,0.022673,0.033363,0.032287,0.0014875,0.39891,0,0.085216,0.099537,0.0792,0.027297,0.36765,0.99986,0.63725,0.1512,0.21155,0.96904,0.03537,0.0016809,0.36186,1.4242
aprendizado,68,1.7481,0.99476,0.29616,0.36142,0.095755,3.4695,0.9535,0.1006,0.93268,0.88931,0.10858,0.20799,0.10936,0.93409,-0.043859,0.040408,0.50874,0.057359,0.02252,0.03395,0.0321,0.001525,0.39737,0,0.092519,0.10433,0.079101,0.029514,0.36298,0.99877,0.64105,0.14244,0.21651,0.97314,0.03537,0.0016809,0.36186,1.4452
aprendizado,69,1.756,0.99467,0.301,0.36164,0.098666,3.4722,0.95097,0.10251,0.94328,0.89703,0.10844,0.20792,0.10931,0.93441,-0.041394,0.041822,0.51084,0.056638,0.024199,0.032587,0.032475,0.0010375,0.34661,0,0.089002,0.1023,0.080079,0.030281,0.36059,0.99938,0.63533,0.14568,0.21899,0.96963,0.03537,0.0016809,0.36186,1.4663
aprendizado,70,1.7545,0.9948,0.29974,0.36146,0.098499,3.4756,0.95456,0.10063,0.94059,0.89785,0.10912,0.20775,0.10918,0.93503,-0.041944,0.040351,0.51174,0.053997,0.020382,0.03375,0.031113,0.0012,0.43158,0,0.091288,0.10387,0.077324,0.031373,0.35887,0.99888,0.61765,0.15179,0.23056,0.97267,0.03537,0.0016809,0.36186,1.4874
aprendizado,71,1.7564,0.99633,0.30228,0.36079,0.096979,3.4784,0.95508,0.10093,0.94133,0.89904,0.10747,0.20779,0.1092,0.93545,-0.039142,0.040186,0.51188,0.059016,0.026625,0.031225,0.03165,0.000825,0.40971,0,0.094752,0.10966,0.079955,0.032033,0.3644,0.99702,0.63543,0.14131,0.22326,0.97938,0.03537,0.0016809,0.36186,1.5084
aprendizado,72,1.7537,0.99638,0.3038,0.3617,0.091816,3.4828,0.95844,0.099725,0.93681,0.89788,0.10667,0.20755,0.10903,0.93578,-0.042404,0.038733,0.51199,0.060839,0.028275,0.032375,0.03125,0.0007125,0.42349,0,0.091503,0.10972,0.082098,0.036338,0.35735,0.99955,0.61587,0.15425,0.22988,0.98313,0.03537,0.0016809,0.36186,1.5295
aprendizado,73,1.7369,0.99513,0.29885,0.36176,0.081163,3.4868,0.95657,0.10153,0.93175,0.89128,0.10822,0.20736,0.10889,0.93561,-0.042729,0.039224,0.51314,0.057887,0.023832,0.033075,0.031662,0.000875,0.40492,0,0.078436,0.10126,0.074169,0.038467,0.34823,0.99972,0.63166,0.13388,0.23446,0.97562,0.03537,0.0016809,0.36186,1.5505
aprendizado,74,1.7417,0.99316,0.29363,0.36127,0.093661,3.4882,0.95532,0.10189,0.92302,0.88178,0.11017,0.20734,0.10887,0.9348,-0.042811,0.039317,0.50627,0.057663,0.02483,0.032725,0.0326,0.001125,0.45539,0,0.09463,0.10556,0.068627,0.034473,0.34333,0.99837,0.63274,0.14498,0.22229,0.97579,0.03537,0.0016809,0.36186,1.5716
aprendizado,75,1.7382,0.99204,0.29549,0.36165,0.089047,3.4856,0.95609,0.10112,0.92145,0.881,0.11071,0.20748,0.10898,0.93384,-0.042041,0.038963,0.50685,0.060877,0.027857,0.033412,0.031613,0.0007,0.4504,0,0.0932,0.10759,0.07662,0.032219,0.34609,0.99942,0.62,0.15062,0.22938,0.98077,0.03537,0.0016809,0.36186,1.5927
aprendizado,76,1.7528,0.99212,0.29874,0.3614,0.10053,3.4842,0.95651,0.097738,0.93227,0.89172,0.10755,0.20757,0.10904,0.93336,-0.042131,0.039268,0.50875,0.05798,0.024933,0.03235,0.030375,0.0007375,0.40856,0,0.093976,0.10873,0.078822,0.030135,0.34502,0.99872,0.61656,0.14294,0.2405,0.97754,0.03537,0.0016809,0.36186,1.6137
aprendizado,77,1.7444,0.99086,0.29536,0.36167,0.09653,3.4844,0.95841,0.099087,0.92325,0.88485,0.10976,0.20741,0.10893,0.93292,-0.043207,0.038186,0.50727,0.057386,0.023863,0.032,0.032262,0.0013875,0.43325,0,0.092507,0.10768,0.078033,0.027401,0.34066,0.99947,0.6457,0.12794,0.22636,0.97841,0.03537,0.0016809,0.36186,1.6348
aprendizado,78,1.7671,0.99281,0.30137,0.3612,0.11169,3.4844,0.96192,0.097187,0.93326,0.89771,0.10981,0.20768,0.10912,0.93249,-0.034133,0.037294,0.50802,0.056724,0.025275,0.032725,0.031038,0.0012,0.39056,0,0.095022,0.10743,0.079507,0.025192,0.35539,0.99816,0.63847,0.14557,0.21597,0.98409,0.03537,0.0016809,0.36186,1.6558
aprendizado,79,1.753,0.99368,0.30096,0.36183,0.09652,3.4896,0.95862,0.0978,0.93337,0.89475,0.10844,0.20763,0.10909,0.93264,-0.039702,0.038525,0.51042,0.060058,0.026608,0.032637,0.031762,0.000925,0.38734,0,0.086855,0.10755,0.076188,0.026065,0.35541,0.99991,0.65166,0.13259,0.21575,0.97966,0.03537,0.0016809,0.36186,1.6769
aprendizado,80,1.7328,0.99125,0.29224,0.36172,0.087636,3.4915,0.96179,0.09675,0.91505,0.88009,0.1066,0.20737,0.10889,0.93199,-0.046764,0.03661,0.50788,0.055543,0.022318,0.032688,0.031225,0.000875,0.48846,0,0.084632,0.10822,0.068708,0.028155,0.34059,0.99961,0.64117,0.14432,0.2145,0.98102,0.03537,0.0016809,0.36186,1.698
aprendizado,81,1.7386,0.98815,0.29109,0.36181,0.09752,3.4877,0.95589,0.098988,0.9143,0.87396,0.11278,0.20747,0.10897,0.93042,-0.042282,0.038739,0.50269,0.058376,0.025961,0.03235,0.03205,0.0009875,0.44954,0,0.090312,0.10471,0.071939,0.029145,0.34459,0.99984,0.6483,0.13726,0.21444,0.97555,0.03537,0.0016809,0.36186,1.719
aprendizado,82,1.7539,0.98914,0.29257,0.3615,0.11067,3.483,0.95674,0.099337,0.92389,0.88392,0.11034,0.20786,0.10926,0.92969,-0.038193,0.038826,0.50399,0.054224,0.021378,0.032262,0.03155,0.001,0.43632,0,0.09809,0.10878,0.078629,0.031841,0.3599,0.99899,0.64194,0.15231,0.20575,0.97534,0.03537,0.0016809,0.36186,1.7401
aprendizado,83,1.7427,0.98764,0.29385,0.3614,0.099795,3.479,0.95564,0.1011,0.92162,0.88075,0.10991,0.20778,0.1092,0.92916,-0.044092,0.039136,0.50541,0.060063,0.026251,0.033975,0.033238,0.0010375,0.40361,0,0.096804,0.11169,0.078728,0.025568,0.36,0.99872,0.6402,0.14406,0.21574,0.97816,0.03537,0.0016809,0.36186,1.7611
aprendizado,84,1.7443,0.98702,0.29473,0.36066,0.10193,3.4745,0.95621,0.10172,0.92308,0.88266,0.10781,0.20777,0.10919,0.92868,-0.044262,0.03899,0.50601,0.061135,0.027008,0.033412,0.032412,0.0008875,0.43595,0,0.093853,0.11041,0.080263,0.025448,0.36226,0.99668,0.64215,0.14245,0.21539,0.97968,0.03537,0.0016809,0.36186,1.7822
aprendizado,85,1.7632,0.98799,0.29928,0.36163,0.11432,3.4729,0.95722,0.099587,0.9313,0.89147,0.11187,0.20777,0.10919,0.92841,-0.03757,0.038958,0.50559,0.060536,0.025346,0.033962,0.0328,0.0008625,0.3928,0,0.098775,0.10604,0.079871,0.028137,0.36978,0.99935,0.63587,0.15528,0.20886,0.97872,0.03537,0.0016809,0.36186,1.8032
aprendizado,86,1.7734,0.99342,0.30488,0.35946,0.1156,3.4816,0.95678,0.099388,0.94889,0.90788,0.10668,0.20799,0.10935,0.92981,-0.03628,0.039863,0.51197,0.060432,0.026484,0.033638,0.032275,0.0013875,0.44891,0,0.098934,0.11313,0.079664,0.027522,0.38915,0.99335,0.64331,0.13997,0.21672,0.9809,0.03537,0.0016809,0.36186,1.8243
aprendizado,87,1.7623,0.99323,0.30232,0.35966,0.10708,3.4848,0.95305,0.10224,0.93755,0.89353,0.10842,0.20764,0.1091,0.93055,-0.040734,0.040789,0.50703,0.066542,0.033462,0.031913,0.03255,0.0004625,0.47884,0,0.10267,0.11786,0.075205,0.028207,0.38842,0.99391,0.63483,0.14169,0.22349,0.98272,0.03537,0.0016809,0.36186,1.8454
aprendizado,88,1.7582,0.99393,0.30248,0.3616,0.10024,3.4884,0.95532,0.10029,0.93809,0.89617,0.10586,0.20745,0.10896,0.9313,-0.042059,0.039958,0.50971,0.061119,0.026921,0.032663,0.03105,0.00045,0.4519,0,0.093409,0.115,0.086157,0.025415,0.38634,0.99928,0.61632,0.15493,0.22875,0.97824,0.03537,0.0016809,0.36186,1.8664
aprendizado,89,1.7726,0.99454,0.30072,0.36169,0.11562,3.4901,0.95648,0.098425,0.93517,0.89447,0.10925,0.20735,0.10888,0.93152,-0.038628,0.039402,0.50462,0.057037,0.024993,0.032162,0.030937,0.0007875,0.38115,0,0.099254,0.10978,0.086584,0.029574,0.3919,0.99951,0.61847,0.14415,0.23738,0.97815,0.03537,0.0016809,0.36186,1.8875
aprendizado,90,1.7838,0.99797,0.30686,0.36166,0.11736,3.4965,0.95707,0.10082,0.95005,0.90927,0.10696,0.20745,0.10896,0.9326,-0.035065,0.039801,0.50973,0.056008,0.023368,0.031975,0.031787,0.001075,0.37876,0,0.09624,0.10827,0.077663,0.032457,0.40472,0.99943,0.63872,0.135,0.22628,0.97754,0.03537,0.0016809,0.36186,1.9085
aprendizado,91,1.785,0.99922,0.30605,0.36145,0.11823,3.5051,0.95254,0.10254,0.94953,0.90445,0.10848,0.20722,0.10878,0.93374,-0.039205,0.041509,0.50671,0.060397,0.027462,0.033062,0.033013,0.0007125,0.35342,0,0.1009,0.10686,0.075112,0.03592,0.40596,0.99885,0.64126,0.14857,0.21017,0.97384,0.03537,0.0016809,0.36186,1.9296
aprendizado,92,1.7809,1.0021,0.30764,0.36067,0.11053,3.5129,0.9528,0.10324,0.95726,0.91208,0.10593,0.207,0.10862,0.93561,-0.03811,0.041739,0.51213,0.058002,0.023911,0.032738,0.032162,0.0008375,0.40024,0,0.0959,0.10891,0.074416,0.036015,0.40993,0.9967,0.62928,0.153,0.21772,0.97358,0.03537,0.0016809,0.36186,1.9507
aprendizado,93,1.8005,1.0052,0.31383,0.36073,0.12074,3.52,0.95531,0.10347,0.96677,0.92356,0.10402,0.20669,0.10839,0.93753,-0.035935,0.041184,0.51296,0.057447,0.024775,0.032912,0.031713,0.0014,0.37343,0,0.099694,0.10731,0.076482,0.041281,0.41167,0.99688,0.62263,0.14766,0.22971,0.97598,0.03537,0.0016809,0.36186,1.9717
aprendizado,94,1.796,1.0092,0.31868,0.36134,0.10682,3.5331,0.95882,0.10021,0.97198,0.93196,0.1029,0.20619,0.10802,0.94022,-0.036392,0.040042,0.51891,0.057124,0.0231,0.033313,0.030775,0.0007625,0.36974,0,0.088654,0.10474,0.072992,0.035771,0.40964,0.99854,0.61622,0.14935,0.23444,0.97991,0.03537,0.0016809,0.36186,1.9928
aprendizado,95,1.8032,1.0129,0.32124,0.3616,0.10745,3.5513,0.96165,0.09865,0.97329,0.93596,0.10392,0.20566,0.10763,0.94274,-0.032988,0.038994,0.51906,0.055655,0.023641,0.03215,0.031175,0.00095,0.37854,0,0.08816,0.10236,0.071353,0.03582,0.40311,0.99926,0.63141,0.1409,0.22769,0.98184,0.03537,0.0016809,0.36186,2.0138
aprendizado,96,1.7865,1.0149,0.31836,0.36176,0.091475,3.5698,0.95936,0.098663,0.96493,0.92572,0.10212,0.20516,0.10726,0.94474,-0.036219,0.03954,0.51818,0.058541,0.026891,0.0323,0.031375,0.0010125,0.38395,0,0.085349,0.10338,0.074734,0.035737,0.3877,0.99972,0.63726,0.13874,0.224,0.98131,0.03537,0.0016809,0.36186,2.0349
aprendizado,97,1.7755,1.015,0.31352,0.3609,0.08607,3.5823,0.95723,0.098562,0.95704,0.91611,0.10388,0.20471,0.10692,0.94593,-0.039936,0.040034,0.51597,0.059818,0.027151,0.032225,0.030775,0.0010375,0.42761,0,0.082587,0.10095,0.07976,0.037912,0.37358,0.99733,0.62525,0.14564,0.22912,0.97908,0.03537,0.0016809,0.36186,2.056
aprendizado,98,1.7892,1.0157,0.31363,0.36174,0.098142,3.5895,0.9537,0.10187,0.96084,0.91636,0.10811,0.20458,0.10683,0.94677,-0.032648,0.041547,0.51217,0.058692,0.024939,0.0325,0.0328,0.0007625,0.45708,0,0.090355,0.10085,0.077559,0.038367,0.37206,0.99964,0.63189,0.14393,0.22419,0.9743,0.03537,0.0016809,0.36186,2.077
aprendizado,99,1.8192,1.0196,0.31936,0.36179,0.1184,3.6002,0.95896,0.099675,0.97333,0.93338,0.10618,0.20459,0.10684,0.94864,-0.03142,0.040042,0.51309,0.054869,0.021814,0.033613,0.031675,0.0013375,0.42066,0,0.097524,0.10395,0.077601,0.041275,0.37956,0.99978,0.63183,0.14473,0.22344,0.97704,0.03537,0.0016809,0.36186,2.0981
aprendizado,100,1.8519,1.0265,0.33108,0.36115,0.13317,3.6161,0.96025,0.098862,0.99792,0.95825,0.10788,0.2047,0.10692,0.95146,-0.01926,0.040541,0.51743,0.056898,0.023643,0.033125,0.031363,0.0012375,0.2952,0,0.10294,0.10477,0.078589,0.038428,0.40408,0.99803,0.64489,0.13889,0.21622,0.97975,0.03537,0.0016809,0.36186,2.1191
aprendizado,101,1.8645,1.0352,0.33701,0.35985,0.13241,3.6432,0.95705,0.10059,1.0124,0.96889,0.1041,0.20462,0.10686,0.95598,-0.022844,0.042421,0.51966,0.062626,0.02942,0.032988,0.032837,0.0011375,0.40701,0,0.10499,0.11035,0.078497,0.031272,0.42479,0.99443,0.64396,0.1495,0.20653,0.98223,0.03537,0.0016809,0.36186,2.1402
aprendizado,102,1.8949,1.0452,0.35252,0.36183,0.13534,3.6721,0.95605,0.10075,1.0422,0.99634,0.10197,0.20437,0.10667,0.96163,-0.016136,0.044089,0.5258,0.062856,0.030371,0.033113,0.03205,0.0014,0.38111,0,0.094273,0.10556,0.078547,0.031131,0.44706,0.99989,0.63484,0.14553,0.21962,0.97898,0.03537,0.0016809,0.36186,2.1613
aprendizado,103,1.8922,1.0549,0.35134,0.36095,0.12499,3.7099,0.95557,0.10049,1.0489,1.0023,0.098807,0.20362,0.10612,0.9685,-0.022016,0.044575,0.52974,0.055658,0.023306,0.032813,0.030988,0.0010625,0.38829,0,0.086984,0.10364,0.07847,0.036489,0.45167,0.99746,0.6285,0.14671,0.22479,0.97292,0.03537,0.0016809,0.36186,2.1823
aprendizado,104,1.8596,1.0611,0.34488,0.36174,0.091799,3.7432,0.95489,0.10044,1.0324,0.9858,0.093905,0.20266,0.10541,0.97411,-0.029214,0.044154,0.53012,0.056099,0.022868,0.032925,0.032037,0.0013375,0.37082,0,0.07282,0.098061,0.076466,0.038276,0.43059,0.99966,0.63258,0.14402,0.2234,0.9737,0.03537,0.0016809,0.36186,2.2034
aprendizado,105,1.8638,1.0624,0.33924,0.36175,0.1004,3.7662,0.95246,0.10265,1.0161,0.96779,0.1013,0.20173,0.10471,0.97757,-0.027877,0.044442,0.51926,0.05964,0.026091,0.033025,0.032262,0.000975,0.40279,0,0.081902,0.094153,0.071555,0.038855,0.40777,0.99969,0.62756,0.14579,0.22665,0.97335,0.03537,0.0016809,0.36186,2.2244
aprendizado,106,1.8581,1.0654,0.33399,0.36186,0.096802,3.7849,0.95281,0.10249,1.0108,0.96314,0.10196,0.20139,0.10446,0.98041,-0.025145,0.044073,0.51837,0.054604,0.021364,0.03245,0.031162,0.0013125,0.37672,0,0.08277,0.095812,0.068451,0.043063,0.40003,1,0.6209,0.14965,0.22945,0.96771,0.03537,0.0016809,0.36186,2.2455
aprendizado,107,1.8967,1.0712,0.34242,0.36123,0.12186,3.7997,0.956,0.10154,1.0302,0.9849,0.1047,0.20141,0.10448,0.9835,-0.01312,0.043601,0.51928,0.052698,0.019004,0.03375,0.032337,0.000875,0.42824,0,0.096022,0.099058,0.070403,0.040735,0.41927,0.99826,0.62976,0.13985,0.23039,0.97057,0.03537,0.0016809,0.36186,2.2666
aprendizado,108,1.8934,1.0762,0.34668,0.36113,0.10942,3.818,0.95328,0.10082,1.0329,0.98468,0.09856,0.20098,0.10416,0.98744,-0.025085,0.044842,0.52005,0.061113,0.026554,0.0331,0.032725,0.0007,0.36362,0,0.094867,0.10392,0.076759,0.038701,0.41248,0.99797,0.63508,0.14086,0.22406,0.97491,0.03537,0.0016809,0.36186,2.2876
aprendizado,109,1.902,1.0816,0.35163,0.36173,0.107,3.8392,0.95362,0.10214,1.0486,0.99992,0.097687,0.20057,0.10386,0.99167,-0.014552,0.045375,0.52574,0.055626,0.021733,0.033337,0.032375,0.0020875,0.33659,0,0.080796,0.098273,0.077463,0.039557,0.40989,0.99963,0.64978,0.13841,0.2118,0.96581,0.03537,0.0016809,0.36186,2.3087
aprendizado,110,1.8546,1.083,0.3363,0.36119,0.074114,3.8562,0.95511,0.10222,1.0139,0.96839,0.096355,0.19965,0.10317,0.99475,-0.03289,0.043266,0.52213,0.053406,0.019216,0.033937,0.032075,0.000975,0.51153,0,0.079237,0.10381,0.07008,0.045403,0.37552,0.99814,0.63877,0.14369,0.21754,0.97062,0.03537,0.0016809,0.36186,2.3297
aprendizado,111,1.8594,1.0813,0.33078,0.36113,0.086133,3.8608,0.95698,0.099425,0.99176,0.94909,0.10378,0.19932,0.10293,0.99485,-0.024769,0.041587,0.51045,0.061018,0.025702,0.034237,0.032537,0.000925,0.46225,0,0.084375,0.098152,0.069647,0.044188,0.35553,0.99797,0.6467,0.13979,0.21351,0.98051,0.03537,0.0016809,0.36186,2.3508
aprendizado,112,1.843,1.0794,0.32882,0.36094,0.073893,3.8631,0.95517,0.099925,0.98639,0.94217,0.10168,0.19939,0.10298,0.99434,-0.023667,0.042074,0.51121,0.061612,0.028273,0.032988,0.032587,0.0008625,0.46655,0,0.082268,0.10002,0.078937,0.041904,0.33699,0.99744,0.65347,0.139,0.20753,0.97919,0.03537,0.0016809,0.36186,2.3719
aprendizado,113,1.8465,1.0754,0.32539,0.36139,0.084265,3.8592,0.95648,0.10137,0.97742,0.93488,0.10573,0.1993,0.10291,0.99318,-0.026989,0.041183,0.50631,0.059864,0.027691,0.032613,0.032587,0.0006375,0.38766,0,0.086975,0.10202,0.076828,0.038284,0.31674,0.99868,0.63224,0.15096,0.21679,0.97831,0.03537,0.0016809,0.36186,2.3929
aprendizado,114,1.8572,1.074,0.32309,0.36112,0.099018,3.8586,0.95446,0.10236,0.98222,0.93747,0.10663,0.19971,0.10322,0.99245,-0.023421,0.042183,0.50477,0.057505,0.023722,0.033787,0.032212,0.0006625,0.48278,0,0.086346,0.098944,0.078938,0.036575,0.31689,0.99795,0.62861,0.14386,0.22753,0.97472,0.03537,0.0016809,0.36186,2.414
aprendizado,115,1.8498,1.0716,0.31984,0.36176,0.096554,3.8528,0.95416,0.1025,0.97381,0.92916,0.11061,0.20022,0.10359,0.99086,-0.019507,0.041938,0.5023,0.059059,0.026099,0.032837,0.032662,0.001475,0.37385,0,0.094836,0.1038,0.075232,0.038232,0.32414,0.9997,0.62846,0.14431,0.22723,0.97349,0.03537,0.0016809,0.36186,2.435
aprendizado,116,1.8645,1.0728,0.32174,0.3593,0.11067,3.8467,0.95491,0.10239,0.98803,0.94347,0.10689,0.20082,0.10404,0.99054,-0.019795,0.042251,0.50604,0.057003,0.022981,0.034013,0.03145,0.0013125,0.38496,0,0.094703,0.10973,0.07891,0.041028,0.3456,0.99292,0.62695,0.14677,0.22628,0.97478,0.03537,0.0016809,0.36186,2.4561
aprendizado,117,1.8836,1.073,0.3261,0.3605,0.12399,3.8383,0.95531,0.101,0.98721,0.94309,0.10885,0.20113,0.10427,0.99013,-0.018217,0.042055,0.50068,0.062612,0.029679,0.032575,0.032188,0.00065,0.39949,0,0.10186,0.11284,0.085423,0.043869,0.36131,0.99623,0.62114,0.14419,0.23467,0.98105,0.03537,0.0016809,0.36186,2.4772
aprendizado,118,1.8954,1.0761,0.33088,0.36075,0.12763,3.837,0.95744,0.099437,0.99858,0.95609,0.10806,0.20164,0.10465,0.99047,-0.011737,0.041684,0.50444,0.062476,0.027959,0.033638,0.03175,0.0010125,0.37111,0,0.10345,0.11742,0.087458,0.045026,0.38936,0.99692,0.63564,0.14042,0.22394,0.98239,0.03537,0.0016809,0.36186,2.4982
aprendizado,119,1.8785,1.0766,0.32843,0.35937,0.1141,3.8353,0.9591,0.099362,0.98913,0.94868,0.10086,0.2015,0.10455,0.99078,-0.026695,0.040635,0.50503,0.064473,0.032741,0.031775,0.031775,0.000725,0.46026,0,0.10009,0.11853,0.084834,0.042295,0.38329,0.99312,0.63933,0.14737,0.21329,0.98756,0.03537,0.0016809,0.36186,2.5193
aprendizado,120,1.8687,1.0757,0.32842,0.36171,0.10284,3.8367,0.95776,0.097638,0.98932,0.94754,0.10693,0.2014,0.10447,0.99063,-0.018311,0.041175,0.50707,0.061451,0.028031,0.032488,0.031238,0.0007,0.38604,0,0.082842,0.10239,0.084375,0.036073,0.37976,0.99958,0.62972,0.14882,0.22147,0.97973,0.03537,0.0016809,0.36186,2.5403
aprendizado,121,1.8797,1.0779,0.32442,0.36182,0.11552,3.8423,0.95601,0.098037,0.99525,0.95147,0.10786,0.20183,0.10479,0.99078,-0.014833,0.042119,0.5062,0.053112,0.019864,0.032637,0.031287,0.000975,0.32049,0,0.083808,0.092635,0.081352,0.037085,0.39928,0.99988,0.63682,0.13738,0.2258,0.97111,0.03537,0.0016809,0.36186,2.5614
aprendizado,122,1.8463,1.0776,0.32122,0.35802,0.089496,3.8403,0.95401,0.10051,0.9862,0.94085,0.099258,0.20178,0.10475,0.99092,-0.025127,0.042524,0.50957,0.06361,0.029921,0.03325,0.033675,0.000725,0.3625,0,0.088763,0.10828,0.080681,0.039178,0.39236,0.98939,0.65025,0.13271,0.21704,0.98201,0.03537,0.0016809,0.36186,2.5825
aprendizado,123,1.8368,1.0725,0.32324,0.36155,0.079596,3.8315,0.95181,0.10253,0.97732,0.93022,0.10168,0.20126,0.10437,0.98985,-0.032968,0.043001,0.50642,0.068367,0.034463,0.032012,0.0324,0.0005875,0.46646,0,0.091193,0.11065,0.081976,0.040695,0.36148,0.99913,0.63622,0.149,0.21478,0.98095,0.03537,0.0016809,0.36186,2.6035
aprendizado,124,1.832,1.0693,0.31888,0.36182,0.082016,3.8274,0.954,0.1032,0.97349,0.92871,0.10512,0.20116,0.1043,0.98879,-0.028039,0.041981,0.50694,0.060019,0.026857,0.031663,0.0307,0.00115,0.43038,0,0.089696,0.10583,0.079292,0.040816,0.34631,0.99988,0.61453,0.16015,0.22532,0.97514,0.03537,0.0016809,0.36186,2.6246
aprendizado,125,1.8281,1.0659,0.3162,0.36025,0.085696,3.8188,0.95275,0.1037,0.97172,0.9258,0.10486,0.20115,0.10428,0.98754,-0.028056,0.04239,0.50644,0.060155,0.026284,0.03325,0.031787,0.0005,0.49388,0,0.089895,0.10682,0.079295,0.042765,0.33365,0.99554,0.60632,0.15237,0.24131,0.97487,0.03537,0.0016809,0.36186,2.6456
aprendizado,126,1.8311,1.0635,0.31421,0.36071,0.092715,3.8092,0.95524,0.10007,0.96166,0.9186,0.10645,0.20136,0.10444,0.98584,-0.026845,0.040997,0.50167,0.061904,0.027996,0.032675,0.0313,0.000625,0.49775,0,0.095803,0.11062,0.080394,0.040119,0.33035,0.99681,0.62029,0.13987,0.23983,0.98236,0.03537,0.0016809,0.36186,2.6667
aprendizado,127,1.8466,1.0619,0.31713,0.36184,0.10568,3.8018,0.95804,0.09855,0.9655,0.92499,0.1121,0.20183,0.10479,0.98389,-0.019911,0.040073,0.50093,0.060789,0.027986,0.032075,0.031688,0.0008,0.33332,0,0.090735,0.10141,0.080228,0.039219,0.34152,0.99992,0.63338,0.14485,0.22177,0.97886,0.03537,0.0016809,0.36186,2.6878
aprendizado,128,1.8485,1.0628,0.31729,0.36183,0.1066,3.7949,0.95447,0.10064,0.97761,0.9331,0.10617,0.20229,0.10513,0.98329,-0.026676,0.041972,0.50481,0.057175,0.023411,0.033475,0.032787,0.0009,0.43476,0,0.091838,0.10377,0.078708,0.044419,0.35556,0.99989,0.64025,0.14038,0.21937,0.97156,0.03537,0.0016809,0.36186,2.7088
aprendizado,129,1.8225,1.0613,0.31594,0.36077,0.084527,3.7873,0.95507,0.10016,0.97016,0.92659,0.10176,0.20233,0.10516,0.98256,-0.028889,0.041415,0.50844,0.0606,0.027264,0.033412,0.031375,0.0012125,0.50012,0,0.084911,0.10848,0.080293,0.044182,0.34962,0.99698,0.64501,0.14209,0.2129,0.98005,0.03537,0.0016809,0.36186,2.7299
aprendizado,130,1.7887,1.0536,0.30129,0.36177,0.072019,3.7727,0.95842,0.098638,0.9322,0.89343,0.10684,0.20198,0.1049,0.9798,-0.038006,0.038552,0.49948,0.058478,0.026032,0.031863,0.031488,0.0007125,0.48,1.25e-05,0.084396,0.10777,0.079119,0.041277,0.32294,0.99975,0.63588,0.14855,0.21557,0.97997,0.03537,0.0016809,0.36186,2.7509
aprendizado,131,1.7941,1.0475,0.29795,0.36177,0.086841,3.7501,0.958,0.09805,0.92913,0.89011,0.10682,0.20241,0.10522,0.97579,-0.031601,0.03858,0.49613,0.055037,0.022832,0.0324,0.031238,0.0005375,0.50895,0,0.083313,0.10197,0.081036,0.039751,0.31716,0.99974,0.6299,0.15158,0.21852,0.97633,0.03537,0.0016809,0.36186,2.772
aprendizado,132,1.7695,1.0386,0.29152,0.3613,0.078078,3.7272,0.95739,0.098375,0.90822,0.86953,0.11231,0.20262,0.10538,0.97116,-0.038052,0.037931,0.49142,0.061743,0.029784,0.031725,0.031775,0.0005875,0.53812,0,0.094833,0.11105,0.07782,0.03841,0.30372,0.99843,0.62912,0.14477,0.22611,0.98462,0.03537,0.0016809,0.36186,2.7931
aprendizado,133,1.7838,1.0335,0.29286,0.36153,0.095861,3.704,0.96013,0.097162,0.917,0.88044,0.11077,0.20345,0.10599,0.96662,-0.029727,0.037295,0.49359,0.055409,0.022882,0.031738,0.031213,0.0007375,0.4761,0,0.099616,0.11052,0.077903,0.0332,0.31154,0.99909,0.64177,0.14347,0.21476,0.98053,0.03537,0.0016809,0.36186,2.8141
aprendizado,134,1.7787,1.0277,0.29445,0.36102,0.095535,3.6825,0.95804,0.098587,0.91713,0.87863,0.11185,0.20395,0.10636,0.96263,-0.035559,0.038072,0.49397,0.061437,0.03052,0.032563,0.031475,0.0006375,0.4153,0,0.098627,0.11107,0.082407,0.037625,0.31457,0.99766,0.63481,0.14836,0.21683,0.9842,0.03537,0.0016809,0.36186,2.8352
aprendizado,135,1.791,1.0258,0.29819,0.3617,0.10526,3.6704,0.95463,0.09925,0.93201,0.88971,0.11527,0.20462,0.10685,0.95992,-0.029176,0.039961,0.49679,0.061739,0.027668,0.03265,0.0325,0.0007,0.42044,0,0.089381,0.094388,0.082756,0.039029,0.33212,0.99954,0.64184,0.14238,0.21578,0.97459,0.03537,0.0016809,0.36186,2.8562
aprendizado,136,1.8066,1.0267,0.29954,0.36168,0.1187,3.6596,0.95404,0.09975,0.94553,0.90208,0.11092,0.20532,0.10737,0.95844,-0.029197,0.040755,0.49932,0.053519,0.020105,0.033113,0.031325,0.0010125,0.45841,0,0.10394,0.10641,0.084397,0.043321,0.35653,0.99948,0.64378,0.14256,0.21366,0.97188,0.03537,0.0016809,0.36186,2.8773
aprendizado,137,1.804,1.0277,0.30818,0.36178,0.10635,3.6538,0.9545,0.10051,0.95836,0.91475,0.10835,0.20553,0.10753,0.95807,-0.031902,0.041135,0.50709,0.05857,0.025397,0.031988,0.031938,0.0011375,0.4635,0,0.090381,0.10312,0.08333,0.043129,0.36713,0.99976,0.6307,0.15368,0.21561,0.97522,0.03537,0.0016809,0.36186,2.8984
aprendizado,138,1.8306,1.0317,0.31654,0.36061,0.1217,3.6555,0.95918,0.099062,0.97458,0.93479,0.10586,0.2057,0.10766,0.95885,-0.024312,0.040009,0.51066,0.059312,0.025446,0.033475,0.031075,0.0012875,0.3883,0,0.093246,0.10507,0.083688,0.045023,0.38859,0.99654,0.62997,0.14034,0.22969,0.98359,0.03537,0.0016809,0.36186,2.9194
aprendizado,139,1.8235,1.034,0.32088,0.36177,0.10688,3.6622,0.96378,0.095738,0.97209,0.93687,0.10409,0.20533,0.10738,0.95999,-0.029656,0.038122,0.51377,0.061399,0.029901,0.03195,0.03125,0.000625,0.4581,0,0.088535,0.10716,0.07577,0.047095,0.38697,0.99973,0.62636,0.14223,0.23141,0.9877,0.03537,0.0016809,0.36186,2.9405
aprendizado,140,1.8043,1.0342,0.31224,0.3615,0.096374,3.6695,0.95894,0.097675,0.96,0.9206,0.10494,0.20497,0.10711,0.96057,-0.033901,0.039494,0.51021,0.060703,0.027792,0.032325,0.031713,0.0008625,0.44741,0,0.090387,0.10943,0.079832,0.047642,0.38414,0.99899,0.63615,0.13352,0.23034,0.98109,0.03537,0.0016809,0.36186,2.9615
aprendizado,141,1.8181,1.034,0.31032,0.36168,0.11207,3.6633,0.96182,0.095862,0.95423,0.9178,0.10799,0.20493,0.10709,0.95998,-0.025552,0.038163,0.50483,0.05883,0.025546,0.032775,0.031675,0.0005125,0.4628,0,0.098279,0.10859,0.086001,0.04605,0.39471,0.9995,0.63825,0.13888,0.22287,0.98348,0.03537,0.0016809,0.36186,2.9826
aprendizado,142,1.8039,1.0334,0.31502,0.36133,0.094149,3.6619,0.95767,0.099138,0.9635,0.92271,0.10203,0.20469,0.10691,0.9601,-0.035904,0.040135,0.51151,0.062091,0.029999,0.031875,0.031762,0.0007125,0.39836,0,0.085192,0.10357,0.089058,0.043289,0.38422,0.99852,0.64251,0.13959,0.2179,0.98191,0.03537,0.0016809,0.36186,3.0037
aprendizado,143,1.82,1.0336,0.31186,0.36011,0.11446,3.6655,0.95867,0.099187,0.9622,0.92243,0.10479,0.2045,0.10677,0.96035,-0.028466,0.039696,0.50684,0.057667,0.025295,0.031637,0.031012,0.000925,0.38581,0,0.093735,0.10473,0.08745,0.041336,0.38522,0.99516,0.62126,0.15464,0.2241,0.97795,0.03537,0.0016809,0.36186,3.0247
aprendizado,144,1.8518,1.0366,0.32404,0.36104,0.13016,3.6706,0.95854,0.09855,0.98439,0.94359,0.10766,0.20453,0.10679,0.9613,-0.023021,0.040659,0.50951,0.060339,0.02716,0.032675,0.031575,0.0007,0.34982,0,0.097574,0.10294,0.087621,0.042412,0.4004,0.99773,0.62431,0.14762,0.22807,0.9822,0.03537,0.0016809,0.36186,3.0458
aprendizado,145,1.8015,1.0386,0.32094,0.36104,0.080971,3.6787,0.95875,0.097837,0.97169,0.9316,0.10093,0.20417,0.10652,0.96278,-0.03377,0.040059,0.51712,0.064844,0.031238,0.032587,0.0319,0.0005875,0.58183,0,0.082184,0.10756,0.086279,0.042772,0.39352,0.99773,0.63635,0.13609,0.22756,0.98758,0.03537,0.0016809,0.36186,3.0668
aprendizado,146,1.7787,1.035,0.31497,0.36168,0.067037,3.6792,0.95908,0.09815,0.9544,0.91534,0.10083,0.20344,0.10598,0.96264,-0.039988,0.039219,0.5146,0.063298,0.031116,0.032563,0.031825,0.0009125,0.5308,0,0.071657,0.099614,0.084026,0.039555,0.35958,0.9995,0.6351,0.1425,0.2224,0.98564,0.03537,0.0016809,0.36186,3.0879
aprendizado,147,1.7549,1.0289,0.30091,0.36185,0.063238,3.6782,0.95947,0.0969,0.92759,0.89,0.10336,0.20303,0.10568,0.96072,-0.042595,0.037971,0.50716,0.059702,0.026699,0.032188,0.031212,0.000625,0.52711,0,0.075318,0.10054,0.080271,0.040003,0.32506,0.99995,0.62908,0.14785,0.22307,0.98131,0.03537,0.0016809,0.36186,3.109
aprendizado,148,1.7803,1.0229,0.29776,0.36186,0.097772,3.6651,0.95842,0.097287,0.92075,0.88246,0.11267,0.20323,0.10583,0.95748,-0.03405,0.038081,0.49569,0.060202,0.027064,0.03195,0.03165,0.0008375,0.43373,0,0.10353,0.10868,0.078035,0.040319,0.32258,1,0.63662,0.14638,0.217,0.97958,0.03537,0.0016809,0.36186,3.13
aprendizado,149,1.8228,1.0239,0.30869,0.36119,0.129,3.656,0.95613,0.10015,0.9525,0.9107,0.11299,0.20402,0.10641,0.95605,-0.025817,0.040271,0.4996,0.058936,0.025845,0.032425,0.031988,0.001,0.36226,0,0.10426,0.10098,0.078152,0.040376,0.34982,0.99813,0.64623,0.1427,0.21107,0.97581,0.03537,0.0016809,0.36186,3.1511
aprendizado,150,1.8357,1.0307,0.32208,0.36174,0.12127,3.665,0.95402,0.10011,0.9914,0.94582,0.10707,0.20448,0.10675,0.95793,-0.024493,0.042745,0.51523,0.055961,0.02075,0.03415,0.032762,0.00105,0.37343,0,0.087535,0.096392,0.077055,0.03881,0.37432,0.99966,0.63775,0.15172,0.21053,0.96749,0.03537,0.0016809,0.36186,3.1721
aprendizado,151,1.7815,1.032,0.31185,0.36175,0.075881,3.6741,0.95935,0.098138,0.95912,0.92015,0.10119,0.20415,0.10651,0.95927,-0.037217,0.039298,0.51649,0.056588,0.024905,0.032,0.031125,0.00105,0.44139,0,0.07619,0.09934,0.077865,0.043436,0.36582,0.99969,0.64063,0.14482,0.21454,0.98138,0.03537,0.0016809,0.36186,3.1932
aprendizado,152,1.7992,1.0275,0.30818,0.36184,0.10162,3.6708,0.95649,0.10182,0.94802,0.90677,0.1063,0.20371,0.10618,0.95831,-0.035453,0.03994,0.50404,0.061251,0.027193,0.033075,0.032762,0.000975,0.46044,0,0.091873,0.096189,0.082989,0.047167,0.34555,0.99994,0.6386,0.15076,0.21064,0.97503,0.03537,0.0016809,0.36186,3.2143
aprendizado,153,1.8166,1.0277,0.30565,0.36186,0.12142,3.6656,0.95677,0.10112,0.95412,0.91286,0.11298,0.20394,0.10636,0.95788,-0.029636,0.040092,0.50254,0.049246,0.016476,0.0329,0.031625,0.0010875,0.38981,0,0.10467,0.10322,0.076817,0.046925,0.36701,1,0.62028,0.14873,0.23099,0.96923,0.03537,0.0016809,0.36186,3.2353
aprendizado,154,1.8402,1.0341,0.32172,0.36167,0.1227,3.669,0.95564,0.10041,0.98687,0.94309,0.10544,0.20455,0.10681,0.95935,-0.022566,0.041909,0.51251,0.054538,0.022733,0.032225,0.030388,0.001175,0.36155,0,0.099254,0.10603,0.077973,0.046087,0.39966,0.99947,0.61668,0.14148,0.24184,0.97443,0.03537,0.0016809,0.36186,3.2564
aprendizado,155,1.7948,1.0345,0.31656,0.36101,0.082791,3.6777,0.95653,0.10097,0.96561,0.92366,0.10179,0.20409,0.10646,0.96055,-0.035163,0.040654,0.51461,0.06325,0.030679,0.032387,0.0317,0.0009,0.45542,0,0.078214,0.103,0.072644,0.046387,0.38419,0.99765,0.61685,0.14756,0.23558,0.98114,0.03537,0.0016809,0.36186,3.2774
aprendizado,156,1.8215,1.0346,0.31133,0.36172,0.11393,3.6815,0.95644,0.099937,0.96679,0.92468,0.11008,0.20398,0.10638,0.96054,-0.026927,0.040745,0.50766,0.05177,0.018062,0.032787,0.031938,0.000875,0.37605,0,0.093296,0.094016,0.069513,0.048066,0.38992,0.99959,0.62392,0.14429,0.2318,0.96744,0.03537,0.0016809,0.36186,3.2985
aprendizado,157,1.8253,1.0387,0.31869,0.36141,0.10649,3.681,0.95781,0.10114,0.97805,0.93675,0.10219,0.20408,0.10645,0.96209,-0.030272,0.040701,0.51322,0.055038,0.02168,0.033212,0.0323,0.000925,0.50367,0,0.091711,0.10495,0.076018,0.046204,0.40668,0.99873,0.63539,0.1393,0.22531,0.97885,0.03537,0.0016809,0.36186,3.3196
aprendizado,158,1.8222,1.0391,0.31926,0.36151,0.10239,3.6833,0.95538,0.10065,0.97187,0.92849,0.10584,0.20386,0.1063,0.96264,-0.026577,0.041379,0.50953,0.062254,0.029577,0.032988,0.032313,0.0008625,0.35151,0,0.091925,0.10115,0.086101,0.050324,0.4083,0.99901,0.63396,0.14231,0.22373,0.97973,0.03537,0.0016809,0.36186,3.3406
aprendizado,159,1.8386,1.0409,0.32403,0.36048,0.11323,3.6936,0.95616,0.09985,0.985,0.94182,0.1026,0.20359,0.10609,0.96415,-0.02993,0.041625,0.51225,0.061439,0.027951,0.033162,0.031962,0.00075,0.39158,0,0.094241,0.10352,0.079646,0.050847,0.39869,0.99617,0.63979,0.13847,0.22173,0.98024,0.03537,0.0016809,0.36186,3.3617
aprendizado,160,1.8456,1.0441,0.32821,0.3606,0.11268,3.7071,0.95548,0.097363,0.98974,0.94568,0.10375,0.20338,0.10594,0.96605,-0.028698,0.042092,0.51243,0.065729,0.032076,0.0322,0.031013,0.0005875,0.42971,0,0.099403,0.1157,0.072978,0.053712,0.40115,0.99651,0.62576,0.14585,0.22839,0.98234,0.03537,0.0016809,0.36186,3.3827
aprendizado,161,1.8539,1.0466,0.32545,0.36099,0.12089,3.7189,0.95829,0.097575,0.98352,0.9425,0.10691,0.20321,0.10581,0.96755,-0.020959,0.040725,0.50839,0.062404,0.02892,0.032313,0.03195,0.0005625,0.38927,0,0.102,0.1171,0.068481,0.04468,0.40667,0.99759,0.62962,0.13682,0.23356,0.98406,0.03537,0.0016809,0.36186,3.4038
aprendizado,162,1.8442,1.05,0.32399,0.36186,0.10835,3.7288,0.95703,0.10081,0.98255,0.94034,0.10394,0.20334,0.10591,0.96879,-0.024921,0.041178,0.5099,0.060158,0.028241,0.032587,0.032113,0.000775,0.29844,0,0.085069,0.10525,0.06853,0.046017,0.41781,1,0.63864,0.14278,0.21858,0.97775,0.03537,0.0016809,0.36186,3.4249
aprendizado,163,1.8065,1.0484,0.3152,0.36186,0.081013,3.7345,0.95472,0.099988,0.96942,0.92553,0.099016,0.20294,0.10561,0.96926,-0.036682,0.041523,0.51233,0.055626,0.023546,0.032275,0.03155,0.000675,0.44364,0,0.074031,0.10452,0.072796,0.046362,0.39424,0.99999,0.62793,0.14665,0.22543,0.97341,0.03537,0.0016809,0.36186,3.4459
aprendizado,164,1.7959,1.0419,0.29988,0.36186,0.092289,3.7285,0.95628,0.097988,0.93251,0.89175,0.1056,0.20245,0.10525,0.96733,-0.038314,0.03936,0.49654,0.057305,0.024122,0.032363,0.0317,0.0005375,0.48328,0,0.095449,0.11087,0.073013,0.042694,0.36459,1,0.62391,0.14926,0.22683,0.97698,0.03537,0.0016809,0.36186,3.467
aprendizado,165,1.8045,1.0379,0.30764,0.36185,0.097061,3.7176,0.95468,0.10046,0.94891,0.90592,0.10933,0.20259,0.10535,0.96519,-0.030605,0.040657,0.50205,0.057699,0.025703,0.032587,0.032175,0.00065,0.32325,0,0.088658,0.10179,0.079088,0.042561,0.35701,0.99996,0.62734,0.14621,0.22645,0.97315,0.03537,0.0016809,0.36186,3.488
aprendizado,166,1.8331,1.0393,0.31041,0.36065,0.12276,3.7164,0.95317,0.10041,0.96126,0.91624,0.10969,0.2031,0.10573,0.96477,-0.027286,0.041773,0.49984,0.060266,0.026323,0.03305,0.031712,0.0013375,0.4247,0,0.10058,0.1065,0.079654,0.041753,0.37564,0.99664,0.6385,0.13221,0.22929,0.9747,0.03537,0.0016809,0.36186,3.5091
aprendizado,167,1.7703,1.0367,0.31024,0.36046,0.062941,3.7146,0.95182,0.10318,0.9542,0.90821,0.097992,0.20281,0.10551,0.96454,-0.044841,0.041987,0.51304,0.066669,0.031579,0.033513,0.033638,0.000675,0.4484,0,0.068781,0.10573,0.078353,0.043887,0.34475,0.99611,0.63615,0.14248,0.22136,0.97914,0.03537,0.0016809,0.36186,3.5302
aprendizado,168,1.7915,1.0303,0.29722,0.36183,0.10207,3.7025,0.95601,0.099488,0.92779,0.88696,0.10933,0.20269,0.10543,0.96192,-0.033161,0.03927,0.49511,0.055526,0.022459,0.032588,0.03135,0.0005875,0.49621,0,0.088451,0.097252,0.081895,0.047989,0.33654,0.9999,0.62063,0.14617,0.2332,0.97078,0.03537,0.0016809,0.36186,3.5512
aprendizado,169,1.7963,1.028,0.29644,0.36185,0.11003,3.6862,0.95878,0.099,0.9375,0.89886,0.1101,0.20303,0.10568,0.9599,-0.032682,0.038637,0.50042,0.041263,0.0095738,0.031613,0.030613,0.000725,0.37904,0,0.089887,0.09847,0.081969,0.050786,0.34507,0.99995,0.62372,0.14435,0.23192,0.96197,0.03537,0.0016809,0.36186,3.5723
aprendizado,170,1.7924,1.0262,0.30213,0.36147,0.10266,3.6732,0.95889,0.10063,0.93544,0.89698,0.10592,0.20339,0.10595,0.95809,-0.034373,0.03851,0.50044,0.057785,0.024909,0.033063,0.03245,0.0008875,0.3901,0,0.088281,0.10159,0.083707,0.052087,0.35053,0.99892,0.63317,0.14458,0.22225,0.98398,0.03537,0.0016809,0.36186,3.5933
aprendizado,171,1.769,1.0204,0.30174,0.36065,0.086174,3.6624,0.95814,0.10125,0.92327,0.88463,0.10436,0.20317,0.10578,0.95593,-0.042056,0.038285,0.5001,0.069307,0.035849,0.032988,0.032412,0.0007375,0.54555,0,0.090705,0.11276,0.08337,0.052042,0.32887,0.99665,0.63836,0.13941,0.22223,0.98891,0.03537,0.0016809,0.36186,3.6144
aprendizado,172,1.8028,1.0185,0.30115,0.36186,0.12137,3.6522,0.95662,0.10275,0.9383,0.89762,0.11471,0.20363,0.10612,0.95376,-0.029317,0.039474,0.49787,0.053125,0.020152,0.03285,0.032725,0.000475,0.43474,0,0.095533,0.098065,0.0808,0.050059,0.34818,1,0.62859,0.15095,0.22046,0.9659,0.03537,0.0016809,0.36186,3.6355
aprendizado,173,1.769,1.0175,0.29468,0.36186,0.094915,3.6414,0.95683,0.10209,0.92934,0.8892,0.10499,0.20401,0.1064,0.95244,-0.038912,0.039034,0.50266,0.051764,0.016694,0.033638,0.031688,0.0010625,0.44519,0,0.090431,0.10513,0.076708,0.05102,0.35291,0.99998,0.62669,0.14688,0.22643,0.97041,0.03537,0.0016809,0.36186,3.6565
aprendizado,174,1.7163,1.0084,0.28189,0.36186,0.064155,3.6267,0.95503,0.10315,0.89955,0.85909,0.1036,0.20381,0.10626,0.94943,-0.051146,0.038422,0.50054,0.050898,0.019507,0.0318,0.03195,0.001175,0.48355,0,0.077727,0.10188,0.073458,0.051003,0.32667,1,0.62332,0.15516,0.22152,0.96695,0.03537,0.0016809,0.36186,3.6776
aprendizado,175,1.7129,0.99392,0.27507,0.36186,0.082058,3.5978,0.95581,0.10207,0.87604,0.83731,0.11099,0.20387,0.1063,0.94386,-0.047432,0.03715,0.48884,0.056845,0.024437,0.032825,0.031363,0.0007875,0.53211,1.25e-05,0.097876,0.10545,0.0702,0.055062,0.30873,0.99999,0.61808,0.15448,0.22744,0.97519,0.03537,0.0016809,0.36186,3.6986
aprendizado,176,1.725,0.98967,0.28196,0.36186,0.09154,3.575,0.95581,0.0998,0.8971,0.85745,0.11244,0.20442,0.10671,0.9397,-0.04358,0.038038,0.49706,0.051498,0.018313,0.0327,0.031325,0.0005375,0.43814,0,0.086187,0.093774,0.075783,0.056012,0.31303,1,0.6112,0.14882,0.23998,0.96847,0.03537,0.0016809,0.36186,3.7197
aprendizado,177,1.7515,0.98993,0.28442,0.36186,0.11531,3.5586,0.95832,0.0987,0.90382,0.86616,0.11357,0.20523,0.10731,0.93663,-0.035697,0.03741,0.49453,0.05068,0.018178,0.032488,0.031475,0.0011875,0.4223,0,0.096827,0.087212,0.079526,0.055691,0.33955,1,0.62895,0.13692,0.23412,0.972,0.03537,0.0016809,0.36186,3.7408
aprendizado,178,1.7445,0.99075,0.29827,0.36154,0.093977,3.5487,0.95675,0.1,0.9292,0.889,0.10666,0.20555,0.10754,0.9353,-0.041276,0.039053,0.50964,0.058181,0.025185,0.031988,0.031837,0.001,0.42365,0,0.075939,0.09258,0.071163,0.056494,0.34517,0.9991,0.64222,0.13648,0.22131,0.97391,0.03537,0.0016809,0.36186,3.7618
aprendizado,179,1.7308,0.98914,0.29202,0.3613,0.08831,3.5494,0.95452,0.10104,0.91965,0.87782,0.10762,0.20545,0.10747,0.93449,-0.044777,0.03947,0.50721,0.056026,0.023482,0.032425,0.031363,0.0008625,0.38064,0,0.078412,0.088161,0.077396,0.058349,0.3401,0.99845,0.62983,0.15355,0.21662,0.97145,0.03537,0.0016809,0.36186,3.7829
aprendizado,180,1.7387,0.98744,0.29244,0.36151,0.097355,3.5453,0.95562,0.10134,0.92041,0.87956,0.10698,0.20541,0.10744,0.93352,-0.045052,0.039096,0.50588,0.054779,0.021319,0.03235,0.0311,0.0012125,0.452,0,0.083976,0.095443,0.075739,0.057642,0.33669,0.99903,0.62635,0.15004,0.22361,0.97318,0.03537,0.0016809,0.36186,3.8039
aprendizado,181,1.6953,0.98018,0.28155,0.3609,0.072655,3.5348,0.95814,0.09975,0.88831,0.85113,0.10699,0.20526,0.10733,0.93096,-0.051013,0.036835,0.50206,0.060405,0.027148,0.031538,0.031,0.0004375,0.51055,0,0.078078,0.10317,0.079047,0.056402,0.32179,0.99732,0.61586,0.15179,0.23235,0.97967,0.03537,0.0016809,0.36186,3.825
aprendizado,182,1.6766,0.96896,0.27283,0.36186,0.072923,3.5173,0.95654,0.10174,0.86991,0.83212,0.10912,0.20537,0.10742,0.92686,-0.054207,0.036624,0.49629,0.058717,0.025306,0.032738,0.032225,0.000725,0.54371,0,0.080856,0.10321,0.078308,0.0554,0.3121,0.99998,0.63116,0.14793,0.22091,0.97628,0.03537,0.0016809,0.36186,3.8461
aprendizado,183,1.6512,0.95137,0.26065,0.36181,0.077418,3.4884,0.95602,0.0994,0.83833,0.80146,0.11063,0.20553,0.10753,0.9208,-0.060078,0.035475,0.48537,0.064755,0.02955,0.033337,0.032075,0.0004375,0.57326,1.25e-05,0.089203,0.10755,0.085771,0.051579,0.29753,0.99984,0.62674,0.15065,0.22261,0.98162,0.03537,0.0016809,0.36186,3.8671
aprendizado,184,1.6687,0.94678,0.26141,0.36185,0.098674,3.4567,0.95285,0.10001,0.84759,0.80763,0.11543,0.20616,0.108,0.91467,-0.055218,0.036937,0.48401,0.057024,0.023662,0.032037,0.032075,0.0006125,0.48564,0,0.093823,0.10348,0.085895,0.044978,0.3054,0.99995,0.63703,0.14322,0.21975,0.96764,0.03537,0.0016809,0.36186,3.8882
aprendizado,185,1.6993,0.94795,0.26156,0.36186,0.12794,3.4276,0.95191,0.103,0.86756,0.82583,0.11756,0.20712,0.10871,0.91017,-0.046912,0.038142,0.48597,0.038774,0.0075496,0.032738,0.032863,0.001275,0.33426,0,0.10632,0.092708,0.086108,0.045996,0.33735,1,0.6416,0.1421,0.2163,0.94895,0.03537,0.0016809,0.36186,3.9092
aprendizado,186,1.6956,0.95132,0.27053,0.36033,0.11343,3.4086,0.95382,0.102,0.88999,0.84888,0.10977,0.20771,0.10915,0.90823,-0.049723,0.038447,0.50067,0.040535,0.0077996,0.034363,0.031088,0.0021625,0.39949,0,0.097409,0.096522,0.084801,0.050861,0.35981,0.99576,0.63922,0.14215,0.21863,0.95725,0.03537,0.0016809,0.36186,3.9303
aprendizado,187,1.6686,0.94454,0.27194,0.36101,0.091145,3.395,0.95366,0.10046,0.87438,0.83387,0.10618,0.20768,0.10912,0.9063,-0.060987,0.037824,0.49971,0.058198,0.023896,0.033375,0.031425,0.001375,0.42839,0,0.092992,0.10693,0.080898,0.06003,0.35745,0.99765,0.63889,0.14436,0.21675,0.9747,0.03537,0.0016809,0.36186,3.9514
aprendizado,188,1.6803,0.9398,0.27346,0.36176,0.10525,3.3795,0.95601,0.099575,0.86996,0.8317,0.11165,0.20752,0.10901,0.90328,-0.055148,0.036813,0.49499,0.059813,0.02541,0.032988,0.031988,0.0007,0.47761,0,0.098339,0.10569,0.080293,0.06086,0.35226,0.9997,0.63577,0.15153,0.2127,0.97455,0.03537,0.0016809,0.36186,3.9724
aprendizado,189,1.7075,0.94306,0.27935,0.36186,0.12324,3.3693,0.96061,0.099475,0.88411,0.8493,0.11711,0.20787,0.10926,0.90139,-0.044467,0.035783,0.4974,0.05362,0.020742,0.032825,0.031187,0.001025,0.46209,0,0.11554,0.11255,0.080029,0.059989,0.37539,1,0.63875,0.1426,0.21864,0.97635,0.03537,0.0016809,0.36186,3.9935
aprendizado,190,1.7414,0.9513,0.29332,0.36141,0.13533,3.3665,0.96021,0.10272,0.91164,0.87535,0.1098,0.20858,0.1098,0.90117,-0.04099,0.037056,0.50267,0.061405,0.026985,0.033863,0.034075,0.0013125,0.43191,0,0.11506,0.11063,0.085759,0.058465,0.41157,0.99874,0.64611,0.13718,0.21671,0.98073,0.03537,0.0016809,0.36186,4.0145
aprendizado,191,1.7759,0.96186,0.31536,0.36119,0.13754,3.3849,0.9556,0.10182,0.96478,0.92191,0.10678,0.20845,0.1097,0.90469,-0.037893,0.041002,0.51915,0.059189,0.026536,0.033162,0.03225,0.00075,0.34376,0,0.086811,0.095117,0.083761,0.055309,0.43083,0.99813,0.63333,0.14325,0.22342,0.97671,0.03537,0.0016809,0.36186,4.0356
aprendizado,192,1.7225,0.96794,0.30524,0.35951,0.089847,3.4113,0.95373,0.10178,0.94255,0.89896,0.099575,0.20769,0.10914,0.90882,-0.05,0.04074,0.52187,0.064151,0.030583,0.031912,0.031425,0.0007375,0.41774,0,0.080936,0.1063,0.076248,0.055551,0.42077,0.9935,0.61974,0.14947,0.23079,0.9818,0.03537,0.0016809,0.36186,4.0567
aprendizado,193,1.743,0.96729,0.30623,0.36019,0.10934,3.4215,0.95332,0.10135,0.93467,0.89107,0.10469,0.20683,0.1085,0.91052,-0.047589,0.040551,0.51122,0.069649,0.035869,0.03265,0.031387,0.000725,0.46698,0,0.10416,0.1135,0.076896,0.061127,0.40248,0.99536,0.61332,0.14887,0.23781,0.98465,0.03537,0.0016809,0.36186,4.0777
aprendizado,194,1.7642,0.97532,0.31999,0.36186,0.10701,3.4432,0.95729,0.099713,0.96532,0.92409,0.10371,0.20661,0.10833,0.91401,-0.037806,0.040359,0.52382,0.061504,0.028872,0.031938,0.03185,0.0005,0.36757,0,0.08921,0.11076,0.07782,0.055394,0.41037,0.99998,0.62128,0.14447,0.23424,0.98082,0.03537,0.0016809,0.36186,4.0988
aprendizado,195,1.7435,0.97931,0.31153,0.36185,0.090828,3.4693,0.95757,0.1023,0.94927,0.909,0.10269,0.20598,0.10787,0.91749,-0.047689,0.039579,0.52138,0.058296,0.025721,0.03215,0.031313,0.0009625,0.42915,0,0.077862,0.10121,0.079214,0.049414,0.40132,0.99997,0.62779,0.14688,0.22533,0.97577,0.03537,0.0016809,0.36186,4.1198
aprendizado,196,1.7104,0.97529,0.28711,0.36179,0.086181,3.4735,0.95603,0.10239,0.90727,0.86737,0.10364,0.20529,0.10735,0.91791,-0.053719,0.03839,0.50712,0.048229,0.014684,0.033337,0.032488,0.000825,0.52711,1.25e-05,0.077037,0.092338,0.081878,0.04989,0.37865,0.9998,0.63277,0.14734,0.21989,0.96364,0.03537,0.0016809,0.36186,4.1409
aprendizado,197,1.6807,0.96952,0.28426,0.36174,0.065204,3.4647,0.95745,0.10257,0.89711,0.85893,0.10125,0.20502,0.10715,0.91668,-0.052894,0.037452,0.51102,0.049483,0.015602,0.033763,0.0327,0.0011,0.46369,0,0.075609,0.097477,0.084679,0.045696,0.36006,0.99966,0.63074,0.14026,0.229,0.97183,0.03537,0.0016809,0.36186,4.162
aprendizado,198,1.6841,0.95968,0.28702,0.36182,0.075598,3.4531,0.95819,0.10225,0.88903,0.85186,0.10736,0.20461,0.10685,0.91438,-0.055512,0.036847,0.50583,0.058487,0.025544,0.032813,0.03205,0.000625,0.50765,0,0.088955,0.098048,0.084376,0.049317,0.33593,0.99986,0.62971,0.14378,0.22651,0.97654,0.03537,0.0016809,0.36186,4.183
aprendizado,199,1.6776,0.95844,0.28674,0.36186,0.070567,3.4499,0.95574,0.10194,0.91032,0.87003,0.10365,0.20459,0.10684,0.91344,-0.053052,0.038624,0.51863,0.038057,0.0067222,0.031975,0.031337,0.0009125,0.36836,0,0.057548,0.07204,0.076889,0.051828,0.32368,1,0.62033,0.15049,0.22918,0.95213,0.03537,0.0016809,0.36186,4.2041
aprendizado,200,1.6649,0.9517,0.27963,0.36186,0.071727,3.4453,0.95515,0.1019,0.89188,0.85188,0.10485,0.20419,0.10654,0.91253,-0.058795,0.038052,0.51166,0.042089,0.0096692,0.033138,0.03105,0.0015125,0.46886,0,0.074435,0.082069,0.075348,0.055593,0.3045,1,0.62192,0.15041,0.22767,0.9594,0.03537,0.0016809,0.36186,4.2251
aprendizado,201,1.6901,0.95156,0.2887,0.36171,0.088167,3.4374,0.95868,0.099488,0.90058,0.8634,0.10946,0.20432,0.10664,0.91103,-0.049374,0.037138,0.51084,0.049086,0.016912,0.03205,0.030425,0.00105,0.34594,0,0.082256,0.079665,0.076095,0.059383,0.30598,0.99957,0.6121,0.14674,0.24116,0.97184,0.03537,0.0016809,0.36186,4.2462
aprendizado,202,1.707,0.95716,0.29749,0.36142,0.090914,3.4419,0.96128,0.0972,0.91867,0.8831,0.10765,0.20457,0.10682,0.9112,-0.044718,0.036939,0.51734,0.049041,0.01678,0.032688,0.030825,0.0008625,0.2398,0,0.079377,0.076459,0.075788,0.064408,0.31352,0.99876,0.6223,0.13497,0.24273,0.97053,0.03537,0.0016809,0.36186,4.2673
aprendizado,203,1.7066,0.95932,0.30006,0.36185,0.085366,3.4481,0.95771,0.099225,0.92162,0.88265,0.10757,0.20456,0.10681,0.91195,-0.047988,0.038375,0.51722,0.054334,0.021889,0.032587,0.032525,0.0013375,0.38219,0,0.076869,0.083039,0.07476,0.065616,0.31605,0.99997,0.64748,0.12912,0.2234,0.97496,0.03537,0.0016809,0.36186,4.2883
aprendizado,204,1.7447,0.96582,0.31355,0.36166,0.10363,3.4604,0.95746,0.099775,0.94515,0.90492,0.10624,0.20485,0.10703,0.91364,-0.039008,0.039458,0.51871,0.061905,0.029852,0.032863,0.031975,0.000775,0.47151,0,0.087475,0.097684,0.077898,0.05902,0.33157,0.99945,0.64795,0.14705,0.205,0.98261,0.03537,0.0016809,0.36186,4.3094
aprendizado,205,1.728,0.96928,0.31066,0.36183,0.08626,3.4813,0.95662,0.098062,0.93877,0.89804,0.10455,0.20448,0.10676,0.91617,-0.050745,0.039502,0.51969,0.062709,0.030225,0.0324,0.030988,0.000775,0.43999,0,0.073242,0.10227,0.075736,0.0553,0.31941,0.99989,0.6268,0.15202,0.22119,0.98074,0.03537,0.0016809,0.36186,4.3304
aprendizado,206,1.7587,0.97176,0.30129,0.36186,0.12375,3.4935,0.95969,0.096437,0.92263,0.88544,0.1159,0.20457,0.10682,0.91701,-0.038954,0.037687,0.50353,0.056877,0.024122,0.033063,0.031912,0.00075,0.4154,0,0.096508,0.10408,0.080298,0.057388,0.33648,1,0.63811,0.13637,0.22552,0.97982,0.03537,0.0016809,0.36186,4.3515
aprendizado,207,1.8023,0.98202,0.31587,0.36169,0.14273,3.5033,0.96091,0.095688,0.9559,0.91852,0.10877,0.20554,0.10754,0.91893,-0.028787,0.038585,0.50969,0.058757,0.026556,0.031662,0.031262,0.0007625,0.3779,0,0.10015,0.10704,0.077643,0.058971,0.38497,0.99953,0.63606,0.13991,0.22403,0.98333,0.03537,0.0016809,0.36186,4.3726
aprendizado,208,1.7946,0.98906,0.31479,0.35828,0.13245,3.5206,0.95765,0.099087,0.96148,0.92076,0.10583,0.20544,0.10746,0.92222,-0.032476,0.040059,0.51309,0.0631,0.028972,0.033062,0.032775,0.000575,0.35163,0,0.096525,0.11155,0.077201,0.056487,0.40422,0.9901,0.6443,0.14207,0.21363,0.98269,0.03537,0.0016809,0.36186,4.3936
aprendizado,209,1.7839,0.99297,0.31666,0.3618,0.11242,3.5385,0.9603,0.09705,0.955,0.91708,0.10192,0.20499,0.10713,0.92499,-0.039522,0.038779,0.51412,0.063665,0.030434,0.032087,0.030975,0.0007625,0.43555,0,0.091051,0.11303,0.078228,0.054903,0.39531,0.99981,0.63286,0.14827,0.21887,0.98481,0.03537,0.0016809,0.36186,4.4147
aprendizado,210,1.795,0.99556,0.30954,0.36186,0.12802,3.5562,0.9605,0.098812,0.9479,0.91045,0.10924,0.2047,0.10691,0.92686,-0.032599,0.038415,0.50737,0.054447,0.022224,0.032262,0.032238,0.000675,0.43581,0,0.082544,0.08614,0.079198,0.050745,0.40004,1,0.64278,0.14275,0.21448,0.97197,0.03537,0.0016809,0.36186,4.4357
aprendizado,211,1.7881,0.99966,0.30072,0.36185,0.12583,3.5618,0.95896,0.10015,0.94369,0.90497,0.10082,0.20483,0.10702,0.92856,-0.038522,0.03882,0.50611,0.043236,0.011233,0.032238,0.032063,0.00105,0.48825,0,0.088554,0.088429,0.080124,0.053479,0.41672,0.99996,0.64369,0.14932,0.20699,0.96391,0.03537,0.0016809,0.36186,4.4568
aprendizado,212,1.8146,1.0004,0.30998,0.36148,0.14281,3.5603,0.95833,0.10131,0.95947,0.91944,0.11318,0.20461,0.10685,0.92967,-0.027263,0.039731,0.5066,0.047603,0.015583,0.032813,0.03215,0.0009375,0.24575,0,0.10021,0.092347,0.082101,0.052173,0.43456,0.99892,0.63714,0.14726,0.2156,0.96517,0.03537,0.0016809,0.36186,4.4779
aprendizado,213,1.8267,1.0102,0.3238,0.36093,0.13171,3.5811,0.956,0.10176,0.99113,0.94752,0.10134,0.20459,0.10683,0.93433,-0.035187,0.041947,0.51875,0.053141,0.019639,0.03335,0.03145,0.0008625,0.34356,0,0.09099,0.099208,0.076775,0.054802,0.4531,0.99742,0.61932,0.16236,0.21832,0.97071,0.03537,0.0016809,0.36186,4.4989
aprendizado,214,1.8628,1.0181,0.33311,0.36015,0.15143,3.605,0.95534,0.10069,1.0024,0.95763,0.10189,0.20423,0.10657,0.9389,-0.023854,0.04269,0.5141,0.062463,0.029111,0.033275,0.032525,0.00085,0.37423,0,0.10894,0.11349,0.074293,0.056845,0.46593,0.99527,0.63156,0.14247,0.22597,0.97994,0.03537,0.0016809,0.36186,4.52
aprendizado,215,1.8339,1.0246,0.3378,0.36109,0.11046,3.6351,0.95803,0.0979,1.001,0.95899,0.096147,0.20336,0.10592,0.94403,-0.03366,0.041557,0.52295,0.06567,0.032275,0.032363,0.031275,0.0006,0.31339,0,0.087354,0.11494,0.074055,0.055202,0.447,0.99787,0.63662,0.13368,0.2297,0.9849,0.03537,0.0016809,0.36186,4.541
aprendizado,216,1.803,1.0258,0.32798,0.36019,0.088953,3.6611,0.95532,0.098325,0.97628,0.93269,0.096234,0.20231,0.10514,0.94742,-0.040399,0.041573,0.51731,0.068761,0.036443,0.0319,0.032337,0.0004625,0.51462,0,0.084627,0.11511,0.072438,0.056296,0.41185,0.99536,0.63915,0.14897,0.21188,0.98752,0.03537,0.0016809,0.36186,4.5621
aprendizado,217,1.8172,1.025,0.32096,0.36178,0.10947,3.6771,0.95373,0.098675,0.96649,0.92178,0.10857,0.20174,0.10472,0.94891,-0.033933,0.041781,0.50732,0.062197,0.028886,0.032637,0.031537,0.00035,0.39544,0,0.078823,0.095034,0.074193,0.056319,0.39276,0.99977,0.63706,0.15072,0.21222,0.97195,0.03537,0.0016809,0.36186,4.5832
aprendizado,218,1.8312,1.0298,0.313,0.36186,0.12654,3.6877,0.95477,0.101,0.97396,0.92991,0.10492,0.20211,0.10499,0.95078,-0.027742,0.041698,0.50784,0.040892,0.0089093,0.032575,0.03235,0.001175,0.34466,0,0.08686,0.093901,0.073107,0.055834,0.41334,0.99999,0.64108,0.13765,0.22127,0.95519,0.03537,0.0016809,0.36186,4.6042
aprendizado,219,1.7993,1.0304,0.30398,0.36186,0.10299,3.6864,0.95482,0.10111,0.95939,0.91605,0.10244,0.20199,0.10491,0.952,-0.036085,0.041057,0.50912,0.036525,0.0039046,0.033863,0.032625,0.000825,0.38872,0,0.085957,0.093352,0.074056,0.05861,0.41565,0.99999,0.64283,0.1413,0.21587,0.95314,0.03537,0.0016809,0.36186,4.6253
aprendizado,220,1.7923,1.0282,0.3049,0.36076,0.098365,3.6794,0.95635,0.10194,0.94709,0.90575,0.1046,0.2018,0.10476,0.9519,-0.035967,0.039951,0.5054,0.051013,0.017199,0.034037,0.033275,0.0006875,0.47928,0,0.097436,0.093771,0.071457,0.063275,0.40943,0.99695,0.63975,0.13881,0.22144,0.96992,0.03537,0.0016809,0.36186,4.6463
aprendizado,221,1.8145,1.0292,0.3211,0.36184,0.10238,3.6784,0.95675,0.10059,0.97135,0.92935,0.10023,0.20192,0.10485,0.95231,-0.029514,0.040814,0.5122,0.058515,0.024046,0.033587,0.032762,0.0006875,0.35151,0,0.094672,0.098425,0.075889,0.060004,0.40656,0.99993,0.63686,0.14229,0.22085,0.97609,0.03537,0.0016809,0.36186,4.6674
aprendizado,222,1.81,1.0305,0.32541,0.36186,0.092185,3.693,0.95814,0.10054,0.97822,0.93727,0.10318,0.20147,0.10452,0.95433,-0.032848,0.040564,0.51785,0.056209,0.023474,0.032575,0.031863,0.0010875,0.35264,0,0.082486,0.090906,0.075735,0.05767,0.39221,0.99998,0.62885,0.14533,0.22581,0.97533,0.03537,0.0016809,0.36186,4.6884
aprendizado,223,1.8252,1.0329,0.32913,0.3617,0.10149,3.7067,0.95502,0.10169,0.98829,0.94383,0.1021,0.20113,0.10427,0.95668,-0.033312,0.042217,0.51712,0.055863,0.023462,0.033238,0.0323,0.0005625,0.37039,0,0.081458,0.083395,0.069885,0.058192,0.38148,0.99953,0.62202,0.14703,0.23095,0.97113,0.03537,0.0016809,0.36186,4.7095
aprendizado,224,1.849,1.0403,0.33556,0.36159,0.11161,3.7263,0.95731,0.09935,1.0096,0.96655,0.099453,0.20112,0.10426,0.96035,-0.022512,0.042196,0.52273,0.049589,0.015906,0.032837,0.031725,0.0008375,0.35913,0,0.079904,0.086782,0.07214,0.056211,0.39369,0.99925,0.62795,0.13878,0.23327,0.97011,0.03537,0.0016809,0.36186,4.7306
aprendizado,225,1.8176,1.0395,0.32245,0.36183,0.093819,3.7379,0.95697,0.09795,0.97139,0.92959,0.10128,0.20041,0.10373,0.96223,-0.038181,0.040738,0.51146,0.057517,0.024048,0.032412,0.031163,0.0012875,0.35565,0,0.089291,0.10395,0.073998,0.053319,0.36705,0.9999,0.6364,0.14279,0.22081,0.97464,0.03537,0.0016809,0.36186,4.7516
aprendizado,226,1.817,1.0393,0.31704,0.36186,0.098818,3.7429,0.95769,0.09945,0.96188,0.9212,0.1071,0.20041,0.10373,0.96262,-0.031013,0.040055,0.50699,0.055615,0.022408,0.032475,0.0322,0.000625,0.37854,0,0.092603,0.10288,0.068339,0.050346,0.36744,0.99999,0.63902,0.14593,0.21505,0.97418,0.03537,0.0016809,0.36186,4.7727
aprendizado,227,1.8332,1.0407,0.31958,0.36142,0.11148,3.7418,0.95562,0.098425,0.97042,0.92736,0.10842,0.20089,0.10409,0.96263,-0.022037,0.041219,0.50587,0.056548,0.023499,0.03275,0.031087,0.0007125,0.3134,0,0.10125,0.10198,0.075052,0.049929,0.38532,0.99878,0.63024,0.14889,0.22087,0.97411,0.03537,0.0016809,0.36186,4.7937
aprendizado,228,1.8578,1.046,0.33018,0.36108,0.12051,3.7467,0.95478,0.10005,0.9959,0.95085,0.10546,0.20136,0.10444,0.96447,-0.019857,0.042638,0.51183,0.057189,0.024297,0.0315,0.032175,0.0008375,0.34083,0,0.10033,0.10127,0.075505,0.052136,0.41309,0.99782,0.63173,0.15261,0.21566,0.97375,0.03537,0.0016809,0.36186,4.8148
aprendizado,229,1.8308,1.0474,0.32773,0.3595,0.096173,3.7578,0.95776,0.099475,0.98432,0.94271,0.098331,0.20081,0.10403,0.96675,-0.034282,0.040979,0.51491,0.061648,0.028232,0.033162,0.031238,0.0006,0.36389,0,0.086559,0.10363,0.074468,0.055321,0.38931,0.99348,0.63442,0.15068,0.2149,0.9829,0.03537,0.0016809,0.36186,4.8359
aprendizado,230,1.8537,1.0499,0.3349,0.36083,0.10809,3.7672,0.961,0.096662,0.9975,0.95862,0.10489,0.20059,0.10387,0.96832,-0.01907,0.040213,0.51714,0.0574,0.025337,0.031787,0.030988,0.0005125,0.35892,0,0.084611,0.096034,0.078092,0.053996,0.39105,0.99713,0.62532,0.15028,0.2244,0.98245,0.03537,0.0016809,0.36186,4.8569
aprendizado,231,1.8417,1.0544,0.32486,0.34938,0.11307,3.7795,0.96005,0.097625,0.98808,0.9486,0.099073,0.2006,0.10388,0.97039,-0.019716,0.04022,0.51509,0.067676,0.035495,0.032287,0.032125,0.0006875,0.40695,0,0.089032,0.11143,0.078949,0.053342,0.40413,0.96551,0.63919,0.14173,0.21908,0.99185,0.03537,0.0016809,0.36186,4.878
aprendizado,232,1.7954,1.0516,0.31937,0.35954,0.064951,3.7784,0.95178,0.1003,0.95669,0.91057,0.099904,0.19992,0.10337,0.97041,-0.03303,0.0421,0.5072,0.074031,0.04051,0.032825,0.032875,0.000475,0.49462,0,0.083625,0.11464,0.083386,0.046814,0.37131,0.99358,0.64872,0.13875,0.21252,0.98636,0.03537,0.0016809,0.36186,4.899
aprendizado,233,1.7673,1.0442,0.29926,0.35947,0.064366,3.7686,0.95534,0.099638,0.91678,0.87582,0.10569,0.20002,0.10345,0.96743,-0.037685,0.039052,0.49556,0.069545,0.035633,0.032625,0.031725,0.000625,0.4855,0,0.095,0.12659,0.085007,0.045623,0.35194,0.99339,0.63786,0.14815,0.21399,0.98841,0.03537,0.0016809,0.36186,4.9201
aprendizado,234,1.749,1.0315,0.28503,0.36023,0.072209,3.7403,0.95844,0.099163,0.87868,0.84217,0.11106,0.20027,0.10363,0.96143,-0.042611,0.036331,0.48152,0.073271,0.039667,0.031813,0.03185,0.000525,0.59384,0,0.1091,0.13177,0.086553,0.050548,0.32533,0.99547,0.63898,0.14797,0.21305,0.99431,0.03537,0.0016809,0.36186,4.9412
aprendizado,235,1.7629,1.0209,0.28837,0.36106,0.092602,3.7078,0.95707,0.10004,0.88754,0.84943,0.1101,0.20111,0.10426,0.95527,-0.040555,0.037186,0.48187,0.071375,0.038558,0.032888,0.0316,0.0004125,0.43794,0,0.11194,0.12865,0.085956,0.05574,0.31655,0.99777,0.62426,0.15287,0.22287,0.99046,0.03537,0.0016809,0.36186,4.9622
aprendizado,236,1.7294,1.0102,0.28071,0.36186,0.076684,3.6802,0.95864,0.099713,0.8735,0.83737,0.11123,0.20172,0.1047,0.94956,-0.04206,0.036048,0.48419,0.065932,0.03384,0.031488,0.030975,0.0013125,0.5456,0,0.10037,0.12253,0.089424,0.055965,0.30554,1,0.62274,0.14415,0.23311,0.98469,0.03537,0.0016809,0.36186,4.9833
aprendizado,237,1.7653,1.0035,0.28089,0.36123,0.11968,3.6477,0.95725,0.10091,0.8884,0.85042,0.11761,0.20287,0.10556,0.94392,-0.031167,0.037157,0.48175,0.056495,0.02354,0.032762,0.03185,0.0005125,0.45805,0,0.10595,0.10531,0.089039,0.05862,0.33431,0.99825,0.61881,0.15016,0.23103,0.97697,0.03537,0.0016809,0.36186,5.0043
aprendizado,238,1.7432,0.999,0.28556,0.36182,0.096803,3.6195,0.95724,0.10064,0.89458,0.85633,0.11222,0.2036,0.1061,0.94021,-0.041567,0.037416,0.49127,0.06077,0.027847,0.0317,0.031175,0.0005375,0.47892,0,0.098141,0.11116,0.083469,0.055219,0.34918,0.99988,0.61642,0.13976,0.24382,0.97863,0.03537,0.0016809,0.36186,5.0254
aprendizado,239,1.7438,0.99306,0.27849,0.36109,0.11114,3.5937,0.95515,0.10274,0.88307,0.84346,0.1121,0.20429,0.10661,0.9361,-0.041881,0.037674,0.48373,0.061181,0.027531,0.032488,0.032712,0.000575,0.48578,0,0.112,0.1148,0.085522,0.055664,0.36664,0.99786,0.62852,0.13725,0.23423,0.97886,0.03537,0.0016809,0.36186,5.0465
aprendizado,240,1.7675,0.98915,0.28945,0.36111,0.12774,3.5675,0.96019,0.098375,0.90432,0.8683,0.10996,0.2046,0.10684,0.93283,-0.042811,0.036766,0.49128,0.059218,0.024674,0.033875,0.031988,0.0005875,0.3543,0,0.10821,0.10511,0.085772,0.058733,0.37255,0.99792,0.6173,0.14584,0.23685,0.97767,0.03537,0.0016809,0.36186,5.0675
aprendizado,241,1.7954,0.99796,0.30473,0.36186,0.1308,3.5666,0.95725,0.10005,0.95577,0.91492,0.10541,0.20522,0.1073,0.93335,-0.026407,0.039974,0.50963,0.043677,0.010828,0.032837,0.032812,0.0011125,0.27775,0,0.075924,0.085239,0.086498,0.060675,0.40797,1,0.64625,0.12779,0.22597,0.96151,0.03537,0.0016809,0.36186,5.0886
aprendizado,242,1.7822,0.99822,0.29857,0.3613,0.12409,3.5661,0.95762,0.10021,0.93351,0.89394,0.10988,0.20497,0.10712,0.93387,-0.038599,0.038908,0.50161,0.052218,0.01939,0.032762,0.031363,0.001175,0.36926,0,0.10795,0.10191,0.082289,0.051147,0.41954,0.99845,0.63601,0.13969,0.2243,0.97246,0.03537,0.0016809,0.36186,5.1096
aprendizado,243,1.821,1.0057,0.32361,0.36022,0.13147,3.5701,0.96027,0.099075,0.97821,0.93936,0.10263,0.20501,0.10714,0.936,-0.027977,0.039725,0.5159,0.062232,0.02852,0.03285,0.031537,0.0006625,0.32803,0,0.094977,0.1016,0.078724,0.053269,0.43642,0.99544,0.6282,0.14494,0.22686,0.98566,0.03537,0.0016809,0.36186,5.1307
aprendizado,244,1.8143,1.0104,0.32396,0.3604,0.1195,3.5922,0.95971,0.099525,0.97475,0.93548,0.10174,0.20419,0.10654,0.93944,-0.036683,0.039808,0.51568,0.063235,0.030451,0.03255,0.031875,0.0006375,0.30874,0,0.087337,0.10139,0.076339,0.057042,0.42467,0.99596,0.6341,0.14897,0.21693,0.98085,0.03537,0.0016809,0.36186,5.1518
aprendizado,245,1.8569,1.0206,0.33335,0.36185,0.14112,3.6142,0.96093,0.098525,1.0032,0.96401,0.10534,0.2043,0.10662,0.94316,-0.015033,0.040486,0.51915,0.053008,0.019249,0.032238,0.03145,0.0007625,0.32175,0,0.093734,0.090185,0.076493,0.054361,0.46061,0.99997,0.63284,0.14703,0.22013,0.97595,0.03537,0.0016809,0.36186,5.1728
aprendizado,246,1.8429,1.0291,0.34172,0.36186,0.11028,3.6443,0.95473,0.10204,1.0208,0.97455,0.099511,0.20372,0.10619,0.94887,-0.031601,0.043719,0.52881,0.058226,0.025522,0.031488,0.031837,0.000925,0.33365,0,0.088811,0.096287,0.075598,0.054811,0.46457,0.99999,0.63517,0.14861,0.21622,0.9741,0.03537,0.0016809,0.36186,5.1939
aprendizado,247,1.838,1.0365,0.34146,0.36162,0.09846,3.6753,0.95558,0.1007,1.023,0.97758,0.092926,0.20276,0.10548,0.9548,-0.032828,0.04347,0.53189,0.055603,0.02241,0.033325,0.031875,0.0006625,0.32967,0,0.07794,0.093527,0.075587,0.057057,0.44678,0.99933,0.6148,0.15878,0.22642,0.96825,0.03537,0.0016809,0.36186,5.2149
aprendizado,248,1.8533,1.0417,0.3396,0.36186,0.11016,3.705,0.95083,0.10372,1.0243,0.97396,0.1026,0.20188,0.10482,0.9599,-0.025789,0.045467,0.52552,0.052866,0.018898,0.03355,0.031988,0.0022125,0.36444,0,0.075033,0.079009,0.07082,0.059128,0.44064,0.99999,0.63792,0.13253,0.22955,0.96388,0.03537,0.0016809,0.36186,5.236
aprendizado,249,1.8492,1.0485,0.34013,0.35888,0.10169,3.731,0.95202,0.10246,1.0201,0.97116,0.092627,0.20146,0.10451,0.96478,-0.026697,0.044799,0.52525,0.061978,0.027941,0.033138,0.032025,0.0009875,0.37472,0,0.083247,0.09925,0.070576,0.0552,0.43357,0.99174,0.63165,0.14116,0.22719,0.97835,0.03537,0.0016809,0.36186,5.2571
aprendizado,250,1.8054,1.0468,0.33247,0.36149,0.064584,3.75,0.95342,0.10221,0.98548,0.93957,0.097167,0.20011,0.10351,0.96755,-0.043369,0.042729,0.52045,0.067435,0.032933,0.03385,0.033313,0.0004375,0.50075,0,0.074649,0.098576,0.078725,0.054172,0.37922,0.99897,0.63093,0.14502,0.22406,0.97982,0.03537,0.0016809,0.36186,5.2781
aprendizado,251,1.8107,1.0454,0.31997,0.36186,0.08349,3.7603,0.95913,0.098687,0.96746,0.92792,0.10364,0.19978,0.10327,0.96787,-0.031732,0.039734,0.51251,0.050211,0.018544,0.031288,0.030288,0.0006125,0.49241,0,0.082579,0.092104,0.071371,0.054218,0.35695,1,0.61243,0.153,0.23457,0.96979,0.03537,0.0016809,0.36186,5.2992
aprendizado,252,1.8061,1.0451,0.31635,0.36186,0.082855,3.7668,0.95542,0.102,0.97532,0.93184,0.1032,0.19989,0.10335,0.96827,-0.030193,0.041507,0.51593,0.0408,0.0098334,0.0312,0.030887,0.000775,0.4121,0,0.067435,0.076846,0.068036,0.056002,0.35093,0.99997,0.61077,0.14231,0.24692,0.95766,0.03537,0.0016809,0.36186,5.3202
aprendizado,253,1.7502,1.0402,0.30705,0.36179,0.041171,3.7646,0.95519,0.10262,0.9421,0.89986,0.098473,0.19959,0.10313,0.96741,-0.044049,0.040186,0.51415,0.053942,0.021956,0.032238,0.031563,0.0007375,0.44729,0,0.06755,0.088673,0.069894,0.058447,0.31289,0.99979,0.6043,0.1439,0.2518,0.9748,0.03537,0.0016809,0.36186,5.3413
aprendizado,254,1.7462,1.0306,0.3016,0.36185,0.052188,3.7501,0.95737,0.099925,0.92262,0.8833,0.10363,0.19926,0.10289,0.96422,-0.044466,0.03854,0.50583,0.059124,0.024161,0.03365,0.031575,0.0006375,0.43525,0,0.076225,0.090879,0.078972,0.058006,0.26929,0.99997,0.61534,0.14016,0.2445,0.9743,0.03537,0.0016809,0.36186,5.3624
aprendizado,255,1.7276,1.0211,0.29415,0.36186,0.050469,3.7311,0.96237,0.098462,0.9044,0.87037,0.10663,0.19943,0.10301,0.96018,-0.043861,0.035973,0.50379,0.053966,0.021647,0.03185,0.031613,0.000775,0.53121,0,0.07998,0.091614,0.083003,0.061086,0.24511,1,0.62334,0.1371,0.23956,0.9818,0.03537,0.0016809,0.36186,5.3834
aprendizado,256,1.7193,1.0137,0.29977,0.36186,0.04396,3.7112,0.96036,0.098738,0.9125,0.87632,0.10525,0.19991,0.10337,0.95636,-0.042645,0.037032,0.50971,0.059548,0.027355,0.032412,0.031275,0.0006,0.47951,0,0.066332,0.08937,0.087067,0.05973,0.23229,0.99999,0.63195,0.14613,0.22193,0.98109,0.03537,0.0016809,0.36186,5.4045
aprendizado,257,1.7338,1.0032,0.2848,0.36178,0.083982,3.686,0.96306,0.097937,0.88606,0.85333,0.11428,0.20034,0.10369,0.95151,-0.042417,0.034998,0.49221,0.052604,0.021161,0.031875,0.031262,0.0006,0.54256,0,0.095782,0.098061,0.086384,0.060354,0.23095,0.99975,0.62638,0.15115,0.22248,0.97758,0.03537,0.0016809,0.36186,5.4255
aprendizado,258,1.7732,1.0028,0.29524,0.36047,0.1147,3.6615,0.96088,0.098325,0.91567,0.87985,0.11589,0.20168,0.10468,0.94779,-0.028,0.036966,0.49619,0.052027,0.020998,0.031387,0.030613,0.00085,0.39658,0,0.097353,0.096918,0.08341,0.060599,0.271,0.99615,0.62685,0.1442,0.22894,0.97727,0.03537,0.0016809,0.36186,5.4466
aprendizado,259,1.7713,1.0035,0.30291,0.36151,0.10337,3.6476,0.95859,0.099487,0.9231,0.88488,0.11243,0.20264,0.10539,0.9456,-0.032651,0.038114,0.49957,0.065468,0.033239,0.032175,0.032387,0.00095,0.43756,0,0.10063,0.1096,0.083148,0.057078,0.30029,0.99902,0.62575,0.14137,0.23288,0.98753,0.03537,0.0016809,0.36186,5.4677
aprendizado,260,1.8069,1.0066,0.31224,0.36182,0.12618,3.6449,0.95614,0.099788,0.95072,0.90902,0.11054,0.20326,0.10585,0.94519,-0.030846,0.040186,0.5031,0.063204,0.030217,0.032537,0.031563,0.0007625,0.3879,0,0.095979,0.10397,0.081941,0.049281,0.32307,0.99988,0.62788,0.15026,0.22186,0.97717,0.03537,0.0016809,0.36186,5.4887
aprendizado,261,1.8688,1.0155,0.31875,0.36155,0.17293,3.6498,0.95553,0.098625,0.9811,0.93748,0.11754,0.20407,0.10645,0.94684,-0.014747,0.041701,0.50164,0.054283,0.01999,0.033113,0.031838,0.000975,0.28864,0,0.12029,0.1058,0.081277,0.049805,0.38474,0.99914,0.63382,0.14336,0.22282,0.96925,0.03537,0.0016809,0.36186,5.5098
aprendizado,262,1.9018,1.0324,0.34199,0.35997,0.16745,3.6672,0.95785,0.0991,1.0313,0.98784,0.10403,0.20483,0.10701,0.95232,-0.010619,0.042885,0.51943,0.057744,0.024572,0.033575,0.032425,0.000825,0.3001,0,0.10416,0.10923,0.076045,0.054671,0.45527,0.99476,0.64125,0.14166,0.21709,0.97824,0.03537,0.0016809,0.36186,5.5308
aprendizado,263,1.891,1.0437,0.34578,0.3618,0.13976,3.6961,0.96036,0.097263,1.0347,0.99366,0.099107,0.2042,0.10655,0.95876,-0.021448,0.041986,0.52546,0.055098,0.022485,0.0323,0.031162,0.0009125,0.26096,0,0.082744,0.096892,0.072886,0.059746,0.4736,0.99982,0.63102,0.14793,0.22106,0.97451,0.03537,0.0016809,0.36186,5.5519
aprendizado,264,1.8555,1.0501,0.3376,0.36186,0.10592,3.7245,0.95861,0.0998,1.0167,0.97465,0.093365,0.20327,0.10585,0.96387,-0.02773,0.041971,0.5253,0.057807,0.023334,0.034062,0.033188,0.0008875,0.19644,0,0.078639,0.099043,0.072408,0.061715,0.46231,0.99999,0.65227,0.14144,0.20629,0.97491,0.03537,0.0016809,0.36186,5.573
aprendizado,265,1.8511,1.0513,0.33319,0.36183,0.10478,3.7405,0.95723,0.09945,1.0052,0.96222,0.09933,0.20221,0.10507,0.96716,-0.030799,0.04205,0.51989,0.053774,0.021328,0.03235,0.032113,0.0008375,0.3457,0,0.085867,0.096229,0.074381,0.063163,0.44493,0.9999,0.64052,0.1405,0.21897,0.97056,0.03537,0.0016809,0.36186,5.594
aprendizado,266,1.8582,1.0533,0.3294,0.36069,0.11481,3.7533,0.95863,0.098538,0.99867,0.95734,0.099653,0.20153,0.10457,0.96973,-0.027806,0.041219,0.51521,0.051857,0.019565,0.031925,0.0315,0.0006625,0.44155,0,0.088106,0.090512,0.080931,0.063617,0.43101,0.99675,0.63205,0.14656,0.22139,0.97382,0.03537,0.0016809,0.36186,5.6151
aprendizado,267,1.8673,1.0586,0.34818,0.36117,0.099415,3.7707,0.95833,0.10011,1.0263,0.98356,0.099746,0.20108,0.10423,0.97341,-0.021269,0.042484,0.52685,0.060875,0.028306,0.03245,0.031988,0.000875,0.44595,0,0.084587,0.096884,0.083248,0.06349,0.43155,0.99808,0.63796,0.13989,0.22215,0.98295,0.03537,0.0016809,0.36186,5.6361
aprendizado,268,1.8762,1.0653,0.36363,0.36149,0.085783,3.7991,0.95594,0.099587,1.0581,1.0115,0.093674,0.20021,0.10359,0.97898,-0.025246,0.044804,0.53913,0.06132,0.028111,0.0334,0.031675,0.000775,0.29163,0,0.067228,0.0917,0.08404,0.057339,0.40908,0.99898,0.63484,0.14511,0.22005,0.97528,0.03537,0.0016809,0.36186,5.6572
aprendizado,269,1.9187,1.075,0.36297,0.3616,0.11916,3.8381,0.95787,0.10032,1.0643,1.0195,0.098249,0.19942,0.10301,0.98565,-0.015178,0.044245,0.53132,0.050244,0.018249,0.031887,0.031912,0.0009125,0.34996,0,0.082774,0.086254,0.076294,0.055517,0.40848,0.99927,0.6386,0.13856,0.22284,0.96941,0.03537,0.0016809,0.36186,5.6783
aprendizado,270,1.9284,1.0841,0.35869,0.36123,0.1244,3.8735,0.9589,0.098238,1.0614,1.0177,0.10041,0.19891,0.10262,0.99164,-0.010833,0.043698,0.52777,0.049317,0.014346,0.034037,0.031825,0.0008875,0.32111,0,0.088579,0.09795,0.07599,0.05819,0.41266,0.99824,0.64071,0.14245,0.21685,0.96889,0.03537,0.0016809,0.36186,5.6993
aprendizado,271,1.9588,1.0938,0.36579,0.35969,0.1395,3.9023,0.9629,0.0943,1.0637,1.0242,0.10144,0.19878,0.10253,0.99693,-0.0014752,0.042081,0.52296,0.058455,0.02642,0.031963,0.030412,0.00115,0.42573,0,0.1028,0.11001,0.078478,0.058302,0.43819,0.994,0.62886,0.14582,0.22532,0.98406,0.03537,0.0016809,0.36186,5.7204
aprendizado,272,1.9871,1.1064,0.39176,0.3618,0.1271,3.9449,0.96014,0.095587,1.1067,1.0626,0.097665,0.19854,0.10235,1.0042,-0.00091136,0.045016,0.53477,0.068045,0.03508,0.032825,0.032125,0.0007375,0.36597,0,0.088252,0.1111,0.076113,0.060239,0.4548,0.99983,0.65707,0.12984,0.21308,0.9877,0.03537,0.0016809,0.36186,5.7414
aprendizado,273,1.9907,1.1194,0.38539,0.36114,0.12478,3.9989,0.95882,0.095675,1.1033,1.0579,0.092781,0.19812,0.10204,1.0122,0.0013896,0.045452,0.53146,0.06217,0.030271,0.031512,0.03085,0.0008625,0.36029,0,0.079287,0.10461,0.075656,0.064587,0.46342,0.99801,0.64897,0.14513,0.2059,0.98226,0.03537,0.0016809,0.36186,5.7625
aprendizado,274,1.9945,1.1263,0.37876,0.36156,0.12786,4.0397,0.95548,0.0984,1.0866,1.0382,0.10264,0.19723,0.10138,1.0181,-0.005474,0.046217,0.52055,0.06646,0.032804,0.031725,0.031725,0.0006125,0.50175,0,0.088731,0.099492,0.073848,0.068616,0.45066,0.99914,0.64926,0.1437,0.20704,0.98082,0.03537,0.0016809,0.36186,5.7836
aprendizado,275,2.0146,1.1383,0.38313,0.3614,0.13178,4.078,0.95784,0.099112,1.1051,1.0585,0.096522,0.19731,0.10144,1.0248,0.0065914,0.045964,0.52549,0.059694,0.025611,0.033513,0.03255,0.0006875,0.38371,0,0.092573,0.10883,0.078802,0.070948,0.47949,0.99872,0.64483,0.14693,0.20824,0.98126,0.03537,0.0016809,0.36186,5.8046
aprendizado,276,1.9568,1.1416,0.36873,0.36058,0.085862,4.1024,0.95905,0.09775,1.0584,1.0151,0.091103,0.19621,0.10062,1.0289,-0.019836,0.043497,0.51876,0.071303,0.037375,0.032287,0.031725,0.0007625,0.46871,2.5e-05,0.081624,0.10887,0.079018,0.062619,0.42941,0.99646,0.64384,0.1437,0.21246,0.99289,0.03537,0.0016809,0.36186,5.8257
aprendizado,277,1.9688,1.1422,0.36769,0.36186,0.097108,4.1211,0.9611,0.098638,1.0551,1.014,0.101,0.19577,0.1003,1.0306,-0.0029003,0.042508,0.51505,0.064997,0.033308,0.031675,0.0315,0.0007625,0.41155,0,0.089853,0.1093,0.075616,0.055641,0.40906,0.99999,0.62868,0.15176,0.21956,0.98804,0.03537,0.0016809,0.36186,5.8467
aprendizado,278,1.9654,1.1442,0.36212,0.36161,0.097466,4.1396,0.95664,0.099637,1.0533,1.0077,0.099937,0.19572,0.10026,1.0326,-0.0039698,0.044311,0.51279,0.062984,0.029655,0.033113,0.031675,0.000575,0.39772,0,0.085346,0.1048,0.078841,0.047668,0.39519,0.99929,0.63378,0.14406,0.22216,0.97806,0.03537,0.0016809,0.36186,5.8678
aprendizado,279,1.9719,1.1458,0.34907,0.36166,0.11536,4.1447,0.95492,0.098963,1.0471,0.99993,0.10378,0.196,0.10047,1.0338,-0.002972,0.044771,0.50711,0.049418,0.017049,0.0319,0.032312,0.000575,0.31953,0,0.090233,0.09327,0.077008,0.049677,0.41106,0.99944,0.62757,0.14357,0.22885,0.96524,0.03537,0.0016809,0.36186,5.8889
aprendizado,280,1.9288,1.1447,0.34487,0.36126,0.07793,4.1412,0.95397,0.09965,1.0275,0.98025,0.094323,0.19601,0.10047,1.0341,-0.016623,0.044324,0.50825,0.060876,0.026693,0.033388,0.031938,0.00085,0.39554,0,0.081926,0.10137,0.080607,0.049315,0.38992,0.99832,0.63053,0.1364,0.23307,0.9784,0.03537,0.0016809,0.36186,5.9099
aprendizado,281,1.9518,1.1413,0.34434,0.36186,0.10428,4.1338,0.95626,0.09705,1.0271,0.98215,0.10922,0.19594,0.10042,1.033,-0.0022347,0.043359,0.50319,0.057338,0.024111,0.032412,0.0314,0.000575,0.40434,0,0.08943,0.08961,0.086626,0.046312,0.38222,1,0.63383,0.14464,0.22154,0.97112,0.03537,0.0016809,0.36186,5.931
aprendizado,282,2.0215,1.1471,0.36427,0.35758,0.15255,4.1399,0.95861,0.097537,1.0809,1.0361,0.1053,0.19668,0.10097,1.0353,0.011747,0.044617,0.51255,0.055898,0.022856,0.032438,0.03165,0.0010625,0.2918,0,0.09826,0.093675,0.082584,0.049809,0.42359,0.98816,0.64909,0.13508,0.21582,0.97699,0.03537,0.0016809,0.36186,5.952
aprendizado,283,2.0022,1.1552,0.37695,0.35431,0.11566,4.1555,0.95739,0.09775,1.1009,1.054,0.088855,0.19646,0.10081,1.0403,0.0031182,0.045979,0.52646,0.066905,0.034813,0.031863,0.031413,0.0005625,0.39303,0,0.077037,0.10533,0.0806,0.052594,0.42747,0.97911,0.64183,0.14764,0.21053,0.98631,0.03537,0.0016809,0.36186,5.9731
aprendizado,284,1.9612,1.1572,0.36729,0.36163,0.075115,4.1734,0.95671,0.098575,1.0661,1.0199,0.094408,0.19558,0.10015,1.0433,-0.009894,0.04483,0.5201,0.066909,0.032196,0.033725,0.032662,0.0004375,0.41673,0,0.073625,0.10688,0.082783,0.055918,0.39507,0.99934,0.64102,0.14854,0.21044,0.97881,0.03537,0.0016809,0.36186,5.9942
aprendizado,285,1.9297,1.1525,0.33382,0.36186,0.081572,4.1687,0.9638,0.094837,0.99921,0.96304,0.10412,0.19525,0.099909,1.0418,-0.0116,0.039172,0.49904,0.054391,0.022416,0.031438,0.030937,0.0006625,0.48447,0,0.092558,0.11005,0.077658,0.05682,0.37271,1,0.64013,0.13809,0.22177,0.97992,0.03537,0.0016809,0.36186,6.0152
aprendizado,286,1.9291,1.1449,0.32637,0.36186,0.096018,4.1441,0.96113,0.0956,0.98639,0.94804,0.10554,0.19572,0.10026,1.0375,-0.0063774,0.039726,0.49145,0.054254,0.022564,0.031637,0.0314,0.0005625,0.46325,0,0.10077,0.10558,0.079606,0.05665,0.36021,0.99998,0.64203,0.14349,0.21448,0.97492,0.03537,0.0016809,0.36186,6.0363
aprendizado,287,1.9291,1.14,0.32905,0.36182,0.098244,4.1242,0.95928,0.096863,1.0015,0.96074,0.10503,0.19639,0.10076,1.0344,-0.0092156,0.041071,0.49801,0.050627,0.017352,0.0325,0.031637,0.0006625,0.38404,0,0.089881,0.098956,0.072804,0.055364,0.36469,0.99986,0.65181,0.14055,0.20763,0.96891,0.03537,0.0016809,0.36186,6.0573
aprendizado,288,1.905,1.1335,0.31921,0.36159,0.090686,4.0981,0.95829,0.098037,0.98196,0.94102,0.10555,0.19676,0.10103,1.0308,-0.013687,0.040655,0.494,0.051726,0.018396,0.032888,0.032363,0.0006,0.49726,0,0.10036,0.10714,0.073362,0.057408,0.35887,0.99925,0.64807,0.14631,0.20562,0.97021,0.03537,0.0016809,0.36186,6.0784
aprendizado,289,1.898,1.1269,0.32183,0.36155,0.087718,4.0709,0.95913,0.097725,0.98604,0.94573,0.10615,0.19715,0.10132,1.0272,-0.012073,0.040502,0.4983,0.049738,0.017317,0.03235,0.031938,0.0007125,0.33615,0,0.087628,0.089036,0.079366,0.061538,0.35118,0.99914,0.6435,0.13776,0.21874,0.96795,0.03537,0.0016809,0.36186,6.0995
aprendizado,290,1.9039,1.1225,0.32921,0.3617,0.090473,4.0493,0.96116,0.0974,0.9945,0.95587,0.10336,0.19751,0.10159,1.0246,-0.015078,0.04004,0.50207,0.054503,0.021232,0.033037,0.03155,0.0008375,0.4836,0,0.090332,0.091528,0.082862,0.06566,0.34747,0.99955,0.64422,0.14451,0.21127,0.98282,0.03537,0.0016809,0.36186,6.1205
aprendizado,291,1.887,1.1186,0.33662,0.36138,0.070334,4.039,0.96046,0.098538,1.0002,0.96069,0.10119,0.19766,0.10169,1.0226,-0.015695,0.040542,0.50912,0.063889,0.031906,0.031363,0.031488,0.0008,0.51246,0,0.079022,0.095034,0.074799,0.061998,0.32817,0.99867,0.63481,0.14441,0.22078,0.98524,0.03537,0.0016809,0.36186,6.1416
aprendizado,292,1.8619,1.1124,0.32426,0.36172,0.063475,4.0313,0.9576,0.10004,0.97706,0.93564,0.10419,0.19776,0.10177,1.0197,-0.019309,0.040721,0.50254,0.065469,0.032382,0.032975,0.032488,0.0007,0.47989,0,0.083702,0.10558,0.073765,0.058054,0.30382,0.99961,0.63462,0.14943,0.21595,0.98376,0.03537,0.0016809,0.36186,6.1626
aprendizado,293,1.898,1.107,0.32293,0.36186,0.10621,4.0162,0.9562,0.10225,0.98571,0.94255,0.11111,0.19833,0.10219,1.0164,-0.011465,0.041634,0.4966,0.056796,0.022754,0.033513,0.032787,0.000775,0.4252,0,0.086864,0.088201,0.0775,0.058396,0.30559,1,0.63797,0.1477,0.21433,0.96862,0.03537,0.0016809,0.36186,6.1837
aprendizado,294,1.9379,1.1073,0.32834,0.36184,0.14046,4.001,0.95676,0.10146,1.0042,0.96074,0.11309,0.19943,0.10301,1.0149,-0.0016879,0.042197,0.49579,0.053527,0.020931,0.032287,0.032325,0.0005375,0.4932,0,0.10879,0.10814,0.083053,0.055712,0.35608,0.99993,0.62667,0.15444,0.21889,0.97521,0.03537,0.0016809,0.36186,6.2048
aprendizado,295,1.9193,1.1079,0.33635,0.36178,0.11317,3.9966,0.95721,0.0993,1.0128,0.96946,0.10342,0.19984,0.10331,1.0147,-0.015826,0.042386,0.50513,0.062747,0.028612,0.03275,0.031662,0.0005375,0.37471,0,0.084821,0.1024,0.082724,0.054385,0.36156,0.99978,0.6246,0.14312,0.23228,0.97986,0.03537,0.0016809,0.36186,6.2258
aprendizado,296,1.8881,1.1069,0.32862,0.36173,0.090852,3.9971,0.95298,0.10212,1.0048,0.95754,0.10014,0.19982,0.1033,1.0145,-0.020733,0.04374,0.50714,0.059885,0.025871,0.032788,0.032287,0.0009,0.427,0,0.067268,0.09797,0.075693,0.054375,0.34968,0.99963,0.63158,0.15102,0.21739,0.96843,0.03537,0.0016809,0.36186,6.2469
aprendizado,297,1.8553,1.1007,0.30284,0.36186,0.089833,3.9832,0.95371,0.10201,0.96271,0.91813,0.10769,0.19976,0.10326,1.0117,-0.026358,0.041634,0.49489,0.045758,0.012077,0.032488,0.031037,0.0008375,0.52041,0,0.080773,0.10091,0.075418,0.057228,0.33833,1,0.62611,0.1482,0.22569,0.95711,0.03537,0.0016809,0.36186,6.2679
aprendizado,298,1.8549,1.0929,0.29295,0.36176,0.10723,3.9503,0.95478,0.10137,0.93793,0.8955,0.10845,0.2004,0.10373,1.0066,-0.021194,0.040157,0.48278,0.048489,0.015304,0.032238,0.03155,0.0008375,0.40425,0,0.10501,0.11182,0.074175,0.061418,0.34286,0.9997,0.61591,0.1482,0.23588,0.9716,0.03537,0.0016809,0.36186,6.289
aprendizado,299,1.8791,1.0872,0.30739,0.36186,0.12268,3.9186,0.95672,0.099275,0.95188,0.91069,0.11747,0.20131,0.1044,1.0014,-0.0138,0.040011,0.48459,0.063518,0.031084,0.032688,0.031412,0.0007125,0.36735,0,0.112,0.11008,0.076285,0.061772,0.36767,1,0.62252,0.14016,0.23732,0.97885,0.03537,0.0016809,0.36186,6.3101
heurísticas,0,1.8638,1.1698,0.37527,0.36033,-0.041655,4.1371,0.95662,0.098788,1.0935,1.046,0.091279,0.19483,0.099599,1.083,-0.051806,0.046007,0.56126,0.046682,0.015497,0.031563,0.031587,0.0003125,0.59395,6.25e-05,0.0072588,0.012242,0.10063,0.0085691,0.10014,0.99575,0.71456,0.28544,0,0.9746,0.03537,0.0016809,0.36186,0.013162
heurísticas,1,1.8572,1.1619,0.37042,0.34937,-0.024444,4.1485,0.95788,0.098913,1.0797,1.0342,0.096647,0.19456,0.099402,1.0792,-0.0089627,0.044886,0.55688,0.070021,0.035679,0.032875,0.032512,0.00035,0.56446,0,0.011601,0.043365,0.096017,0.018556,0.036399,0.96547,0.64071,0.20044,0.15885,0.99494,0.03537,0.0016809,0.36186,0.034222
heurísticas,2,1.8617,1.1487,0.34007,0.35464,0.018255,4.1424,0.95271,0.09885,1.0232,0.97483,0.11051,0.19807,0.102,1.0761,-0.0081899,0.044664,0.52364,0.075214,0.041796,0.031637,0.032212,0,0.57376,0,0.040028,0.080154,0.10092,0.01806,0.030735,0.98003,0.64504,0.14126,0.21369,0.99176,0.03537,0.0016809,0.36186,0.055282
heurísticas,3,1.873,1.0519,0.25852,0.36142,0.20114,4.097,0.95633,0.09955,0.94338,0.90211,0.12415,0.22174,0.11955,0.94962,-0.0085476,0.039833,0.48173,0.067926,0.03436,0.03265,0.032125,0.000175,0.51885,0,0.04532,0.11055,0.095687,0.018351,0.13102,0.99876,0.63474,0.14967,0.21559,0.98691,0.03537,0.0016809,0.36186,0.076342
heurísticas,4,1.8702,0.99314,0.19961,0.36186,0.31554,3.9824,0.95738,0.10104,0.86067,0.82398,0.12859,0.23491,0.12931,0.86067,-0.010341,0.035954,0.44058,0.054559,0.021763,0.032688,0.03225,0.001125,0.44094,0,0.082159,0.11211,0.082779,0.023159,0.35898,0.99999,0.63354,0.14723,0.21922,0.97139,0.03537,0.0016809,0.36186,0.097402
heurísticas,5,1.8452,1.0045,0.22783,0.36166,0.25114,3.8576,0.9557,0.10096,0.86809,0.82964,0.11297,0.21967,0.11801,0.86809,-0.022244,0.036841,0.44969,0.04595,0.013753,0.0331,0.031925,0.0008125,0.36509,0,0.11103,0.10213,0.075094,0.025583,0.52562,0.99942,0.64216,0.13262,0.22522,0.96317,0.03537,0.0016809,0.36186,0.11846
heurísticas,6,1.8282,1.0595,0.30713,0.36139,0.10018,3.7906,0.95749,0.1004,0.93124,0.89167,0.098073,0.19685,0.1011,0.93124,-0.03363,0.038854,0.48775,0.049265,0.016851,0.032375,0.0317,0.0011125,0.43539,0,0.12065,0.097652,0.075223,0.025125,0.54015,0.99869,0.62388,0.1579,0.21823,0.97209,0.03537,0.0016809,0.36186,0.13952
heurísticas,7,1.8216,1.1418,0.39456,0.35937,-0.074134,3.8064,0.95493,0.10297,1.0124,0.9667,0.087784,0.18045,0.088942,1.0124,-0.037121,0.043298,0.5307,0.063072,0.029649,0.033037,0.033013,0.0007,0.50755,0,0.1065,0.10012,0.077482,0.025373,0.38698,0.99309,0.63255,0.13985,0.2276,0.98211,0.03537,0.0016809,0.36186,0.16058
heurísticas,8,1.8515,1.1036,0.33898,0.36144,0.047504,3.857,0.95636,0.10171,1.0106,0.96643,0.10393,0.20063,0.1039,1.0251,-0.030026,0.042643,0.52207,0.062003,0.027733,0.033113,0.031663,0.0002875,0.47844,0,0.06467,0.10385,0.079797,0.023211,0.27291,0.99882,0.60897,0.15134,0.2397,0.98147,0.03537,0.0016809,0.36186,0.18164
heurísticas,9,1.8631,1.0961,0.32101,0.36132,0.084711,3.8574,0.95915,0.10118,0.98151,0.94141,0.11168,0.2024,0.10521,1.016,-0.014582,0.040307,0.50528,0.058859,0.02614,0.0319,0.031475,0.00055,0.46995,0,0.087048,0.11223,0.086098,0.021535,0.27757,0.99851,0.6133,0.14652,0.24018,0.98321,0.03537,0.0016809,0.36186,0.2027
heurísticas,10,1.8541,1.0465,0.28286,0.36138,0.1634,3.8338,0.95599,0.10123,0.94793,0.90621,0.11379,0.21327,0.11327,0.94794,-0.021127,0.040124,0.48875,0.061612,0.028548,0.032813,0.03225,0.000375,0.4937,0,0.081158,0.11424,0.087356,0.023701,0.32638,0.99867,0.62731,0.13756,0.23513,0.9797,0.03537,0.0016809,0.36186,0.22376
heurísticas,11,1.8363,1.0313,0.26985,0.36163,0.17351,3.7841,0.95391,0.1007,0.925,0.88237,0.11297,0.21382,0.11368,0.925,-0.02542,0.039924,0.48052,0.056786,0.02348,0.033162,0.032412,0.00105,0.43406,0,0.092246,0.1111,0.080817,0.023822,0.40101,0.99935,0.63863,0.13483,0.22653,0.97167,0.03537,0.0016809,0.36186,0.24482
heurísticas,12,1.827,1.0378,0.28699,0.36167,0.14054,3.7389,0.95633,0.10054,0.93297,0.89223,0.10774,0.20747,0.10897,0.93297,-0.028778,0.039361,0.48837,0.053091,0.01951,0.033675,0.03205,0.0014,0.41205,0,0.10079,0.10463,0.074251,0.02431,0.44158,0.99947,0.64214,0.13775,0.2201,0.97213,0.03537,0.0016809,0.36186,0.26588
heurísticas,13,1.8195,1.0642,0.32387,0.36101,0.0704,3.722,0.95714,0.10136,0.96432,0.92299,0.099255,0.19806,0.10199,0.96432,-0.032254,0.040373,0.50731,0.052285,0.020421,0.0326,0.03155,0.000975,0.475,0,0.10081,0.10259,0.074687,0.026186,0.41879,0.99765,0.63489,0.14847,0.21664,0.97481,0.03537,0.0016809,0.36186,0.28694
heurísticas,14,1.805,1.0886,0.35834,0.36062,-0.0024818,3.7411,0.95851,0.0994,0.98702,0.94608,0.097452,0.19015,0.096135,0.98702,-0.036112,0.040778,0.52412,0.061001,0.027419,0.0331,0.031925,0.0007,0.46324,0,0.093732,0.10522,0.072573,0.021549,0.32173,0.99656,0.6278,0.14301,0.22918,0.98559,0.03537,0.0016809,0.36186,0.308
heurísticas,15,1.8145,1.0653,0.3306,0.36122,0.057441,3.7722,0.95972,0.0993,0.97903,0.93961,0.10711,0.20022,0.10359,0.98099,-0.02972,0.039976,0.51784,0.061339,0.029662,0.032012,0.031713,0.0004375,0.44437,0,0.073399,0.10577,0.074568,0.022976,0.26578,0.99822,0.63002,0.14515,0.22482,0.98558,0.03537,0.0016809,0.36186,0.32906
heurísticas,16,1.819,1.0296,0.27682,0.3615,0.15104,3.7595,0.95757,0.098738,0.93411,0.89451,0.11499,0.21447,0.11416,0.93619,-0.024792,0.038935,0.49176,0.060858,0.026643,0.032937,0.032813,0.000525,0.46677,0,0.076372,0.11058,0.078354,0.021011,0.31187,0.999,0.63599,0.14267,0.22134,0.97906,0.03537,0.0016809,0.36186,0.35012
heurísticas,17,1.8108,1.0094,0.26243,0.36155,0.17743,3.7102,0.95779,0.09935,0.90628,0.86802,0.11415,0.21553,0.11495,0.90628,-0.028586,0.037709,0.47936,0.057117,0.023012,0.032425,0.031413,0.000525,0.44121,0,0.095435,0.11205,0.074839,0.021668,0.38879,0.99912,0.64038,0.14972,0.2099,0.97719,0.03537,0.0016809,0.36186,0.37118
heurísticas,18,1.7999,1.0222,0.28245,0.36186,0.13336,3.666,0.95371,0.10021,0.92286,0.88013,0.10852,0.20952,0.11049,0.92286,-0.033288,0.039906,0.48899,0.057186,0.024377,0.03275,0.03185,0.0011625,0.38299,0,0.097502,0.10608,0.074719,0.022672,0.42842,1,0.64038,0.14633,0.21329,0.97345,0.03537,0.0016809,0.36186,0.39224
heurísticas,19,1.8035,1.043,0.30969,0.36139,0.089344,3.6511,0.9564,0.10281,0.95244,0.91092,0.1041,0.20272,0.10545,0.95244,-0.033445,0.040155,0.50509,0.053439,0.020398,0.032287,0.032225,0.000975,0.41097,0,0.098541,0.10378,0.076918,0.022599,0.41683,0.99869,0.63442,0.14711,0.21847,0.97211,0.03537,0.0016809,0.36186,0.4133
heurísticas,20,1.7887,1.0616,0.34196,0.36043,0.024678,3.6571,0.95883,0.10085,0.96667,0.92687,0.099412,0.19332,0.098479,0.96668,-0.038642,0.039819,0.51819,0.057127,0.025382,0.032425,0.031125,0.001,0.46673,0,0.10242,0.10646,0.082629,0.026861,0.35528,0.99603,0.62183,0.14897,0.2292,0.98412,0.03537,0.0016809,0.36186,0.43436
heurísticas,21,1.794,1.0548,0.33267,0.36113,0.045406,3.682,0.95985,0.098937,0.97248,0.93344,0.10265,0.19947,0.10304,0.97472,-0.034397,0.03966,0.5203,0.06259,0.029981,0.033075,0.032113,0.0006,0.46944,0,0.082177,0.10905,0.08239,0.029831,0.29175,0.99797,0.63264,0.13863,0.22874,0.98677,0.03537,0.0016809,0.36186,0.45542
heurísticas,22,1.7992,1.0403,0.30407,0.36147,0.093394,3.6887,0.95828,0.10057,0.94974,0.91012,0.11202,0.20622,0.10804,0.96137,-0.03039,0.039328,0.50583,0.059513,0.027185,0.032262,0.0319,0.0009625,0.44071,0,0.079959,0.10655,0.076229,0.025993,0.28589,0.99891,0.6398,0.14184,0.21836,0.98021,0.03537,0.0016809,0.36186,0.47648
heurísticas,23,1.7854,1.0109,0.27565,0.36175,0.13705,3.6678,0.95679,0.10101,0.92036,0.88059,0.11347,0.21293,0.11302,0.92096,-0.032823,0.03866,0.49321,0.057006,0.02452,0.032762,0.031375,0.000875,0.45316,0,0.081044,0.10794,0.073901,0.022233,0.32369,0.99969,0.63064,0.15191,0.21744,0.9757,0.03537,0.0016809,0.36186,0.49754
heurísticas,24,1.7679,1.0005,0.27064,0.36169,0.13516,3.6311,0.95326,0.10247,0.90665,0.86428,0.11154,0.21165,0.11207,0.90665,-0.038389,0.039366,0.48886,0.056232,0.022058,0.032563,0.032325,0.0008625,0.4059,0,0.090678,0.10621,0.070315,0.023775,0.36344,0.99951,0.63073,0.14993,0.21933,0.97033,0.03537,0.0016809,0.36186,0.5186
heurísticas,25,1.7714,1.0067,0.28111,0.36181,0.12178,3.5995,0.95791,0.10249,0.91497,0.87646,0.10817,0.20903,0.11012,0.91497,-0.036954,0.038026,0.4948,0.050919,0.018216,0.033037,0.031363,0.00135,0.40161,0,0.093416,0.1007,0.064767,0.023173,0.38901,0.99986,0.62019,0.15293,0.22688,0.9721,0.03537,0.0016809,0.36186,0.53966
heurísticas,26,1.7577,1.0163,0.30187,0.36178,0.077773,3.5857,0.95529,0.10322,0.93069,0.88909,0.10561,0.20271,0.10544,0.93069,-0.042139,0.039649,0.5058,0.05329,0.020511,0.0328,0.031662,0.00105,0.42825,0,0.093385,0.098335,0.069315,0.023595,0.37338,0.99977,0.60908,0.14541,0.24551,0.97058,0.03537,0.0016809,0.36186,0.56072
heurísticas,27,1.7685,1.0272,0.31575,0.36178,0.063687,3.588,0.95987,0.10103,0.94637,0.90839,0.10378,0.20045,0.10376,0.94638,-0.039976,0.038588,0.51366,0.050744,0.018788,0.033263,0.0314,0.0010375,0.40668,0,0.089386,0.096949,0.070617,0.02216,0.33743,0.99978,0.62159,0.13025,0.24817,0.97535,0.03537,0.0016809,0.36186,0.58178
heurísticas,28,1.7751,1.0307,0.31263,0.36155,0.070212,3.5989,0.95791,0.098725,0.95475,0.91457,0.10679,0.20355,0.10607,0.95578,-0.036848,0.039678,0.51523,0.053519,0.021436,0.032675,0.0318,0.0008625,0.41975,0,0.079644,0.09908,0.075906,0.021424,0.30894,0.99914,0.64082,0.14044,0.21874,0.9755,0.03537,0.0016809,0.36186,0.60284
heurísticas,29,1.7642,1.018,0.29556,0.3616,0.088979,3.5989,0.95765,0.09955,0.92961,0.89025,0.11164,0.20693,0.10857,0.94059,-0.037636,0.03873,0.50463,0.059438,0.025165,0.033225,0.032738,0.0006875,0.4438,0,0.085156,0.10519,0.068549,0.021447,0.30444,0.99926,0.64863,0.1438,0.20757,0.98053,0.03537,0.0016809,0.36186,0.6239
heurísticas,30,1.7671,0.99788,0.27266,0.36168,0.1349,3.58,0.95647,0.097225,0.91184,0.87215,0.11388,0.21461,0.11426,0.91293,-0.035604,0.03842,0.49354,0.059469,0.026061,0.032675,0.0316,0.000675,0.44435,0,0.08282,0.10667,0.070435,0.021213,0.3379,0.9995,0.64218,0.14632,0.2115,0.97776,0.03537,0.0016809,0.36186,0.64496
heurísticas,31,1.7653,0.99276,0.27217,0.3615,0.13882,3.5485,0.95768,0.099,0.90535,0.86704,0.11369,0.21302,0.11308,0.90535,-0.037425,0.03771,0.49117,0.053987,0.021932,0.032575,0.031788,0.000875,0.41123,0,0.094742,0.10786,0.072528,0.022362,0.38093,0.999,0.64331,0.14391,0.21278,0.97366,0.03537,0.0016809,0.36186,0.66602
heurísticas,32,1.7653,1.003,0.27854,0.36179,0.12197,3.523,0.95398,0.10341,0.91909,0.8768,0.11054,0.2122,0.11248,0.91909,-0.037449,0.03964,0.49668,0.052527,0.019576,0.032775,0.032238,0.0019125,0.38844,0,0.092431,0.10315,0.073735,0.026133,0.40585,0.99978,0.64897,0.14371,0.20733,0.96945,0.03537,0.0016809,0.36186,0.68708
heurísticas,33,1.7416,1.0135,0.31242,0.36118,0.054505,3.5134,0.95675,0.10087,0.93269,0.89234,0.10176,0.20007,0.10348,0.9327,-0.045157,0.039198,0.51239,0.05361,0.021357,0.033462,0.031537,0.0013625,0.4519,0,0.098113,0.10253,0.077283,0.025887,0.37923,0.99811,0.62649,0.15269,0.22082,0.97557,0.03537,0.0016809,0.36186,0.70814
heurísticas,34,1.7381,1.0194,0.31918,0.36108,0.038411,3.5316,0.95527,0.1006,0.94466,0.9024,0.10305,0.20037,0.1037,0.94556,-0.047263,0.040258,0.51919,0.061074,0.027484,0.0329,0.032488,0.0007125,0.47678,0,0.087267,0.10721,0.077262,0.027236,0.31284,0.99783,0.63041,0.13892,0.23067,0.98108,0.03537,0.0016809,0.36186,0.7292
heurísticas,35,1.7343,1.0062,0.29468,0.35993,0.073497,3.5368,0.95323,0.10086,0.91713,0.87424,0.11137,0.20578,0.10772,0.93663,-0.043618,0.03983,0.50409,0.065582,0.032577,0.033475,0.032375,0.0005125,0.53443,0,0.092231,0.11593,0.073643,0.027434,0.29193,0.99464,0.63403,0.14749,0.21849,0.98231,0.03537,0.0016809,0.36186,0.75026
heurísticas,36,1.7438,0.97856,0.26199,0.36163,0.14166,3.5195,0.95594,0.0991,0.89581,0.85633,0.11778,0.21785,0.11666,0.89887,-0.038435,0.037941,0.49106,0.059634,0.026707,0.032775,0.03135,0.0009,0.49712,0,0.083024,0.11863,0.073934,0.024403,0.32748,0.99936,0.63382,0.14452,0.22166,0.97814,0.03537,0.0016809,0.36186,0.77132
heurísticas,37,1.7449,0.96577,0.25228,0.3618,0.16507,3.4805,0.9549,0.10004,0.87975,0.84007,0.11793,0.21901,0.11752,0.87975,-0.040981,0.037623,0.48144,0.05513,0.023899,0.03225,0.032188,0.0008875,0.45071,0,0.097138,0.11238,0.073091,0.02378,0.39063,0.99982,0.64124,0.13828,0.22047,0.97223,0.03537,0.0016809,0.36186,0.79238
heurísticas,38,1.7477,0.97281,0.26367,0.36182,0.14939,3.441,0.95444,0.102,0.88783,0.8474,0.11263,0.21418,0.11395,0.88783,-0.043394,0.038124,0.48486,0.051273,0.01866,0.032025,0.031275,0.0010625,0.37474,0,0.1088,0.10546,0.072185,0.023506,0.43739,0.99986,0.62021,0.15919,0.2206,0.96721,0.03537,0.0016809,0.36186,0.81344
heurísticas,39,1.7488,1.0024,0.29708,0.36148,0.087836,3.4272,0.95642,0.10275,0.93095,0.89039,0.10443,0.20685,0.10851,0.9288,-0.042255,0.03924,0.50914,0.047413,0.015051,0.033475,0.0318,0.001525,0.39853,0,0.095837,0.096196,0.075781,0.025448,0.42838,0.99894,0.62228,0.13828,0.23944,0.96748,0.03537,0.0016809,0.36186,0.8345
heurísticas,40,1.7363,1.0018,0.3034,0.36163,0.069533,3.4365,0.95605,0.10055,0.94028,0.89896,0.10262,0.20726,0.10882,0.93176,-0.050146,0.039774,0.51773,0.054899,0.022543,0.03395,0.032213,0.001275,0.42747,0,0.083508,0.099684,0.073535,0.025234,0.38352,0.99934,0.64024,0.13492,0.22485,0.97396,0.03537,0.0016809,0.36186,0.85556
heurísticas,41,1.7607,1.0079,0.3083,0.36182,0.082685,3.4491,0.95493,0.10144,0.95275,0.90981,0.10777,0.20697,0.1086,0.94203,-0.039726,0.040731,0.51673,0.053009,0.020154,0.032962,0.031975,0.00125,0.39755,0,0.084588,0.095208,0.072665,0.025395,0.36047,0.99987,0.64078,0.14665,0.21257,0.9702,0.03537,0.0016809,0.36186,0.87662
heurísticas,42,1.7549,1.0166,0.31508,0.36145,0.061736,3.4673,0.95336,0.10287,0.95754,0.91288,0.10668,0.20424,0.10658,0.95586,-0.04228,0.041535,0.5202,0.054222,0.020817,0.033362,0.032525,0.000725,0.4239,0,0.089683,0.10284,0.070518,0.023888,0.32859,0.99884,0.63344,0.14949,0.21707,0.97195,0.03537,0.0016809,0.36186,0.89768
heurísticas,43,1.7661,1.0141,0.30764,0.3617,0.082665,3.4855,0.95542,0.10318,0.95403,0.9115,0.11195,0.20789,0.10928,0.95396,-0.038786,0.0406,0.51612,0.055474,0.02367,0.0324,0.032188,0.0009875,0.45746,0,0.085793,0.10467,0.073184,0.02524,0.30894,0.99955,0.62851,0.15075,0.22074,0.97523,0.03537,0.0016809,0.36186,0.91874
heurísticas,44,1.7748,1.0047,0.28639,0.36155,0.12218,3.4857,0.9583,0.10041,0.93783,0.89872,0.11513,0.21463,0.11427,0.93835,-0.031951,0.038832,0.50639,0.053711,0.021489,0.032888,0.0305,0.000875,0.4558,0,0.084594,0.10533,0.074186,0.023012,0.33752,0.99914,0.61201,0.15286,0.23513,0.9769,0.03537,0.0016809,0.36186,0.9398
heurísticas,45,1.7852,1.0082,0.30072,0.36014,0.11614,3.4797,0.95917,0.099575,0.94515,0.90657,0.11096,0.20988,0.11075,0.93958,-0.030565,0.038798,0.50781,0.058136,0.025517,0.032012,0.031525,0.00075,0.45321,0,0.10015,0.10885,0.081495,0.022933,0.36329,0.99523,0.62343,0.13632,0.24025,0.98419,0.03537,0.0016809,0.36186,0.96086
heurísticas,46,1.7661,1.0091,0.31311,0.36093,0.082992,3.4883,0.961,0.098275,0.94678,0.90986,0.10602,0.20622,0.10805,0.94035,-0.039199,0.038177,0.51518,0.062829,0.031025,0.032175,0.031925,0.0005375,0.483,0,0.093022,0.11039,0.075373,0.02478,0.34905,0.99741,0.62336,0.14778,0.22885,0.98823,0.03537,0.0016809,0.36186,0.98192
heurísticas,47,1.7552,1.006,0.30084,0.36155,0.086805,3.499,0.95681,0.099962,0.93537,0.89498,0.1118,0.208,0.10936,0.93749,-0.039021,0.039284,0.5099,0.061508,0.028797,0.032075,0.03165,0.0009375,0.4295,0,0.087952,0.10801,0.079119,0.026803,0.34202,0.99914,0.6421,0.14288,0.21502,0.97884,0.03537,0.0016809,0.36186,1.003
heurísticas,48,1.7714,1.0051,0.29342,0.36165,0.11126,3.4973,0.95567,0.102,0.93175,0.89045,0.11337,0.20953,0.1105,0.93566,-0.036097,0.039556,0.50267,0.056592,0.024077,0.03285,0.031637,0.0011125,0.41563,0,0.099627,0.1094,0.077364,0.024358,0.35738,0.99942,0.62633,0.15576,0.2179,0.97751,0.03537,0.0016809,0.36186,1.024
heurísticas,49,1.777,1.0075,0.29728,0.36156,0.11065,3.4931,0.96004,0.10081,0.93722,0.89976,0.11148,0.21027,0.11105,0.93732,-0.032841,0.038153,0.50633,0.058013,0.025697,0.033275,0.0318,0.000925,0.38417,0,0.09785,0.11218,0.078537,0.025573,0.37065,0.99915,0.63524,0.14188,0.22288,0.98303,0.03537,0.0016809,0.36186,1.0451
heurísticas,50,1.7892,1.0129,0.30938,0.36104,0.10588,3.4944,0.95916,0.0982,0.95173,0.91285,0.10699,0.20792,0.1093,0.94312,-0.03499,0.039081,0.51022,0.059595,0.028156,0.031662,0.031088,0.0006125,0.4272,0,0.10067,0.11064,0.077256,0.027621,0.37423,0.99773,0.63632,0.13927,0.22441,0.98395,0.03537,0.0016809,0.36186,1.0662
heurísticas,51,1.7978,1.0243,0.30869,0.36167,0.10319,3.5053,0.95524,0.099687,0.96358,0.92043,0.11277,0.21034,0.1111,0.95785,-0.031674,0.041083,0.51197,0.062647,0.029503,0.032462,0.031938,0.0007375,0.39275,0,0.092017,0.10503,0.075617,0.022774,0.3784,0.99945,0.63371,0.15049,0.21581,0.97908,0.03537,0.0016809,0.36186,1.0872
heurísticas,52,1.7821,1.0307,0.31891,0.3614,0.071081,3.516,0.95396,0.10109,0.96655,0.92206,0.10421,0.20447,0.10675,0.96638,-0.036783,0.041693,0.5174,0.057652,0.024116,0.032412,0.031462,0.0009375,0.41168,0,0.09626,0.10768,0.078576,0.026081,0.35952,0.99871,0.62989,0.14729,0.22281,0.97575,0.03537,0.0016809,0.36186,1.1083
heurísticas,53,1.7928,1.0331,0.32552,0.36154,0.07258,3.5379,0.9613,0.09685,0.96984,0.9323,0.10847,0.20393,0.10634,0.96981,-0.033399,0.038993,0.52003,0.059473,0.026948,0.031887,0.030562,0.00075,0.41345,0,0.095219,0.10856,0.080159,0.025125,0.32781,0.9991,0.62603,0.14869,0.22528,0.98513,0.03537,0.0016809,0.36186,1.1293
heurísticas,54,1.8114,1.03,0.30685,0.36142,0.11312,3.5533,0.95823,0.10035,0.96572,0.92538,0.11243,0.21089,0.1115,0.96571,-0.028705,0.040012,0.51087,0.061385,0.028409,0.031963,0.031212,0.001525,0.42374,0,0.090876,0.10954,0.079645,0.024878,0.33448,0.99876,0.638,0.14973,0.21227,0.9815,0.03537,0.0016809,0.36186,1.1504
heurísticas,55,1.8045,1.0198,0.29573,0.36156,0.12734,3.5506,0.95749,0.10293,0.94925,0.90891,0.11273,0.21226,0.11252,0.94914,-0.029696,0.039605,0.50369,0.06017,0.025963,0.03355,0.03245,0.0016625,0.43583,0,0.094357,0.11129,0.075824,0.026167,0.36329,0.99915,0.63401,0.15561,0.21038,0.9789,0.03537,0.0016809,0.36186,1.1715
heurísticas,56,1.8195,1.0245,0.29925,0.36179,0.13398,3.5469,0.95712,0.10049,0.95879,0.91767,0.11385,0.21167,0.11208,0.95219,-0.025226,0.040151,0.50435,0.055184,0.022349,0.033337,0.0315,0.0010875,0.38697,0,0.098909,0.10785,0.076571,0.029749,0.39679,0.99979,0.63024,0.14643,0.22333,0.97456,0.03537,0.0016809,0.36186,1.1925
heurísticas,57,1.8183,1.0377,0.31533,0.36129,0.1039,3.5509,0.95636,0.10311,0.97446,0.93194,0.10758,0.20771,0.10915,0.96766,-0.028613,0.0411,0.51255,0.057706,0.024803,0.0322,0.03165,0.0014,0.39581,0,0.099061,0.11011,0.075071,0.032271,0.406,0.99842,0.62374,0.15089,0.22537,0.97813,0.03537,0.0016809,0.36186,1.2136
heurísticas,58,1.8033,1.0516,0.33989,0.36065,0.051152,3.57,0.95774,0.10315,0.98438,0.94278,0.10235,0.19903,0.10271,0.98426,-0.033667,0.040978,0.52283,0.05886,0.026601,0.032613,0.031113,0.001275,0.45781,0,0.10114,0.11083,0.074951,0.032752,0.36761,0.99664,0.61318,0.1562,0.23061,0.98219,0.03537,0.0016809,0.36186,1.2346
heurísticas,59,1.81,1.0509,0.3344,0.36147,0.063206,3.6039,0.95715,0.10207,0.98816,0.94582,0.10628,0.20262,0.10537,0.98816,-0.030547,0.041368,0.52255,0.063198,0.029686,0.033513,0.031762,0.0012375,0.41316,0,0.08632,0.10861,0.073834,0.031324,0.32466,0.99892,0.61943,0.14862,0.23195,0.98283,0.03537,0.0016809,0.36186,1.2557
heurísticas,60,1.8032,1.0342,0.31226,0.36167,0.095085,3.6209,0.9574,0.10129,0.9655,0.92437,0.10959,0.20715,0.10874,0.96548,-0.030971,0.040321,0.51264,0.060504,0.028047,0.03135,0.031563,0.0005625,0.45855,0,0.086706,0.11108,0.076683,0.030667,0.31887,0.99945,0.6189,0.14459,0.23651,0.98152,0.03537,0.0016809,0.36186,1.2768
heurísticas,61,1.803,1.0251,0.29729,0.36005,0.12048,3.6143,0.95841,0.10091,0.94373,0.90449,0.11396,0.20903,0.11013,0.95172,-0.027555,0.039027,0.50167,0.0597,0.027748,0.032613,0.031438,0.0006625,0.46636,0,0.095279,0.11164,0.077972,0.028148,0.34841,0.995,0.61968,0.14443,0.23589,0.98307,0.03537,0.0016809,0.36186,1.2978
heurísticas,62,1.8051,1.0294,0.30317,0.36144,0.11108,3.6016,0.95677,0.099913,0.95542,0.91413,0.11039,0.20916,0.11022,0.95509,-0.027229,0.040141,0.50641,0.059649,0.0273,0.03205,0.031162,0.000675,0.41989,0,0.092191,0.10932,0.083029,0.027175,0.37701,0.99883,0.62739,0.13975,0.23287,0.97985,0.03537,0.0016809,0.36186,1.3189
heurísticas,63,1.796,1.0303,0.30839,0.36159,0.095719,3.5994,0.95842,0.10044,0.95967,0.91977,0.1047,0.20716,0.10874,0.95593,-0.03413,0.039689,0.51212,0.056146,0.022956,0.032863,0.031738,0.0009875,0.4597,0,0.087311,0.10645,0.078784,0.026473,0.37379,0.99923,0.63212,0.14799,0.21988,0.97775,0.03537,0.0016809,0.36186,1.3399
heurísticas,64,1.8143,1.03,0.30833,0.36096,0.11504,3.6005,0.95907,0.098913,0.95873,0.91949,0.10729,0.20687,0.10853,0.9567,-0.031778,0.039401,0.50679,0.056135,0.02403,0.032863,0.031012,0.001025,0.4134,0,0.098306,0.10738,0.07506,0.027455,0.36879,0.99751,0.62511,0.14776,0.22713,0.98086,0.03537,0.0016809,0.36186,1.361
heurísticas,65,1.8323,1.0384,0.32159,0.3616,0.11069,3.6074,0.96011,0.098475,0.97977,0.94069,0.10928,0.20625,0.10807,0.96418,-0.025172,0.039856,0.51341,0.05716,0.025952,0.031563,0.031762,0.0009,0.37614,0,0.093181,0.10329,0.072714,0.031238,0.38384,0.99926,0.62759,0.14028,0.23214,0.98153,0.03537,0.0016809,0.36186,1.3821
heurísticas,66,1.8192,1.0547,0.32725,0.36108,0.076094,3.6241,0.95587,0.10206,0.98751,0.94393,0.10562,0.2038,0.10625,0.98647,-0.028119,0.041846,0.51889,0.058691,0.025357,0.033263,0.032512,0.001075,0.36261,0,0.086577,0.10416,0.073638,0.03439,0.36852,0.99783,0.63923,0.13375,0.22702,0.97695,0.03537,0.0016809,0.36186,1.4031
heurísticas,67,1.8308,1.0533,0.31879,0.36153,0.097125,3.6409,0.95429,0.10105,0.98499,0.93996,0.11106,0.20634,0.10813,0.98497,-0.027118,0.042364,0.51343,0.059134,0.024752,0.033937,0.032512,0.00065,0.38036,0,0.093233,0.10777,0.075331,0.031322,0.36129,0.99908,0.63782,0.1402,0.22198,0.97411,0.03537,0.0016809,0.36186,1.4242
heurísticas,68,1.8373,1.0479,0.30471,0.36077,0.12391,3.6422,0.95285,0.10066,0.97497,0.92899,0.10904,0.21095,0.11155,0.97494,-0.02402,0.042494,0.50562,0.060516,0.027908,0.032438,0.031813,0.00085,0.46314,0,0.094836,0.11245,0.079058,0.035296,0.38364,0.99697,0.62536,0.1534,0.22124,0.97737,0.03537,0.0016809,0.36186,1.4452
heurísticas,69,1.8125,1.0418,0.31141,0.36111,0.098208,3.6389,0.95191,0.10162,0.9669,0.9204,0.10601,0.20621,0.10803,0.9657,-0.032605,0.042505,0.50781,0.063847,0.028495,0.033388,0.032412,0.000875,0.43788,0,0.095339,0.11308,0.077113,0.038978,0.38508,0.99791,0.62497,0.1461,0.22892,0.97753,0.03537,0.0016809,0.36186,1.4663
heurísticas,70,1.8179,1.0384,0.30914,0.36159,0.10873,3.6393,0.9568,0.09995,0.96043,0.91893,0.10738,0.20669,0.10839,0.96207,-0.030354,0.040347,0.5055,0.061105,0.026361,0.033537,0.0322,0.0008,0.47712,0,0.094916,0.11411,0.077462,0.038578,0.38255,0.99925,0.63177,0.14022,0.22801,0.98108,0.03537,0.0016809,0.36186,1.4874
heurísticas,71,1.7873,1.0309,0.30578,0.36154,0.089038,3.6368,0.95712,0.099175,0.9428,0.90238,0.10572,0.20469,0.10691,0.95434,-0.038593,0.039478,0.50489,0.06037,0.028202,0.0316,0.031875,0.0005625,0.45486,0,0.092509,0.11465,0.072469,0.038228,0.36563,0.9991,0.63354,0.14368,0.22278,0.97923,0.03537,0.0016809,0.36186,1.5084
heurísticas,72,1.8042,1.0146,0.28355,0.36174,0.14433,3.629,0.95407,0.10179,0.93121,0.88846,0.11164,0.21126,0.11178,0.93323,-0.032625,0.040122,0.49244,0.056651,0.023534,0.03275,0.032087,0.0010125,0.38377,0,0.094584,0.115,0.073191,0.031349,0.38423,0.99965,0.63699,0.14356,0.21945,0.97208,0.03537,0.0016809,0.36186,1.5295
heurísticas,73,1.7594,0.99922,0.28324,0.36151,0.11545,3.6052,0.95016,0.1041,0.91369,0.86816,0.10845,0.20764,0.1091,0.9137,-0.041359,0.040803,0.49345,0.060315,0.026514,0.03315,0.032625,0.0007125,0.49141,0,0.096919,0.11403,0.072373,0.034322,0.40281,0.99901,0.63232,0.14523,0.22246,0.97227,0.03537,0.0016809,0.36186,1.5505
heurísticas,74,1.7541,0.99938,0.29398,0.3616,0.099177,3.5881,0.95453,0.099962,0.91606,0.87442,0.1055,0.20323,0.10582,0.91606,-0.043679,0.039308,0.49851,0.055254,0.022472,0.0328,0.0308,0.0012875,0.42802,0,0.098856,0.11004,0.073947,0.036425,0.40078,0.99926,0.61596,0.14757,0.23647,0.97239,0.03537,0.0016809,0.36186,1.5716
heurísticas,75,1.777,1.0096,0.29608,0.36155,0.10977,3.5813,0.95634,0.099612,0.93193,0.89125,0.10784,0.20611,0.10796,0.93193,-0.037587,0.039313,0.50155,0.053218,0.020038,0.033287,0.031938,0.0006625,0.4301,0,0.098456,0.11049,0.076384,0.036472,0.39795,0.99914,0.63451,0.134,0.23149,0.97388,0.03537,0.0016809,0.36186,1.5927
heurísticas,76,1.7696,1.0101,0.30452,0.36175,0.093226,3.5741,0.95561,0.098187,0.93298,0.89156,0.10421,0.20357,0.10608,0.93302,-0.040246,0.039634,0.50383,0.059158,0.025768,0.032712,0.032363,0.0006375,0.47109,0,0.1018,0.11218,0.076553,0.03241,0.39452,0.99969,0.64186,0.13801,0.22013,0.97742,0.03537,0.0016809,0.36186,1.6137
heurísticas,77,1.7788,1.0209,0.31008,0.3614,0.086449,3.5797,0.95305,0.099663,0.94805,0.90353,0.10859,0.20382,0.10627,0.94752,-0.038685,0.041246,0.50797,0.060382,0.026414,0.03325,0.032337,0.0011375,0.38312,0,0.093934,0.10739,0.078243,0.032331,0.37064,0.99872,0.64895,0.14734,0.2037,0.97583,0.03537,0.0016809,0.36186,1.6348
heurísticas,78,1.7988,1.0173,0.30096,0.36057,0.11998,3.5756,0.95395,0.1012,0.94238,0.89898,0.11027,0.20715,0.10873,0.94631,-0.034526,0.040659,0.49976,0.062166,0.029197,0.033625,0.033175,0.0005875,0.43752,0,0.10786,0.11625,0.082059,0.032678,0.38398,0.99642,0.65203,0.1444,0.20357,0.97935,0.03537,0.0016809,0.36186,1.6558
heurísticas,79,1.7895,1.019,0.30876,0.36046,0.10122,3.5699,0.95489,0.099025,0.94809,0.90532,0.10538,0.20506,0.10719,0.94849,-0.03756,0.040547,0.50591,0.06351,0.029842,0.03245,0.031813,0.00075,0.3471,0,0.10338,0.11557,0.08622,0.031741,0.38075,0.99613,0.63254,0.15704,0.21042,0.98133,0.03537,0.0016809,0.36186,1.6769
heurísticas,80,1.7902,1.022,0.31718,0.36129,0.089712,3.5764,0.96007,0.098587,0.95873,0.92045,0.10619,0.20469,0.10691,0.9525,-0.034756,0.039016,0.51418,0.061966,0.02917,0.033337,0.031825,0.001025,0.3931,0,0.086359,0.10961,0.080491,0.030619,0.36661,0.99841,0.6363,0.13763,0.22606,0.98591,0.03537,0.0016809,0.36186,1.698
heurísticas,81,1.7494,1.0155,0.30288,0.36032,0.070655,3.5863,0.95442,0.10013,0.9329,0.89038,0.10342,0.20449,0.10676,0.94531,-0.043763,0.04007,0.50895,0.064408,0.031319,0.032738,0.032225,0.0005875,0.52794,0,0.084355,0.11306,0.077708,0.031626,0.34108,0.99573,0.64857,0.13954,0.21189,0.98067,0.03537,0.0016809,0.36186,1.719
heurísticas,82,1.739,0.99248,0.27918,0.3618,0.10559,3.578,0.95706,0.098138,0.90044,0.86177,0.11154,0.2089,0.11003,0.92108,-0.042991,0.03773,0.49556,0.061945,0.027198,0.033,0.031313,0.0011375,0.45951,0,0.084496,0.11002,0.080405,0.034747,0.33024,0.99983,0.6409,0.14122,0.21788,0.97935,0.03537,0.0016809,0.36186,1.7401
heurísticas,83,1.7572,0.9706,0.25807,0.36133,0.16724,3.5433,0.95606,0.09975,0.88985,0.85073,0.11592,0.21658,0.11572,0.88985,-0.037896,0.037645,0.48413,0.054134,0.021904,0.032037,0.031912,0.001125,0.42912,0,0.090225,0.10696,0.084113,0.034756,0.39215,0.99851,0.64103,0.14565,0.21332,0.97267,0.03537,0.0016809,0.36186,1.7611
heurísticas,84,1.7467,0.9808,0.2805,0.35855,0.12684,3.5059,0.95815,0.0978,0.8994,0.86177,0.10542,0.20786,0.10925,0.8994,-0.040064,0.037289,0.49345,0.057015,0.023475,0.032837,0.031262,0.000725,0.48815,0,0.11056,0.11354,0.079991,0.036692,0.42806,0.99084,0.63301,0.14509,0.22189,0.98002,0.03537,0.0016809,0.36186,1.7822
heurísticas,85,1.7407,1.0086,0.32898,0.35981,0.043269,3.5003,0.95775,0.10003,0.9291,0.88984,0.09805,0.19478,0.099561,0.92809,-0.050641,0.038674,0.51124,0.062774,0.031337,0.03125,0.031287,0.000725,0.47236,0,0.12009,0.11583,0.083487,0.037796,0.3834,0.99433,0.63285,0.1437,0.22345,0.986,0.03537,0.0016809,0.36186,1.8032
heurísticas,86,1.7201,0.99851,0.31177,0.36035,0.049432,3.5268,0.95247,0.10113,0.94323,0.89844,0.10131,0.20441,0.1067,0.93915,-0.050098,0.041236,0.52226,0.068884,0.035758,0.033087,0.032537,0.0005625,0.53111,0,0.069953,0.11607,0.086226,0.041263,0.30919,0.99582,0.62679,0.15045,0.22276,0.98499,0.03537,0.0016809,0.36186,1.8243
heurísticas,87,1.6971,0.98866,0.28521,0.36186,0.061363,3.5235,0.95146,0.1017,0.8915,0.84824,0.11164,0.20495,0.1071,0.93491,-0.051343,0.039348,0.49981,0.066119,0.031266,0.032462,0.032725,0.0005625,0.47678,0,0.078404,0.10623,0.079602,0.03593,0.29019,0.99998,0.61904,0.14856,0.2324,0.97784,0.03537,0.0016809,0.36186,1.8454
heurísticas,88,1.7036,0.94376,0.25234,0.36176,0.14571,3.5008,0.95543,0.10057,0.86579,0.82719,0.11747,0.21448,0.11416,0.8753,-0.048896,0.036845,0.48558,0.054023,0.020407,0.033212,0.031313,0.0007,0.42984,1.25e-05,0.081358,0.10268,0.076508,0.033962,0.31762,0.99972,0.63154,0.13878,0.22968,0.9699,0.03537,0.0016809,0.36186,1.8664
heurísticas,89,1.709,0.92903,0.24003,0.3617,0.17824,3.449,0.95575,0.10066,0.85033,0.8127,0.11501,0.21874,0.11733,0.85033,-0.0473,0.036074,0.47555,0.053626,0.020826,0.032813,0.03185,0.001325,0.40401,0,0.10135,0.10556,0.077486,0.03401,0.40091,0.99954,0.6354,0.14319,0.2214,0.97296,0.03537,0.0016809,0.36186,1.8875
heurísticas,90,1.7049,0.94719,0.26917,0.3615,0.12708,3.409,0.95807,0.09925,0.87435,0.83768,0.10914,0.21043,0.11116,0.87435,-0.048466,0.036285,0.49131,0.055383,0.022924,0.033363,0.031313,0.00115,0.41597,0,0.10358,0.1014,0.079113,0.037983,0.43827,0.99899,0.63677,0.13993,0.22329,0.97864,0.03537,0.0016809,0.36186,1.9085
heurísticas,91,1.7087,0.97562,0.31028,0.36023,0.062526,3.4039,0.95588,0.10037,0.91241,0.87216,0.10326,0.19989,0.10335,0.91235,-0.051926,0.038661,0.51043,0.06219,0.029659,0.032675,0.03185,0.0012,0.50046,0,0.11035,0.10285,0.073311,0.038346,0.4124,0.99549,0.64721,0.13909,0.2137,0.98275,0.03537,0.0016809,0.36186,1.9296
heurísticas,92,1.7269,0.97928,0.31544,0.36178,0.070361,3.43,0.9587,0.098037,0.95005,0.91081,0.10372,0.2062,0.10802,0.91993,-0.045234,0.039184,0.52744,0.06291,0.029498,0.0324,0.03185,0.0007875,0.39682,0,0.071026,0.096758,0.072125,0.033388,0.37431,0.99976,0.63955,0.15852,0.20193,0.98397,0.03537,0.0016809,0.36186,1.9507
heurísticas,93,1.7239,0.98559,0.3144,0.3617,0.062219,3.4536,0.9596,0.0968,0.93485,0.89707,0.10245,0.20272,0.10545,0.92646,-0.046482,0.038226,0.52037,0.061556,0.027828,0.0328,0.031288,0.000675,0.45858,0,0.089786,0.10685,0.073416,0.034477,0.34403,0.99953,0.63436,0.15651,0.20914,0.98429,0.03537,0.0016809,0.36186,1.9717
heurísticas,94,1.7243,0.97904,0.30444,0.36174,0.07905,3.469,0.96025,0.09875,0.92226,0.8856,0.10806,0.20478,0.10698,0.92174,-0.046161,0.037466,0.51362,0.062529,0.028221,0.033412,0.0326,0.001,0.47486,0,0.085044,0.10639,0.080998,0.036475,0.32243,0.99966,0.66029,0.12736,0.21235,0.98478,0.03537,0.0016809,0.36186,1.9928
heurísticas,95,1.7257,0.97644,0.29393,0.36173,0.093646,3.4732,0.95497,0.099038,0.91317,0.87205,0.10921,0.20627,0.10808,0.91906,-0.046606,0.039025,0.50532,0.059243,0.027068,0.032762,0.032337,0.0007375,0.43893,0,0.094745,0.11264,0.082489,0.035781,0.32346,0.99962,0.63946,0.15366,0.20688,0.97777,0.03537,0.0016809,0.36186,2.0138
heurísticas,96,1.7344,0.97081,0.286,0.36164,0.11593,3.4683,0.95409,0.0999,0.90637,0.86476,0.11349,0.20859,0.1098,0.91298,-0.04621,0.039052,0.49863,0.062351,0.028654,0.031925,0.0316,0.0007,0.49698,0,0.10107,0.11477,0.079396,0.031903,0.33075,0.99939,0.6245,0.1499,0.2256,0.97896,0.03537,0.0016809,0.36186,2.0349
heurísticas,97,1.7546,0.97246,0.27436,0.36179,0.14602,3.455,0.95367,0.099788,0.90959,0.86745,0.11643,0.21568,0.11505,0.91144,-0.038316,0.039345,0.4944,0.062299,0.028807,0.032662,0.032025,0.00065,0.41364,0,0.093998,0.11201,0.078052,0.035089,0.37499,0.9998,0.62634,0.14542,0.22824,0.97684,0.03537,0.0016809,0.36186,2.056
heurísticas,98,1.7517,0.9759,0.27883,0.36184,0.13516,3.4376,0.95755,0.097875,0.91013,0.87148,0.11114,0.2129,0.11299,0.9115,-0.038707,0.037959,0.49752,0.053385,0.021676,0.031962,0.03125,0.000675,0.42511,0,0.10172,0.11076,0.076362,0.032953,0.41617,0.99993,0.63131,0.14169,0.227,0.97467,0.03537,0.0016809,0.36186,2.077
heurísticas,99,1.7513,0.98434,0.29744,0.36179,0.10777,3.4317,0.95381,0.10225,0.92953,0.88659,0.10646,0.20786,0.10926,0.92162,-0.041869,0.040158,0.50626,0.058479,0.025142,0.0333,0.033,0.0009875,0.34745,0,0.098773,0.10618,0.081919,0.03943,0.42525,0.99978,0.64797,0.13391,0.21812,0.97347,0.03537,0.0016809,0.36186,2.0981
heurísticas,100,1.7354,0.98448,0.30516,0.36174,0.083991,3.4407,0.95435,0.098475,0.93184,0.88931,0.10468,0.20503,0.10716,0.92359,-0.052666,0.040053,0.5125,0.06003,0.025909,0.033225,0.030475,0.0011375,0.41389,0,0.096139,0.1088,0.07487,0.038812,0.3894,0.99965,0.62361,0.1534,0.22299,0.97668,0.03537,0.0016809,0.36186,2.1191
heurísticas,101,1.7518,0.98951,0.30454,0.36157,0.096216,3.4493,0.95334,0.10107,0.93895,0.89515,0.10865,0.20637,0.10816,0.9309,-0.042325,0.040734,0.51097,0.060232,0.025266,0.0336,0.033938,0.0008375,0.42614,0,0.093769,0.10462,0.073234,0.038378,0.3901,0.99919,0.64297,0.13667,0.22035,0.97302,0.03537,0.0016809,0.36186,2.1402
heurísticas,102,1.7727,1.0056,0.31081,0.36144,0.09487,3.464,0.95616,0.099775,0.95317,0.9114,0.10823,0.2058,0.10773,0.95196,-0.038951,0.040278,0.51412,0.053681,0.020715,0.033263,0.031875,0.001,0.33129,0,0.094593,0.10068,0.077659,0.039876,0.37469,0.99882,0.64215,0.13957,0.21828,0.97302,0.03537,0.0016809,0.36186,2.1613
heurísticas,103,1.7817,1.0179,0.31658,0.36167,0.08553,3.4822,0.95189,0.10214,0.96781,0.92124,0.10862,0.2067,0.1084,0.9678,-0.036669,0.042553,0.51706,0.060566,0.027632,0.032938,0.032938,0.00095,0.43165,0,0.096316,0.10655,0.077722,0.041941,0.36527,0.99947,0.63749,0.14455,0.21796,0.97493,0.03537,0.0016809,0.36186,2.1823
heurísticas,104,1.8118,1.0295,0.30764,0.36184,0.11277,3.4987,0.95423,0.1003,0.97922,0.93439,0.11134,0.21305,0.1131,0.97922,-0.027091,0.042141,0.51574,0.058945,0.025755,0.033037,0.031338,0.00115,0.34735,0,0.088295,0.1086,0.082055,0.040316,0.37808,0.99993,0.62882,0.15082,0.22035,0.97509,0.03537,0.0016809,0.36186,2.2034
heurísticas,105,1.8328,1.0432,0.32191,0.36168,0.10604,3.5111,0.95517,0.099425,0.99325,0.94873,0.11098,0.20947,0.11045,0.99325,-0.026095,0.042363,0.51764,0.060667,0.026796,0.032837,0.031525,0.00105,0.38789,0,0.10329,0.11087,0.081142,0.041304,0.38933,0.99949,0.62811,0.1468,0.22509,0.97826,0.03537,0.0016809,0.36186,2.2244
heurísticas,106,1.8343,1.0542,0.33888,0.36156,0.079652,3.5343,0.95615,0.099538,1.0047,0.96067,0.10471,0.20452,0.10678,1.0047,-0.027388,0.042466,0.52373,0.060164,0.028051,0.03225,0.031587,0.00075,0.40953,0,0.096365,0.10637,0.083568,0.042046,0.37389,0.99915,0.63117,0.13851,0.23032,0.97903,0.03537,0.0016809,0.36186,2.2455
heurísticas,107,1.8417,1.0611,0.33776,0.36091,0.082002,3.574,0.95885,0.098062,1.0107,0.96911,0.10825,0.20572,0.10767,1.0107,-0.022589,0.041621,0.52622,0.059168,0.027558,0.031625,0.030913,0.000775,0.4275,0,0.089323,0.10906,0.081066,0.044455,0.34546,0.99736,0.62659,0.14301,0.23041,0.9816,0.03537,0.0016809,0.36186,2.2666
heurísticas,108,1.8449,1.0549,0.32489,0.3611,0.10402,3.599,0.95656,0.0992,1.0001,0.9567,0.11133,0.20847,0.10971,1.0001,-0.022414,0.042108,0.51855,0.060005,0.026174,0.032837,0.031413,0.0008125,0.40646,0,0.08964,0.11302,0.079394,0.043353,0.3524,0.99787,0.63537,0.14419,0.22044,0.98053,0.03537,0.0016809,0.36186,2.2876
heurísticas,109,1.8217,1.0406,0.32289,0.36158,0.096611,3.6099,0.95822,0.098575,0.97734,0.93651,0.10675,0.20522,0.1073,0.97734,-0.029105,0.040493,0.51409,0.060309,0.027858,0.03205,0.03225,0.000575,0.42735,0,0.094161,0.11455,0.082873,0.042538,0.35388,0.99923,0.6388,0.139,0.2222,0.98222,0.03537,0.0016809,0.36186,2.3087
heurísticas,110,1.8206,1.036,0.31606,0.36158,0.10693,3.6183,0.95665,0.09975,0.97147,0.92936,0.11003,0.20635,0.10814,0.97145,-0.029481,0.040862,0.51048,0.061494,0.027304,0.033513,0.032375,0.0005875,0.38275,0,0.095598,0.11281,0.085551,0.042604,0.35808,0.99921,0.63351,0.14518,0.2213,0.97885,0.03537,0.0016809,0.36186,2.3297
heurísticas,111,1.8286,1.0298,0.29646,0.36086,0.14143,3.6161,0.95624,0.10045,0.95941,0.91744,0.11084,0.21162,0.11204,0.95934,-0.025316,0.040508,0.50172,0.056812,0.024169,0.032063,0.031837,0.0008375,0.37795,0,0.097951,0.1089,0.082824,0.041922,0.39216,0.99722,0.63265,0.14584,0.22151,0.97659,0.03537,0.0016809,0.36186,2.3508
heurísticas,112,1.8124,1.0322,0.30843,0.36172,0.11004,3.6088,0.95757,0.10026,0.96435,0.92343,0.10865,0.20744,0.10895,0.96004,-0.027888,0.040209,0.5095,0.056198,0.022549,0.03295,0.031725,0.00085,0.25074,0,0.09106,0.10217,0.078391,0.038408,0.41317,0.99959,0.63958,0.14594,0.21448,0.975,0.03537,0.0016809,0.36186,2.3719
heurísticas,113,1.7982,1.0379,0.32351,0.35831,0.078479,3.6133,0.95762,0.10063,0.96897,0.92791,0.09985,0.20145,0.10451,0.96405,-0.033495,0.04038,0.51603,0.061298,0.027944,0.032712,0.031762,0.0011125,0.39536,0,0.10059,0.11143,0.073096,0.040551,0.3942,0.99017,0.63662,0.14201,0.22137,0.98439,0.03537,0.0016809,0.36186,2.3929
heurísticas,114,1.7886,1.041,0.33524,0.36142,0.050921,3.6367,0.95689,0.1016,0.97474,0.93272,0.10328,0.20013,0.10353,0.97217,-0.034397,0.040906,0.52149,0.067183,0.035756,0.031625,0.031325,0.000925,0.47411,0,0.086409,0.11081,0.077751,0.040839,0.34524,0.99877,0.62277,0.15636,0.22087,0.98825,0.03537,0.0016809,0.36186,2.414
heurísticas,115,1.7911,1.0269,0.32075,0.36122,0.082224,3.6538,0.95834,0.099425,0.95451,0.91474,0.10602,0.20129,0.10439,0.95675,-0.037079,0.039506,0.51073,0.065448,0.031372,0.033263,0.031587,0.000475,0.46459,0,0.094061,0.11596,0.085327,0.039688,0.31924,0.99821,0.62772,0.14384,0.22844,0.98699,0.03537,0.0016809,0.36186,2.435
heurísticas,116,1.7848,1.02,0.2956,0.36058,0.1086,3.6498,0.95516,0.10011,0.93069,0.88898,0.11101,0.20664,0.10836,0.95102,-0.033732,0.039694,0.49811,0.06347,0.031256,0.031988,0.03185,0.000775,0.47737,0,0.097496,0.12374,0.086669,0.034889,0.33726,0.99644,0.62949,0.1503,0.22021,0.98187,0.03537,0.0016809,0.36186,2.4561
heurísticas,117,1.7972,0.99688,0.27703,0.36082,0.16249,3.6243,0.95289,0.099387,0.91648,0.87331,0.11455,0.21313,0.11317,0.91879,-0.033703,0.039925,0.48592,0.06556,0.03256,0.031975,0.031675,0.0003875,0.39505,0,0.10494,0.1251,0.083477,0.038371,0.3814,0.99711,0.62908,0.14074,0.23018,0.98213,0.03537,0.0016809,0.36186,2.4772
heurísticas,118,1.8034,0.99291,0.26669,0.36092,0.18286,3.5845,0.95321,0.10115,0.90896,0.86642,0.11392,0.21649,0.11566,0.90896,-0.031123,0.039489,0.48044,0.062974,0.028839,0.0324,0.031387,0.0007625,0.388,0,0.11236,0.12305,0.083056,0.041834,0.45816,0.99739,0.63203,0.14684,0.22112,0.97867,0.03537,0.0016809,0.36186,2.4982
heurísticas,119,1.7648,1.0063,0.30636,0.36133,0.090835,3.5547,0.95819,0.099175,0.91947,0.88103,0.10161,0.20136,0.10444,0.91947,-0.040889,0.03811,0.49927,0.061528,0.028893,0.032775,0.0319,0.0006875,0.46129,0,0.11194,0.11454,0.080217,0.043996,0.4712,0.99852,0.6298,0.14445,0.22575,0.98251,0.03537,0.0016809,0.36186,2.5193
heurísticas,120,1.7542,1.0223,0.32238,0.35759,0.051882,3.5727,0.95879,0.098675,0.94628,0.90729,0.097606,0.19853,0.10235,0.94918,-0.04274,0.038993,0.51721,0.065475,0.031419,0.032962,0.031887,0.0009125,0.44,0,0.093917,0.11901,0.077381,0.038377,0.40011,0.98819,0.63235,0.14125,0.2264,0.98692,0.03537,0.0016809,0.36186,2.5403
heurísticas,121,1.7359,1.004,0.29753,0.36017,0.074155,3.5735,0.95597,0.097763,0.91064,0.87056,0.10296,0.20399,0.10639,0.93884,-0.049347,0.038548,0.50151,0.072382,0.038832,0.032875,0.032363,0.0004625,0.50357,1.25e-05,0.093168,0.12264,0.080157,0.040504,0.35295,0.99532,0.64569,0.12928,0.22503,0.98944,0.03537,0.0016809,0.36186,2.5614
heurísticas,122,1.7637,0.97851,0.2826,0.36185,0.1407,3.5644,0.9605,0.096263,0.90521,0.86946,0.11614,0.20968,0.11061,0.90668,-0.039837,0.036681,0.49304,0.059732,0.026625,0.032837,0.032125,0.0004875,0.44004,0,0.087808,0.10637,0.081505,0.045319,0.36238,0.99997,0.63561,0.13999,0.2244,0.98118,0.03537,0.0016809,0.36186,2.5825
heurísticas,123,1.7842,0.97158,0.25398,0.36171,0.19697,3.5346,0.95653,0.098437,0.89157,0.8528,0.11614,0.21892,0.11745,0.89157,-0.033731,0.03755,0.47796,0.050427,0.018379,0.032787,0.032512,0.000825,0.47488,0,0.10633,0.11158,0.076786,0.0389,0.44701,0.99957,0.64783,0.13028,0.22188,0.96939,0.03537,0.0016809,0.36186,2.6035
heurísticas,124,1.7673,0.9859,0.28419,0.36125,0.13599,3.4965,0.95734,0.098875,0.90692,0.86823,0.10613,0.20828,0.10957,0.90692,-0.039397,0.0379,0.49132,0.053982,0.022229,0.0328,0.031512,0.001075,0.36628,0,0.11676,0.10953,0.07336,0.035227,0.4905,0.99829,0.63723,0.14815,0.21462,0.97473,0.03537,0.0016809,0.36186,2.6246
heurísticas,125,1.725,1.0072,0.32464,0.36144,0.031642,3.5056,0.95607,0.098638,0.94292,0.9015,0.09305,0.19837,0.10223,0.93601,-0.05333,0.039881,0.52263,0.059314,0.027902,0.030838,0.030138,0.0012375,0.50061,0,0.087176,0.10514,0.070179,0.037621,0.40979,0.99884,0.62126,0.14781,0.23093,0.97981,0.03537,0.0016809,0.36186,2.6456
heurísticas,126,1.7481,0.99651,0.30545,0.36142,0.084773,3.5254,0.95809,0.098888,0.93678,0.89752,0.10349,0.20482,0.10701,0.93572,-0.044373,0.038868,0.51341,0.058117,0.02515,0.032575,0.031,0.0008875,0.39789,0,0.074086,0.097622,0.071049,0.042565,0.37394,0.99876,0.61434,0.14891,0.23675,0.97717,0.03537,0.0016809,0.36186,2.6667
heurísticas,127,1.7757,0.99416,0.29774,0.36168,0.1221,3.5262,0.96013,0.09795,0.92213,0.88536,0.11192,0.20513,0.10724,0.9343,-0.038464,0.037503,0.4986,0.055267,0.022843,0.032387,0.031175,0.0007125,0.46896,0,0.11146,0.10782,0.071483,0.04137,0.3738,0.99949,0.62117,0.14041,0.23841,0.97715,0.03537,0.0016809,0.36186,2.6878
heurísticas,128,1.7638,0.99937,0.30891,0.36166,0.093841,3.5302,0.96032,0.098213,0.94854,0.91092,0.10274,0.20518,0.10727,0.93594,-0.037907,0.038502,0.51648,0.053078,0.020914,0.0321,0.032313,0.0009,0.2826,0,0.087253,0.10639,0.071578,0.042193,0.38119,0.99944,0.63325,0.13568,0.23107,0.9755,0.03537,0.0016809,0.36186,2.7088
heurísticas,129,1.7257,0.99369,0.29548,0.36174,0.074746,3.5334,0.95702,0.10011,0.92145,0.88185,0.10323,0.20437,0.10667,0.9349,-0.050587,0.038624,0.51105,0.052585,0.019384,0.032837,0.031863,0.0006875,0.46039,0,0.075271,0.092988,0.076123,0.043958,0.35035,0.99966,0.64446,0.14536,0.21018,0.96905,0.03537,0.0016809,0.36186,2.7299
heurísticas,130,1.7135,0.98165,0.29136,0.36133,0.079159,3.5258,0.95096,0.10547,0.90953,0.86492,0.10564,0.20421,0.10655,0.92511,-0.052881,0.040332,0.50478,0.059409,0.026498,0.032863,0.033638,0.000925,0.50494,0,0.085156,0.097276,0.076162,0.041358,0.32474,0.99852,0.63628,0.15349,0.21024,0.97178,0.03537,0.0016809,0.36186,2.7509
heurísticas,131,1.7619,0.97801,0.27136,0.36186,0.15062,3.5146,0.9499,0.10511,0.91865,0.87264,0.11663,0.215,0.11455,0.91975,-0.037921,0.041119,0.49536,0.052282,0.019372,0.033025,0.031775,0.0009375,0.37825,0,0.085555,0.088272,0.081069,0.041842,0.36081,1,0.61949,0.15967,0.22085,0.96048,0.03537,0.0016809,0.36186,2.772
heurísticas,132,1.7522,0.98032,0.28012,0.36184,0.12991,3.4905,0.95517,0.10112,0.91531,0.87428,0.11089,0.21005,0.11088,0.91738,-0.040389,0.03904,0.49896,0.049257,0.014633,0.033837,0.0315,0.001075,0.40261,0,0.097163,0.098498,0.079142,0.04521,0.40474,0.99992,0.62748,0.14842,0.2241,0.96662,0.03537,0.0016809,0.36186,2.7931
heurísticas,133,1.7398,0.98799,0.29759,0.36179,0.092421,3.4823,0.95552,0.10166,0.92654,0.88532,0.10608,0.20566,0.10763,0.9265,-0.042705,0.039397,0.50888,0.053614,0.021605,0.031663,0.031037,0.0016125,0.42081,0,0.093911,0.099102,0.073445,0.046123,0.41226,0.9998,0.62335,0.15288,0.22377,0.97243,0.03537,0.0016809,0.36186,2.8141
heurísticas,134,1.7253,0.98959,0.3072,0.36161,0.066923,3.4901,0.95151,0.10198,0.93597,0.89058,0.10069,0.20358,0.10609,0.93164,-0.051916,0.041294,0.51619,0.061433,0.027493,0.032725,0.031363,0.0010375,0.48634,0,0.085301,0.10129,0.0756,0.045321,0.37608,0.99929,0.62098,0.14234,0.23668,0.97287,0.03537,0.0016809,0.36186,2.8352
heurísticas,135,1.7458,0.99061,0.31023,0.36042,0.08451,3.499,0.95482,0.10169,0.94323,0.90062,0.10447,0.20362,0.10612,0.93575,-0.043702,0.040364,0.5159,0.060594,0.0263,0.03315,0.031787,0.0010125,0.39846,0,0.089725,0.1026,0.073123,0.044691,0.35557,0.996,0.61742,0.1489,0.23368,0.97875,0.03537,0.0016809,0.36186,2.8562
heurísticas,136,1.7393,0.98922,0.30969,0.36148,0.078919,3.5076,0.95801,0.098875,0.93372,0.89452,0.10609,0.20397,0.10637,0.93306,-0.042385,0.038763,0.51429,0.061941,0.030916,0.032,0.031025,0.00045,0.42815,0,0.085462,0.10592,0.079546,0.045429,0.34952,0.99894,0.61656,0.14107,0.24237,0.98465,0.03537,0.0016809,0.36186,2.8773
heurísticas,137,1.735,0.98658,0.30222,0.36053,0.085649,3.5088,0.95518,0.0994,0.92579,0.8843,0.10517,0.20487,0.10704,0.92979,-0.043549,0.039486,0.5097,0.063852,0.031081,0.032762,0.032262,0.0004375,0.47954,0,0.093276,0.11264,0.082564,0.045993,0.3458,0.99632,0.63004,0.14781,0.22215,0.98454,0.03537,0.0016809,0.36186,2.8984
heurísticas,138,1.7331,0.98076,0.30216,0.36045,0.089745,3.5088,0.95234,0.10235,0.91833,0.87457,0.1089,0.20318,0.10579,0.92446,-0.050514,0.040209,0.50465,0.067085,0.033645,0.032662,0.03345,0.0003875,0.4458,0,0.094093,0.10861,0.085026,0.046246,0.32489,0.9961,0.64514,0.13862,0.21624,0.9801,0.03537,0.0016809,0.36186,2.9194
heurísticas,139,1.7657,0.98563,0.29121,0.36117,0.1277,3.5076,0.95599,0.1006,0.92895,0.88806,0.11201,0.20875,0.10992,0.92958,-0.036432,0.039322,0.50295,0.055344,0.020933,0.033925,0.032088,0.0008375,0.34684,0,0.084313,0.095009,0.084982,0.0384,0.35038,0.99808,0.62712,0.15472,0.21815,0.9714,0.03537,0.0016809,0.36186,2.9405
heurísticas,140,1.7521,0.98969,0.30098,0.36137,0.10004,3.5053,0.9586,0.099425,0.93175,0.89316,0.10742,0.20583,0.10776,0.93084,-0.038157,0.03847,0.50979,0.056557,0.022769,0.032962,0.031863,0.001175,0.45258,0,0.092898,0.10071,0.080231,0.042187,0.36627,0.99862,0.63052,0.14014,0.22933,0.97729,0.03537,0.0016809,0.36186,2.9615
heurísticas,141,1.7728,0.99481,0.30933,0.36124,0.10743,3.5131,0.96001,0.098625,0.94343,0.90571,0.11083,0.20537,0.10741,0.93616,-0.036777,0.038413,0.51089,0.059162,0.025897,0.032775,0.0315,0.000875,0.48685,0,0.098549,0.10139,0.074935,0.043105,0.369,0.99826,0.64444,0.13516,0.2204,0.9848,0.03537,0.0016809,0.36186,2.9826
heurísticas,142,1.794,1.0169,0.32453,0.36171,0.090859,3.5305,0.96093,0.098988,0.96851,0.93068,0.10381,0.2057,0.10765,0.96081,-0.03153,0.039079,0.51877,0.066136,0.033927,0.032337,0.032075,0.0009125,0.40358,0,0.086565,0.10222,0.073813,0.041118,0.36077,0.99958,0.63974,0.14366,0.21659,0.99074,0.03537,0.0016809,0.36186,3.0037
heurísticas,143,1.7958,1.0339,0.33699,0.36184,0.063045,3.5624,0.9594,0.098513,0.98268,0.94277,0.10694,0.202,0.10491,0.98267,-0.033034,0.040259,0.52501,0.064865,0.031994,0.033537,0.032475,0.000675,0.43871,0,0.083322,0.099876,0.07169,0.037366,0.33004,0.99994,0.64209,0.14291,0.215,0.9846,0.03537,0.0016809,0.36186,3.0247
heurísticas,144,1.8281,1.0339,0.30848,0.36142,0.12433,3.5864,0.95601,0.098412,0.98082,0.93767,0.11255,0.2119,0.11226,0.98082,-0.024937,0.041509,0.51295,0.058881,0.026092,0.03205,0.031838,0.0004875,0.39844,0,0.081705,0.10051,0.078756,0.039665,0.34538,0.99877,0.64105,0.14313,0.21582,0.97829,0.03537,0.0016809,0.36186,3.0458
heurísticas,145,1.8214,1.0319,0.31331,0.35669,0.11957,3.5866,0.95765,0.098825,0.97316,0.93194,0.10807,0.20676,0.10845,0.97316,-0.024018,0.040545,0.51165,0.060328,0.02771,0.032825,0.031713,0.0005,0.46826,0,0.10009,0.10734,0.079389,0.043034,0.3722,0.9857,0.63292,0.1489,0.21817,0.98364,0.03537,0.0016809,0.36186,3.0668
heurísticas,146,1.8426,1.0507,0.3306,0.36179,0.099493,3.5971,0.95836,0.099138,0.99625,0.95475,0.10811,0.20572,0.10767,0.99625,-0.024591,0.041232,0.51814,0.058967,0.027551,0.032287,0.032012,0.0004375,0.33763,0,0.086242,0.093279,0.084369,0.046557,0.37199,0.99979,0.6345,0.14834,0.21716,0.97761,0.03537,0.0016809,0.36186,3.0879
heurísticas,147,1.8435,1.0567,0.33323,0.35949,0.094024,3.6181,0.9571,0.098987,0.9992,0.95634,0.1046,0.2027,0.10544,0.9992,-0.025714,0.041849,0.51878,0.055883,0.023414,0.032625,0.031688,0.00085,0.40545,0,0.099663,0.10211,0.081789,0.04901,0.36606,0.99344,0.6229,0.14749,0.22961,0.97795,0.03537,0.0016809,0.36186,3.109
heurísticas,148,1.8832,1.0773,0.33873,0.36028,0.10689,3.6464,0.95918,0.099263,1.0266,0.9847,0.10848,0.20716,0.10874,1.0266,-0.014786,0.042137,0.52287,0.061272,0.028876,0.031613,0.031262,0.000825,0.35072,0,0.089978,0.10457,0.082614,0.047982,0.35836,0.99562,0.63289,0.14596,0.22114,0.98308,0.03537,0.0016809,0.36186,3.13
heurísticas,149,1.8799,1.0794,0.34154,0.3618,0.097177,3.6701,0.95682,0.10143,1.0255,0.98119,0.10798,0.20588,0.10779,1.0255,-0.016463,0.043063,0.52195,0.064417,0.030491,0.032375,0.032475,0.000725,0.31901,0,0.08519,0.10454,0.081101,0.045185,0.35876,0.99982,0.63109,0.1509,0.218,0.97957,0.03537,0.0016809,0.36186,3.1511
heurísticas,150,1.8751,1.0745,0.32877,0.36186,0.11004,3.6958,0.96046,0.1001,1.0142,0.97414,0.1091,0.20694,0.10857,1.0142,-0.015849,0.04111,0.51949,0.05335,0.020756,0.032537,0.031225,0.0007875,0.3204,0,0.075257,0.09619,0.078677,0.047353,0.36592,1,0.62371,0.15461,0.22168,0.97365,0.03537,0.0016809,0.36186,3.1721
heurísticas,151,1.8559,1.0554,0.32147,0.35973,0.11934,3.706,0.95961,0.1017,0.98336,0.94364,0.10488,0.20361,0.10611,0.98336,-0.023989,0.0402,0.50846,0.056836,0.023608,0.032888,0.031587,0.0011625,0.45411,0,0.098844,0.10628,0.07283,0.048459,0.3752,0.9941,0.62985,0.14385,0.2263,0.97979,0.03537,0.0016809,0.36186,3.1932
heurísticas,152,1.8334,1.0473,0.31608,0.36099,0.10894,3.713,0.95869,0.10115,0.97309,0.9329,0.10787,0.20511,0.10722,0.97305,-0.023207,0.040138,0.5089,0.060272,0.027917,0.032625,0.032088,0.0008375,0.36402,0,0.087415,0.10668,0.075608,0.045245,0.3776,0.99758,0.63877,0.14434,0.21689,0.98139,0.03537,0.0016809,0.36186,3.2143
heurísticas,153,1.8431,1.0459,0.31672,0.36071,0.11983,3.7106,0.95613,0.099675,0.97099,0.92839,0.10738,0.204,0.1064,0.96975,-0.028453,0.041045,0.50372,0.062578,0.028622,0.033412,0.032125,0.0004375,0.46777,0,0.10099,0.10789,0.078959,0.046824,0.3889,0.9968,0.63338,0.15078,0.21584,0.97883,0.03537,0.0016809,0.36186,3.2353
heurísticas,154,1.8498,1.0503,0.31331,0.36163,0.12458,3.711,0.95256,0.1006,0.97965,0.93318,0.10848,0.2067,0.1084,0.97431,-0.022916,0.042811,0.50446,0.060105,0.026994,0.03295,0.0327,0.000875,0.39085,0,0.096875,0.10802,0.074214,0.0437,0.40902,0.99936,0.64201,0.14003,0.21796,0.97501,0.03537,0.0016809,0.36186,3.2564
heurísticas,155,1.8571,1.0659,0.32224,0.35949,0.1094,3.7133,0.95239,0.10125,0.99686,0.9494,0.10436,0.20477,0.10697,0.99136,-0.022185,0.043629,0.51125,0.057368,0.024239,0.032325,0.032188,0.0005875,0.4016,0,0.088722,0.10255,0.075916,0.044481,0.42132,0.99343,0.62286,0.15262,0.22452,0.97161,0.03537,0.0016809,0.36186,3.2774
heurísticas,156,1.8173,1.0748,0.35389,0.35984,0.028737,3.7278,0.95058,0.10345,0.99589,0.94667,0.099523,0.19238,0.097784,0.99504,-0.034247,0.04431,0.52096,0.064731,0.031297,0.032463,0.031462,0.0011375,0.45765,0,0.10225,0.10894,0.07519,0.046926,0.36215,0.99439,0.62385,0.13956,0.23659,0.97883,0.03537,0.0016809,0.36186,3.2985
heurísticas,157,1.8181,1.062,0.33359,0.36169,0.06077,3.7584,0.9501,0.10074,0.99218,0.94268,0.10356,0.2004,0.10373,0.99213,-0.030913,0.04433,0.5185,0.067362,0.033245,0.0329,0.031225,0.0007625,0.46359,0,0.077437,0.10819,0.079871,0.043983,0.31179,0.99952,0.61545,0.14493,0.23962,0.97815,0.03537,0.0016809,0.36186,3.3196
heurísticas,158,1.8293,1.045,0.31319,0.36147,0.10957,3.7627,0.95084,0.1005,0.972,0.92423,0.10966,0.20466,0.10689,0.9727,-0.026646,0.043141,0.50524,0.066086,0.031479,0.03255,0.03165,0.0006875,0.41536,0,0.087481,0.11157,0.07662,0.04564,0.32409,0.99892,0.62537,0.14288,0.23175,0.97875,0.03537,0.0016809,0.36186,3.3406
heurísticas,159,1.8317,1.0453,0.30571,0.36185,0.11881,3.7569,0.95709,0.097062,0.96075,0.91953,0.10993,0.20632,0.10811,0.9705,-0.02425,0.040242,0.50203,0.060307,0.027261,0.032337,0.031025,0.0008375,0.48642,0,0.086572,0.10449,0.074253,0.052835,0.34764,0.99997,0.62485,0.14038,0.23477,0.9796,0.03537,0.0016809,0.36186,3.3617
heurísticas,160,1.8109,1.0341,0.29879,0.36186,0.1161,3.7436,0.96002,0.097375,0.94592,0.9081,0.10693,0.20612,0.10797,0.95277,-0.02905,0.038517,0.50153,0.053758,0.021177,0.0322,0.031675,0.0006875,0.39226,0,0.083401,0.1001,0.074845,0.051133,0.36634,1,0.64316,0.1323,0.22454,0.97679,0.03537,0.0016809,0.36186,3.3827
heurísticas,161,1.8098,1.0277,0.30268,0.36177,0.11759,3.7271,0.96085,0.098763,0.94234,0.90545,0.10669,0.20413,0.10649,0.9427,-0.030598,0.038057,0.50039,0.055593,0.02281,0.032162,0.032012,0.0008375,0.50482,0,0.098079,0.10117,0.071987,0.047396,0.38459,0.99974,0.63811,0.14593,0.21596,0.97863,0.03537,0.0016809,0.36186,3.4038
heurísticas,162,1.7956,1.0288,0.31448,0.3618,0.090479,3.7178,0.95884,0.10169,0.94572,0.90678,0.10376,0.19834,0.1022,0.94575,-0.037049,0.038957,0.50499,0.052534,0.018813,0.033787,0.0326,0.0014125,0.3313,0,0.094775,0.088488,0.078046,0.049002,0.37841,0.99982,0.64201,0.14529,0.2127,0.97071,0.03537,0.0016809,0.36186,3.4249
heurísticas,163,1.853,1.0467,0.31655,0.36164,0.12807,3.7174,0.95878,0.099337,0.98316,0.94263,0.10794,0.20568,0.10764,0.97156,-0.018677,0.040518,0.50873,0.054739,0.020843,0.0333,0.032125,0.0007,0.35907,0,0.087073,0.08946,0.080991,0.052776,0.39593,0.99938,0.63193,0.15177,0.2163,0.97743,0.03537,0.0016809,0.36186,3.4459
heurísticas,164,1.8485,1.057,0.33237,0.35346,0.10563,3.72,0.95808,0.09905,0.99965,0.95775,0.09574,0.20075,0.10399,0.97867,-0.026248,0.041477,0.51815,0.062943,0.030357,0.032212,0.03165,0.0006875,0.44199,0,0.091838,0.1066,0.081911,0.052906,0.39475,0.97678,0.63287,0.15144,0.21569,0.98699,0.03537,0.0016809,0.36186,3.467
heurísticas,165,1.8197,1.0918,0.38113,0.35952,-0.0128,3.7472,0.9602,0.097763,1.0112,0.97095,0.096662,0.18781,0.094397,1.0109,-0.028656,0.041106,0.5336,0.068926,0.035654,0.03275,0.03125,0.00045,0.43865,0,0.093135,0.10998,0.089627,0.047613,0.30617,0.99352,0.6424,0.14157,0.21604,0.99153,0.03537,0.0016809,0.36186,3.488
heurísticas,166,1.8501,1.0634,0.32543,0.36184,0.099405,3.7918,0.96122,0.095775,0.99449,0.95592,0.11038,0.20513,0.10724,0.99449,-0.021072,0.040015,0.51674,0.057964,0.025706,0.031825,0.030913,0.0007375,0.31196,0,0.063614,0.10235,0.08733,0.047748,0.27206,0.99992,0.63521,0.15112,0.21367,0.97877,0.03537,0.0016809,0.36186,3.5091
heurísticas,167,1.8186,1.0441,0.30027,0.36021,0.114,3.7778,0.96078,0.098287,0.94495,0.90791,0.10995,0.20419,0.10654,0.97039,-0.026076,0.038181,0.49925,0.055038,0.023467,0.031688,0.031113,0.0010875,0.46603,0,0.092362,0.11347,0.078488,0.045559,0.3126,0.99542,0.63507,0.14421,0.22072,0.98159,0.03537,0.0016809,0.36186,3.5302
heurísticas,168,1.7928,1.0251,0.29742,0.36184,0.10844,3.7555,0.96139,0.097363,0.92347,0.88781,0.10848,0.20346,0.106,0.94391,-0.034473,0.037094,0.49523,0.060701,0.02872,0.0317,0.031313,0.0005375,0.47795,0,0.091177,0.11042,0.079556,0.040672,0.32183,0.99993,0.62823,0.14437,0.2274,0.98453,0.03537,0.0016809,0.36186,3.5512
heurísticas,169,1.8173,1.0051,0.26196,0.36186,0.18839,3.7291,0.96013,0.096537,0.91733,0.88074,0.11576,0.21853,0.11716,0.91733,-0.022408,0.037315,0.48474,0.053246,0.021495,0.031787,0.03105,0.0006125,0.42564,0,0.081377,0.10269,0.079038,0.045032,0.38434,0.99999,0.6227,0.14509,0.23221,0.97641,0.03537,0.0016809,0.36186,3.5723
heurísticas,170,1.7921,0.9999,0.28443,0.36184,0.14592,3.6789,0.95683,0.098825,0.90306,0.86407,0.10727,0.20549,0.1075,0.90306,-0.038386,0.037923,0.48216,0.060093,0.027149,0.031663,0.03145,0.0006125,0.44334,0,0.123,0.11018,0.075078,0.04683,0.44973,0.99994,0.62644,0.147,0.22656,0.98085,0.03537,0.0016809,0.36186,3.5933
heurísticas,171,1.7782,1.0249,0.31254,0.35997,0.080798,3.6583,0.95689,0.098287,0.93573,0.8954,0.096575,0.19955,0.1031,0.93573,-0.036519,0.039269,0.50356,0.060284,0.02784,0.031738,0.031363,0.0006375,0.46786,0,0.10548,0.10838,0.083128,0.048973,0.43933,0.99476,0.62457,0.14447,0.23095,0.97965,0.03537,0.0016809,0.36186,3.6144
heurísticas,172,1.7997,1.0442,0.34746,0.36169,0.046276,3.6789,0.95598,0.10109,0.97426,0.93137,0.10226,0.19308,0.098306,0.96558,-0.044079,0.04124,0.51761,0.06149,0.028483,0.032962,0.0329,0.00055,0.39039,0,0.1017,0.10357,0.086677,0.049153,0.3469,0.99952,0.6378,0.13848,0.22372,0.9793,0.03537,0.0016809,0.36186,3.6355
heurísticas,173,1.8246,1.0342,0.32172,0.36185,0.10686,3.6978,0.95428,0.0997,0.98577,0.94069,0.10679,0.20283,0.10553,0.96172,-0.025126,0.042402,0.51556,0.052018,0.018716,0.033,0.031412,0.0006625,0.34087,0,0.077113,0.094941,0.087829,0.048281,0.3653,0.99997,0.62629,0.14909,0.22462,0.96439,0.03537,0.0016809,0.36186,3.6565
heurísticas,174,1.8163,1.0342,0.30532,0.36178,0.11492,3.696,0.95366,0.10015,0.95984,0.91537,0.1075,0.20381,0.10625,0.96183,-0.029618,0.041517,0.50399,0.047954,0.014898,0.032537,0.032113,0.000925,0.39641,0,0.094307,0.099926,0.077006,0.047323,0.3798,0.99975,0.63477,0.1399,0.22533,0.96495,0.03537,0.0016809,0.36186,3.6776
heurísticas,175,1.8019,1.0348,0.31418,0.36186,0.091082,3.6891,0.95127,0.10104,0.97023,0.92295,0.10379,0.2033,0.10588,0.96238,-0.035164,0.0429,0.51221,0.055452,0.022575,0.032825,0.033138,0.00065,0.35679,0,0.086346,0.097767,0.073149,0.045856,0.38219,0.99998,0.64439,0.13739,0.21822,0.96809,0.03537,0.0016809,0.36186,3.6986
heurísticas,176,1.8086,1.0415,0.32341,0.36068,0.083041,3.6917,0.9555,0.10055,0.97774,0.93424,0.10095,0.2009,0.1041,0.96799,-0.032854,0.041575,0.51659,0.056226,0.021069,0.034263,0.0322,0.000925,0.40782,0,0.085418,0.094474,0.073948,0.047335,0.36985,0.99674,0.63579,0.14596,0.21825,0.97583,0.03537,0.0016809,0.36186,3.7197
heurísticas,177,1.7737,1.0523,0.35008,0.36186,0.0094046,3.7118,0.95786,0.10098,0.98126,0.9399,0.09712,0.19317,0.098372,0.9786,-0.03906,0.040801,0.52992,0.064211,0.030391,0.033462,0.032838,0.0010375,0.45281,0,0.070376,0.089559,0.075025,0.051764,0.30122,0.99999,0.63666,0.14509,0.21825,0.98114,0.03537,0.0016809,0.36186,3.7408
heurísticas,178,1.7836,1.0331,0.32094,0.3617,0.067914,3.7375,0.95654,0.099437,0.96604,0.92406,0.10484,0.2003,0.10365,0.96661,-0.035609,0.040677,0.51807,0.058228,0.024704,0.0333,0.0321,0.0006375,0.47864,0,0.065977,0.095546,0.080455,0.053645,0.26507,0.99955,0.63129,0.15062,0.21809,0.97733,0.03537,0.0016809,0.36186,3.7618
heurísticas,179,1.7586,1.0242,0.29722,0.36183,0.075357,3.7311,0.95978,0.098437,0.92209,0.885,0.10846,0.20199,0.10491,0.96139,-0.04013,0.037637,0.50323,0.056134,0.023835,0.03235,0.03115,0.0009375,0.51645,0,0.07478,0.095548,0.076393,0.050334,0.25914,0.99991,0.6219,0.1459,0.23221,0.97927,0.03537,0.0016809,0.36186,3.7829
heurísticas,180,1.769,0.9856,0.2676,0.36181,0.154,3.7055,0.95965,0.097875,0.90485,0.86833,0.11476,0.21284,0.11295,0.90787,-0.03346,0.036977,0.49087,0.053394,0.022047,0.032075,0.03165,0.0005875,0.43886,0,0.072796,0.09523,0.074583,0.04797,0.3039,0.99984,0.62861,0.13674,0.23466,0.97545,0.03537,0.0016809,0.36186,3.8039
heurísticas,181,1.7581,0.96973,0.25658,0.36186,0.16997,3.6569,0.9564,0.10112,0.88358,0.84506,0.11151,0.21374,0.11362,0.88358,-0.03815,0.037254,0.48063,0.056061,0.022289,0.033325,0.033175,0.0007375,0.36086,0,0.081916,0.095286,0.076795,0.047629,0.37748,0.99999,0.63718,0.14213,0.2207,0.97064,0.03537,0.0016809,0.36186,3.825
heurísticas,182,1.751,0.9891,0.28548,0.36186,0.11453,3.616,0.95664,0.10065,0.90714,0.86778,0.10345,0.20319,0.10579,0.90714,-0.043357,0.038171,0.49562,0.047058,0.013652,0.032488,0.03215,0.0008125,0.39,0,0.090343,0.084081,0.080342,0.051359,0.41178,1,0.62736,0.14684,0.22579,0.96077,0.03537,0.0016809,0.36186,3.8461
heurísticas,183,1.7354,1.0083,0.31607,0.36153,0.049501,3.6102,0.95498,0.104,0.93589,0.89376,0.099965,0.19518,0.099862,0.9359,-0.047393,0.039991,0.51503,0.046643,0.013673,0.033325,0.0315,0.00195,0.43846,1.25e-05,0.080811,0.079661,0.079336,0.058244,0.36816,0.99908,0.63506,0.14331,0.22163,0.96605,0.03537,0.0016809,0.36186,3.8671
heurísticas,184,1.7453,1.0021,0.30912,0.35989,0.074216,3.6182,0.9577,0.09935,0.93152,0.8921,0.10361,0.19929,0.1029,0.93482,-0.044201,0.038795,0.51115,0.05837,0.02401,0.033363,0.031288,0.0005625,0.49447,0,0.086452,0.097085,0.086193,0.059265,0.34189,0.99453,0.61759,0.15491,0.2275,0.97935,0.03537,0.0016809,0.36186,3.8882
heurísticas,185,1.6873,0.99395,0.31841,0.35818,0.016743,3.616,0.95864,0.099587,0.91803,0.88005,0.094673,0.19403,0.099007,0.9208,-0.048195,0.03789,0.52158,0.066488,0.032961,0.032287,0.032037,0.0007,0.48928,0,0.074824,0.10827,0.0913,0.055972,0.30094,0.98981,0.63451,0.13994,0.22555,0.98706,0.03537,0.0016809,0.36186,3.9092
heurísticas,186,1.6915,0.96967,0.3157,0.3615,0.044641,3.6272,0.95935,0.098538,0.90102,0.86439,0.10391,0.19325,0.098426,0.90103,-0.057815,0.036926,0.51105,0.067235,0.034186,0.033813,0.031775,0.0013,0.49034,0,0.085127,0.11267,0.089412,0.05465,0.23403,0.999,0.63678,0.14444,0.21878,0.9892,0.03537,0.0016809,0.36186,3.9303
heurísticas,187,1.6933,0.93176,0.25544,0.36186,0.14423,3.6082,0.9589,0.099312,0.85861,0.82334,0.11202,0.21156,0.112,0.85861,-0.049512,0.035334,0.48622,0.062203,0.02953,0.031537,0.0322,0.00065,0.46101,0,0.071089,0.11022,0.086981,0.053632,0.27644,1,0.63712,0.14004,0.22284,0.98192,0.03537,0.0016809,0.36186,3.9514
heurísticas,188,1.709,0.91882,0.23446,0.36186,0.1939,3.5551,0.9583,0.098638,0.83887,0.80388,0.11784,0.21742,0.11635,0.83887,-0.047282,0.034734,0.47038,0.052511,0.020537,0.03265,0.03175,0.00065,0.37024,0,0.083717,0.096716,0.083195,0.051933,0.36275,1,0.63233,0.13957,0.2281,0.9715,0.03537,0.0016809,0.36186,3.9724
heurísticas,189,1.7164,0.92687,0.2338,0.36186,0.19387,3.4904,0.95579,0.10087,0.84476,0.80741,0.11044,0.21803,0.11679,0.84476,-0.045074,0.035826,0.47044,0.045118,0.01173,0.0325,0.031787,0.0008875,0.47064,0,0.10889,0.10276,0.082171,0.051208,0.46139,0.99999,0.64126,0.14334,0.21539,0.96016,0.03537,0.0016809,0.36186,3.9935
heurísticas,190,1.7155,0.95375,0.2826,0.36156,0.1176,3.4512,0.95299,0.10004,0.88404,0.84244,0.10631,0.20205,0.10495,0.88404,-0.054299,0.038495,0.49099,0.047435,0.015567,0.032563,0.031588,0.0007875,0.35424,0,0.12387,0.10085,0.083358,0.050638,0.47126,0.99917,0.62339,0.15794,0.21867,0.96371,0.03537,0.0016809,0.36186,4.0145
heurísticas,191,1.7701,0.9814,0.31971,0.36183,0.1072,3.4538,0.95337,0.10038,0.95246,0.90803,0.10317,0.2017,0.10469,0.91986,-0.042687,0.041323,0.51293,0.058144,0.024409,0.033138,0.032325,0.000975,0.30256,0,0.11116,0.10187,0.078985,0.049782,0.45774,0.9999,0.6337,0.13923,0.22707,0.9734,0.03537,0.0016809,0.36186,4.0356
heurísticas,192,1.7552,1.0086,0.3422,0.36184,0.042487,3.4817,0.95481,0.0992,0.97393,0.92994,0.09418,0.19656,0.10088,0.94644,-0.048508,0.041675,0.52984,0.058901,0.024363,0.0329,0.031775,0.0006125,0.3842,0,0.09438,0.1011,0.081005,0.051299,0.4129,0.99993,0.63162,0.14746,0.22092,0.97443,0.03537,0.0016809,0.36186,4.0567
heurísticas,193,1.7705,1.0444,0.36357,0.36081,0.0017198,3.5356,0.95489,0.098988,0.99871,0.95364,0.099326,0.19294,0.098197,0.99871,-0.041099,0.042716,0.53861,0.063488,0.030617,0.032063,0.031175,0.0012,0.42488,0,0.086728,0.10068,0.077817,0.053522,0.31403,0.99709,0.62843,0.14462,0.22695,0.97924,0.03537,0.0016809,0.36186,4.0777
heurísticas,194,1.7711,1.0429,0.35762,0.36178,0.0087637,3.5898,0.95675,0.099538,1.0009,0.95762,0.10103,0.19506,0.099768,1.0009,-0.039009,0.042059,0.5407,0.060002,0.026936,0.0331,0.032063,0.00075,0.39001,0,0.066606,0.097797,0.08024,0.055548,0.23567,0.99977,0.64192,0.13951,0.21857,0.97871,0.03537,0.0016809,0.36186,4.0988
heurísticas,195,1.7729,1.0037,0.30246,0.36166,0.10509,3.62,0.95624,0.098275,0.95345,0.91173,0.11448,0.2094,0.1104,0.95345,-0.035139,0.040258,0.51426,0.06378,0.030125,0.032213,0.031275,0.000675,0.4543,0,0.065992,0.10762,0.082262,0.052501,0.23692,0.99944,0.63047,0.15686,0.21267,0.98159,0.03537,0.0016809,0.36186,4.1198
heurísticas,196,1.7431,0.98944,0.2838,0.36124,0.10861,3.6022,0.95688,0.09795,0.90618,0.86711,0.11246,0.2069,0.10855,0.9311,-0.035161,0.038035,0.49748,0.05936,0.026715,0.032188,0.031637,0.0007625,0.42841,0,0.084765,0.10653,0.082862,0.048693,0.28817,0.99827,0.63401,0.14637,0.21961,0.97727,0.03537,0.0016809,0.36186,4.1409
heurísticas,197,1.7125,0.96344,0.27154,0.36185,0.1157,3.5813,0.95658,0.099138,0.88141,0.84313,0.11252,0.20753,0.10901,0.89935,-0.049353,0.037101,0.49233,0.057802,0.025594,0.032137,0.031525,0.00085,0.463,0,0.082629,0.10668,0.080031,0.045217,0.30486,0.99997,0.63496,0.13971,0.22533,0.9767,0.03537,0.0016809,0.36186,4.162
heurísticas,198,1.6829,0.92593,0.25023,0.36186,0.14492,3.5407,0.95597,0.098625,0.84827,0.8109,0.10958,0.21066,0.11134,0.84827,-0.053084,0.035921,0.48184,0.055744,0.022345,0.03245,0.0309,0.0008375,0.48615,0,0.089496,0.10829,0.083768,0.047764,0.3571,1,0.6219,0.14914,0.22896,0.972,0.03537,0.0016809,0.36186,4.183
heurísticas,199,1.6709,0.91815,0.25418,0.36185,0.13674,3.4953,0.95684,0.09775,0.84247,0.80609,0.10768,0.20698,0.1086,0.84247,-0.05739,0.035384,0.48241,0.048384,0.017005,0.03165,0.03135,0.0007625,0.422,0,0.093873,0.095218,0.081706,0.046128,0.39451,0.99997,0.63102,0.14106,0.22792,0.96255,0.03537,0.0016809,0.36186,4.2041
heurísticas,200,1.7121,0.94673,0.26637,0.36186,0.13713,3.4628,0.95181,0.10228,0.88457,0.84192,0.10822,0.20665,0.10836,0.88457,-0.052161,0.03893,0.49172,0.036229,0.0047268,0.031675,0.032225,0.0010875,0.28507,0,0.087633,0.078228,0.077522,0.048836,0.42068,0.99999,0.63641,0.14315,0.22044,0.94289,0.03537,0.0016809,0.36186,4.2251
heurísticas,201,1.6812,0.96376,0.29181,0.36186,0.063762,3.4496,0.94998,0.1019,0.90842,0.86298,0.099615,0.19968,0.10319,0.90934,-0.057288,0.040636,0.51333,0.037133,0.0041469,0.032825,0.030538,0.001075,0.36843,1.25e-05,0.086543,0.088692,0.081643,0.051813,0.4014,0.99997,0.61632,0.15225,0.23143,0.9488,0.03537,0.0016809,0.36186,4.2462
heurísticas,202,1.6664,0.95665,0.30689,0.36149,0.041385,3.4495,0.95728,0.098988,0.89759,0.85925,0.095229,0.19405,0.099024,0.90352,-0.065474,0.03753,0.51563,0.045403,0.013206,0.0321,0.030612,0.0007625,0.3829,0,0.092764,0.089421,0.084334,0.057893,0.34287,0.99896,0.61601,0.14634,0.23765,0.9697,0.03537,0.0016809,0.36186,4.2673
heurísticas,203,1.6786,0.95901,0.31406,0.36141,0.044084,3.4692,0.95669,0.098837,0.91655,0.87685,0.10341,0.19833,0.1022,0.9164,-0.058883,0.038539,0.52242,0.063405,0.03043,0.033188,0.03255,0.00075,0.4388,0,0.07261,0.09227,0.08571,0.058671,0.28377,0.99874,0.64076,0.12992,0.22932,0.98312,0.03537,0.0016809,0.36186,4.2883
heurísticas,204,1.7026,0.95663,0.2988,0.36146,0.085676,3.4795,0.95696,0.09855,0.90706,0.86802,0.10896,0.2029,0.10558,0.91284,-0.048741,0.03804,0.50984,0.061788,0.029138,0.032,0.031425,0.0007375,0.4849,0,0.086548,0.10109,0.082178,0.053692,0.27991,0.99889,0.64404,0.14121,0.21475,0.98115,0.03537,0.0016809,0.36186,4.3094
heurísticas,205,1.7112,0.95676,0.29447,0.36057,0.099383,3.477,0.9573,0.099975,0.9049,0.86626,0.10944,0.20404,0.10642,0.90994,-0.045577,0.037829,0.50623,0.060133,0.027468,0.03235,0.031887,0.000725,0.457,0,0.08914,0.10764,0.07963,0.048128,0.2957,0.99642,0.63116,0.14404,0.22481,0.98123,0.03537,0.0016809,0.36186,4.3304
heurísticas,206,1.7045,0.94558,0.27125,0.36186,0.12576,3.4711,0.95397,0.099888,0.88675,0.84592,0.11603,0.21037,0.11112,0.89409,-0.048292,0.038254,0.49637,0.056426,0.022975,0.032462,0.032125,0.000475,0.36872,0,0.082123,0.10028,0.080695,0.042415,0.32093,1,0.61823,0.14894,0.23283,0.9689,0.03537,0.0016809,0.36186,4.3515
heurísticas,207,1.7511,0.9509,0.2581,0.36184,0.18021,3.4405,0.95741,0.099788,0.89444,0.85636,0.11503,0.2178,0.11663,0.89464,-0.039508,0.037345,0.48902,0.045654,0.013579,0.032363,0.031238,0.00095,0.32222,0,0.092547,0.093518,0.083355,0.045771,0.39023,0.99994,0.6318,0.13457,0.23364,0.96379,0.03537,0.0016809,0.36186,4.3726
heurísticas,208,1.7714,0.96959,0.29438,0.36133,0.14605,3.4222,0.95683,0.10155,0.93204,0.89185,0.10659,0.20837,0.10964,0.9114,-0.038122,0.039118,0.50357,0.05009,0.016312,0.033075,0.0327,0.0010375,0.35481,0,0.1071,0.098358,0.082453,0.049667,0.43728,0.99853,0.63932,0.14304,0.21763,0.96944,0.03537,0.0016809,0.36186,4.3936
heurísticas,209,1.7327,0.9947,0.33959,0.36167,0.036717,3.4427,0.96174,0.10038,0.96283,0.926,0.096069,0.19722,0.10137,0.9368,-0.049135,0.03854,0.53444,0.057443,0.02321,0.033763,0.032162,0.0011625,0.33689,0,0.076995,0.089917,0.071437,0.051928,0.38666,0.99947,0.6357,0.14723,0.21708,0.9795,0.03537,0.0016809,0.36186,4.4147
heurísticas,210,1.7515,1.0254,0.35838,0.36176,0.0059976,3.4974,0.9597,0.10019,0.98122,0.94168,0.098644,0.19276,0.098066,0.98122,-0.0444,0.040076,0.53765,0.059081,0.027411,0.032412,0.031787,0.0005375,0.48342,0,0.086666,0.096287,0.071124,0.054989,0.29818,0.9997,0.62791,0.13869,0.2334,0.98318,0.03537,0.0016809,0.36186,4.4357
heurísticas,211,1.8033,1.0183,0.32002,0.36171,0.10329,3.5487,0.96076,0.098337,0.98038,0.94191,0.11385,0.20908,0.11017,0.98038,-0.029033,0.039628,0.52233,0.063687,0.029648,0.033337,0.032225,0.00055,0.35503,0,0.074288,0.10776,0.075186,0.056628,0.27403,0.99958,0.62654,0.14036,0.23311,0.98521,0.03537,0.0016809,0.36186,4.4568
heurísticas,212,1.8078,0.9962,0.2721,0.36102,0.17846,3.5481,0.95922,0.09935,0.93992,0.90161,0.11943,0.22187,0.11964,0.93992,-0.023489,0.038565,0.49871,0.057393,0.025271,0.032087,0.032287,0.0006875,0.40705,0,0.078926,0.11081,0.082274,0.05736,0.35408,0.99766,0.6333,0.14243,0.22427,0.97754,0.03537,0.0016809,0.36186,4.4779
heurísticas,213,1.7918,0.99661,0.29161,0.36177,0.14186,3.5237,0.95509,0.10036,0.93855,0.8964,0.11045,0.21171,0.11211,0.93422,-0.031138,0.040066,0.50029,0.060875,0.027941,0.033438,0.031563,0.0009125,0.41497,0,0.096145,0.10714,0.079735,0.055193,0.41036,0.99975,0.63001,0.14939,0.2206,0.97575,0.03537,0.0016809,0.36186,4.4989
heurísticas,214,1.8138,1.0087,0.30372,0.36186,0.13951,3.5224,0.95886,0.098187,0.95306,0.91383,0.11036,0.20849,0.10972,0.94687,-0.030008,0.039255,0.50382,0.053081,0.020887,0.032313,0.031837,0.0009875,0.40908,0,0.10698,0.10468,0.073076,0.052294,0.43737,1,0.6269,0.14202,0.23109,0.97404,0.03537,0.0016809,0.36186,4.52
heurísticas,215,1.7941,1.0355,0.3362,0.36159,0.060818,3.5345,0.95314,0.10118,0.97841,0.93254,0.099299,0.19887,0.1026,0.97833,-0.037852,0.042535,0.51989,0.058215,0.0252,0.032613,0.03285,0.0007375,0.40766,0,0.10284,0.10104,0.079359,0.055232,0.4151,0.99924,0.646,0.13535,0.21865,0.97083,0.03537,0.0016809,0.36186,4.541
heurísticas,216,1.7596,1.0507,0.37038,0.3613,-0.022749,3.5772,0.95645,0.099538,0.9906,0.94746,0.096384,0.18715,0.09391,0.9906,-0.045878,0.04175,0.53847,0.056901,0.022663,0.033875,0.031863,0.0007,0.43359,0,0.098822,0.1054,0.087035,0.056575,0.30727,0.99844,0.63038,0.14988,0.21974,0.97614,0.03537,0.0016809,0.36186,4.5621
heurísticas,217,1.7708,1.0163,0.32784,0.35999,0.066676,3.6197,0.95839,0.099438,0.96633,0.92614,0.10618,0.19883,0.10256,0.96633,-0.039005,0.039969,0.52304,0.05639,0.024232,0.032188,0.032337,0.00065,0.5067,0,0.08545,0.1133,0.088311,0.06028,0.25929,0.99482,0.63806,0.1428,0.21915,0.97787,0.03537,0.0016809,0.36186,4.5832
heurísticas,218,1.8094,0.99476,0.29267,0.36155,0.16042,3.6161,0.95637,0.10039,0.93399,0.89323,0.12093,0.2081,0.10943,0.93545,-0.027431,0.039397,0.4937,0.055919,0.022953,0.03235,0.032012,0.0003375,0.34236,0,0.10281,0.11263,0.089197,0.054555,0.31243,0.99913,0.63107,0.15341,0.21552,0.97239,0.03537,0.0016809,0.36186,4.6042
heurísticas,219,1.9143,1.0136,0.33122,0.36148,0.20806,3.6166,0.95315,0.10219,1.0142,0.96663,0.11809,0.20598,0.10786,0.94248,-0.00369,0.044094,0.50491,0.053961,0.021387,0.032412,0.031875,0.0009125,0.33489,0,0.13219,0.10976,0.086577,0.048589,0.41957,0.99893,0.61845,0.1484,0.23315,0.97002,0.03537,0.0016809,0.36186,4.6253
heurísticas,220,1.9412,1.1073,0.37624,0.35937,0.098292,3.6489,0.95563,0.099288,1.0823,1.0342,0.10021,0.20043,0.10375,1.053,-0.0043226,0.045971,0.53279,0.058987,0.024935,0.033338,0.0313,0.0010375,0.26446,0,0.1108,0.10749,0.084257,0.045029,0.44957,0.99311,0.62415,0.14922,0.22663,0.97586,0.03537,0.0016809,0.36186,4.6463
heurísticas,221,1.9252,1.1271,0.38239,0.35332,0.062374,3.7153,0.95602,0.0993,1.0938,1.0457,0.098258,0.19857,0.10237,1.0775,-0.0083703,0.046291,0.54319,0.068244,0.033052,0.032637,0.031187,0.0012875,0.4062,0,0.096736,0.11654,0.081899,0.044906,0.39542,0.9764,0.63286,0.14695,0.22019,0.98718,0.03537,0.0016809,0.36186,4.6674
heurísticas,222,1.887,1.1262,0.36789,0.35504,0.037818,3.767,0.95674,0.099337,1.0523,1.0068,0.099623,0.19857,0.10237,1.0775,-0.014716,0.044222,0.53354,0.073913,0.041312,0.031787,0.031375,0.000725,0.38911,0,0.084882,0.11763,0.080364,0.050723,0.33499,0.98114,0.62328,0.14321,0.23352,0.99381,0.03537,0.0016809,0.36186,4.6884
heurísticas,223,1.8867,1.097,0.33073,0.36113,0.097855,3.8024,0.95551,0.10096,1.0123,0.96726,0.11407,0.20757,0.10905,1.0416,-0.014862,0.043045,0.51275,0.072691,0.039155,0.032163,0.032313,0.0005375,0.40294,0,0.080943,0.11859,0.079369,0.053465,0.30535,0.99796,0.623,0.14646,0.23054,0.98902,0.03537,0.0016809,0.36186,4.7095
heurísticas,224,1.9585,1.0592,0.27221,0.36183,0.26522,3.7852,0.96085,0.09775,0.97911,0.94078,0.12677,0.22814,0.12429,0.97911,0.0033046,0.03954,0.4804,0.061834,0.029568,0.032262,0.030812,0.0006625,0.32034,0,0.094539,0.11775,0.083534,0.049286,0.4389,0.9999,0.61502,0.1472,0.23778,0.98415,0.03537,0.0016809,0.36186,4.7306
heurísticas,225,1.9295,1.0686,0.29755,0.36118,0.20218,3.7415,0.95885,0.098412,0.98177,0.94137,0.11013,0.21478,0.11439,0.98001,-0.0059285,0.040435,0.48791,0.056461,0.025045,0.032412,0.031512,0.00065,0.30554,0,0.11954,0.11719,0.081434,0.04932,0.54679,0.9981,0.62756,0.1406,0.23183,0.97827,0.03537,0.0016809,0.36186,4.7516
heurísticas,226,1.8882,1.0782,0.33798,0.36157,0.11046,3.7396,0.95662,0.09755,1.019,0.97484,0.092438,0.20419,0.10654,0.98893,-0.026491,0.042873,0.51636,0.059793,0.027616,0.031713,0.03135,0.0005875,0.35749,0,0.10032,0.11813,0.074545,0.04721,0.53047,0.99918,0.63321,0.1374,0.22939,0.98032,0.03537,0.0016809,0.36186,4.7727
heurísticas,227,1.8721,1.1266,0.39471,0.3609,-0.010095,3.7763,0.95826,0.099125,1.0402,0.9968,0.094094,0.18768,0.094301,1.0399,-0.025131,0.043091,0.53246,0.068906,0.035602,0.032462,0.03205,0.000675,0.46454,0,0.10434,0.10827,0.073577,0.052825,0.42477,0.99734,0.63934,0.1396,0.22106,0.99001,0.03537,0.0016809,0.36186,4.7937
heurísticas,228,1.8917,1.1307,0.37928,0.36149,0.020298,3.8505,0.95805,0.098775,1.0541,1.0099,0.10043,0.19442,0.099297,1.0619,-0.017299,0.043745,0.53387,0.065431,0.032061,0.0331,0.03195,0.0006875,0.42339,0,0.074073,0.10151,0.072924,0.056846,0.31955,0.99895,0.62991,0.1463,0.22378,0.98201,0.03537,0.0016809,0.36186,4.8148
heurísticas,229,1.8647,1.0815,0.33755,0.36186,0.083791,3.8845,0.9555,0.0992,1.0035,0.95886,0.10555,0.19998,0.10342,1.0055,-0.023303,0.042668,0.5142,0.065917,0.032293,0.032075,0.032262,0.0005375,0.44125,0,0.080873,0.11228,0.074246,0.061607,0.2916,0.99997,0.63055,0.14602,0.22343,0.98429,0.03537,0.0016809,0.36186,4.8359
heurísticas,230,1.8455,1.0678,0.3086,0.36186,0.10727,3.8839,0.95579,0.10043,0.96452,0.92185,0.10965,0.20365,0.10614,0.9896,-0.020439,0.040913,0.49951,0.063294,0.028308,0.033475,0.032225,0.00065,0.50775,2.5e-05,0.076867,0.10661,0.073004,0.066293,0.31677,1,0.63699,0.13918,0.22383,0.97929,0.03537,0.0016809,0.36186,4.8569
heurísticas,231,1.7955,1.0298,0.29262,0.36186,0.11115,3.8593,0.9591,0.098612,0.92209,0.88438,0.10579,0.20212,0.10501,0.93755,-0.034797,0.037882,0.49254,0.05622,0.023982,0.032462,0.032337,0.00035,0.47232,0,0.080305,0.10781,0.072442,0.05829,0.32386,1,0.63718,0.13806,0.22476,0.97893,0.03537,0.0016809,0.36186,4.878
heurísticas,232,1.8021,0.98847,0.2528,0.36149,0.19935,3.8117,0.96027,0.095725,0.8822,0.84715,0.11399,0.21267,0.11282,0.8822,-0.030999,0.035828,0.4701,0.052639,0.020547,0.032287,0.031,0.0004,0.44726,0,0.089927,0.10374,0.076291,0.048092,0.40295,0.99896,0.63162,0.14954,0.21885,0.97576,0.03537,0.0016809,0.36186,4.899
heurísticas,233,1.7616,0.98195,0.25616,0.36103,0.16241,3.7443,0.96035,0.097638,0.87084,0.83631,0.10515,0.21085,0.11147,0.87084,-0.033296,0.035341,0.47479,0.060719,0.027776,0.032462,0.031887,0.0007,0.47185,0,0.097874,0.11332,0.078016,0.049188,0.48323,0.9977,0.63971,0.1456,0.21468,0.98663,0.03537,0.0016809,0.36186,4.9201
heurísticas,234,1.736,1.0131,0.32995,0.36155,0.031364,3.7121,0.96382,0.095025,0.90045,0.86791,0.094643,0.18656,0.09347,0.90045,-0.052722,0.035278,0.49988,0.062105,0.029536,0.032488,0.031738,0.0004125,0.53307,0,0.11782,0.10415,0.084744,0.050812,0.42349,0.99912,0.64419,0.14675,0.20906,0.98662,0.03537,0.0016809,0.36186,4.9412
heurísticas,235,1.7841,1.0268,0.31297,0.36186,0.082494,3.7261,0.95979,0.09645,0.94178,0.90389,0.10546,0.19837,0.10223,0.94181,-0.037017,0.038439,0.50662,0.050648,0.018451,0.032563,0.03245,0.0006,0.3925,0,0.080374,0.085458,0.089502,0.051806,0.38032,1,0.65295,0.14617,0.20088,0.97114,0.03537,0.0016809,0.36186,4.9622
heurísticas,236,1.7817,1.0237,0.30754,0.3616,0.088861,3.7197,0.96019,0.096888,0.94031,0.90287,0.10457,0.19947,0.10304,0.94229,-0.036529,0.038221,0.50677,0.049769,0.016211,0.03205,0.031538,0.0009625,0.46696,0,0.082398,0.086278,0.081573,0.054258,0.37848,0.99927,0.64771,0.14341,0.20887,0.9678,0.03537,0.0016809,0.36186,4.9833
heurísticas,237,1.8209,1.0302,0.30034,0.36184,0.12857,3.7096,0.96003,0.098325,0.95283,0.91475,0.10615,0.20597,0.10786,0.95369,-0.026883,0.038793,0.50235,0.050992,0.018711,0.032337,0.032188,0.0009875,0.41969,0,0.091536,0.094724,0.076269,0.056914,0.39942,0.99992,0.64581,0.1428,0.21139,0.97227,0.03537,0.0016809,0.36186,5.0043
heurísticas,238,1.8469,1.04,0.31967,0.3604,0.12687,3.7029,0.95217,0.10318,0.98885,0.94154,0.10661,0.20357,0.10608,0.96503,-0.025925,0.043372,0.50979,0.054336,0.020241,0.033613,0.033025,0.000625,0.30724,0,0.098967,0.10042,0.079476,0.057206,0.42266,0.99596,0.63699,0.14666,0.21634,0.96783,0.03537,0.0016809,0.36186,5.0254
heurísticas,239,1.8481,1.0753,0.34699,0.35352,0.072368,3.7076,0.95095,0.10237,1.0136,0.96384,0.095209,0.1966,0.10091,1.0008,-0.02194,0.04496,0.52164,0.064895,0.03178,0.032762,0.032462,0.00055,0.32435,0,0.10777,0.11072,0.082629,0.057526,0.4153,0.97695,0.62365,0.15009,0.22626,0.97874,0.03537,0.0016809,0.36186,5.0465
heurísticas,240,1.8306,1.133,0.41444,0.35987,-0.07664,3.7615,0.95072,0.10271,1.0665,1.014,0.091751,0.18416,0.091688,1.068,-0.03279,0.04738,0.55389,0.068567,0.033715,0.033375,0.032613,0.0005125,0.35945,0,0.082101,0.10503,0.087068,0.056956,0.26148,0.9945,0.62221,0.1462,0.23159,0.98402,0.03537,0.0016809,0.36186,5.0675
heurísticas,241,1.8352,1.0972,0.34425,0.36132,0.032385,3.82,0.95618,0.10046,1.0104,0.96613,0.10949,0.201,0.10417,1.0555,-0.023783,0.042677,0.52644,0.070855,0.038136,0.032925,0.032238,0.0003875,0.50331,0,0.063661,0.10834,0.088386,0.055743,0.19368,0.99849,0.61937,0.14907,0.23156,0.98957,0.03537,0.0016809,0.36186,5.0886
heurísticas,242,1.8136,1.0438,0.31003,0.36068,0.099061,3.8207,0.95801,0.1003,0.9592,0.91891,0.11287,0.20352,0.10604,0.98085,-0.019907,0.039831,0.5067,0.064872,0.030737,0.0325,0.0317,0.000475,0.46408,0,0.080711,0.11392,0.084614,0.05384,0.22585,0.99673,0.62636,0.14356,0.23008,0.98535,0.03537,0.0016809,0.36186,5.1096
heurísticas,243,1.7693,1.0197,0.2904,0.36161,0.097583,3.7997,0.95506,0.10189,0.91821,0.87695,0.11166,0.20406,0.10644,0.94911,-0.037059,0.039207,0.49565,0.064798,0.033402,0.032363,0.03215,0.00075,0.53277,0,0.079052,0.10862,0.086768,0.055122,0.24997,0.99929,0.62323,0.1515,0.22527,0.98193,0.03537,0.0016809,0.36186,5.1307
heurísticas,244,1.7844,0.96941,0.24538,0.36131,0.20826,3.7469,0.95608,0.1006,0.87662,0.83812,0.1146,0.2185,0.11715,0.87662,-0.032628,0.037073,0.46971,0.065942,0.032767,0.032662,0.032162,0.00055,0.50046,0,0.092465,0.11689,0.095777,0.056905,0.34364,0.99847,0.63156,0.13929,0.22914,0.98574,0.03537,0.0016809,0.36186,5.1518
heurísticas,245,1.7364,0.97451,0.2856,0.3618,0.11447,3.6849,0.95414,0.10062,0.88113,0.84071,0.10261,0.19954,0.10309,0.88113,-0.051645,0.037952,0.48426,0.061149,0.030074,0.032113,0.030925,0.0006,0.42691,0,0.10591,0.10736,0.092384,0.054486,0.3808,0.99981,0.62604,0.14663,0.22733,0.9771,0.03537,0.0016809,0.36186,5.1728
heurísticas,246,1.77,0.99431,0.2866,0.36186,0.12722,3.6649,0.95366,0.0997,0.91568,0.87325,0.10758,0.20584,0.10776,0.91568,-0.039921,0.039611,0.49338,0.056952,0.024338,0.031938,0.031488,0.000475,0.44745,0,0.090857,0.098227,0.089339,0.046629,0.38851,1,0.61947,0.14757,0.23295,0.97318,0.03537,0.0016809,0.36186,5.1939
heurísticas,247,1.7314,1.0086,0.32416,0.36185,0.03681,3.6502,0.95059,0.102,0.9321,0.88604,0.096956,0.19268,0.098009,0.9321,-0.052137,0.041465,0.51178,0.060458,0.026255,0.033,0.032925,0.0007625,0.45598,0,0.092963,0.094354,0.085759,0.045062,0.34997,0.99997,0.64202,0.13492,0.22306,0.96924,0.03537,0.0016809,0.36186,5.2149
heurísticas,248,1.723,1.008,0.31223,0.36186,0.04085,3.6638,0.95028,0.10051,0.93888,0.89223,0.09973,0.19585,0.10036,0.94435,-0.05242,0.041871,0.51784,0.045571,0.012752,0.032212,0.031938,0.000525,0.4391,0,0.076287,0.0918,0.091589,0.042537,0.28792,0.99999,0.62289,0.15475,0.22237,0.95757,0.03537,0.0016809,0.36186,5.236
heurísticas,249,1.7304,0.9729,0.27451,0.3617,0.12129,3.6526,0.95043,0.10229,0.90133,0.85665,0.11212,0.20783,0.10923,0.90768,-0.046134,0.040156,0.49505,0.058587,0.024024,0.033013,0.032063,0.000775,0.45701,0,0.077735,0.10277,0.086323,0.046877,0.29809,0.99956,0.62679,0.14271,0.2305,0.97295,0.03537,0.0016809,0.36186,5.2571
heurísticas,250,1.746,0.95718,0.26142,0.36185,0.16559,3.6097,0.95258,0.10044,0.88182,0.84001,0.11143,0.21261,0.11278,0.88182,-0.043457,0.038528,0.4811,0.06317,0.029648,0.032912,0.031075,0.0009875,0.2606,0,0.096866,0.11359,0.078462,0.052508,0.36879,0.99996,0.62289,0.1471,0.23001,0.97811,0.03537,0.0016809,0.36186,5.2781
heurísticas,251,1.7926,0.98986,0.27468,0.36185,0.16625,3.5794,0.952,0.099362,0.92406,0.8797,0.11429,0.21577,0.11512,0.92406,-0.031867,0.040588,0.49071,0.06232,0.028765,0.032475,0.0313,0.0005875,0.31556,0,0.085633,0.10202,0.078347,0.055378,0.42198,0.99997,0.61878,0.14277,0.23845,0.97439,0.03537,0.0016809,0.36186,5.2992
heurísticas,252,1.7621,1.0027,0.2998,0.35639,0.10324,3.5603,0.95405,0.0989,0.9328,0.88994,0.10307,0.20371,0.10618,0.93856,-0.041072,0.040207,0.50509,0.061193,0.02826,0.031525,0.031537,0.000925,0.38849,0,0.097848,0.1063,0.075508,0.058347,0.43696,0.98486,0.62592,0.13665,0.23743,0.97883,0.03537,0.0016809,0.36186,5.3202
heurísticas,253,1.7605,1.0017,0.31191,0.36009,0.086747,3.563,0.95269,0.10065,0.94151,0.89696,0.098861,0.20307,0.10571,0.94036,-0.043154,0.041098,0.50949,0.070179,0.036638,0.033037,0.032313,0.0006125,0.49497,0,0.093172,0.10971,0.076924,0.057218,0.40216,0.99511,0.63523,0.14318,0.22159,0.98454,0.03537,0.0016809,0.36186,5.3413
heurísticas,254,1.7689,1.0023,0.31444,0.36174,0.090435,3.5706,0.95596,0.098013,0.94747,0.90573,0.10133,0.20206,0.10496,0.94204,-0.043956,0.04012,0.51203,0.060029,0.026238,0.0322,0.031125,0.000425,0.54285,0,0.097277,0.11223,0.084843,0.058006,0.38425,0.99966,0.63447,0.13496,0.23057,0.97491,0.03537,0.0016809,0.36186,5.3624
heurísticas,255,1.7536,0.99707,0.30344,0.3618,0.091259,3.5694,0.95648,0.098937,0.92904,0.88861,0.10602,0.20242,0.10522,0.93892,-0.042682,0.03914,0.50676,0.055921,0.023197,0.032037,0.031525,0.0005125,0.43453,0,0.094683,0.10829,0.083512,0.058109,0.37218,0.99981,0.62992,0.14833,0.22175,0.97491,0.03537,0.0016809,0.36186,5.3834
heurísticas,256,1.7313,0.9886,0.29213,0.36186,0.08869,3.5672,0.95428,0.10007,0.91735,0.87541,0.10898,0.2052,0.10729,0.92942,-0.043708,0.039455,0.50567,0.056009,0.023692,0.032212,0.032525,0.000575,0.37878,0,0.074264,0.095006,0.083174,0.054869,0.37203,0.99999,0.63475,0.14638,0.21887,0.97153,0.03537,0.0016809,0.36186,5.4045
heurísticas,257,1.7062,0.96842,0.29352,0.35751,0.086803,3.5563,0.95659,0.10054,0.89791,0.85892,0.10103,0.2008,0.10402,0.89856,-0.048742,0.037794,0.50344,0.061516,0.028752,0.0324,0.03175,0.0006375,0.52135,0,0.096974,0.11327,0.081533,0.055721,0.36352,0.98796,0.62976,0.14471,0.22554,0.98425,0.03537,0.0016809,0.36186,5.4255
heurísticas,258,1.6738,0.96708,0.32221,0.36154,0.022975,3.5563,0.95283,0.10255,0.89989,0.85743,0.096908,0.19021,0.096178,0.89989,-0.061855,0.039235,0.51225,0.067042,0.033328,0.033013,0.032512,0.0004125,0.52463,0,0.097845,0.10804,0.082027,0.053286,0.30238,0.99912,0.62941,0.15029,0.22031,0.98045,0.03537,0.0016809,0.36186,5.4466
heurísticas,259,1.7174,0.9526,0.27123,0.3618,0.13176,3.562,0.95067,0.10335,0.89389,0.84977,0.11425,0.20906,0.11015,0.89389,-0.049288,0.039745,0.49485,0.054522,0.020733,0.032637,0.03245,0.0009875,0.42965,0,0.073356,0.096205,0.081426,0.051146,0.31156,0.99981,0.62527,0.14962,0.22511,0.9615,0.03537,0.0016809,0.36186,5.4677
heurísticas,260,1.7229,0.93676,0.25115,0.36184,0.17313,3.5215,0.95609,0.10178,0.86874,0.83059,0.1148,0.21487,0.11445,0.86874,-0.045104,0.036738,0.48209,0.052797,0.019677,0.032863,0.031425,0.0008375,0.39688,0,0.1083,0.11178,0.073846,0.050617,0.38553,0.99993,0.62454,0.14566,0.2298,0.97128,0.03537,0.0016809,0.36186,5.4887
heurísticas,261,1.7263,0.95695,0.27988,0.36121,0.12823,3.4799,0.95399,0.10215,0.8905,0.84953,0.10353,0.20658,0.10831,0.8905,-0.048195,0.038402,0.49224,0.055186,0.022947,0.032412,0.031725,0.000925,0.31703,0,0.1181,0.10772,0.075176,0.051701,0.43181,0.99819,0.62115,0.14978,0.22907,0.97235,0.03537,0.0016809,0.36186,5.5098
heurísticas,262,1.6962,0.98403,0.33344,0.36186,0.016861,3.4965,0.95529,0.10189,0.94773,0.90536,0.095694,0.19462,0.099445,0.92881,-0.056065,0.04038,0.53375,0.056736,0.022868,0.03285,0.0317,0.0007875,0.42535,0,0.068642,0.076419,0.080518,0.053575,0.34997,0.99999,0.61969,0.1384,0.24192,0.96937,0.03537,0.0016809,0.36186,5.5308
heurísticas,263,1.7025,0.97345,0.30082,0.36152,0.066718,3.5187,0.95782,0.09935,0.92689,0.88781,0.099382,0.20209,0.10498,0.92436,-0.052797,0.038546,0.52145,0.044934,0.013396,0.032,0.030962,0.0009125,0.44299,0,0.072593,0.085356,0.082547,0.058438,0.32187,0.99904,0.61738,0.15181,0.23081,0.96827,0.03537,0.0016809,0.36186,5.5519
heurísticas,264,1.7156,0.96854,0.30105,0.36174,0.084225,3.5103,0.9586,0.10074,0.91059,0.87289,0.10737,0.20179,0.10476,0.92343,-0.050619,0.037592,0.50887,0.058792,0.025546,0.032938,0.031813,0.00065,0.47054,0,0.093314,0.093078,0.084511,0.059555,0.3123,0.99965,0.62049,0.14506,0.23446,0.98146,0.03537,0.0016809,0.36186,5.573
heurísticas,265,1.7423,0.97323,0.31739,0.3618,0.089847,3.5128,0.95846,0.097962,0.94418,0.90492,0.10555,0.20196,0.10488,0.92416,-0.04093,0.039047,0.51946,0.059487,0.027325,0.032087,0.031512,0.00055,0.39069,0,0.086118,0.089954,0.086737,0.058817,0.3124,0.99983,0.61874,0.14119,0.24008,0.9781,0.03537,0.0016809,0.36186,5.594
heurísticas,266,1.7766,0.99286,0.31123,0.36129,0.11119,3.5315,0.95529,0.098663,0.96309,0.92004,0.10867,0.20585,0.10777,0.94303,-0.034299,0.041032,0.51787,0.053722,0.01971,0.032425,0.0318,0.000775,0.30097,0,0.084356,0.089885,0.084275,0.059052,0.3326,0.9984,0.62288,0.14941,0.2277,0.97102,0.03537,0.0016809,0.36186,5.6151
heurísticas,267,1.8017,1.0164,0.31843,0.36122,0.10567,3.5422,0.95718,0.097388,0.96997,0.92841,0.10794,0.2066,0.10832,0.96997,-0.031826,0.040605,0.5153,0.062566,0.029769,0.031975,0.0312,0.0007375,0.38671,0,0.096013,0.10023,0.083358,0.059307,0.34713,0.99823,0.6187,0.14172,0.23959,0.98466,0.03537,0.0016809,0.36186,5.6361
heurísticas,268,1.8248,1.0507,0.35472,0.36143,0.057922,3.5719,0.95784,0.098825,1.0135,0.97076,0.10564,0.2004,0.10373,1.0135,-0.028812,0.042145,0.53196,0.066268,0.032875,0.03175,0.031387,0.0004625,0.36857,0,0.087023,0.098514,0.080096,0.056273,0.31401,0.99881,0.63323,0.13796,0.22882,0.98734,0.03537,0.0016809,0.36186,5.6572
heurísticas,269,1.8232,1.05,0.33208,0.36156,0.079535,3.6182,0.9537,0.102,1.0099,0.96318,0.10706,0.20758,0.10905,1.0099,-0.024485,0.043675,0.52829,0.067241,0.033217,0.033212,0.033013,0.0005875,0.42166,0,0.060936,0.096541,0.077194,0.053951,0.30072,0.99916,0.63579,0.14337,0.22084,0.981,0.03537,0.0016809,0.36186,5.6783
heurísticas,270,1.8001,1.0342,0.32672,0.36186,0.077314,3.6426,0.95894,0.099075,0.98222,0.94191,0.1088,0.20384,0.10628,0.98222,-0.030218,0.040408,0.52325,0.061673,0.027963,0.0332,0.03195,0.00085,0.48485,0,0.074397,0.10057,0.072906,0.054429,0.29599,0.99998,0.63732,0.14488,0.2178,0.98014,0.03537,0.0016809,0.36186,5.6993
heurísticas,271,1.7917,1.0107,0.29382,0.36186,0.12522,3.6506,0.95812,0.098575,0.94866,0.90895,0.11079,0.2096,0.11055,0.94866,-0.030718,0.039336,0.5073,0.052298,0.020648,0.031425,0.030413,0.0007375,0.48033,0,0.077329,0.093285,0.073475,0.055953,0.32434,1,0.62383,0.1523,0.22387,0.97075,0.03537,0.0016809,0.36186,5.7204
heurísticas,272,1.7607,1.0097,0.30342,0.36159,0.086004,3.6402,0.95216,0.10243,0.94651,0.90123,0.10403,0.20393,0.10635,0.94621,-0.037676,0.041514,0.51189,0.054624,0.021843,0.032012,0.032625,0.000725,0.42728,0,0.075794,0.089854,0.071684,0.059278,0.33984,0.99923,0.63114,0.14804,0.22083,0.96928,0.03537,0.0016809,0.36186,5.7414
heurísticas,273,1.7437,1.0019,0.29581,0.36186,0.084162,3.6336,0.9537,0.10236,0.92421,0.88141,0.10502,0.20285,0.10554,0.94154,-0.047597,0.039966,0.5055,0.05298,0.020416,0.03225,0.0318,0.0005625,0.48447,1.25e-05,0.080368,0.089502,0.071399,0.060354,0.3206,1,0.61927,0.14608,0.23464,0.96564,0.03537,0.0016809,0.36186,5.7625
heurísticas,274,1.7993,1.005,0.29881,0.36178,0.13365,3.6261,0.94895,0.10397,0.95567,0.90686,0.1137,0.20444,0.10672,0.94484,-0.030648,0.043153,0.50401,0.040384,0.008249,0.032212,0.031463,0.0007375,0.34963,0,0.090985,0.078377,0.075943,0.061092,0.34953,0.99976,0.61504,0.14725,0.23771,0.9477,0.03537,0.0016809,0.36186,5.7836
heurísticas,275,1.8154,1.0149,0.31251,0.36174,0.12629,3.6251,0.95158,0.10434,0.97656,0.92927,0.10744,0.20302,0.10567,0.94977,-0.033684,0.043058,0.5119,0.042082,0.0079728,0.033188,0.032075,0.000825,0.31251,0,0.09014,0.080757,0.074657,0.052651,0.38463,0.99966,0.61733,0.14251,0.24016,0.95655,0.03537,0.0016809,0.36186,5.8046
heurísticas,276,1.7935,1.0408,0.31966,0.35761,0.075487,3.631,0.95034,0.10341,0.98019,0.9315,0.099877,0.20274,0.10547,0.9799,-0.031236,0.043709,0.51935,0.057752,0.024707,0.033275,0.032113,0.0007625,0.4818,0,0.08696,0.09162,0.0791,0.05623,0.37517,0.98826,0.61849,0.14671,0.2348,0.9722,0.03537,0.0016809,0.36186,5.8257
heurísticas,277,1.7805,1.0708,0.38047,0.36039,-0.031182,3.6579,0.95495,0.099525,1.0108,0.96533,0.095251,0.18705,0.093835,1.0108,-0.038259,0.043185,0.54218,0.063655,0.030517,0.03235,0.031225,0.00065,0.47035,0,0.089547,0.092899,0.07881,0.058,0.28716,0.99592,0.6195,0.14378,0.23672,0.98155,0.03537,0.0016809,0.36186,5.8467
heurísticas,278,1.7587,1.054,0.35891,0.35956,-0.013759,3.7179,0.95466,0.099737,1.0042,0.95876,0.097509,0.19384,0.098869,1.0042,-0.035718,0.043014,0.54507,0.070185,0.036677,0.032438,0.032438,0.000525,0.50012,0,0.057005,0.10572,0.079701,0.057394,0.19624,0.99362,0.63653,0.1397,0.22377,0.98757,0.03537,0.0016809,0.36186,5.8678
heurísticas,279,1.787,1.0103,0.31563,0.36186,0.099168,3.7342,0.95572,0.10051,0.94035,0.89871,0.1191,0.19958,0.10312,0.95159,-0.033439,0.039905,0.50302,0.069398,0.035427,0.032975,0.031912,0.000525,0.52628,0,0.10009,0.11661,0.086638,0.056384,0.20184,1,0.64071,0.14413,0.21516,0.98446,0.03537,0.0016809,0.36186,5.8889
heurísticas,280,1.8088,1.0183,0.30438,0.35873,0.12732,3.7205,0.96,0.097975,0.94453,0.90674,0.11412,0.20354,0.10605,0.95706,-0.021655,0.038468,0.5013,0.061952,0.028487,0.033025,0.032063,0.00055,0.39858,0,0.10579,0.12796,0.086679,0.058023,0.27518,0.99133,0.64556,0.14201,0.21243,0.98648,0.03537,0.0016809,0.36186,5.9099
heurísticas,281,1.8279,1.0132,0.29247,0.36183,0.16041,3.6964,0.9613,0.096925,0.92433,0.88856,0.11773,0.20881,0.10996,0.94628,-0.021963,0.03716,0.48611,0.069945,0.037146,0.032325,0.031062,0.0006125,0.48639,0,0.11649,0.13206,0.087582,0.056085,0.33789,0.99991,0.64298,0.13985,0.21717,0.99327,0.03537,0.0016809,0.36186,5.931
heurísticas,282,1.8238,0.98637,0.25711,0.3616,0.21869,3.6562,0.95951,0.096738,0.90127,0.86478,0.11759,0.21957,0.11794,0.90138,-0.025579,0.036878,0.47418,0.059901,0.026358,0.032488,0.032587,0.0005375,0.46253,0,0.11135,0.13008,0.088922,0.054205,0.43993,0.99926,0.64693,0.14348,0.20959,0.98089,0.03537,0.0016809,0.36186,5.952
heurísticas,283,1.8317,0.99541,0.27058,0.36185,0.20385,3.6021,0.96114,0.096662,0.90377,0.86865,0.11456,0.21372,0.1136,0.90377,-0.027718,0.036391,0.4743,0.054896,0.021747,0.033238,0.0319,0.00065,0.37282,0,0.14361,0.1267,0.087987,0.054562,0.54246,0.99997,0.65491,0.1388,0.20629,0.97589,0.03537,0.0016809,0.36186,5.9731
heurísticas,284,1.8071,1.0351,0.32427,0.36186,0.0858,3.5851,0.95877,0.098663,0.95089,0.9117,0.097182,0.19973,0.10323,0.94853,-0.03886,0.039186,0.50454,0.055583,0.022253,0.032425,0.03285,0.000875,0.49719,0,0.13319,0.11574,0.083638,0.055477,0.51933,0.99998,0.65466,0.14015,0.20519,0.97708,0.03537,0.0016809,0.36186,5.9942
heurísticas,285,1.791,1.0206,0.32227,0.36133,0.086812,3.6094,0.95588,0.09975,0.97967,0.93646,0.094826,0.205,0.10714,0.94854,-0.041434,0.041505,0.52286,0.061434,0.028122,0.033037,0.032375,0.000425,0.40481,0,0.073638,0.10541,0.07877,0.048619,0.4599,0.99853,0.63956,0.14879,0.21165,0.97699,0.03537,0.0016809,0.36186,6.0152
heurísticas,286,1.8195,1.0213,0.30771,0.36185,0.12856,3.6219,0.955,0.099425,0.95991,0.91671,0.10605,0.20451,0.10678,0.94961,-0.028366,0.041012,0.50387,0.049737,0.01776,0.0312,0.03085,0.0007625,0.39053,0,0.092714,0.097264,0.08059,0.051665,0.46249,0.99995,0.61217,0.15954,0.22829,0.96278,0.03537,0.0016809,0.36186,6.0363
heurísticas,287,1.8185,1.0259,0.31288,0.36182,0.11794,3.6261,0.95804,0.10059,0.96841,0.92778,0.10136,0.20348,0.10601,0.95415,-0.036208,0.040196,0.51021,0.046647,0.012872,0.03395,0.03215,0.001275,0.3836,0,0.10653,0.1058,0.080883,0.05629,0.45469,0.99988,0.63177,0.1337,0.23453,0.96758,0.03537,0.0016809,0.36186,6.0573
heurísticas,288,1.8227,1.0569,0.35062,0.35641,0.058745,3.642,0.95799,0.09825,0.98984,0.94821,0.098206,0.19377,0.098817,0.98746,-0.03113,0.041124,0.52029,0.061902,0.030872,0.031712,0.03085,0.000775,0.43888,0,0.11895,0.10845,0.073882,0.059876,0.41643,0.98491,0.62668,0.14274,0.23058,0.98528,0.03537,0.0016809,0.36186,6.0784
heurísticas,289,1.7935,1.0841,0.3871,0.36132,-0.03898,3.7021,0.95587,0.09995,1.0219,0.97679,0.092242,0.18832,0.094778,1.0219,-0.033968,0.043299,0.54461,0.070621,0.036187,0.033075,0.032125,0.0008125,0.51008,0,0.07872,0.10316,0.075807,0.057482,0.29031,0.99851,0.64152,0.13946,0.21902,0.98739,0.03537,0.0016809,0.36186,6.0995
heurísticas,290,1.7903,1.0617,0.36995,0.36131,-0.0026084,3.7692,0.96259,0.096738,1.0015,0.96407,0.10069,0.18984,0.095902,1.0015,-0.03627,0.039752,0.53852,0.064054,0.030927,0.032363,0.031038,0.0007125,0.48794,0,0.072432,0.10491,0.077511,0.050939,0.18423,0.99846,0.62395,0.14849,0.22756,0.99061,0.03537,0.0016809,0.36186,6.1205
heurísticas,291,1.8136,1.0193,0.28991,0.36159,0.14275,3.7824,0.96301,0.0969,0.94393,0.90903,0.11559,0.2115,0.11196,0.95563,-0.019774,0.037298,0.50119,0.062592,0.030128,0.032462,0.031938,0.00055,0.47026,0,0.063045,0.10743,0.079491,0.046082,0.23515,0.99924,0.63299,0.13067,0.23634,0.98542,0.03537,0.0016809,0.36186,6.1416
heurísticas,292,1.7984,1.0176,0.29053,0.36184,0.1284,3.7569,0.96479,0.09605,0.9223,0.88983,0.11375,0.20559,0.10757,0.95059,-0.029276,0.03579,0.49484,0.054873,0.022649,0.031563,0.031075,0.000725,0.44708,0,0.091311,0.11217,0.078106,0.049235,0.2806,0.99993,0.64132,0.13821,0.22048,0.98172,0.03537,0.0016809,0.36186,6.1626
heurísticas,293,1.807,0.98631,0.2542,0.36186,0.20463,3.7192,0.96217,0.098462,0.90172,0.86762,0.11857,0.21917,0.11764,0.90173,-0.024753,0.035932,0.48013,0.052963,0.021222,0.032038,0.03155,0.00095,0.33416,0,0.083175,0.10339,0.079909,0.044751,0.37564,1,0.64402,0.1427,0.21329,0.97629,0.03537,0.0016809,0.36186,6.1837
heurísticas,294,1.7886,0.98342,0.2552,0.36124,0.18877,3.661,0.9592,0.098087,0.89152,0.85514,0.10895,0.21604,0.11532,0.89152,-0.028534,0.036594,0.47818,0.052317,0.019985,0.032725,0.032037,0.0008,0.51048,0,0.096272,0.10302,0.07746,0.047055,0.47552,0.99828,0.63198,0.15062,0.2174,0.97439,0.03537,0.0016809,0.36186,6.2048
heurísticas,295,1.7442,1.0037,0.31955,0.36162,0.05928,3.6341,0.96012,0.097812,0.91304,0.87665,0.093638,0.19206,0.097544,0.91304,-0.049125,0.037129,0.5026,0.057246,0.024114,0.032762,0.031913,0.000625,0.51087,0,0.104,0.098099,0.073946,0.051991,0.4405,0.99932,0.63904,0.14265,0.21831,0.97975,0.03537,0.0016809,0.36186,6.2258
heurísticas,296,1.7575,1.0176,0.33948,0.36185,0.038486,3.6592,0.96045,0.098087,0.95231,0.91465,0.094925,0.19345,0.098581,0.94295,-0.053187,0.038609,0.52045,0.061419,0.028747,0.031912,0.031825,0.0004125,0.47515,0,0.08986,0.10463,0.085714,0.056514,0.34169,0.99995,0.64636,0.14283,0.21081,0.98471,0.03537,0.0016809,0.36186,6.2469
heurísticas,297,1.7856,1.0089,0.3029,0.36186,0.11196,3.6708,0.9624,0.097562,0.93122,0.8962,0.11056,0.20249,0.10528,0.94609,-0.032844,0.03703,0.50192,0.053799,0.021885,0.033063,0.0318,0.0006625,0.49421,0,0.079609,0.094963,0.088574,0.057472,0.34063,1,0.64019,0.15238,0.20743,0.97589,0.03537,0.0016809,0.36186,6.2679
heurísticas,298,1.8148,1.0119,0.30309,0.36158,0.13822,3.6624,0.95755,0.09955,0.94842,0.90812,0.11101,0.20337,0.10593,0.94581,-0.027867,0.039567,0.50039,0.046622,0.014087,0.03275,0.032613,0.001,0.32091,0,0.093618,0.093839,0.084428,0.059036,0.37767,0.99922,0.64488,0.13849,0.21663,0.96551,0.03537,0.0016809,0.36186,6.289
heurísticas,299,1.8065,1.0164,0.30957,0.36038,0.12013,3.6617,0.95924,0.09905,0.95512,0.91619,0.10595,0.20334,0.10591,0.94656,-0.030902,0.039188,0.50715,0.055022,0.0217,0.0331,0.031963,0.000925,0.30096,0,0.092875,0.10529,0.085808,0.055552,0.40316,0.99591,0.64436,0.14395,0.21169,0.97718,0.03537,0.0016809,0.36186,6.3101
atenção limitada,0,1.8591,1.1904,0.39196,0.35942,-0.082599,4.1407,0.95459,0.099538,1.0994,1.0495,0.090951,0.18946,0.095622,1.0961,-0.051576,0.047151,0.56455,0.047772,0.016033,0.032563,0.032662,0.0005,0.60837,7.5e-05,0.015363,0.012312,0.086744,0.0080537,0.082735,0.99325,0.72816,0.27184,0,0.97333,0.03537,0.0016809,0.36186,0.013162
atenção limitada,1,1.8586,1.1927,0.3724,0.32103,-0.027541,4.1689,0.9583,0.097937,1.1042,1.0581,0.095205,0.18694,0.093753,1.1002,0.017233,0.045716,0.56936,0.071175,0.038221,0.031788,0.031375,0,0.58815,0,0.015132,0.048844,0.081412,0.016384,0.00093353,0.88714,0.62127,0.2186,0.16012,0.99878,0.03537,0.0016809,0.36186,0.034222
atenção limitada,2,1.8778,1.1136,0.32637,0.35701,0.080796,4.1636,0.95635,0.099038,1.0215,0.9769,0.11359,0.20525,0.10733,1.0299,-0.00067094,0.043086,0.52033,0.075061,0.042628,0.031363,0.03215,0,0.55636,0,0.028959,0.088455,0.09195,0.01719,0.033277,0.98658,0.63084,0.13998,0.22918,0.99522,0.03537,0.0016809,0.36186,0.055282
atenção limitada,3,1.879,1.0499,0.23909,0.36182,0.22824,4.0967,0.95471,0.0985,0.91753,0.87602,0.12631,0.22485,0.12186,0.94152,-0.0078775,0.039286,0.46615,0.065313,0.032063,0.0324,0.031925,6.25e-05,0.51628,0,0.056718,0.10932,0.085646,0.018866,0.18829,0.99988,0.63232,0.14545,0.22223,0.98059,0.03537,0.0016809,0.36186,0.076342
atenção limitada,4,1.8627,1.0282,0.21877,0.36186,0.25394,3.9829,0.95323,0.10039,0.87556,0.8346,0.12343,0.22459,0.12166,0.90584,-0.014374,0.038031,0.44805,0.052733,0.018435,0.032625,0.0324,0.0007,0.45222,0,0.089877,0.1081,0.074471,0.018811,0.36197,1,0.64399,0.1402,0.21581,0.96428,0.03537,0.0016809,0.36186,0.097402
atenção limitada,5,1.8479,1.0394,0.24157,0.36177,0.20517,3.8777,0.95488,0.10103,0.88884,0.84871,0.11363,0.21584,0.11518,0.91713,-0.020246,0.038024,0.45931,0.044109,0.012322,0.0327,0.0317,0.00125,0.40719,0,0.10624,0.10338,0.072503,0.022101,0.48285,0.99975,0.63901,0.14432,0.21667,0.96158,0.03537,0.0016809,0.36186,0.11846
atenção limitada,6,1.8302,1.0689,0.29909,0.36166,0.10055,3.8154,0.95398,0.10254,0.93637,0.89327,0.10199,0.19994,0.10339,0.95754,-0.031755,0.040389,0.48808,0.049278,0.016311,0.033138,0.031725,0.0014,0.4492,0,0.11239,0.099072,0.072554,0.024329,0.49241,0.99942,0.63706,0.15129,0.21165,0.96703,0.03537,0.0016809,0.36186,0.13952
atenção limitada,7,1.8347,1.1107,0.34757,0.36109,0.015324,3.8076,0.95097,0.10424,0.98889,0.94039,0.095756,0.19165,0.097244,1.0022,-0.035435,0.043847,0.51255,0.056766,0.02433,0.032412,0.031787,0.001225,0.4703,0,0.10434,0.10025,0.075618,0.025684,0.41224,0.99787,0.62394,0.14534,0.23072,0.97327,0.03537,0.0016809,0.36186,0.16058
atenção limitada,8,1.8515,1.1209,0.36069,0.36114,0.0088202,3.836,0.95401,0.10264,1.0198,0.97293,0.10031,0.19346,0.098585,1.0285,-0.028036,0.043974,0.52548,0.060947,0.027365,0.0328,0.031688,0.00045,0.46329,0,0.083699,0.10382,0.080507,0.026277,0.30885,0.99799,0.60273,0.15579,0.24148,0.9791,0.03537,0.0016809,0.36186,0.18164
atenção limitada,9,1.8512,1.0889,0.32563,0.36125,0.075417,3.8538,0.95486,0.10135,0.9925,0.94766,0.10704,0.20225,0.1051,1.0052,-0.023842,0.042472,0.51191,0.061076,0.027594,0.032637,0.031313,0.0008625,0.48884,0,0.073393,0.10859,0.082335,0.021637,0.27408,0.99831,0.61611,0.1381,0.24579,0.98064,0.03537,0.0016809,0.36186,0.2027
atenção limitada,10,1.8476,1.0599,0.2866,0.3618,0.1393,3.8352,0.95657,0.096662,0.94827,0.9071,0.11429,0.21143,0.11191,0.96765,-0.02109,0.03991,0.49095,0.058821,0.027027,0.031912,0.030762,0.0005,0.50785,0,0.080168,0.11026,0.076505,0.020614,0.31109,0.99983,0.61666,0.14755,0.2358,0.97906,0.03537,0.0016809,0.36186,0.22376
atenção limitada,11,1.8451,1.0499,0.27307,0.36179,0.16034,3.7915,0.95562,0.099513,0.93097,0.88965,0.1151,0.21342,0.11338,0.95295,-0.0221,0.039545,0.48216,0.052963,0.02193,0.030588,0.0312,0.0007375,0.43147,0,0.090913,0.10804,0.075171,0.022781,0.37196,0.99979,0.62773,0.14643,0.22583,0.97169,0.03537,0.0016809,0.36186,0.24482
atenção limitada,12,1.8188,1.051,0.28077,0.36156,0.12541,3.7464,0.9472,0.1054,0.93298,0.88372,0.10993,0.20894,0.11006,0.95465,-0.030951,0.042772,0.48589,0.054141,0.021478,0.032813,0.032563,0.0012375,0.47476,0,0.099859,0.10975,0.079016,0.023368,0.41118,0.99915,0.62856,0.14897,0.22247,0.96351,0.03537,0.0016809,0.36186,0.26588
atenção limitada,13,1.8053,1.0536,0.30098,0.3606,0.090106,3.7153,0.95167,0.10155,0.941,0.89553,0.10468,0.20229,0.10513,0.96147,-0.034991,0.041453,0.49605,0.05567,0.021865,0.03345,0.030138,0.000975,0.48788,0,0.10444,0.11419,0.076123,0.021386,0.3998,0.9965,0.60607,0.15276,0.24117,0.97287,0.03537,0.0016809,0.36186,0.28694
atenção limitada,14,1.8159,1.0606,0.31337,0.36139,0.080507,3.7054,0.95637,0.09935,0.95627,0.91455,0.106,0.20227,0.10511,0.97445,-0.03179,0.040332,0.50364,0.056921,0.025237,0.03105,0.030675,0.00075,0.44044,0,0.096681,0.11187,0.077251,0.021501,0.37247,0.99868,0.61342,0.14046,0.24612,0.97834,0.03537,0.0016809,0.36186,0.308
atenção limitada,15,1.7958,1.0533,0.31142,0.36099,0.070063,3.7014,0.95122,0.10276,0.95031,0.90396,0.10597,0.20191,0.10485,0.96938,-0.036698,0.042032,0.50337,0.061247,0.0299,0.031787,0.032225,0.000575,0.45913,0,0.091172,0.11052,0.076028,0.022864,0.3435,0.99758,0.63373,0.1366,0.22967,0.97763,0.03537,0.0016809,0.36186,0.32906
atenção limitada,16,1.7891,1.0427,0.29615,0.3617,0.08861,3.6931,0.95218,0.10174,0.93857,0.89367,0.10976,0.20541,0.10744,0.9594,-0.036308,0.041165,0.4995,0.057739,0.023852,0.033488,0.032387,0.00075,0.44904,0,0.086593,0.11073,0.074887,0.024372,0.32631,0.99954,0.60728,0.15059,0.24213,0.97172,0.03537,0.0016809,0.36186,0.35012
atenção limitada,17,1.7959,1.0317,0.2783,0.36153,0.12429,3.6684,0.95322,0.10226,0.92293,0.87975,0.11296,0.21092,0.11153,0.94611,-0.032761,0.040089,0.48988,0.054848,0.022418,0.032375,0.032287,0.0008375,0.43361,0,0.089886,0.1082,0.073496,0.025007,0.34856,0.99908,0.62847,0.12876,0.24277,0.97171,0.03537,0.0016809,0.36186,0.37118
atenção limitada,18,1.7848,1.0283,0.2819,0.36163,0.11294,3.6377,0.9567,0.10153,0.91892,0.87913,0.11152,0.20924,0.11028,0.9427,-0.034221,0.038635,0.49256,0.054139,0.021253,0.032688,0.030912,0.001,0.48008,0,0.09654,0.11103,0.072519,0.025748,0.36561,0.99934,0.62591,0.1494,0.22469,0.97567,0.03537,0.0016809,0.36186,0.39224
atenção limitada,19,1.7995,1.0344,0.28767,0.36149,0.11592,3.6142,0.95952,0.10103,0.9297,0.89206,0.1117,0.20984,0.11073,0.95186,-0.030303,0.038039,0.49574,0.053508,0.021684,0.0336,0.031925,0.001225,0.40459,0,0.096276,0.1068,0.07413,0.021067,0.37912,0.99896,0.62755,0.14526,0.22719,0.97623,0.03537,0.0016809,0.36186,0.4133
atenção limitada,20,1.7852,1.041,0.303,0.36068,0.08051,3.5997,0.95397,0.10295,0.94293,0.89953,0.10728,0.20535,0.1074,0.96311,-0.03566,0.040674,0.50389,0.058052,0.026067,0.032137,0.031187,0.00135,0.49274,0,0.096772,0.10689,0.072542,0.024611,0.3705,0.99672,0.62149,0.15468,0.22383,0.97665,0.03537,0.0016809,0.36186,0.43436
atenção limitada,21,1.7793,1.0455,0.31291,0.36113,0.059713,3.6006,0.95297,0.10154,0.95459,0.9097,0.10703,0.20344,0.10598,0.97302,-0.037016,0.041559,0.51127,0.059752,0.026724,0.031813,0.031262,0.00065,0.45051,0,0.090768,0.10641,0.075139,0.025952,0.33669,0.99797,0.61086,0.14933,0.23981,0.97624,0.03537,0.0016809,0.36186,0.45542
atenção limitada,22,1.773,1.0372,0.30528,0.36097,0.06956,3.6017,0.95261,0.10376,0.94538,0.90057,0.10864,0.20516,0.10726,0.96519,-0.037935,0.041297,0.50795,0.060297,0.028193,0.032325,0.03225,0.0005875,0.49729,0,0.088317,0.10973,0.082206,0.02387,0.31213,0.99752,0.6213,0.14317,0.23553,0.97809,0.03537,0.0016809,0.36186,0.47648
atenção limitada,23,1.7752,1.0269,0.29353,0.36144,0.093343,3.5922,0.95458,0.10009,0.932,0.88968,0.11211,0.20817,0.10949,0.95382,-0.037447,0.039972,0.50118,0.059504,0.026989,0.032662,0.031838,0.0006,0.47155,0,0.089424,0.11122,0.079655,0.022433,0.30767,0.99882,0.61284,0.14698,0.24018,0.97733,0.03537,0.0016809,0.36186,0.49754
atenção limitada,24,1.7813,1.0227,0.27815,0.36172,0.11867,3.5737,0.95112,0.10106,0.92664,0.88134,0.11637,0.21364,0.11355,0.94926,-0.034732,0.041031,0.49478,0.05775,0.023726,0.03295,0.031087,0.0007375,0.40496,0,0.086991,0.10913,0.077132,0.021132,0.32778,0.99959,0.62306,0.13944,0.2375,0.97072,0.03537,0.0016809,0.36186,0.5186
atenção limitada,25,1.7768,1.0129,0.26915,0.36161,0.13315,3.5448,0.95342,0.10136,0.91012,0.86772,0.11618,0.21544,0.11488,0.93522,-0.03442,0.03946,0.48835,0.056968,0.023938,0.032762,0.03255,0.001175,0.45822,0,0.094902,0.11073,0.076774,0.021717,0.36587,0.9993,0.63619,0.13961,0.2242,0.97376,0.03537,0.0016809,0.36186,0.53966
atenção limitada,26,1.7707,1.0178,0.28251,0.36145,0.10891,3.5181,0.95392,0.10204,0.91904,0.8767,0.11182,0.21092,0.11153,0.9428,-0.037392,0.039655,0.49513,0.056454,0.02266,0.033388,0.031788,0.0010625,0.43091,0,0.10002,0.11187,0.075104,0.024276,0.37809,0.99887,0.63618,0.1427,0.22112,0.97319,0.03537,0.0016809,0.36186,0.56072
atenção limitada,27,1.7718,1.0234,0.29654,0.36132,0.090499,3.5065,0.95716,0.10048,0.93034,0.8905,0.11015,0.20767,0.10912,0.95241,-0.037745,0.038941,0.50261,0.05664,0.023533,0.0333,0.0326,0.00065,0.41701,0,0.10218,0.11197,0.075268,0.023324,0.36887,0.9985,0.63907,0.14481,0.21611,0.97825,0.03537,0.0016809,0.36186,0.58178
atenção limitada,28,1.7653,1.0273,0.30766,0.36135,0.068928,3.5084,0.95471,0.10082,0.9402,0.89761,0.10886,0.20493,0.10709,0.96079,-0.04095,0.040278,0.5085,0.062024,0.027904,0.033412,0.033175,0.0008,0.44879,0,0.093708,0.10891,0.078642,0.023548,0.34022,0.99857,0.63707,0.13737,0.22556,0.97765,0.03537,0.0016809,0.36186,0.60284
atenção limitada,29,1.7655,1.0224,0.29565,0.36133,0.086098,3.5122,0.95259,0.10124,0.93558,0.89122,0.11142,0.20871,0.10989,0.95686,-0.039292,0.040874,0.50479,0.059385,0.026115,0.033625,0.032863,0.00065,0.47978,0,0.089655,0.11034,0.080891,0.022312,0.32212,0.99852,0.63943,0.14249,0.21808,0.97412,0.03537,0.0016809,0.36186,0.6239
atenção limitada,30,1.7673,1.011,0.27962,0.3613,0.1154,3.5031,0.95835,0.099238,0.91844,0.88017,0.11622,0.21349,0.11343,0.94229,-0.034928,0.038014,0.49803,0.056333,0.022513,0.032837,0.031413,0.0008375,0.44167,0,0.09258,0.11504,0.075247,0.024488,0.33369,0.99843,0.62942,0.14473,0.22585,0.97926,0.03537,0.0016809,0.36186,0.64496
atenção limitada,31,1.759,1.0027,0.27097,0.36171,0.12364,3.4815,0.9561,0.10064,0.90458,0.86487,0.1174,0.21572,0.11509,0.93051,-0.036288,0.038248,0.49167,0.057945,0.026413,0.032238,0.03195,0.00085,0.46727,0,0.095499,0.11226,0.072192,0.026638,0.36615,0.99957,0.63635,0.13874,0.22491,0.97679,0.03537,0.0016809,0.36186,0.66602
atenção limitada,32,1.7589,1.008,0.27645,0.36177,0.11264,3.4602,0.95388,0.10346,0.91368,0.87155,0.1132,0.21372,0.1136,0.93825,-0.037836,0.039441,0.49551,0.054556,0.02115,0.033125,0.0325,0.0008375,0.4332,0,0.095141,0.10803,0.074511,0.024477,0.38243,0.99975,0.63973,0.14363,0.21664,0.97037,0.03537,0.0016809,0.36186,0.68708
atenção limitada,33,1.7387,1.011,0.29566,0.36177,0.070256,3.4507,0.95483,0.10151,0.92188,0.88023,0.10858,0.20646,0.10822,0.94522,-0.044296,0.039452,0.50627,0.053036,0.021838,0.032363,0.031725,0.00075,0.47689,0,0.097587,0.10785,0.074282,0.021276,0.36305,0.99974,0.62563,0.15935,0.21503,0.97355,0.03537,0.0016809,0.36186,0.70814
atenção limitada,34,1.7284,1.0103,0.30308,0.36148,0.053584,3.4554,0.95526,0.10196,0.92646,0.88501,0.1094,0.20411,0.10648,0.94911,-0.046947,0.039486,0.51203,0.055797,0.022489,0.032837,0.031688,0.000475,0.47265,0,0.093417,0.10618,0.073691,0.022928,0.32403,0.99895,0.61948,0.15511,0.22541,0.97531,0.03537,0.0016809,0.36186,0.7292
atenção limitada,35,1.7421,1.0039,0.2876,0.36137,0.089242,3.4572,0.95831,0.0995,0.91892,0.88061,0.11318,0.21117,0.11171,0.9427,-0.039617,0.038041,0.50548,0.057609,0.025854,0.031938,0.031413,0.000675,0.49833,0,0.085164,0.10716,0.079566,0.024985,0.31469,0.99863,0.61664,0.14289,0.24047,0.98037,0.03537,0.0016809,0.36186,0.75026
atenção limitada,36,1.7292,0.99685,0.28539,0.36139,0.085593,3.4482,0.95412,0.10159,0.91054,0.86877,0.11291,0.21034,0.11109,0.93558,-0.044539,0.03922,0.5024,0.061174,0.028461,0.033063,0.032563,0.0008125,0.49169,0,0.091154,0.10992,0.081103,0.025806,0.31072,0.99869,0.63593,0.13488,0.22919,0.97926,0.03537,0.0016809,0.36186,0.77132
atenção limitada,37,1.7282,0.99259,0.27798,0.36182,0.09581,3.4372,0.95333,0.10078,0.90675,0.86443,0.11511,0.21234,0.11258,0.93236,-0.044536,0.039345,0.50019,0.05747,0.024181,0.033488,0.032037,0.00075,0.46618,0,0.087272,0.10471,0.079967,0.026012,0.31201,0.99989,0.629,0.14712,0.22388,0.97108,0.03537,0.0016809,0.36186,0.79238
atenção limitada,38,1.7295,0.98562,0.26737,0.36186,0.11467,3.419,0.95467,0.10041,0.89635,0.85572,0.11607,0.21497,0.11453,0.92351,-0.043203,0.038412,0.49477,0.052215,0.018808,0.033313,0.031938,0.0013125,0.47324,0,0.091799,0.10389,0.073872,0.025752,0.33242,0.99999,0.63439,0.13801,0.2276,0.97043,0.03537,0.0016809,0.36186,0.81344
atenção limitada,39,1.7227,0.98559,0.27178,0.36186,0.10348,3.3984,0.95718,0.099713,0.89733,0.85892,0.11523,0.21385,0.11369,0.92435,-0.043208,0.037553,0.49858,0.051462,0.018748,0.032462,0.032212,0.0007125,0.42304,0,0.091006,0.10327,0.073158,0.027353,0.34548,0.99998,0.63036,0.14469,0.22495,0.97221,0.03537,0.0016809,0.36186,0.8345
atenção limitada,40,1.7238,0.99286,0.2878,0.36138,0.081808,3.3865,0.95696,0.099775,0.91141,0.87218,0.11092,0.20934,0.11036,0.93632,-0.045515,0.038225,0.50595,0.053992,0.020763,0.033075,0.031637,0.0012875,0.42646,0,0.094083,0.1014,0.075324,0.027483,0.33807,0.99866,0.63944,0.13542,0.22514,0.97485,0.03537,0.0016809,0.36186,0.85556
atenção limitada,41,1.7279,1.003,0.30145,0.36148,0.061975,3.3927,0.95609,0.10129,0.93144,0.89054,0.11028,0.2077,0.10914,0.95334,-0.044298,0.039387,0.51538,0.058226,0.024741,0.0328,0.032575,0.0007125,0.42881,0,0.087391,0.10194,0.077796,0.026668,0.3079,0.99892,0.629,0.15194,0.21906,0.97752,0.03537,0.0016809,0.36186,0.87662
atenção limitada,42,1.7212,0.99561,0.29464,0.36172,0.069201,3.4013,0.95611,0.10162,0.9224,0.88191,0.11243,0.20915,0.11021,0.94566,-0.045483,0.038998,0.51239,0.058681,0.025521,0.032837,0.03195,0.001125,0.44341,0,0.082574,0.10086,0.080301,0.025505,0.28818,0.99961,0.62291,0.14763,0.22946,0.97769,0.03537,0.0016809,0.36186,0.89768
atenção limitada,43,1.7163,0.98767,0.28259,0.36159,0.084465,3.4017,0.95501,0.10215,0.91244,0.8714,0.11586,0.21246,0.11266,0.9372,-0.04492,0.038978,0.50771,0.057765,0.024754,0.0333,0.0318,0.0009375,0.48334,0,0.080922,0.10315,0.075564,0.025811,0.28473,0.99925,0.63199,0.14296,0.22505,0.97598,0.03537,0.0016809,0.36186,0.91874
atenção limitada,44,1.7267,0.97819,0.26741,0.36139,0.11969,3.3864,0.9585,0.0989,0.89556,0.85841,0.11824,0.21761,0.11649,0.92285,-0.040218,0.037004,0.49714,0.058142,0.025525,0.032063,0.030775,0.0011625,0.47523,0,0.089164,0.10835,0.076293,0.024164,0.31743,0.9987,0.61255,0.15564,0.23181,0.98152,0.03537,0.0016809,0.36186,0.9398
atenção limitada,45,1.731,0.98144,0.27564,0.36185,0.11205,3.37,0.96287,0.096662,0.90036,0.86694,0.11825,0.21522,0.11472,0.92693,-0.039803,0.035628,0.50082,0.054271,0.022592,0.0322,0.030575,0.0005125,0.45905,0,0.09072,0.1054,0.070284,0.024962,0.33805,0.99997,0.62593,0.1401,0.23398,0.98192,0.03537,0.0016809,0.36186,0.96086
atenção limitada,46,1.7184,0.98151,0.28363,0.3613,0.091922,3.3606,0.96137,0.097488,0.90022,0.86545,0.11153,0.21141,0.11189,0.92681,-0.044122,0.036167,0.50365,0.056373,0.025244,0.031587,0.031963,0.0005125,0.52851,0,0.099789,0.11246,0.067457,0.023718,0.34488,0.99845,0.63874,0.13902,0.22224,0.98431,0.03537,0.0016809,0.36186,0.98192
atenção limitada,47,1.7129,0.98541,0.29657,0.36124,0.06971,3.3626,0.95906,0.098187,0.91018,0.87291,0.11021,0.20778,0.1092,0.93527,-0.047298,0.03741,0.5096,0.063353,0.030483,0.0323,0.0316,0.0003375,0.43594,0,0.099428,0.11344,0.071015,0.023112,0.32069,0.99827,0.63561,0.14221,0.22218,0.98583,0.03537,0.0016809,0.36186,1.003
atenção limitada,48,1.7285,0.98837,0.28567,0.36171,0.092772,3.3721,0.95697,0.10016,0.91669,0.87726,0.11776,0.21363,0.11354,0.94081,-0.041794,0.038438,0.50752,0.060408,0.027241,0.032725,0.032637,0.00095,0.43793,0,0.082745,0.10749,0.070148,0.022213,0.31427,0.99957,0.64133,0.1425,0.21616,0.9789,0.03537,0.0016809,0.36186,1.024
atenção limitada,49,1.7291,0.97964,0.26696,0.36179,0.12066,3.364,0.95518,0.1021,0.90089,0.86052,0.11826,0.21843,0.11709,0.92737,-0.0402,0.038421,0.49768,0.055392,0.022529,0.033675,0.032662,0.0010875,0.42759,0,0.087505,0.10793,0.070161,0.023128,0.34467,0.99981,0.6357,0.15323,0.21107,0.97405,0.03537,0.0016809,0.36186,1.0451
atenção limitada,50,1.7113,0.9763,0.27748,0.3615,0.096066,3.3492,0.95578,0.10003,0.89709,0.85742,0.11445,0.21239,0.11261,0.92414,-0.046779,0.038047,0.50102,0.055218,0.023589,0.032238,0.030863,0.00095,0.44159,0,0.09756,0.10997,0.073484,0.025154,0.35382,0.999,0.62555,0.14907,0.22538,0.97599,0.03537,0.0016809,0.36186,1.0662
atenção limitada,51,1.6984,0.97754,0.28875,0.36165,0.070455,3.3453,0.95327,0.10243,0.90319,0.861,0.10954,0.20782,0.10923,0.92933,-0.052016,0.039208,0.50695,0.058404,0.024805,0.03315,0.032113,0.0011,0.41475,0,0.095549,0.10803,0.073044,0.026153,0.33447,0.99941,0.63715,0.14223,0.22062,0.97329,0.03537,0.0016809,0.36186,1.0872
atenção limitada,52,1.7122,0.97953,0.28336,0.36114,0.088131,3.3509,0.95717,0.09995,0.90859,0.86967,0.11591,0.21199,0.11232,0.93392,-0.045262,0.038032,0.50794,0.055688,0.022659,0.032025,0.030725,0.0012875,0.47606,0,0.093188,0.11146,0.074849,0.026446,0.32373,0.998,0.61641,0.15271,0.23088,0.97811,0.03537,0.0016809,0.36186,1.1083
atenção limitada,53,1.7319,0.97487,0.27617,0.36144,0.11938,3.3433,0.95941,0.09985,0.89917,0.86267,0.11747,0.21554,0.11495,0.92592,-0.041478,0.03683,0.49812,0.05882,0.027262,0.032162,0.031063,0.000825,0.46932,0,0.10165,0.1135,0.078079,0.02694,0.34442,0.99883,0.62842,0.14212,0.22946,0.98318,0.03537,0.0016809,0.36186,1.1293
atenção limitada,54,1.7415,0.98928,0.28337,0.36156,0.10727,3.3376,0.95467,0.10114,0.92058,0.87885,0.11538,0.21542,0.11486,0.94411,-0.039889,0.039453,0.50465,0.058656,0.025786,0.03275,0.032113,0.00115,0.37035,0,0.093927,0.10462,0.07502,0.027875,0.35956,0.99916,0.63204,0.15125,0.2167,0.97547,0.03537,0.0016809,0.36186,1.1504
atenção limitada,55,1.7346,0.99839,0.30152,0.3614,0.073334,3.3442,0.95482,0.10036,0.93563,0.89337,0.10981,0.2088,0.10995,0.95691,-0.043568,0.040039,0.51502,0.056145,0.02328,0.033363,0.031462,0.0012125,0.41847,0,0.096539,0.10588,0.074683,0.029798,0.34316,0.99872,0.63023,0.15312,0.21665,0.97433,0.03537,0.0016809,0.36186,1.1715
atenção limitada,56,1.7284,0.99978,0.31043,0.3614,0.056822,3.3626,0.95451,0.10138,0.94075,0.89796,0.11008,0.20619,0.10802,0.96126,-0.045933,0.040376,0.51952,0.059685,0.026951,0.03245,0.0324,0.00105,0.42699,0,0.091156,0.10649,0.075012,0.027549,0.30986,0.99872,0.63758,0.14106,0.22136,0.97875,0.03537,0.0016809,0.36186,1.1925
atenção limitada,57,1.724,0.99257,0.29688,0.36146,0.07308,3.3808,0.95674,0.099375,0.93024,0.89,0.11334,0.21029,0.11106,0.95232,-0.043006,0.039093,0.51624,0.059141,0.026033,0.032675,0.030838,0.0008125,0.44548,0,0.081342,0.10874,0.073628,0.025692,0.29027,0.99888,0.62638,0.14793,0.22569,0.97805,0.03537,0.0016809,0.36186,1.2136
atenção limitada,58,1.7162,0.97788,0.27771,0.36176,0.098843,3.3823,0.95355,0.10085,0.90713,0.86501,0.11602,0.2146,0.11425,0.93268,-0.044622,0.039276,0.50402,0.058222,0.027373,0.030988,0.031238,0.0009375,0.44426,0,0.081066,0.10692,0.073649,0.025508,0.3006,0.99972,0.61815,0.14304,0.23881,0.97691,0.03537,0.0016809,0.36186,1.2346
atenção limitada,59,1.7126,0.96777,0.26641,0.36113,0.11729,3.3685,0.95321,0.10278,0.89209,0.85035,0.11966,0.21636,0.11556,0.91989,-0.04512,0.038752,0.49653,0.058141,0.025161,0.032262,0.032212,0.0007375,0.44898,0,0.091559,0.11069,0.070155,0.025671,0.32584,0.99798,0.61915,0.14468,0.23617,0.97473,0.03537,0.0016809,0.36186,1.2557
atenção limitada,60,1.7048,0.96494,0.26986,0.36165,0.10834,3.3478,0.9531,0.10171,0.88762,0.84599,0.11462,0.21399,0.1138,0.91609,-0.048327,0.038594,0.49625,0.058581,0.025054,0.033687,0.03115,0.0009,0.4707,0,0.097763,0.11167,0.073199,0.026332,0.3488,0.9994,0.62145,0.14,0.23855,0.97358,0.03537,0.0016809,0.36186,1.2768
atenção limitada,61,1.6982,0.96813,0.27452,0.36132,0.09423,3.3365,0.95119,0.10151,0.89461,0.85094,0.11278,0.21244,0.11265,0.92204,-0.04968,0.039585,0.50109,0.057013,0.023754,0.032637,0.032063,0.001525,0.44305,0,0.095274,0.10714,0.077645,0.029477,0.35444,0.99848,0.6241,0.14447,0.23143,0.97055,0.03537,0.0016809,0.36186,1.2978
atenção limitada,62,1.6873,0.9688,0.29036,0.36125,0.066936,3.3328,0.95051,0.10189,0.90248,0.85782,0.10954,0.20652,0.10827,0.92873,-0.055161,0.040177,0.50838,0.059729,0.024824,0.034513,0.03265,0.00095,0.42857,0,0.096646,0.10546,0.076187,0.031058,0.32688,0.9983,0.63681,0.13549,0.2277,0.97141,0.03537,0.0016809,0.36186,1.3189
atenção limitada,63,1.684,0.96759,0.28776,0.36173,0.066901,3.3376,0.95053,0.099862,0.90404,0.85932,0.11094,0.20806,0.1094,0.93006,-0.054698,0.04024,0.51029,0.057679,0.024481,0.032662,0.032063,0.0008875,0.45634,0,0.087347,0.10717,0.07945,0.027895,0.30404,0.99962,0.62477,0.1499,0.22532,0.97072,0.03537,0.0016809,0.36186,1.3399
atenção limitada,64,1.6907,0.95849,0.27437,0.36117,0.096662,3.3365,0.95488,0.098287,0.8909,0.85072,0.11592,0.21205,0.11237,0.91888,-0.050748,0.0381,0.50318,0.054358,0.022568,0.031688,0.0312,0.001,0.45992,0,0.090411,0.10883,0.078817,0.028263,0.3019,0.99809,0.63602,0.13531,0.22867,0.97348,0.03537,0.0016809,0.36186,1.361
atenção limitada,65,1.6986,0.95001,0.2586,0.36135,0.12864,3.3196,0.95381,0.1023,0.87656,0.83607,0.11968,0.21772,0.11657,0.90669,-0.048242,0.037866,0.49221,0.056152,0.023295,0.0335,0.032363,0.0012,0.42116,0,0.097332,0.11248,0.077292,0.027778,0.33447,0.99859,0.64607,0.1484,0.20552,0.97321,0.03537,0.0016809,0.36186,1.3821
atenção limitada,66,1.691,0.95176,0.26721,0.36063,0.11141,3.2969,0.95449,0.10056,0.87863,0.83864,0.11328,0.21447,0.11416,0.90846,-0.049903,0.037719,0.49596,0.059752,0.025899,0.03345,0.0321,0.0005875,0.4014,0,0.10454,0.11636,0.075314,0.031175,0.3594,0.99658,0.63343,0.15174,0.21483,0.97805,0.03537,0.0016809,0.36186,1.4031
atenção limitada,67,1.6938,0.96,0.28289,0.36166,0.089236,3.2926,0.95487,0.10024,0.89517,0.85477,0.1148,0.2109,0.11151,0.92252,-0.050836,0.03829,0.50465,0.060396,0.026719,0.03255,0.031913,0.0007,0.41744,0,0.098867,0.10891,0.078391,0.030315,0.35129,0.99942,0.63498,0.14529,0.21973,0.9773,0.03537,0.0016809,0.36186,1.4242
atenção limitada,68,1.7192,0.97604,0.28465,0.36174,0.096748,3.296,0.95427,0.10203,0.9173,0.87536,0.11285,0.21366,0.11356,0.94133,-0.04445,0.039458,0.50917,0.054599,0.021429,0.032262,0.031837,0.00095,0.3433,0,0.090407,0.10081,0.081401,0.031015,0.35433,0.99966,0.62588,0.14797,0.22614,0.97053,0.03537,0.0016809,0.36186,1.4452
atenção limitada,69,1.7023,0.98068,0.31182,0.3599,0.049913,3.3075,0.95712,0.10104,0.92716,0.88739,0.10824,0.20315,0.10577,0.94971,-0.051222,0.038828,0.52129,0.060332,0.025556,0.034025,0.032462,0.001025,0.43444,0,0.10087,0.10636,0.075826,0.034188,0.31933,0.99457,0.62714,0.14211,0.23075,0.98267,0.03537,0.0016809,0.36186,1.4663
atenção limitada,70,1.7135,0.98501,0.30568,0.36006,0.062765,3.3343,0.95655,0.097775,0.93321,0.89268,0.11073,0.20883,0.10998,0.95485,-0.044201,0.039288,0.52097,0.067356,0.033895,0.032287,0.031813,0.000675,0.44655,0,0.085804,0.11218,0.077025,0.03325,0.28699,0.99501,0.63001,0.14163,0.22836,0.98673,0.03537,0.0016809,0.36186,1.4874
atenção limitada,71,1.7107,0.97168,0.28994,0.36184,0.087208,3.3489,0.9567,0.0998,0.91217,0.87267,0.1164,0.21136,0.11186,0.93696,-0.046809,0.03835,0.51017,0.062432,0.029756,0.032587,0.0317,0.0009125,0.52482,0,0.088373,0.11431,0.079619,0.030248,0.28256,0.99992,0.64224,0.14181,0.21595,0.98258,0.03537,0.0016809,0.36186,1.5084
atenção limitada,72,1.722,0.96138,0.26485,0.36156,0.13423,3.3437,0.95795,0.10011,0.89303,0.85547,0.12085,0.21949,0.11788,0.9207,-0.041265,0.037102,0.49679,0.05944,0.026917,0.033638,0.032387,0.0011375,0.44532,0,0.091522,0.11403,0.076767,0.032376,0.31827,0.99915,0.64097,0.14325,0.21578,0.97977,0.03537,0.0016809,0.36186,1.5295
atenção limitada,73,1.7302,0.96133,0.26331,0.36154,0.14403,3.3222,0.96108,0.098275,0.88774,0.85319,0.11921,0.21875,0.11733,0.9162,-0.040132,0.035766,0.49312,0.052848,0.020283,0.032662,0.030975,0.0008125,0.4111,0,0.10267,0.11294,0.070824,0.031706,0.36993,0.99912,0.62477,0.14956,0.22567,0.9783,0.03537,0.0016809,0.36186,1.5505
atenção limitada,74,1.7294,0.9677,0.27381,0.36173,0.12619,3.3086,0.9629,0.096625,0.89434,0.86115,0.11617,0.21601,0.1153,0.92181,-0.039955,0.035384,0.49794,0.055237,0.023202,0.032125,0.031187,0.0010625,0.43522,0,0.10453,0.11013,0.07337,0.028339,0.4029,0.99963,0.64047,0.13644,0.22309,0.98215,0.03537,0.0016809,0.36186,1.5716
atenção limitada,75,1.7259,0.98337,0.30305,0.36135,0.078133,3.3095,0.95713,0.097475,0.92101,0.88148,0.10908,0.2076,0.10907,0.94448,-0.046034,0.038582,0.51073,0.061572,0.030133,0.031525,0.0312,0.000725,0.47242,0,0.10805,0.11149,0.071509,0.029827,0.38938,0.99858,0.64245,0.14977,0.20779,0.98299,0.03537,0.0016809,0.36186,1.5927
atenção limitada,76,1.7363,0.99987,0.3143,0.36134,0.060782,3.3361,0.95633,0.10038,0.94884,0.90741,0.1094,0.20681,0.10848,0.96814,-0.042372,0.040033,0.52262,0.057933,0.025793,0.031613,0.03155,0.00115,0.40809,0,0.092608,0.10808,0.075324,0.029714,0.35397,0.99854,0.63797,0.15026,0.21177,0.97796,0.03537,0.0016809,0.36186,1.6137
atenção limitada,77,1.723,0.99116,0.3122,0.36098,0.058641,3.3621,0.95867,0.097787,0.9359,0.8972,0.108,0.20424,0.10658,0.95713,-0.046052,0.038616,0.52073,0.0578,0.023593,0.03435,0.031462,0.000625,0.48123,0,0.094596,0.11059,0.076583,0.026158,0.3178,0.99756,0.62464,0.1547,0.22066,0.98071,0.03537,0.0016809,0.36186,1.6348
atenção limitada,78,1.7238,0.98195,0.29403,0.36077,0.087047,3.3791,0.95541,0.099812,0.92243,0.88131,0.11446,0.21061,0.1113,0.94569,-0.044098,0.039256,0.51127,0.063025,0.030495,0.031537,0.032425,0.000675,0.47536,0,0.089284,0.11231,0.077939,0.025716,0.30736,0.99696,0.63847,0.13796,0.22357,0.98154,0.03537,0.0016809,0.36186,1.6558
atenção limitada,79,1.7375,0.97309,0.27403,0.36169,0.12873,3.3751,0.95724,0.10025,0.9047,0.86603,0.11749,0.21594,0.11525,0.93062,-0.040346,0.037837,0.49842,0.058186,0.024119,0.032462,0.031962,0.00055,0.41215,0,0.091684,0.11021,0.080879,0.027292,0.33696,0.99952,0.62901,0.15414,0.21685,0.97714,0.03537,0.0016809,0.36186,1.6769
atenção limitada,80,1.7162,0.97239,0.28589,0.36096,0.096992,3.3635,0.95581,0.1009,0.90463,0.86466,0.11103,0.20955,0.11051,0.93055,-0.047308,0.038351,0.50382,0.058185,0.024516,0.032587,0.031512,0.00065,0.42416,0,0.10261,0.11185,0.081461,0.029961,0.34664,0.9975,0.62746,0.14087,0.23167,0.97633,0.03537,0.0016809,0.36186,1.698
atenção limitada,81,1.7063,0.97364,0.28541,0.36133,0.085939,3.3654,0.95425,0.10082,0.90811,0.86657,0.11247,0.21131,0.11181,0.93351,-0.04576,0.039066,0.50785,0.062306,0.028585,0.033162,0.032212,0.00105,0.49225,0,0.089313,0.10829,0.077677,0.029635,0.34439,0.99853,0.64479,0.14023,0.21498,0.97851,0.03537,0.0016809,0.36186,1.719
atenção limitada,82,1.7117,0.97425,0.29327,0.36158,0.082566,3.3676,0.95591,0.099612,0.91174,0.87154,0.11045,0.20746,0.10896,0.9366,-0.049035,0.038622,0.50918,0.056912,0.023341,0.033375,0.032188,0.00115,0.43726,0,0.094157,0.10703,0.079662,0.029211,0.33132,0.99922,0.63294,0.15925,0.20781,0.9762,0.03537,0.0016809,0.36186,1.7401
atenção limitada,83,1.7211,0.97678,0.29208,0.36131,0.090964,3.3727,0.95608,0.10103,0.91672,0.87645,0.11355,0.20937,0.11038,0.94083,-0.046017,0.038772,0.50924,0.058297,0.025414,0.032912,0.03335,0.000675,0.42086,0,0.089273,0.10415,0.079276,0.030643,0.32537,0.99847,0.64881,0.13668,0.21451,0.97695,0.03537,0.0016809,0.36186,1.7611
atenção limitada,84,1.7363,0.97906,0.28266,0.36104,0.11359,3.3713,0.95505,0.10182,0.9165,0.87531,0.1141,0.21393,0.11376,0.94065,-0.040642,0.039136,0.50411,0.058045,0.025344,0.033013,0.032025,0.0007875,0.44357,0,0.092875,0.10728,0.080926,0.027658,0.34771,0.99771,0.62878,0.15259,0.21864,0.97787,0.03537,0.0016809,0.36186,1.7822
atenção limitada,85,1.7359,0.98141,0.29684,0.36114,0.09654,3.3688,0.95534,0.10064,0.92063,0.87951,0.11151,0.20881,0.10996,0.94416,-0.045253,0.039209,0.50666,0.063048,0.028935,0.033,0.0317,0.000475,0.43726,0,0.10457,0.11239,0.081177,0.027088,0.34702,0.99799,0.62597,0.15234,0.22168,0.98198,0.03537,0.0016809,0.36186,1.8032
atenção limitada,86,1.7415,0.98898,0.29679,0.36176,0.094017,3.3798,0.95626,0.09975,0.932,0.89124,0.1129,0.21114,0.11169,0.95382,-0.040208,0.039346,0.51175,0.061513,0.027409,0.033263,0.032238,0.000775,0.42847,0,0.086978,0.1065,0.08216,0.028874,0.33937,0.9997,0.62666,0.14171,0.23163,0.97937,0.03537,0.0016809,0.36186,1.8243
atenção limitada,87,1.7239,0.98567,0.30632,0.36104,0.070853,3.389,0.95723,0.098637,0.92674,0.88711,0.10757,0.20494,0.10709,0.94935,-0.046899,0.038767,0.5146,0.059093,0.026314,0.032637,0.03185,0.00085,0.38826,0,0.094554,0.10605,0.081815,0.035506,0.32265,0.99772,0.63537,0.13878,0.22585,0.98021,0.03537,0.0016809,0.36186,1.8454
atenção limitada,88,1.7349,0.98487,0.2962,0.36186,0.092003,3.4038,0.95718,0.099913,0.92673,0.88704,0.11285,0.20958,0.11054,0.94934,-0.042996,0.038786,0.51129,0.058196,0.025853,0.032387,0.0317,0.000875,0.44519,0,0.087109,0.10559,0.079737,0.033871,0.31221,0.99997,0.64091,0.13551,0.22358,0.97848,0.03537,0.0016809,0.36186,1.8664
atenção limitada,89,1.73,0.97866,0.28466,0.36162,0.10505,3.4029,0.95665,0.10159,0.9146,0.87496,0.11434,0.21229,0.11254,0.93903,-0.042029,0.038469,0.50576,0.059379,0.025824,0.032837,0.032137,0.001075,0.40725,0,0.088008,0.1092,0.08223,0.031955,0.33,0.99933,0.63702,0.14467,0.21832,0.97746,0.03537,0.0016809,0.36186,1.8875
atenção limitada,90,1.7278,0.97394,0.28214,0.36102,0.11071,3.3966,0.95561,0.10112,0.90707,0.8668,0.11391,0.21133,0.11183,0.93263,-0.044472,0.038532,0.50168,0.057507,0.024997,0.032425,0.03155,0.000925,0.4119,0,0.094737,0.10754,0.081467,0.033592,0.34452,0.99767,0.61807,0.15635,0.22558,0.97611,0.03537,0.0016809,0.36186,1.9085
atenção limitada,91,1.7283,0.98057,0.28781,0.36133,0.098582,3.3905,0.95196,0.10318,0.91764,0.87355,0.1133,0.21079,0.11143,0.94161,-0.044162,0.040323,0.50548,0.060584,0.026438,0.032962,0.0321,0.00085,0.46735,0,0.096757,0.11013,0.073747,0.03366,0.35808,0.99852,0.63138,0.14085,0.22777,0.97482,0.03537,0.0016809,0.36186,1.9296
atenção limitada,92,1.7201,0.97658,0.28907,0.36103,0.093392,3.3893,0.95363,0.10151,0.91191,0.86962,0.11015,0.2094,0.1104,0.93674,-0.045744,0.039463,0.50558,0.060802,0.027001,0.033563,0.0323,0.0008375,0.45699,0,0.099454,0.11396,0.072175,0.032394,0.35658,0.9977,0.62833,0.14943,0.22224,0.97819,0.03537,0.0016809,0.36186,1.9507
atenção limitada,93,1.7156,0.98077,0.30557,0.3611,0.06817,3.3955,0.95608,0.102,0.92203,0.88153,0.10814,0.20426,0.10659,0.94535,-0.048404,0.038996,0.51384,0.060142,0.028622,0.031313,0.031313,0.0011,0.42699,0,0.095784,0.11125,0.078034,0.033001,0.3333,0.99787,0.62008,0.14522,0.23471,0.98127,0.03537,0.0016809,0.36186,1.9717
atenção limitada,94,1.7206,0.97812,0.29758,0.3606,0.084351,3.4081,0.95458,0.10401,0.91953,0.87776,0.11089,0.20732,0.10886,0.94322,-0.046374,0.039441,0.51015,0.063472,0.029998,0.03365,0.0327,0.00065,0.4875,0,0.091339,0.10995,0.083877,0.029038,0.31712,0.99649,0.61783,0.14999,0.23218,0.98076,0.03537,0.0016809,0.36186,1.9928
atenção limitada,95,1.7448,0.97792,0.28336,0.36155,0.12194,3.4078,0.95474,0.10222,0.91617,0.8747,0.11555,0.21275,0.11288,0.94037,-0.041921,0.03924,0.50133,0.05808,0.025447,0.032813,0.031925,0.0007375,0.40426,0,0.091985,0.10533,0.08031,0.032451,0.33703,0.99913,0.62296,0.13498,0.24206,0.97494,0.03537,0.0016809,0.36186,2.0138
atenção limitada,96,1.7272,0.97841,0.29153,0.3604,0.096815,3.4007,0.95817,0.099575,0.91467,0.8764,0.1092,0.20815,0.10948,0.93909,-0.043869,0.037921,0.50743,0.055774,0.022254,0.032787,0.031175,0.0009375,0.48051,0,0.097854,0.11062,0.079743,0.032245,0.34412,0.99596,0.62122,0.14564,0.23314,0.97893,0.03537,0.0016809,0.36186,2.0349
atenção limitada,97,1.7578,0.98702,0.29023,0.36174,0.11882,3.4029,0.95873,0.0994,0.92621,0.88798,0.11522,0.2127,0.11285,0.9489,-0.03713,0.038191,0.50517,0.058749,0.025804,0.033225,0.032563,0.0007375,0.38029,0,0.096228,0.10622,0.075805,0.031533,0.35803,0.99964,0.63448,0.13291,0.2326,0.97925,0.03537,0.0016809,0.36186,2.056
atenção limitada,98,1.7648,0.99712,0.29904,0.36145,0.10715,3.4023,0.9575,0.099125,0.93749,0.89765,0.11145,0.20983,0.11072,0.95849,-0.037831,0.039116,0.50865,0.055504,0.023312,0.033125,0.03135,0.001525,0.41835,0,0.098888,0.10523,0.074863,0.032239,0.37478,0.99886,0.63603,0.14443,0.21954,0.97528,0.03537,0.0016809,0.36186,2.077
atenção limitada,99,1.7636,1.0062,0.31106,0.36174,0.084612,3.4145,0.95687,0.099538,0.9513,0.91027,0.10877,0.20675,0.10843,0.97023,-0.038854,0.039933,0.51615,0.055312,0.022392,0.032962,0.03215,0.0012375,0.35451,0,0.093332,0.10318,0.072532,0.035848,0.36081,0.99965,0.64105,0.14205,0.21689,0.97375,0.03537,0.0016809,0.36186,2.0981
atenção limitada,100,1.766,1.0114,0.31242,0.36176,0.080344,3.4368,0.95731,0.09955,0.95875,0.91781,0.11023,0.20681,0.10848,0.97655,-0.037057,0.040078,0.51973,0.052426,0.020313,0.03255,0.03095,0.0012625,0.34776,0,0.086406,0.099638,0.069248,0.037184,0.34467,0.99972,0.63341,0.14643,0.22016,0.97314,0.03537,0.0016809,0.36186,2.1191
atenção limitada,101,1.7677,1.0021,0.30107,0.3614,0.10308,3.4515,0.95957,0.099775,0.94034,0.90234,0.11138,0.20924,0.11028,0.96091,-0.03597,0.038451,0.51047,0.056321,0.023513,0.032337,0.031938,0.00095,0.39153,0,0.09438,0.10816,0.073725,0.037519,0.34733,0.9987,0.63241,0.14861,0.21898,0.97998,0.03537,0.0016809,0.36186,2.1402
atenção limitada,102,1.7591,1.002,0.29894,0.36118,0.096974,3.456,0.95848,0.098425,0.9378,0.89886,0.11113,0.21006,0.11089,0.95875,-0.035378,0.038761,0.51099,0.060688,0.027029,0.032825,0.031813,0.000325,0.49428,0,0.090001,0.11463,0.074349,0.040178,0.35764,0.99811,0.63156,0.14377,0.22466,0.98262,0.03537,0.0016809,0.36186,2.1613
atenção limitada,103,1.7577,0.99525,0.29928,0.36144,0.10177,3.4612,0.95868,0.098337,0.92749,0.88917,0.11363,0.20808,0.10942,0.94999,-0.039551,0.038259,0.50587,0.061792,0.028862,0.032175,0.031587,0.00045,0.43661,0,0.099074,0.11208,0.073136,0.036517,0.3582,0.99882,0.63175,0.14949,0.21876,0.98251,0.03537,0.0016809,0.36186,2.1823
atenção limitada,104,1.7764,0.99951,0.28999,0.36147,0.12548,3.4592,0.95663,0.098925,0.93152,0.89112,0.11238,0.21148,0.11194,0.95341,-0.035749,0.039189,0.50163,0.055099,0.02216,0.032,0.031387,0.0007625,0.354,0,0.095865,0.10624,0.072888,0.035986,0.37827,0.99892,0.62494,0.15313,0.22193,0.97263,0.03537,0.0016809,0.36186,2.2034
atenção limitada,105,1.7761,1.0099,0.30183,0.36136,0.103,3.4607,0.95625,0.10026,0.94642,0.90499,0.11026,0.20896,0.11008,0.96607,-0.034691,0.039969,0.50954,0.05447,0.023021,0.032188,0.032587,0.0008875,0.3726,0,0.096344,0.1058,0.071724,0.036895,0.38495,0.99859,0.64033,0.14129,0.21838,0.97398,0.03537,0.0016809,0.36186,2.2244
atenção limitada,106,1.7674,1.0182,0.32268,0.36025,0.066278,3.4754,0.94949,0.10406,0.9609,0.91236,0.10417,0.20167,0.10467,0.97838,-0.042587,0.04317,0.51622,0.063087,0.028686,0.033962,0.033225,0.001075,0.45845,0,0.10354,0.10972,0.072802,0.038855,0.35405,0.99553,0.64497,0.1471,0.20793,0.97451,0.03537,0.0016809,0.36186,2.2455
atenção limitada,107,1.7856,1.0228,0.31496,0.36114,0.086653,3.5041,0.95379,0.10244,0.96947,0.92466,0.11427,0.20783,0.10924,0.98567,-0.033275,0.041892,0.51789,0.062251,0.027848,0.033263,0.031725,0.000625,0.43029,0,0.083836,0.10735,0.07512,0.038057,0.33101,0.99801,0.62035,0.1579,0.22174,0.97786,0.03537,0.0016809,0.36186,2.2666
atenção limitada,108,1.7871,1.0135,0.29732,0.36153,0.1148,3.5082,0.95497,0.10316,0.94887,0.90613,0.11001,0.21061,0.1113,0.96816,-0.03299,0.040558,0.50703,0.056993,0.023001,0.033638,0.032575,0.0011,0.36451,0,0.087555,0.10647,0.077476,0.040463,0.35442,0.99909,0.62197,0.14121,0.23682,0.97251,0.03537,0.0016809,0.36186,2.2876
atenção limitada,109,1.7511,1.0025,0.3024,0.36174,0.084398,3.5103,0.95595,0.1011,0.93229,0.89122,0.10803,0.20535,0.1074,0.95406,-0.041535,0.039476,0.50896,0.058615,0.025763,0.032537,0.031512,0.0008875,0.47631,0,0.091415,0.11032,0.076073,0.043274,0.34731,0.99965,0.62718,0.14606,0.22676,0.97743,0.03537,0.0016809,0.36186,2.3087
atenção limitada,110,1.7443,0.99155,0.29116,0.36176,0.099886,3.5132,0.9573,0.10119,0.91768,0.87849,0.1133,0.20746,0.10896,0.94165,-0.041738,0.038363,0.50362,0.055465,0.02295,0.03295,0.031425,0.00105,0.42629,0,0.086846,0.10272,0.074691,0.042409,0.34351,0.9997,0.62344,0.15416,0.2224,0.97485,0.03537,0.0016809,0.36186,2.3297
atenção limitada,111,1.768,0.98787,0.26994,0.36157,0.1486,3.4971,0.95978,0.101,0.90686,0.87039,0.11173,0.21512,0.11464,0.93245,-0.033069,0.037008,0.49232,0.049715,0.01769,0.032863,0.031813,0.001175,0.43987,0,0.097072,0.10847,0.075156,0.038878,0.39181,0.99918,0.62485,0.14433,0.23082,0.97475,0.03537,0.0016809,0.36186,2.3508
atenção limitada,112,1.732,0.99841,0.31598,0.36061,0.057044,3.4898,0.95791,0.10029,0.92606,0.88709,0.10326,0.19859,0.10239,0.94877,-0.048034,0.038482,0.51216,0.059771,0.027126,0.032525,0.031725,0.0008625,0.45132,0,0.10277,0.10817,0.078923,0.035761,0.35716,0.99653,0.63303,0.13503,0.23195,0.98175,0.03537,0.0016809,0.36186,2.3719
atenção limitada,113,1.7334,1.0012,0.31389,0.36176,0.056577,3.5109,0.95674,0.0996,0.93814,0.89755,0.10644,0.20234,0.10517,0.95903,-0.044202,0.039428,0.51779,0.060999,0.028951,0.03285,0.031975,0.000825,0.39963,0,0.080607,0.10189,0.081248,0.035129,0.31942,0.9997,0.63357,0.14162,0.22481,0.98048,0.03537,0.0016809,0.36186,2.3929
atenção limitada,114,1.7477,0.99648,0.30349,0.36155,0.086194,3.5224,0.95728,0.098538,0.93332,0.89345,0.10963,0.20452,0.10679,0.95495,-0.042656,0.039024,0.51123,0.056055,0.022993,0.032075,0.031175,0.0005875,0.4395,0,0.085023,0.10182,0.080906,0.035077,0.30144,0.99914,0.63322,0.14479,0.22198,0.97369,0.03537,0.0016809,0.36186,2.414
atenção limitada,115,1.7571,0.98723,0.28114,0.36144,0.12734,3.5182,0.95743,0.098863,0.9161,0.87709,0.11398,0.21129,0.1118,0.9403,-0.038546,0.038251,0.49918,0.053725,0.021277,0.032125,0.031262,0.0007875,0.41925,0,0.08998,0.10812,0.08276,0.038577,0.32551,0.99884,0.62275,0.1506,0.22664,0.97561,0.03537,0.0016809,0.36186,2.435
atenção limitada,116,1.7486,0.98332,0.28051,0.36156,0.12323,3.498,0.95643,0.10062,0.90615,0.86667,0.11117,0.21087,0.11149,0.93185,-0.039892,0.038193,0.49565,0.059894,0.02687,0.03225,0.032325,0.000725,0.50143,0,0.09704,0.11301,0.083212,0.040181,0.36435,0.99915,0.62231,0.14066,0.23702,0.97893,0.03537,0.0016809,0.36186,2.4561
atenção limitada,117,1.7371,0.98947,0.29775,0.36181,0.088033,3.493,0.95538,0.099812,0.91961,0.87858,0.10619,0.20536,0.10741,0.94329,-0.044785,0.039148,0.50579,0.060064,0.02682,0.032438,0.031175,0.000625,0.49748,0,0.091523,0.1098,0.076237,0.039358,0.35064,0.99986,0.62601,0.14519,0.2288,0.97789,0.03537,0.0016809,0.36186,2.4772
atenção limitada,118,1.7231,0.98966,0.31093,0.36176,0.060782,3.5022,0.95814,0.096,0.92306,0.88442,0.10674,0.20006,0.10348,0.94622,-0.04949,0.038278,0.51327,0.059213,0.024516,0.033237,0.031075,0.0006,0.50584,0,0.089766,0.10751,0.074677,0.036752,0.30969,0.99971,0.62516,0.14571,0.22912,0.98031,0.03537,0.0016809,0.36186,2.4982
atenção limitada,119,1.7601,0.98127,0.2746,0.36186,0.14242,3.5039,0.96026,0.096562,0.90901,0.87289,0.11684,0.21402,0.11383,0.93428,-0.035786,0.036924,0.49596,0.053013,0.020986,0.031712,0.031725,0.0006125,0.35447,0,0.076106,0.098219,0.075094,0.037692,0.33891,0.99999,0.64515,0.13362,0.22123,0.97243,0.03537,0.0016809,0.36186,2.5193
atenção limitada,120,1.7775,0.97982,0.26673,0.36172,0.16926,3.4788,0.96259,0.097837,0.89951,0.86586,0.11721,0.21505,0.11459,0.9262,-0.033941,0.035698,0.48711,0.045463,0.014354,0.032412,0.032287,0.0012,0.39084,0,0.11035,0.10792,0.073158,0.041349,0.40243,0.99959,0.65137,0.14182,0.20681,0.97238,0.03537,0.0016809,0.36186,2.5403
atenção limitada,121,1.7652,0.9965,0.28789,0.36186,0.11891,3.4583,0.96069,0.09805,0.92319,0.88689,0.10737,0.21047,0.11119,0.94633,-0.034316,0.037343,0.50248,0.050053,0.018202,0.032675,0.031787,0.0008375,0.36725,0,0.095463,0.1014,0.067624,0.040841,0.43068,1,0.64122,0.14796,0.21082,0.97156,0.03537,0.0016809,0.36186,2.5614
atenção limitada,122,1.7607,1.0176,0.33119,0.36159,0.050268,3.4729,0.96166,0.096675,0.95441,0.91784,0.10241,0.19741,0.10152,0.97287,-0.042683,0.038226,0.52129,0.05137,0.019002,0.032587,0.0309,0.0008125,0.4103,0,0.10378,0.097881,0.069166,0.041742,0.38274,0.99925,0.63378,0.14744,0.21878,0.97643,0.03537,0.0016809,0.36186,2.5825
atenção limitada,123,1.7539,1.0261,0.34325,0.36128,0.023283,3.5113,0.96235,0.098075,0.97013,0.93359,0.10061,0.19639,0.10076,0.98623,-0.040966,0.038598,0.53231,0.05838,0.024985,0.032537,0.032475,0.0008875,0.47779,0,0.086502,0.099982,0.071165,0.042541,0.31547,0.99839,0.64408,0.14346,0.21246,0.98504,0.03537,0.0016809,0.36186,2.6035
atenção limitada,124,1.7701,1.0147,0.32289,0.36181,0.070698,3.5526,0.96071,0.099862,0.95971,0.92201,0.11,0.20404,0.10643,0.97737,-0.036341,0.038808,0.52093,0.064249,0.032108,0.032512,0.03215,0.00055,0.51358,0,0.078292,0.10326,0.069779,0.040278,0.27181,0.99985,0.63777,0.14442,0.21781,0.98936,0.03537,0.0016809,0.36186,2.6246
atenção limitada,125,1.7849,1.0013,0.28947,0.36138,0.13279,3.5595,0.96254,0.098837,0.9332,0.89824,0.11653,0.21297,0.11305,0.95484,-0.029601,0.037053,0.50324,0.060676,0.028498,0.032363,0.030913,0.00075,0.42475,0,0.084205,0.10726,0.073133,0.036852,0.30817,0.99865,0.62742,0.15598,0.2166,0.98567,0.03537,0.0016809,0.36186,2.6456
atenção limitada,126,1.7734,0.99616,0.28249,0.36185,0.13289,3.5434,0.95915,0.1001,0.92033,0.88273,0.1146,0.21248,0.11268,0.9439,-0.033614,0.037792,0.49777,0.057186,0.024972,0.031813,0.031775,0.00075,0.42134,0,0.088194,0.10519,0.077902,0.035986,0.35357,0.99997,0.62461,0.14973,0.22566,0.97814,0.03537,0.0016809,0.36186,2.6667
atenção limitada,127,1.7813,1.0003,0.28295,0.36179,0.13621,3.5251,0.95756,0.10095,0.92352,0.88432,0.11218,0.21214,0.11243,0.94661,-0.033065,0.03851,0.49648,0.052286,0.020474,0.032188,0.031725,0.0005375,0.45417,0,0.09711,0.1043,0.078127,0.034434,0.39695,0.99981,0.61662,0.14721,0.23616,0.97291,0.03537,0.0016809,0.36186,2.6878
atenção limitada,128,1.7811,1.0128,0.30183,0.36173,0.10473,3.5155,0.95653,0.10107,0.94382,0.90279,0.10683,0.20613,0.10797,0.96386,-0.03597,0.039743,0.50689,0.049645,0.01698,0.032925,0.032563,0.00065,0.41959,0,0.099448,0.099265,0.078403,0.032864,0.40344,0.99962,0.6276,0.13978,0.23263,0.96538,0.03537,0.0016809,0.36186,2.7088
atenção limitada,129,1.8011,1.0323,0.31923,0.36184,0.0877,3.5262,0.95528,0.10278,0.97525,0.93162,0.10819,0.2037,0.10618,0.99058,-0.033585,0.041565,0.51724,0.047311,0.014891,0.032875,0.032325,0.0015,0.37259,0,0.094584,0.095333,0.081323,0.034766,0.38766,0.99994,0.63104,0.14639,0.22256,0.96459,0.03537,0.0016809,0.36186,2.7299
atenção limitada,130,1.7992,1.042,0.33693,0.36182,0.058449,3.5489,0.95787,0.10151,0.98757,0.94598,0.1013,0.2005,0.1038,1.0011,-0.033472,0.041055,0.52578,0.055875,0.022181,0.034125,0.031413,0.001025,0.37047,0,0.089071,0.10137,0.080293,0.037145,0.35001,0.99987,0.62547,0.1437,0.23083,0.97633,0.03537,0.0016809,0.36186,2.7509
atenção limitada,131,1.7502,1.0333,0.34155,0.36089,0.014449,3.5845,0.95315,0.10247,0.97312,0.92752,0.10138,0.19488,0.099639,0.98877,-0.045224,0.042302,0.52995,0.061201,0.026444,0.0333,0.0328,0.001175,0.48993,0,0.08008,0.10357,0.07682,0.03685,0.28428,0.99731,0.63393,0.14112,0.22495,0.97464,0.03537,0.0016809,0.36186,2.772
atenção limitada,132,1.7442,0.99968,0.3004,0.35901,0.085074,3.5992,0.95832,0.1,0.93046,0.89169,0.1085,0.20443,0.10672,0.95251,-0.038688,0.038513,0.51121,0.060252,0.02768,0.032613,0.03215,0.0006375,0.52454,0,0.074469,0.11105,0.075894,0.037679,0.27149,0.99211,0.63248,0.14064,0.22689,0.9845,0.03537,0.0016809,0.36186,2.7931
atenção limitada,133,1.7392,0.97476,0.27056,0.36126,0.13261,3.5808,0.95753,0.1015,0.8912,0.85336,0.11545,0.21207,0.11238,0.91914,-0.04022,0.037171,0.49067,0.063275,0.030063,0.032387,0.031938,0.0004125,0.5333,0,0.089174,0.11593,0.079618,0.036519,0.30719,0.99832,0.62907,0.14887,0.22206,0.98433,0.03537,0.0016809,0.36186,2.8141
atenção limitada,134,1.7525,0.97269,0.26117,0.36184,0.15678,3.5428,0.95879,0.099075,0.88492,0.84845,0.11757,0.21417,0.11394,0.9138,-0.038357,0.036467,0.48415,0.053108,0.020162,0.032613,0.031413,0.0006125,0.4222,0,0.095713,0.10167,0.083178,0.032231,0.37189,0.99993,0.61873,0.15202,0.22925,0.97118,0.03537,0.0016809,0.36186,2.8352
atenção limitada,135,1.786,0.99127,0.26771,0.36166,0.16538,3.5059,0.96026,0.1,0.90866,0.87255,0.11414,0.21579,0.11514,0.93398,-0.029783,0.036909,0.48858,0.047358,0.015018,0.032525,0.030363,0.001675,0.31846,0,0.10258,0.095024,0.082609,0.033363,0.44233,0.99943,0.6284,0.13991,0.23169,0.97022,0.03537,0.0016809,0.36186,2.8562
atenção limitada,136,1.7518,1.0217,0.3319,0.35967,0.038541,3.5003,0.96085,0.099488,0.95314,0.9158,0.096156,0.19703,0.10123,0.97179,-0.041209,0.038502,0.52281,0.057799,0.024884,0.031825,0.031525,0.0017625,0.39803,0,0.10147,0.098458,0.080019,0.037708,0.40384,0.99394,0.62415,0.13902,0.23683,0.98467,0.03537,0.0016809,0.36186,2.8773
atenção limitada,137,1.748,1.0476,0.3745,0.36164,-0.035752,3.5553,0.95419,0.10194,0.99416,0.94863,0.097148,0.18911,0.095361,1.0067,-0.046927,0.042794,0.54268,0.069638,0.035695,0.033812,0.031975,0.000725,0.46057,0,0.089853,0.10164,0.079569,0.037116,0.27736,0.99937,0.62949,0.13845,0.23206,0.98519,0.03537,0.0016809,0.36186,2.8984
atenção limitada,138,1.7552,1.0226,0.33591,0.36077,0.035985,3.6092,0.95963,0.09905,0.97173,0.93247,0.10503,0.19919,0.10283,0.98759,-0.039105,0.039729,0.53126,0.065373,0.031092,0.032437,0.031288,0.0006125,0.47011,0,0.070613,0.10522,0.081937,0.037889,0.21121,0.99697,0.61322,0.14804,0.23874,0.98944,0.03537,0.0016809,0.36186,2.9194
atenção limitada,139,1.7801,0.9952,0.28313,0.36171,0.14005,3.6139,0.96064,0.097725,0.92672,0.89024,0.11847,0.21394,0.11376,0.94933,-0.031213,0.037502,0.50013,0.061422,0.030346,0.031963,0.031262,0.0011,0.42969,0,0.076672,0.10884,0.089813,0.040618,0.25221,0.99957,0.63222,0.12677,0.241,0.98308,0.03537,0.0016809,0.36186,2.9405
atenção limitada,140,1.7644,0.98093,0.26432,0.36178,0.15736,3.5777,0.95989,0.098187,0.89688,0.86091,0.116,0.21505,0.11459,0.92397,-0.034665,0.036561,0.48793,0.054053,0.021916,0.031625,0.031363,0.001025,0.40999,0,0.085551,0.10563,0.081911,0.041283,0.32948,0.99977,0.63166,0.13716,0.23118,0.97674,0.03537,0.0016809,0.36186,2.9615
atenção limitada,141,1.7451,0.98817,0.28535,0.36172,0.10983,3.5492,0.95961,0.097,0.90847,0.87178,0.11029,0.20859,0.1098,0.93382,-0.039321,0.037137,0.49957,0.058878,0.026174,0.033537,0.03185,0.0006625,0.43852,0,0.092076,0.10775,0.072753,0.036771,0.35829,0.99959,0.63473,0.14335,0.22192,0.98212,0.03537,0.0016809,0.36186,2.9826
atenção limitada,142,1.7412,0.98848,0.28476,0.36186,0.1061,3.5355,0.95461,0.099288,0.91083,0.86949,0.10939,0.20806,0.10941,0.93583,-0.041703,0.039056,0.49938,0.055855,0.023837,0.031725,0.032425,0.000525,0.4839,0,0.09317,0.10533,0.073908,0.034066,0.37318,1,0.64241,0.13709,0.22051,0.9705,0.03537,0.0016809,0.36186,3.0037
atenção limitada,143,1.7429,0.99059,0.28898,0.36183,0.1015,3.5242,0.96094,0.097425,0.91566,0.8799,0.10863,0.20605,0.10792,0.93993,-0.040158,0.036939,0.50485,0.046543,0.013398,0.03315,0.030337,0.00115,0.41042,0,0.090435,0.096245,0.072183,0.033023,0.37902,0.9999,0.63422,0.14569,0.22009,0.97002,0.03537,0.0016809,0.36186,3.0247
atenção limitada,144,1.7399,0.99748,0.30586,0.36183,0.074768,3.5188,0.95749,0.099225,0.92697,0.88755,0.10221,0.20249,0.10528,0.94955,-0.043729,0.038688,0.51013,0.055172,0.024175,0.031475,0.031712,0.0011,0.45899,0,0.095722,0.099618,0.070586,0.038004,0.36869,0.99991,0.64043,0.14029,0.21928,0.97859,0.03537,0.0016809,0.36186,3.0458
atenção limitada,145,1.7215,1.0164,0.34588,0.36146,-0.0021611,3.5461,0.95829,0.098062,0.95527,0.91543,0.09835,0.19196,0.097475,0.9736,-0.050727,0.039555,0.53175,0.06326,0.028782,0.03335,0.030875,0.0010375,0.47019,0,0.081319,0.097436,0.073568,0.04001,0.2785,0.99888,0.63461,0.14667,0.21872,0.98451,0.03537,0.0016809,0.36186,3.0668
atenção limitada,146,1.7171,0.99202,0.30949,0.36155,0.054089,3.5818,0.95897,0.097087,0.93199,0.89375,0.10903,0.2022,0.10506,0.95381,-0.045199,0.038339,0.5205,0.06121,0.028039,0.032137,0.03165,0.000675,0.4295,0,0.056709,0.09622,0.075718,0.038564,0.23469,0.99912,0.63056,0.14474,0.22471,0.98176,0.03537,0.0016809,0.36186,3.0879
atenção limitada,147,1.7058,0.95667,0.26203,0.36121,0.12585,3.5676,0.95576,0.099725,0.87624,0.8375,0.11443,0.21165,0.11206,0.90642,-0.046025,0.037158,0.49096,0.058607,0.026422,0.031963,0.03275,0.0006375,0.5106,0,0.079137,0.11091,0.080547,0.037094,0.272,0.9982,0.64546,0.13336,0.22118,0.97699,0.03537,0.0016809,0.36186,3.109
atenção limitada,148,1.7169,0.94199,0.24276,0.36183,0.17034,3.5203,0.95969,0.098337,0.85188,0.81753,0.11853,0.21632,0.11553,0.88572,-0.044081,0.034799,0.47618,0.05205,0.018696,0.03285,0.031112,0.0006375,0.46357,0,0.099083,0.11118,0.083453,0.035534,0.34473,0.99992,0.62485,0.15205,0.2231,0.97377,0.03537,0.0016809,0.36186,3.13
atenção limitada,149,1.6999,0.94715,0.26137,0.36184,0.12956,3.4707,0.95825,0.10041,0.86213,0.82615,0.11029,0.20959,0.11054,0.89443,-0.049598,0.035708,0.48602,0.052393,0.019752,0.032475,0.032387,0.0010125,0.39531,0,0.10355,0.1027,0.080988,0.037494,0.3925,0.99994,0.64329,0.13406,0.22265,0.97069,0.03537,0.0016809,0.36186,3.1511
atenção limitada,150,1.7279,0.97135,0.28847,0.3618,0.1063,3.4503,0.96063,0.10028,0.89925,0.86385,0.10597,0.20518,0.10727,0.92598,-0.046177,0.036393,0.49995,0.05184,0.017662,0.033238,0.0321,0.0012125,0.41587,0,0.10943,0.098484,0.079292,0.043202,0.40066,0.99981,0.65007,0.14208,0.20785,0.97428,0.03537,0.0016809,0.36186,3.1721
atenção limitada,151,1.742,0.99874,0.31663,0.36177,0.06481,3.4585,0.96217,0.098025,0.94555,0.90977,0.10502,0.20242,0.10523,0.96534,-0.039983,0.037692,0.52226,0.052263,0.020161,0.031988,0.031488,0.0006,0.39226,0,0.089825,0.094984,0.079621,0.044694,0.37232,0.99974,0.63091,0.15997,0.20911,0.97499,0.03537,0.0016809,0.36186,3.1932
atenção limitada,152,1.7572,1.0147,0.32992,0.36156,0.050974,3.4853,0.95948,0.098775,0.96757,0.92836,0.10448,0.20008,0.10349,0.98406,-0.039627,0.039608,0.52832,0.052587,0.01997,0.0327,0.031125,0.0008625,0.3618,1.25e-05,0.083792,0.090203,0.079758,0.04486,0.33297,0.99916,0.62894,0.15113,0.21992,0.97316,0.03537,0.0016809,0.36186,3.2143
atenção limitada,153,1.7829,1.0149,0.32111,0.35969,0.087262,3.5113,0.95983,0.097687,0.96642,0.9276,0.10789,0.20432,0.10664,0.98308,-0.033804,0.039421,0.52026,0.059381,0.025291,0.03245,0.032,0.0007375,0.41014,0,0.096059,0.1041,0.079562,0.046913,0.31965,0.99398,0.62768,0.14759,0.22473,0.98544,0.03537,0.0016809,0.36186,3.2353
atenção limitada,154,1.7675,1.0161,0.32253,0.3594,0.069511,3.5298,0.96194,0.0987,0.96307,0.92642,0.106,0.20401,0.1064,0.98023,-0.032178,0.038471,0.52412,0.063616,0.031286,0.032813,0.032162,0.000775,0.43116,0,0.083502,0.10658,0.082325,0.042574,0.31174,0.99318,0.63904,0.14148,0.21948,0.98751,0.03537,0.0016809,0.36186,3.2564
atenção limitada,155,1.7846,1.0105,0.31237,0.36141,0.10031,3.5446,0.96127,0.098812,0.95181,0.91494,0.11169,0.2062,0.10803,0.97066,-0.033408,0.03828,0.51268,0.061398,0.028809,0.032875,0.03185,0.0007875,0.46865,0,0.09163,0.1042,0.082997,0.042242,0.31331,0.99875,0.63869,0.14497,0.21633,0.9849,0.03537,0.0016809,0.36186,3.2774
atenção limitada,156,1.7802,1.0047,0.29642,0.36126,0.11787,3.5461,0.95594,0.098587,0.93953,0.89812,0.11116,0.20937,0.11038,0.96022,-0.035077,0.039789,0.5045,0.061398,0.027535,0.03405,0.032613,0.0006625,0.50831,0,0.092482,0.10704,0.080548,0.039198,0.33547,0.99833,0.64842,0.14499,0.20658,0.97779,0.03537,0.0016809,0.36186,3.2985
atenção limitada,157,1.765,1.0009,0.29228,0.36097,0.11078,3.5395,0.95688,0.098812,0.9317,0.89153,0.1134,0.20962,0.11056,0.95357,-0.034371,0.039105,0.50513,0.059115,0.026574,0.032262,0.032088,0.0006375,0.40092,0,0.093301,0.1105,0.076286,0.040886,0.35906,0.99753,0.64607,0.14454,0.20939,0.97843,0.03537,0.0016809,0.36186,3.3196
atenção limitada,158,1.7634,0.99932,0.29326,0.36155,0.10924,3.5273,0.95236,0.0998,0.92718,0.88301,0.10822,0.20844,0.10969,0.94972,-0.038946,0.040591,0.50078,0.061481,0.02888,0.032162,0.032475,0.0004375,0.47489,0,0.095107,0.1114,0.08146,0.046585,0.38192,0.99912,0.64066,0.14896,0.21038,0.9768,0.03537,0.0016809,0.36186,3.3406
atenção limitada,159,1.7554,1.0008,0.30503,0.36173,0.087778,3.5286,0.9566,0.098675,0.93237,0.8919,0.10743,0.20385,0.10629,0.95413,-0.041643,0.039239,0.50811,0.059877,0.025324,0.032212,0.030887,0.000975,0.43425,0,0.095553,0.11115,0.084862,0.04212,0.36629,0.99963,0.63158,0.15316,0.21526,0.97593,0.03537,0.0016809,0.36186,3.3617
atenção limitada,160,1.7619,0.99405,0.29638,0.36162,0.10987,3.5287,0.95775,0.09905,0.92286,0.88388,0.11115,0.20514,0.10724,0.94605,-0.041215,0.038412,0.50166,0.056439,0.022095,0.0334,0.0314,0.0015375,0.45067,1.25e-05,0.099658,0.10752,0.080457,0.045423,0.37129,0.99933,0.63905,0.14551,0.21544,0.97275,0.03537,0.0016809,0.36186,3.3827
atenção limitada,161,1.7696,0.99698,0.28382,0.36179,0.12702,3.5193,0.96266,0.097375,0.92369,0.8892,0.11053,0.21087,0.11149,0.94676,-0.031996,0.036632,0.50249,0.046017,0.013804,0.031962,0.03045,0.0011375,0.39209,0,0.084691,0.096083,0.078324,0.043106,0.40049,0.99978,0.63132,0.14607,0.22261,0.97154,0.03537,0.0016809,0.36186,3.4038
atenção limitada,162,1.7563,0.99951,0.30128,0.36142,0.094098,3.5105,0.95824,0.097263,0.92766,0.88892,0.10576,0.2046,0.10684,0.95013,-0.039762,0.03843,0.50613,0.055514,0.023511,0.031463,0.030812,0.000475,0.45036,0,0.10075,0.10218,0.075282,0.042573,0.40497,0.99876,0.62678,0.14859,0.22462,0.97654,0.03537,0.0016809,0.36186,3.4249
atenção limitada,163,1.7645,1.0199,0.33553,0.36122,0.047842,3.5241,0.95849,0.099288,0.96024,0.92035,0.10099,0.19708,0.10127,0.97782,-0.042552,0.039698,0.5216,0.05795,0.026747,0.030462,0.031325,0.0007,0.39332,0,0.096759,0.10144,0.075339,0.043906,0.35753,0.99822,0.63151,0.14811,0.22037,0.98282,0.03537,0.0016809,0.36186,3.4459
atenção limitada,164,1.7775,1.0307,0.34242,0.36093,0.04348,3.5609,0.95416,0.10316,0.98107,0.9361,0.10414,0.19827,0.10215,0.99553,-0.039207,0.042243,0.52664,0.066047,0.032403,0.033063,0.033225,0.000475,0.42755,0,0.085506,0.10323,0.077648,0.040311,0.30041,0.99742,0.63591,0.15364,0.21045,0.98278,0.03537,0.0016809,0.36186,3.467
atenção limitada,165,1.7984,1.0253,0.31645,0.36177,0.094956,3.5897,0.95646,0.10159,0.97455,0.93211,0.11069,0.2073,0.10884,0.98998,-0.030525,0.041069,0.51829,0.060667,0.027757,0.033138,0.031125,0.0008625,0.40704,0,0.073283,0.099688,0.076324,0.043436,0.2887,0.99975,0.61826,0.15041,0.23133,0.97831,0.03537,0.0016809,0.36186,3.488
atenção limitada,166,1.7951,1.0206,0.30954,0.36108,0.10386,3.5955,0.95655,0.10124,0.96196,0.92017,0.10909,0.20659,0.10832,0.97929,-0.032354,0.0405,0.5126,0.0571,0.024167,0.03155,0.031337,0.0007625,0.40365,0,0.084621,0.10124,0.080476,0.043202,0.3078,0.99784,0.62271,0.13966,0.23763,0.97719,0.03537,0.0016809,0.36186,3.5091
atenção limitada,167,1.7925,1.0165,0.30689,0.36172,0.10745,3.5965,0.95649,0.10103,0.95383,0.91233,0.10961,0.20731,0.10885,0.97237,-0.032825,0.040179,0.50897,0.061273,0.028424,0.032063,0.030887,0.0005375,0.43436,0,0.085561,0.1019,0.077779,0.043699,0.3175,0.99959,0.61555,0.14946,0.23499,0.98044,0.03537,0.0016809,0.36186,3.5302
atenção limitada,168,1.8042,1.0227,0.30257,0.36132,0.11758,3.5974,0.9536,0.1023,0.9601,0.91555,0.11228,0.20927,0.1103,0.97771,-0.030066,0.041557,0.50745,0.060117,0.025485,0.03355,0.033687,0.0006625,0.41016,0,0.084187,0.099449,0.078994,0.044419,0.34071,0.99849,0.62705,0.13982,0.23313,0.97222,0.03537,0.0016809,0.36186,3.5512
atenção limitada,169,1.8185,1.0234,0.29978,0.36175,0.13353,3.5954,0.95979,0.10057,0.95593,0.91749,0.11112,0.20964,0.11058,0.97416,-0.0268,0.039012,0.50454,0.053446,0.019424,0.033638,0.032387,0.000825,0.42375,0,0.09804,0.10779,0.073569,0.039373,0.36947,0.9997,0.64352,0.13364,0.22285,0.97677,0.03537,0.0016809,0.36186,3.5723
atenção limitada,170,1.812,1.0266,0.31496,0.36154,0.10893,3.5911,0.95812,0.099812,0.95883,0.91867,0.10753,0.2036,0.1061,0.97662,-0.033034,0.039769,0.50699,0.05618,0.022733,0.033013,0.031875,0.00065,0.3101,0,0.10369,0.10745,0.075812,0.040863,0.37885,0.99911,0.63207,0.14965,0.21829,0.97434,0.03537,0.0016809,0.36186,3.5933
atenção limitada,171,1.8218,1.0391,0.31582,0.36108,0.10587,3.6061,0.95622,0.10057,0.97691,0.93414,0.10824,0.20643,0.1082,0.992,-0.026605,0.041262,0.51275,0.056843,0.023995,0.032462,0.031863,0.001025,0.45326,0,0.089325,0.1063,0.076244,0.043109,0.37482,0.99782,0.62578,0.15075,0.22347,0.97507,0.03537,0.0016809,0.36186,3.6144
atenção limitada,172,1.8244,1.0326,0.30044,0.36148,0.12991,3.6121,0.95448,0.1021,0.96139,0.91761,0.11356,0.21092,0.11152,0.9788,-0.024778,0.041277,0.50296,0.060338,0.027252,0.033162,0.032175,0.0009625,0.41855,0,0.098589,0.11206,0.072482,0.045833,0.40766,0.99895,0.6339,0.14403,0.22207,0.97764,0.03537,0.0016809,0.36186,3.6355
atenção limitada,173,1.8003,1.0349,0.31993,0.36122,0.084267,3.6103,0.9579,0.10136,0.9603,0.91987,0.10487,0.20218,0.10505,0.97787,-0.032481,0.039912,0.51095,0.060755,0.02732,0.032637,0.032063,0.001025,0.43096,0,0.10259,0.11166,0.072777,0.049321,0.40895,0.99823,0.62042,0.15319,0.2264,0.98038,0.03537,0.0016809,0.36186,3.6565
atenção limitada,174,1.7966,1.0443,0.34329,0.36182,0.047194,3.6295,0.95567,0.10139,0.9738,0.93063,0.1015,0.19542,0.10004,0.98935,-0.039998,0.041342,0.51801,0.063492,0.029865,0.031863,0.031838,0.0004875,0.42092,0,0.10118,0.10691,0.078724,0.050868,0.35053,0.99987,0.6167,0.1458,0.2375,0.98014,0.03537,0.0016809,0.36186,3.6776
atenção limitada,175,1.8007,1.043,0.32861,0.36138,0.067717,3.655,0.95518,0.10224,0.98013,0.93621,0.10445,0.20177,0.10474,0.99473,-0.032139,0.041798,0.51991,0.061406,0.028399,0.033188,0.032063,0.000625,0.41348,0,0.083392,0.10687,0.084535,0.050843,0.31814,0.99865,0.62445,0.14548,0.23007,0.97959,0.03537,0.0016809,0.36186,3.6986
atenção limitada,176,1.7881,1.0245,0.30797,0.36163,0.094075,3.6649,0.95605,0.099575,0.95397,0.91204,0.10825,0.20459,0.10683,0.9725,-0.033885,0.040357,0.51005,0.058097,0.025086,0.033513,0.032262,0.000775,0.4772,0,0.081688,0.10415,0.079073,0.046341,0.31309,0.99937,0.62399,0.1367,0.2393,0.97369,0.03537,0.0016809,0.36186,3.7197
atenção limitada,177,1.8029,1.0181,0.28725,0.36157,0.13606,3.6549,0.95405,0.10005,0.94223,0.89894,0.11287,0.20968,0.11061,0.96251,-0.030798,0.040612,0.4986,0.050198,0.018752,0.031712,0.031313,0.000825,0.37678,0,0.090004,0.10241,0.082936,0.043902,0.34784,0.99918,0.63126,0.13702,0.23172,0.96557,0.03537,0.0016809,0.36186,3.7408
atenção limitada,178,1.7914,1.0147,0.29676,0.36137,0.11857,3.6313,0.95233,0.10091,0.93491,0.89034,0.10602,0.20603,0.1079,0.9563,-0.036478,0.040945,0.497,0.060367,0.026628,0.0333,0.032225,0.0008625,0.43604,0,0.10315,0.10584,0.08552,0.044457,0.37416,0.99862,0.62653,0.14578,0.22769,0.97607,0.03537,0.0016809,0.36186,3.7618
atenção limitada,179,1.8408,1.0476,0.32111,0.36182,0.11028,3.6338,0.9528,0.10241,0.99017,0.94348,0.1124,0.20635,0.10814,1.0033,-0.025941,0.043159,0.5125,0.059723,0.025544,0.0333,0.032712,0.0006,0.30611,0,0.08713,0.090928,0.080325,0.046531,0.372,0.99988,0.634,0.14081,0.22519,0.9715,0.03537,0.0016809,0.36186,3.7829
atenção limitada,180,1.8794,1.0722,0.3334,0.36153,0.11225,3.6496,0.9515,0.10458,1.0216,0.9721,0.10693,0.20579,0.10772,1.03,-0.019776,0.045073,0.51723,0.054734,0.020945,0.034138,0.0331,0.001425,0.39099,0,0.098677,0.097405,0.078997,0.048596,0.38509,0.99909,0.64238,0.13941,0.21821,0.96788,0.03537,0.0016809,0.36186,3.8039
atenção limitada,181,1.8898,1.0887,0.34614,0.36101,0.093927,3.6761,0.95576,0.10085,1.0422,0.99613,0.10431,0.20518,0.10727,1.0475,-0.012968,0.044209,0.52712,0.058031,0.023937,0.0335,0.032238,0.0008875,0.32691,1.25e-05,0.090625,0.10231,0.075198,0.046101,0.38147,0.99763,0.62417,0.15121,0.22462,0.97726,0.03537,0.0016809,0.36186,3.825
atenção limitada,182,1.8655,1.0961,0.37193,0.35878,0.038709,3.7181,0.9596,0.09855,1.0404,0.99835,0.10212,0.19561,0.10018,1.0459,-0.020033,0.042534,0.53516,0.065127,0.031762,0.0332,0.031925,0.000875,0.40759,0,0.091063,0.10475,0.074513,0.047741,0.33397,0.99147,0.6439,0.13688,0.21922,0.9889,0.03537,0.0016809,0.36186,3.8461
atenção limitada,183,1.8766,1.0755,0.33638,0.36167,0.10306,3.7614,0.95889,0.098113,1.0131,0.97144,0.11,0.20552,0.10752,1.0228,-0.015414,0.041719,0.51761,0.068635,0.033737,0.033225,0.032287,0.0006125,0.52218,0,0.086845,0.115,0.074678,0.049212,0.32419,0.99948,0.64095,0.14641,0.21264,0.98917,0.03537,0.0016809,0.36186,3.8671
atenção limitada,184,1.8785,1.057,0.3082,0.36186,0.15138,3.7674,0.95934,0.098675,0.97711,0.93738,0.11389,0.21017,0.11097,0.99217,-0.016185,0.04005,0.49902,0.066342,0.033219,0.0328,0.03195,0.000875,0.45421,0,0.091268,0.11173,0.072172,0.050885,0.36534,0.99999,0.64615,0.14624,0.2076,0.98667,0.03537,0.0016809,0.36186,3.8882
atenção limitada,185,1.8433,1.0546,0.30721,0.36178,0.11971,3.7576,0.96011,0.098475,0.96617,0.92762,0.10578,0.20706,0.10867,0.98286,-0.020427,0.039305,0.50322,0.057645,0.025235,0.032813,0.0321,0.000875,0.43883,0,0.086234,0.11149,0.069951,0.05347,0.39349,0.99976,0.64001,0.14585,0.21414,0.97739,0.03537,0.0016809,0.36186,3.9092
atenção limitada,186,1.8436,1.0549,0.31561,0.36177,0.11131,3.7535,0.95986,0.09815,0.96814,0.92928,0.10736,0.20184,0.1048,0.98454,-0.02626,0.039481,0.50406,0.05211,0.018055,0.0335,0.032287,0.0006625,0.44321,0,0.094513,0.10612,0.071568,0.051843,0.3977,0.99973,0.64972,0.13618,0.2141,0.97296,0.03537,0.0016809,0.36186,3.9303
atenção limitada,187,1.8405,1.0435,0.2984,0.36177,0.13686,3.743,0.95843,0.0985,0.94976,0.91027,0.10884,0.20629,0.1081,0.96892,-0.025037,0.039276,0.4946,0.052572,0.020877,0.032012,0.032,0.00065,0.44466,0,0.095225,0.10338,0.078312,0.054267,0.42227,0.99973,0.64606,0.14593,0.20801,0.97234,0.03537,0.0016809,0.36186,3.9514
atenção limitada,188,1.8737,1.0608,0.3057,0.36089,0.14629,3.7274,0.95894,0.098788,0.97477,0.93477,0.10892,0.20788,0.10928,0.99017,-0.016892,0.040098,0.49888,0.053591,0.020101,0.033363,0.031912,0.0010875,0.32037,0,0.10198,0.10578,0.081733,0.05119,0.45606,0.99729,0.64281,0.14411,0.21308,0.97596,0.03537,0.0016809,0.36186,3.9724
atenção limitada,189,1.852,1.0952,0.36611,0.35853,0.032163,3.7292,0.9575,0.10034,1.0171,0.97384,0.096468,0.19277,0.098077,1.0261,-0.024863,0.042435,0.52584,0.065438,0.032149,0.033013,0.032662,0.0013125,0.40505,0,0.10738,0.10776,0.079812,0.049367,0.41913,0.99079,0.65417,0.13386,0.21197,0.98496,0.03537,0.0016809,0.36186,3.9935
atenção limitada,190,1.8522,1.1153,0.39263,0.35843,-0.0141,3.79,0.95928,0.10088,1.0506,1.0079,0.094709,0.1899,0.095948,1.0547,-0.022103,0.043078,0.54411,0.069941,0.035673,0.034,0.032863,0.0006125,0.4904,0,0.081243,0.10811,0.081969,0.053086,0.29664,0.99051,0.65187,0.14514,0.20299,0.99167,0.03537,0.0016809,0.36186,4.0145
atenção limitada,191,1.852,1.0755,0.34567,0.36181,0.069091,3.8411,0.96011,0.097988,1.0049,0.96491,0.10536,0.19897,0.10267,1.0158,-0.024029,0.040859,0.52096,0.06468,0.033236,0.032,0.031738,0.0004375,0.44345,0,0.073959,0.10951,0.081872,0.052561,0.25766,0.99984,0.6298,0.15396,0.21623,0.98852,0.03537,0.0016809,0.36186,4.0356
atenção limitada,192,1.8873,1.0482,0.28323,0.36186,0.19409,3.8377,0.9608,0.097662,0.95899,0.92138,0.12093,0.21614,0.1154,0.97676,-0.011316,0.038753,0.48824,0.059737,0.02619,0.032425,0.031125,0.0006625,0.44758,0,0.086092,0.11454,0.082213,0.05029,0.32864,0.99999,0.63139,0.13759,0.23103,0.98201,0.03537,0.0016809,0.36186,4.0567
atenção limitada,193,1.8647,1.0411,0.28314,0.36184,0.17863,3.7912,0.95832,0.099087,0.9395,0.90034,0.11168,0.21156,0.112,0.9602,-0.019667,0.038892,0.48285,0.058482,0.025564,0.0328,0.0325,0.0006625,0.45245,0,0.10269,0.10878,0.074386,0.054124,0.41481,0.99992,0.63465,0.14584,0.2195,0.9757,0.03537,0.0016809,0.36186,4.0777
atenção limitada,194,1.8771,1.0514,0.28602,0.36182,0.17785,3.7602,0.95941,0.098287,0.95201,0.91338,0.11261,0.21174,0.11214,0.97083,-0.015392,0.03899,0.48661,0.052541,0.017691,0.033412,0.031913,0.0011,0.42909,0,0.10492,0.1043,0.074808,0.052714,0.47474,0.99987,0.64592,0.13215,0.22193,0.97223,0.03537,0.0016809,0.36186,4.0988
atenção limitada,195,1.8727,1.0679,0.31887,0.36171,0.12418,3.7398,0.95933,0.098725,0.97452,0.93487,0.10538,0.20242,0.10523,0.98996,-0.02153,0.039956,0.49917,0.053005,0.021304,0.032738,0.031813,0.001225,0.33677,0,0.10802,0.098499,0.077025,0.051446,0.49631,0.99958,0.64351,0.14358,0.21291,0.97324,0.03537,0.0016809,0.36186,4.1198
atenção limitada,196,1.8761,1.1064,0.35945,0.35991,0.050362,3.7576,0.95356,0.10057,1.029,0.98116,0.095144,0.19514,0.099828,1.0362,-0.022552,0.044557,0.52305,0.055295,0.022865,0.032962,0.032313,0.0007125,0.36533,0,0.096463,0.094569,0.077926,0.050711,0.44641,0.99459,0.64328,0.14378,0.21294,0.97293,0.03537,0.0016809,0.36186,4.1409
atenção limitada,197,1.8485,1.1297,0.40332,0.36005,-0.044583,3.8169,0.95403,0.10068,1.0572,1.0086,0.092937,0.18545,0.092646,1.0602,-0.028369,0.045579,0.54568,0.065942,0.031552,0.032537,0.032537,0.0004625,0.47712,0,0.08234,0.098631,0.074935,0.050111,0.31142,0.99499,0.63468,0.14719,0.21813,0.98345,0.03537,0.0016809,0.36186,4.162
atenção limitada,198,1.8564,1.1021,0.36527,0.36184,0.027177,3.8824,0.95528,0.099938,1.0399,0.9934,0.10055,0.19622,0.10063,1.0455,-0.022373,0.044312,0.53514,0.065637,0.0322,0.033125,0.032325,0.0005125,0.4327,0,0.060906,0.10197,0.078066,0.05402,0.23004,0.99993,0.63025,0.14311,0.22664,0.98298,0.03537,0.0016809,0.36186,4.183
atenção limitada,199,1.8319,1.067,0.32753,0.3617,0.075642,3.9,0.95714,0.098788,0.98933,0.94692,0.10782,0.19994,0.10339,1.0026,-0.027057,0.041426,0.51695,0.058059,0.02491,0.033025,0.032088,0.000475,0.47027,0,0.062215,0.10187,0.083777,0.053034,0.21524,0.99955,0.63483,0.14132,0.22385,0.97528,0.03537,0.0016809,0.36186,4.2041
atenção limitada,200,1.822,1.0213,0.26245,0.36182,0.17639,3.8717,0.95701,0.098975,0.91525,0.87592,0.11384,0.21461,0.11426,0.93958,-0.023325,0.038359,0.48069,0.05707,0.025235,0.03205,0.031587,0.0006375,0.46865,0,0.074107,0.10965,0.08356,0.057578,0.2903,0.99989,0.63615,0.14241,0.22143,0.97924,0.03537,0.0016809,0.36186,4.2251
atenção limitada,201,1.829,1.0124,0.2592,0.36186,0.19552,3.8067,0.95797,0.097575,0.89857,0.86081,0.11817,0.21252,0.11271,0.9254,-0.027602,0.037319,0.47061,0.050605,0.018224,0.0317,0.030575,0.000625,0.39585,0,0.094574,0.094339,0.081454,0.056467,0.3852,0.99999,0.62872,0.1512,0.22008,0.9661,0.03537,0.0016809,0.36186,4.2462
atenção limitada,202,1.8522,1.0383,0.27311,0.36168,0.17915,3.7537,0.95759,0.097925,0.93645,0.89678,0.10994,0.21209,0.11239,0.95761,-0.019851,0.03902,0.48413,0.039834,0.00809,0.03165,0.030725,0.000925,0.30228,0,0.087904,0.08227,0.077715,0.047977,0.45509,0.99948,0.6267,0.14987,0.22343,0.95893,0.03537,0.0016809,0.36186,4.2673
atenção limitada,203,1.8299,1.0668,0.33468,0.36174,0.066651,3.7327,0.95592,0.099888,0.97636,0.93334,0.097719,0.1952,0.099875,0.99153,-0.033194,0.04135,0.51004,0.051397,0.018907,0.032837,0.032512,0.0009,0.34687,0,0.10483,0.091174,0.071436,0.050327,0.4342,0.99966,0.62755,0.14655,0.2259,0.97301,0.03537,0.0016809,0.36186,4.2883
atenção limitada,204,1.8389,1.1009,0.37794,0.35718,0.0028767,3.7705,0.95539,0.098475,1.0275,0.9816,0.094809,0.18906,0.095323,1.035,-0.028611,0.043745,0.53379,0.0658,0.034135,0.031825,0.030963,0.0008875,0.42839,0,0.091569,0.10015,0.068629,0.053403,0.32893,0.98706,0.62795,0.1456,0.22646,0.98459,0.03537,0.0016809,0.36186,4.3094
atenção limitada,205,1.8603,1.077,0.33473,0.36111,0.087472,3.8206,0.95671,0.0976,1.0098,0.96604,0.10612,0.20187,0.10482,1.02,-0.020682,0.042473,0.51935,0.058707,0.024889,0.032662,0.031037,0.0006625,0.46131,0,0.061779,0.095267,0.074495,0.055934,0.28634,0.99791,0.62643,0.14052,0.23304,0.97613,0.03537,0.0016809,0.36186,4.3304
atenção limitada,206,1.8336,1.0459,0.30199,0.36186,0.12382,3.8182,0.96361,0.093312,0.95724,0.92243,0.11158,0.20709,0.10869,0.97528,-0.021092,0.037591,0.50307,0.057531,0.025822,0.032425,0.031712,0.0007125,0.39386,0,0.071771,0.10282,0.081358,0.052755,0.31974,0.99998,0.65502,0.13256,0.21243,0.98238,0.03537,0.0016809,0.36186,4.3515
atenção limitada,207,1.8088,1.0238,0.27835,0.36186,0.14481,3.79,0.95963,0.097075,0.91924,0.88213,0.11161,0.20856,0.10978,0.94297,-0.028082,0.037569,0.48768,0.055754,0.022604,0.031738,0.031625,0.00075,0.4065,0,0.086182,0.10238,0.07828,0.050391,0.37294,0.99998,0.65623,0.14569,0.19808,0.97604,0.03537,0.0016809,0.36186,4.3726
atenção limitada,208,1.7917,1.0146,0.28427,0.36185,0.13099,3.7482,0.9588,0.098687,0.90357,0.86634,0.1074,0.20394,0.10636,0.92965,-0.037001,0.03723,0.48356,0.059604,0.025646,0.033363,0.032625,0.000525,0.48913,0,0.10582,0.10834,0.076826,0.053832,0.40486,0.99997,0.64418,0.14958,0.20624,0.98007,0.03537,0.0016809,0.36186,4.3936
atenção limitada,209,1.8035,1.0199,0.28477,0.36173,0.13714,3.7153,0.95898,0.10064,0.91799,0.88032,0.10939,0.20688,0.10853,0.94191,-0.030726,0.037762,0.48815,0.05333,0.022659,0.0318,0.031712,0.0004625,0.45131,0,0.10545,0.1081,0.078326,0.054615,0.43648,0.99962,0.6308,0.15732,0.21188,0.97603,0.03537,0.0016809,0.36186,4.4147
atenção limitada,210,1.8486,1.0449,0.29944,0.36177,0.1425,3.6882,0.95963,0.09925,0.95577,0.91718,0.10989,0.20818,0.10949,0.97403,-0.021081,0.039065,0.49614,0.052838,0.019261,0.032762,0.032412,0.0007,0.30176,0,0.1079,0.099843,0.081666,0.049864,0.47715,0.99974,0.62994,0.14728,0.22278,0.9733,0.03537,0.0016809,0.36186,4.4357
atenção limitada,211,1.8774,1.0896,0.35835,0.36051,0.068933,3.6899,0.95885,0.0983,1.0145,0.97268,0.098247,0.19533,0.099973,1.0239,-0.023968,0.041799,0.51808,0.055288,0.022395,0.033037,0.031512,0.001125,0.25236,0,0.11938,0.092557,0.080015,0.043884,0.45205,0.99625,0.63647,0.13588,0.22765,0.97658,0.03537,0.0016809,0.36186,4.4568
atenção limitada,212,1.9102,1.1481,0.41323,0.36017,-0.011331,3.7515,0.9568,0.098513,1.1068,1.059,0.093579,0.19174,0.09731,1.1024,-0.012179,0.046492,0.55442,0.062903,0.030063,0.032,0.031587,0.0007125,0.35333,0,0.086925,0.095791,0.080741,0.047318,0.34655,0.99531,0.63274,0.14964,0.21762,0.98359,0.03537,0.0016809,0.36186,4.4779
atenção limitada,213,1.8813,1.1504,0.4292,0.35939,-0.057745,3.8429,0.95842,0.098788,1.1007,1.0549,0.091816,0.18535,0.092574,1.0972,-0.020909,0.045525,0.56073,0.068945,0.035266,0.03375,0.03225,0.0005875,0.42414,0,0.076971,0.10642,0.076317,0.049588,0.20876,0.99317,0.64196,0.14257,0.21547,0.99277,0.03537,0.0016809,0.36186,4.4989
atenção limitada,214,1.8908,1.0912,0.34327,0.36089,0.09543,3.9087,0.95856,0.098862,1.0333,0.99051,0.11362,0.20569,0.10765,1.04,-0.011065,0.042677,0.52393,0.073122,0.040522,0.031875,0.032462,0.00045,0.33101,1.25e-05,0.060972,0.11615,0.082683,0.054443,0.17889,0.99731,0.64142,0.14148,0.2171,0.99244,0.03537,0.0016809,0.36186,4.52
atenção limitada,215,1.8569,1.0395,0.2717,0.36178,0.18391,3.8873,0.95507,0.099788,0.94402,0.90161,0.12054,0.21721,0.11619,0.96403,-0.015759,0.040301,0.48551,0.063206,0.031221,0.031787,0.031412,0.0005375,0.39976,0,0.069211,0.10947,0.082417,0.051868,0.28388,0.99977,0.62408,0.15483,0.22109,0.97709,0.03537,0.0016809,0.36186,4.541
atenção limitada,216,1.8595,1.022,0.24912,0.3614,0.22696,3.8176,0.95943,0.098175,0.90622,0.86945,0.11755,0.21978,0.11809,0.93191,-0.015063,0.037111,0.46761,0.05257,0.019033,0.032325,0.031438,0.000525,0.4489,0,0.10294,0.11071,0.078374,0.047667,0.41748,0.99871,0.62789,0.1458,0.22631,0.97438,0.03537,0.0016809,0.36186,4.5621
atenção limitada,217,1.8395,1.0476,0.2867,0.36183,0.14336,3.7609,0.96036,0.09725,0.94339,0.906,0.10596,0.20939,0.11039,0.9635,-0.018581,0.038282,0.4926,0.048115,0.016012,0.031863,0.030687,0.00075,0.3359,0,0.098474,0.10212,0.075705,0.048437,0.4805,0.99992,0.62771,0.14704,0.22525,0.9684,0.03537,0.0016809,0.36186,4.5832
atenção limitada,218,1.8143,1.0769,0.35283,0.35962,0.025006,3.752,0.95563,0.10066,0.97867,0.93525,0.0956,0.18826,0.09473,0.99349,-0.039584,0.041566,0.51541,0.056494,0.023792,0.032837,0.032587,0.0007875,0.48857,0,0.11887,0.10171,0.075774,0.048259,0.41268,0.99379,0.63625,0.14702,0.21673,0.97748,0.03537,0.0016809,0.36186,4.6042
atenção limitada,219,1.8379,1.0909,0.36578,0.36079,0.020395,3.7882,0.95745,0.099013,1.0148,0.97157,0.097608,0.19196,0.097475,1.0242,-0.0302,0.042365,0.52865,0.064019,0.029175,0.0333,0.032888,0.0005375,0.35514,0,0.085453,0.09372,0.085196,0.05077,0.32779,0.99704,0.6379,0.13901,0.22309,0.98108,0.03537,0.0016809,0.36186,4.6253
atenção limitada,220,1.8609,1.0783,0.33847,0.36071,0.083411,3.8195,0.95622,0.10056,1.0089,0.96474,0.10337,0.20083,0.10405,1.0192,-0.021047,0.042611,0.51844,0.06411,0.028434,0.033087,0.032688,0.0005,0.44016,0,0.084553,0.10569,0.086081,0.053184,0.29139,0.9968,0.64115,0.14282,0.21603,0.98439,0.03537,0.0016809,0.36186,4.6463
atenção limitada,221,1.8492,1.0634,0.32628,0.35686,0.10273,3.8209,0.95529,0.10021,0.98368,0.93968,0.10676,0.20122,0.10433,0.99775,-0.022369,0.04192,0.50816,0.072562,0.03821,0.03315,0.03245,0.000275,0.41934,0,0.093883,0.11362,0.086422,0.05142,0.30146,0.98617,0.6369,0.14193,0.22117,0.99033,0.03537,0.0016809,0.36186,4.6674
atenção limitada,222,1.8455,1.0507,0.31112,0.36183,0.12184,3.8167,0.96088,0.098225,0.96591,0.9281,0.11128,0.20481,0.107,0.98264,-0.023494,0.039004,0.50295,0.060209,0.027701,0.032275,0.031275,0.000675,0.41351,0,0.076793,0.10428,0.084221,0.046527,0.3189,0.99989,0.62638,0.14771,0.22592,0.98011,0.03537,0.0016809,0.36186,4.6884
atenção limitada,223,1.8798,1.0438,0.27223,0.36183,0.20192,3.7923,0.96112,0.099737,0.94683,0.91002,0.11616,0.21767,0.11653,0.96642,-0.01017,0.03813,0.48411,0.050966,0.019409,0.032375,0.032075,0.000925,0.38589,0,0.082586,0.10044,0.080766,0.047246,0.40913,0.9999,0.64203,0.13549,0.22248,0.97263,0.03537,0.0016809,0.36186,4.7095
atenção limitada,224,1.8537,1.0442,0.29258,0.36181,0.15511,3.7534,0.96113,0.0999,0.94409,0.9074,0.10888,0.20618,0.10801,0.96409,-0.023229,0.038017,0.48949,0.04573,0.012996,0.032587,0.031963,0.0008,0.44307,0,0.10633,0.10079,0.078589,0.05337,0.45936,0.99984,0.64525,0.1419,0.21285,0.96675,0.03537,0.0016809,0.36186,4.7306
atenção limitada,225,1.833,1.0609,0.32061,0.35691,0.094573,3.7379,0.9583,0.099988,0.9673,0.92694,0.097946,0.19834,0.1022,0.98382,-0.026187,0.040057,0.50573,0.054356,0.022058,0.0327,0.031563,0.001625,0.4203,0,0.10453,0.10691,0.078621,0.052832,0.45369,0.98632,0.63717,0.14328,0.21955,0.97723,0.03537,0.0016809,0.36186,4.7516
atenção limitada,226,1.8337,1.0808,0.35749,0.36186,0.033531,3.76,0.95584,0.10062,0.99945,0.95529,0.099319,0.19285,0.098131,1.0111,-0.031447,0.042371,0.52098,0.063609,0.031224,0.0331,0.032162,0.000475,0.42571,0,0.090642,0.098261,0.079675,0.050945,0.37661,1,0.62281,0.15097,0.22622,0.9802,0.03537,0.0016809,0.36186,4.7727
atenção limitada,227,1.8473,1.0778,0.33734,0.36186,0.070359,3.791,0.95676,0.098888,1.005,0.96155,0.10463,0.1988,0.10255,1.0159,-0.024792,0.042234,0.52049,0.049679,0.017863,0.031988,0.030937,0.0006625,0.43031,0,0.080575,0.095192,0.082003,0.055048,0.34403,1,0.61787,0.14056,0.24156,0.96565,0.03537,0.0016809,0.36186,4.7937
atenção limitada,228,1.8366,1.0597,0.32344,0.3612,0.092258,3.7984,0.95877,0.09975,0.97786,0.93754,0.10324,0.19939,0.10298,0.9928,-0.02785,0.040302,0.51047,0.052444,0.01917,0.032837,0.03165,0.00105,0.50245,0,0.086171,0.10237,0.078579,0.057313,0.33138,0.99815,0.62552,0.14272,0.23176,0.97734,0.03537,0.0016809,0.36186,4.8148
atenção limitada,229,1.8286,1.0575,0.32469,0.36094,0.085515,3.7989,0.95838,0.097375,0.97701,0.93635,0.10378,0.20167,0.10467,0.99208,-0.025627,0.040421,0.51205,0.065834,0.033118,0.03225,0.031025,0.0006125,0.39689,0,0.076547,0.10689,0.082012,0.057414,0.32204,0.99743,0.62157,0.14377,0.23466,0.98532,0.03537,0.0016809,0.36186,4.8359
atenção limitada,230,1.8115,1.0377,0.30724,0.36133,0.10528,3.7954,0.95806,0.095525,0.94583,0.90614,0.10851,0.20173,0.10472,0.96558,-0.032365,0.039262,0.50022,0.062086,0.027302,0.032363,0.031225,0.0005875,0.46981,0,0.077342,0.10328,0.079776,0.049745,0.32518,0.99852,0.63651,0.13046,0.23304,0.97938,0.03537,0.0016809,0.36186,4.8569
atenção limitada,231,1.8167,1.0211,0.2775,0.36186,0.15624,3.7707,0.96096,0.097675,0.91716,0.88134,0.11146,0.20897,0.11008,0.94121,-0.028026,0.037004,0.48512,0.052901,0.019628,0.032363,0.032337,0.0008625,0.39624,0,0.090061,0.10875,0.07984,0.050835,0.37401,1,0.64492,0.13517,0.21991,0.97442,0.03537,0.0016809,0.36186,4.878
atenção limitada,232,1.7896,1.0122,0.28185,0.36186,0.13367,3.7342,0.96261,0.097375,0.90575,0.87188,0.10678,0.20515,0.10725,0.93151,-0.034048,0.035942,0.4872,0.051587,0.019187,0.032162,0.03165,0.00045,0.39718,0,0.095589,0.10843,0.074118,0.049846,0.39789,0.99999,0.63809,0.14137,0.22054,0.97581,0.03537,0.0016809,0.36186,4.899
atenção limitada,233,1.8336,1.0231,0.26752,0.36183,0.18117,3.703,0.95926,0.098425,0.92323,0.88562,0.11554,0.21405,0.11384,0.94636,-0.021354,0.037869,0.48299,0.04364,0.011739,0.03175,0.031438,0.0006125,0.38016,0,0.092548,0.10226,0.071796,0.049589,0.45924,0.9999,0.62978,0.14761,0.22261,0.96133,0.03537,0.0016809,0.36186,4.9201
atenção limitada,234,1.8141,1.0345,0.30733,0.36098,0.11126,3.6673,0.95947,0.099238,0.93607,0.89814,0.10213,0.2002,0.10358,0.95728,-0.033643,0.038314,0.49512,0.052689,0.020026,0.033212,0.031912,0.0008125,0.31824,0,0.11657,0.1056,0.076641,0.049998,0.48045,0.99757,0.62353,0.14897,0.22751,0.97621,0.03537,0.0016809,0.36186,4.9412
atenção limitada,235,1.8178,1.0836,0.37568,0.35982,-0.0013355,3.6925,0.95821,0.098988,1.0086,0.96638,0.089823,0.18858,0.094969,1.0189,-0.036287,0.041811,0.53163,0.064112,0.030764,0.031825,0.031738,0.0007,0.30901,0,0.097805,0.10577,0.079622,0.05112,0.3726,0.99435,0.63718,0.13258,0.23025,0.98622,0.03537,0.0016809,0.36186,4.9622
atenção limitada,236,1.7858,1.0883,0.39877,0.35985,-0.061105,3.7659,0.96177,0.098212,1.0199,0.98088,0.093,0.18388,0.091484,1.0285,-0.036837,0.040808,0.54928,0.06993,0.038011,0.031725,0.031025,0.00065,0.50157,1.25e-05,0.068869,0.10585,0.079336,0.052926,0.21563,0.99443,0.62353,0.15172,0.22475,0.99544,0.03537,0.0016809,0.36186,4.9833
atenção limitada,237,1.8215,1.0436,0.3183,0.36186,0.097699,3.8195,0.9582,0.099663,0.97898,0.93805,0.11252,0.20546,0.10748,0.99375,-0.026388,0.040576,0.51503,0.066163,0.033946,0.032175,0.031887,0.000325,0.46592,0,0.051869,0.1062,0.086613,0.051751,0.18834,0.99999,0.62424,0.14938,0.22638,0.98484,0.03537,0.0016809,0.36186,5.0043
atenção limitada,238,1.788,0.9937,0.25157,0.36186,0.18082,3.7855,0.95776,0.10053,0.89326,0.85556,0.11789,0.21589,0.11521,0.92089,-0.029766,0.037165,0.47848,0.052033,0.02079,0.031288,0.031337,0.000475,0.5114,0,0.075533,0.11018,0.077964,0.050803,0.27975,1,0.62516,0.15,0.22483,0.96913,0.03537,0.0016809,0.36186,5.0254
atenção limitada,239,1.783,0.98166,0.22945,0.36095,0.21092,3.7104,0.95054,0.10374,0.86903,0.82605,0.12136,0.22226,0.11993,0.90029,-0.028725,0.038678,0.4633,0.055246,0.020626,0.03295,0.032662,0.0008875,0.42558,0,0.101,0.11464,0.077379,0.050905,0.40726,0.99747,0.62799,0.14953,0.22247,0.96645,0.03537,0.0016809,0.36186,5.0465
atenção limitada,240,1.7395,0.98373,0.26394,0.36123,0.13065,3.6388,0.95057,0.10487,0.87366,0.83048,0.10722,0.20698,0.10861,0.90423,-0.043658,0.038873,0.47743,0.058941,0.02432,0.033063,0.032537,0.0006625,0.44903,0,0.10338,0.10517,0.085439,0.051892,0.46905,0.99824,0.62505,0.14509,0.22986,0.97236,0.03537,0.0016809,0.36186,5.0675
atenção limitada,241,1.7237,1.0057,0.3246,0.35698,0.03636,3.6117,0.95448,0.10347,0.90575,0.86452,0.090648,0.18826,0.09473,0.93151,-0.055244,0.038886,0.50169,0.065784,0.031601,0.033725,0.032462,0.0005875,0.55101,0,0.11844,0.1078,0.086022,0.054486,0.40667,0.98651,0.61595,0.15788,0.22617,0.98419,0.03537,0.0016809,0.36186,5.0886
atenção limitada,242,1.7194,1.0061,0.32391,0.36,0.029356,3.6345,0.95435,0.10204,0.93281,0.89022,0.10257,0.19491,0.09966,0.95451,-0.048814,0.0401,0.51778,0.067443,0.034511,0.032762,0.031887,0.00055,0.49711,0,0.083688,0.11689,0.089492,0.051223,0.3176,0.99484,0.6128,0.14915,0.23804,0.98473,0.03537,0.0016809,0.36186,5.1096
atenção limitada,243,1.7333,0.979,0.28339,0.36073,0.11016,3.6274,0.95335,0.10149,0.89839,0.85647,0.10664,0.20591,0.10781,0.92525,-0.04431,0.038978,0.49414,0.065814,0.034244,0.031825,0.031337,0.00065,0.51121,0,0.090428,0.12132,0.095966,0.0425,0.32668,0.99688,0.60474,0.14928,0.24598,0.98408,0.03537,0.0016809,0.36186,5.1307
atenção limitada,244,1.6805,0.96353,0.29909,0.36062,0.057214,3.6054,0.95092,0.10184,0.88321,0.83985,0.10401,0.19552,0.10011,0.91235,-0.062346,0.039177,0.49978,0.069545,0.037267,0.0321,0.031925,0.00045,0.57219,0,0.095753,0.12144,0.094246,0.041368,0.29927,0.99657,0.61899,0.14091,0.2401,0.98309,0.03537,0.0016809,0.36186,5.1518
atenção limitada,245,1.6658,0.93316,0.2555,0.36186,0.11526,3.5803,0.95243,0.10271,0.8462,0.80595,0.10984,0.20817,0.10949,0.88089,-0.054647,0.037022,0.48385,0.066364,0.032354,0.0329,0.032888,0.0004875,0.50129,1.25e-05,0.076248,0.11454,0.10427,0.04218,0.319,0.99999,0.6227,0.14131,0.236,0.97929,0.03537,0.0016809,0.36186,5.1728
atenção limitada,246,1.6553,0.91383,0.24519,0.36184,0.13447,3.5273,0.95615,0.10199,0.82255,0.78647,0.11191,0.20797,0.10934,0.86079,-0.059161,0.034768,0.47514,0.060349,0.025004,0.03395,0.03295,0.0008375,0.37919,0,0.098844,0.11237,0.096762,0.047473,0.36432,0.99994,0.63041,0.13915,0.23044,0.9752,0.03537,0.0016809,0.36186,5.1939
atenção limitada,247,1.6495,0.91271,0.25157,0.36184,0.12342,3.4753,0.95656,0.099713,0.82548,0.78964,0.10707,0.20579,0.10773,0.86328,-0.06133,0.034746,0.47867,0.055706,0.021719,0.032713,0.03055,0.000825,0.42715,0,0.10554,0.10531,0.098314,0.048102,0.39411,0.99993,0.62272,0.15267,0.22461,0.97226,0.03537,0.0016809,0.36186,5.2149
atenção limitada,248,1.7202,0.94116,0.26472,0.36176,0.15259,3.4397,0.95919,0.10129,0.8649,0.82958,0.11568,0.2095,0.11047,0.89678,-0.048678,0.035509,0.48226,0.054706,0.021607,0.032088,0.032175,0.00105,0.3599,0,0.11769,0.10308,0.092667,0.050954,0.42983,0.99972,0.63259,0.14241,0.22499,0.97308,0.03537,0.0016809,0.36186,5.236
atenção limitada,249,1.7415,0.9846,0.30247,0.3614,0.093052,3.4234,0.95845,0.10073,0.92163,0.88337,0.10093,0.2042,0.10655,0.94501,-0.043211,0.038091,0.5073,0.053425,0.018779,0.033263,0.031563,0.000775,0.3809,0,0.11033,0.10081,0.087919,0.053572,0.43952,0.99872,0.62445,0.1486,0.22695,0.97833,0.03537,0.0016809,0.36186,5.2571
atenção limitada,250,1.7394,1.0179,0.35563,0.36065,0.0052117,3.4615,0.96117,0.099413,0.97555,0.93765,0.097965,0.19465,0.099469,0.99083,-0.041467,0.039278,0.53907,0.065253,0.034394,0.032375,0.032,0.0005375,0.44099,0,0.085262,0.1027,0.09127,0.053553,0.35603,0.99663,0.62354,0.14321,0.23325,0.99072,0.03537,0.0016809,0.36186,5.2781
atenção limitada,251,1.7602,1.0194,0.35466,0.35675,0.029295,3.52,0.95813,0.09865,0.9774,0.93648,0.10285,0.19352,0.098633,0.99241,-0.041649,0.040533,0.53206,0.071351,0.039492,0.0316,0.031387,0.000375,0.46218,1.25e-05,0.1004,0.11677,0.077987,0.056715,0.27687,0.98588,0.62992,0.1442,0.22588,0.9942,0.03537,0.0016809,0.36186,5.2992
atenção limitada,252,1.8334,1.0138,0.30398,0.36049,0.15516,3.5524,0.95852,0.099375,0.96872,0.92852,0.11774,0.21368,0.11357,0.98503,-0.02369,0.040027,0.50652,0.065967,0.033033,0.0323,0.031387,0.00075,0.44693,0,0.095914,0.12146,0.077147,0.060258,0.29825,0.99621,0.62786,0.15448,0.21766,0.98459,0.03537,0.0016809,0.36186,5.3202
atenção limitada,253,1.8388,1.0166,0.28481,0.36185,0.17554,3.5426,0.95639,0.10115,0.95833,0.91654,0.12047,0.2197,0.11803,0.9762,-0.019018,0.040409,0.49844,0.059673,0.025382,0.03365,0.03325,0.0005625,0.3392,0,0.089955,0.11266,0.08435,0.05292,0.3841,0.99996,0.64094,0.14042,0.21864,0.97661,0.03537,0.0016809,0.36186,5.3413
atenção limitada,254,1.8551,1.019,0.28083,0.36114,0.19413,3.5283,0.95531,0.10164,0.95056,0.90807,0.11928,0.21877,0.11734,0.96959,-0.01868,0.040495,0.48951,0.057473,0.023197,0.032875,0.032375,0.000925,0.29471,0,0.10863,0.10523,0.081197,0.049398,0.46565,0.998,0.63521,0.14377,0.22102,0.97254,0.03537,0.0016809,0.36186,5.3624
atenção limitada,255,1.8208,1.0421,0.32512,0.35963,0.093864,3.5236,0.95933,0.098962,0.97707,0.93734,0.099147,0.20425,0.10658,0.99213,-0.025404,0.040052,0.51499,0.057246,0.02471,0.03255,0.030713,0.000925,0.409,0,0.11067,0.10784,0.080803,0.050802,0.47964,0.99382,0.61721,0.15287,0.22992,0.98163,0.03537,0.0016809,0.36186,5.3834
atenção limitada,256,1.7881,1.0917,0.41713,0.35788,-0.078571,3.5793,0.95839,0.099737,1.0402,0.99692,0.090114,0.18165,0.08983,1.0458,-0.03834,0.043032,0.55752,0.070111,0.037055,0.032875,0.0328,0.000475,0.4634,0,0.093301,0.096624,0.080974,0.05215,0.32781,0.98899,0.63219,0.13682,0.23099,0.98709,0.03537,0.0016809,0.36186,5.4045
atenção limitada,257,1.8425,1.0745,0.36372,0.35403,0.050294,3.666,0.95749,0.0985,1.0405,0.99631,0.10188,0.19662,0.10093,1.0461,-0.021927,0.043411,0.54062,0.061218,0.028178,0.03195,0.0315,0.00045,0.52954,2.5e-05,0.078702,0.10781,0.086294,0.050662,0.24847,0.97835,0.62142,0.14823,0.23035,0.98369,0.03537,0.0016809,0.36186,5.4255
atenção limitada,258,1.8006,1.0363,0.3293,0.35771,0.077262,3.6803,0.96006,0.096787,0.98012,0.94095,0.10643,0.20219,0.10505,0.99472,-0.025768,0.039897,0.5226,0.067661,0.03551,0.03175,0.030437,0.0004125,0.49354,0,0.077639,0.11729,0.096982,0.055408,0.24982,0.98851,0.6207,0.1374,0.2419,0.99393,0.03537,0.0016809,0.36186,5.4466
atenção limitada,259,1.7943,1.0108,0.29056,0.3554,0.1376,3.6643,0.96073,0.0971,0.93409,0.8974,0.11635,0.21039,0.11114,0.9556,-0.024227,0.037769,0.50017,0.070879,0.038722,0.031925,0.03155,0.000525,0.51943,0,0.093794,0.12777,0.10206,0.051941,0.31366,0.98213,0.62858,0.14923,0.22219,0.99477,0.03537,0.0016809,0.36186,5.4677
atenção limitada,260,1.7765,0.99766,0.28819,0.35548,0.13512,3.6245,0.9608,0.096075,0.90851,0.8729,0.10475,0.20616,0.108,0.93385,-0.033265,0.036706,0.49139,0.06983,0.036324,0.031988,0.031525,0.0004625,0.4944,0,0.1165,0.12899,0.097942,0.046322,0.35856,0.98237,0.63346,0.14044,0.2261,0.99342,0.03537,0.0016809,0.36186,5.4887
atenção limitada,261,1.768,1.0076,0.30769,0.35906,0.093624,3.6081,0.958,0.10004,0.92859,0.88959,0.10618,0.20231,0.10514,0.95092,-0.037029,0.038557,0.50318,0.067991,0.035433,0.031813,0.032837,0.0003125,0.51849,0,0.10827,0.12696,0.094063,0.037146,0.35671,0.99226,0.64108,0.14057,0.21836,0.98965,0.03537,0.0016809,0.36186,5.5098
atenção limitada,262,1.7543,0.9983,0.30351,0.36167,0.090865,3.6045,0.95892,0.098988,0.91995,0.88216,0.1074,0.20254,0.10531,0.94357,-0.041181,0.03786,0.50286,0.065274,0.031461,0.033075,0.031712,0.000575,0.55474,0,0.097916,0.11925,0.084221,0.033742,0.34338,0.99946,0.63402,0.15017,0.21581,0.98472,0.03537,0.0016809,0.36186,5.5308
atenção limitada,263,1.7856,0.99301,0.27622,0.36186,0.15455,3.592,0.9597,0.099525,0.91244,0.87567,0.11605,0.21212,0.11241,0.9372,-0.032605,0.037266,0.49047,0.052522,0.01974,0.032412,0.031988,0.000675,0.37281,1.25e-05,0.08423,0.096921,0.082946,0.03798,0.3799,1,0.6302,0.14307,0.22673,0.97163,0.03537,0.0016809,0.36186,5.5519
atenção limitada,264,1.788,0.99944,0.27873,0.36105,0.14874,3.5618,0.9568,0.10101,0.91704,0.87741,0.1087,0.20997,0.11082,0.9411,-0.033533,0.038524,0.49083,0.046634,0.014259,0.0328,0.032287,0.0010125,0.29126,0,0.10283,0.095819,0.078492,0.043537,0.43805,0.99775,0.63344,0.14522,0.22134,0.9655,0.03537,0.0016809,0.36186,5.573
atenção limitada,265,1.7599,1.0079,0.31712,0.36173,0.073101,3.5597,0.95621,0.10231,0.93438,0.89346,0.10272,0.19744,0.10153,0.95584,-0.045703,0.039469,0.50769,0.056686,0.022779,0.033275,0.0326,0.000825,0.29375,0,0.10855,0.10097,0.071239,0.048319,0.40111,0.99962,0.6311,0.14248,0.22642,0.97614,0.03537,0.0016809,0.36186,5.594
atenção limitada,266,1.8172,1.0321,0.32552,0.36184,0.097728,3.5809,0.9581,0.10009,0.9746,0.93378,0.10627,0.20312,0.10575,0.99003,-0.031138,0.040423,0.51385,0.058693,0.025775,0.033,0.031887,0.0007875,0.41024,0,0.09789,0.098816,0.072593,0.048406,0.37892,0.99994,0.63007,0.14272,0.22721,0.97693,0.03537,0.0016809,0.36186,5.6151
atenção limitada,267,1.818,1.0564,0.34897,0.36156,0.050996,3.6105,0.95992,0.097488,1.0102,0.96969,0.099884,0.20086,0.10407,1.0203,-0.025435,0.041175,0.53339,0.062774,0.028675,0.032412,0.0316,0.00045,0.39496,1.25e-05,0.078592,0.099757,0.07233,0.051219,0.34709,0.99917,0.62785,0.14413,0.22802,0.98531,0.03537,0.0016809,0.36186,5.6361
atenção limitada,268,1.8269,1.062,0.35807,0.3617,0.045172,3.6629,0.95438,0.10125,1.0169,0.97053,0.10366,0.19721,0.10137,1.026,-0.031674,0.043692,0.5313,0.063819,0.03034,0.032762,0.0325,0.00095,0.38941,0,0.077885,0.099182,0.078619,0.0513,0.28009,0.99955,0.63287,0.14737,0.21976,0.97755,0.03537,0.0016809,0.36186,5.6572
atenção limitada,269,1.8638,1.0433,0.31092,0.36176,0.14786,3.6875,0.95571,0.10068,0.98676,0.94305,0.11863,0.21089,0.11151,1.0004,-0.020794,0.041879,0.50601,0.059706,0.026012,0.032325,0.03155,0.00035,0.4417,0,0.082761,0.10731,0.091989,0.052265,0.30634,0.99971,0.62449,0.14752,0.22799,0.97727,0.03537,0.0016809,0.36186,5.6783
atenção limitada,270,1.8524,1.0335,0.28719,0.36186,0.16986,3.6707,0.95496,0.10037,0.96055,0.91728,0.11562,0.21507,0.11461,0.97808,-0.01908,0.041053,0.4952,0.056454,0.022182,0.032212,0.031688,0.0006125,0.35509,0,0.08933,0.10639,0.092143,0.048774,0.3887,0.99998,0.62453,0.14407,0.23139,0.97021,0.03537,0.0016809,0.36186,5.6993
atenção limitada,271,1.8489,1.0406,0.29813,0.36161,0.14853,3.6523,0.95595,0.09955,0.96541,0.92287,0.10907,0.21102,0.1116,0.98222,-0.020583,0.040882,0.49915,0.05424,0.021924,0.032113,0.031262,0.0007375,0.34096,0,0.099036,0.10277,0.079966,0.047868,0.43875,0.99929,0.62327,0.14989,0.22684,0.97481,0.03537,0.0016809,0.36186,5.7204
atenção limitada,272,1.84,1.0623,0.34685,0.3593,0.071595,3.6577,0.95538,0.099288,0.99461,0.95025,0.10189,0.19617,0.10059,1.007,-0.029739,0.042334,0.51641,0.061764,0.028831,0.0328,0.03185,0.000425,0.31357,0,0.11448,0.10627,0.074887,0.048731,0.41587,0.99292,0.62987,0.13981,0.23032,0.98042,0.03537,0.0016809,0.36186,5.7414
atenção limitada,273,1.8499,1.0798,0.36046,0.36183,0.047753,3.6946,0.95791,0.09725,1.0233,0.9802,0.10049,0.19768,0.10172,1.0314,-0.024096,0.042529,0.52988,0.064473,0.030929,0.0327,0.031775,0.00065,0.36426,0,0.086645,0.10339,0.07485,0.048877,0.36669,0.9999,0.63571,0.14128,0.22301,0.98457,0.03537,0.0016809,0.36186,5.7625
atenção limitada,274,1.8337,1.0718,0.35627,0.36154,0.044096,3.7442,0.95989,0.09675,1.0114,0.97082,0.10123,0.19658,0.1009,1.0213,-0.027141,0.041234,0.52942,0.064591,0.031622,0.032063,0.031613,0.000475,0.39689,0,0.078234,0.10426,0.071219,0.052977,0.30385,0.99911,0.63533,0.13996,0.22472,0.98569,0.03537,0.0016809,0.36186,5.7836
atenção limitada,275,1.8107,1.0492,0.33549,0.36129,0.06471,3.7728,0.96317,0.095238,0.97751,0.94152,0.10379,0.1983,0.10217,0.9925,-0.029451,0.038563,0.52007,0.063559,0.030889,0.0325,0.031288,0.00095,0.54209,0,0.068239,0.099274,0.074443,0.053679,0.27245,0.99842,0.64203,0.13652,0.22145,0.98868,0.03537,0.0016809,0.36186,5.8046
atenção limitada,276,1.8541,1.0334,0.28764,0.36186,0.17121,3.7744,0.95874,0.097087,0.95168,0.91242,0.1156,0.21318,0.1132,0.97055,-0.019608,0.039233,0.49208,0.060018,0.027539,0.032063,0.032075,0.0005625,0.521,0,0.087219,0.10864,0.081299,0.056027,0.32137,1,0.64193,0.14318,0.21489,0.98156,0.03537,0.0016809,0.36186,5.8257
atenção limitada,277,1.8631,1.0296,0.26902,0.36186,0.20266,3.7426,0.95821,0.09975,0.93763,0.89844,0.11957,0.21849,0.11713,0.95861,-0.01441,0.038857,0.48224,0.053564,0.020774,0.031925,0.031938,0.0005875,0.34099,0,0.084881,0.096322,0.081176,0.058427,0.41354,1,0.6397,0.14739,0.21291,0.96975,0.03537,0.0016809,0.36186,5.8467
atenção limitada,278,1.873,1.0435,0.27791,0.36186,0.18969,3.7017,0.95894,0.10004,0.95074,0.91169,0.1075,0.21374,0.11362,0.96975,-0.014705,0.039126,0.48677,0.038306,0.0058367,0.032925,0.032113,0.0008875,0.36919,0,0.10414,0.099375,0.076645,0.058872,0.49782,1,0.6312,0.15086,0.21794,0.95835,0.03537,0.0016809,0.36186,5.8678
atenção limitada,279,1.8795,1.0832,0.34831,0.36186,0.086111,3.6972,0.95688,0.10182,0.99842,0.95537,0.10674,0.19623,0.10064,1.0103,-0.02785,0.041902,0.50832,0.052466,0.019183,0.033125,0.032387,0.000925,0.40464,0,0.11286,0.086832,0.07851,0.05735,0.4718,1,0.63049,0.14265,0.22686,0.96887,0.03537,0.0016809,0.36186,5.8889
atenção limitada,280,1.855,1.1228,0.40152,0.36186,-0.031253,3.7452,0.96037,0.099463,1.0558,1.0139,0.08617,0.18514,0.092421,1.059,-0.028708,0.042834,0.54673,0.044694,0.012412,0.033212,0.031863,0.0007375,0.46636,0,0.084374,0.094991,0.077779,0.058575,0.36326,1,0.62774,0.14792,0.22433,0.96957,0.03537,0.0016809,0.36186,5.9099
atenção limitada,281,1.8015,1.1087,0.40439,0.36186,-0.073428,3.8372,0.95255,0.1032,1.05,1.0002,0.093458,0.18421,0.091726,1.0541,-0.038077,0.045874,0.55526,0.067503,0.035319,0.031713,0.032325,0.0008,0.45185,0,0.056624,0.097619,0.080504,0.055789,0.19141,1,0.62936,0.14606,0.22458,0.98074,0.03537,0.0016809,0.36186,5.931
atenção limitada,282,1.8128,1.0382,0.30767,0.36174,0.10517,3.8741,0.9564,0.0987,0.96622,0.92406,0.11292,0.20543,0.10746,0.9829,-0.028315,0.040752,0.50981,0.064002,0.030565,0.032912,0.030625,0.0006375,0.544,1.25e-05,0.059221,0.11049,0.085295,0.056273,0.17853,0.99965,0.61487,0.16068,0.22445,0.98267,0.03537,0.0016809,0.36186,5.952
atenção limitada,283,1.842,1.0008,0.24309,0.36171,0.23641,3.8196,0.95519,0.10003,0.89856,0.8583,0.12362,0.22248,0.12009,0.92539,-0.020067,0.038318,0.466,0.060546,0.027785,0.032063,0.03225,0.000475,0.50569,2.5e-05,0.088524,0.11472,0.090158,0.058919,0.31192,0.99958,0.62124,0.14062,0.23814,0.97508,0.03537,0.0016809,0.36186,5.9731
atenção limitada,284,1.8992,1.0207,0.22983,0.36154,0.28712,3.7375,0.95139,0.10125,0.91535,0.87084,0.13311,0.23234,0.1274,0.93966,-0.0032065,0.040431,0.45855,0.049363,0.015402,0.03345,0.0325,0.00065,0.31449,0,0.11162,0.10478,0.092186,0.060333,0.50877,0.99909,0.63651,0.14028,0.22321,0.95822,0.03537,0.0016809,0.36186,5.9942
atenção limitada,285,1.888,1.0597,0.30936,0.36019,0.15869,3.6672,0.95232,0.099475,0.95644,0.91083,0.097963,0.20432,0.10664,0.97459,-0.024205,0.041888,0.48258,0.054947,0.02163,0.031875,0.031187,0.0007625,0.40199,0,0.14763,0.10757,0.088342,0.060625,0.58892,0.99536,0.62111,0.15231,0.22658,0.972,0.03537,0.0016809,0.36186,6.0152
atenção limitada,286,1.8685,1.1407,0.42126,0.35679,-0.050218,3.7053,0.95521,0.098725,1.0793,1.031,0.089327,0.18365,0.091315,1.0791,-0.02247,0.046033,0.55175,0.065845,0.032149,0.0326,0.031688,0.000875,0.34776,0,0.10235,0.10352,0.085964,0.057528,0.44557,0.98596,0.63022,0.14477,0.22501,0.98423,0.03537,0.0016809,0.36186,6.0363
atenção limitada,287,1.8324,1.1656,0.47498,0.35394,-0.16207,3.8195,0.9592,0.098475,1.1044,1.0593,0.078315,0.17137,0.082215,1.1003,-0.031217,0.045334,0.57809,0.070838,0.037499,0.031837,0.030437,0.0005875,0.53411,1.25e-05,0.083262,0.10861,0.084537,0.055322,0.21569,0.9781,0.62829,0.14853,0.22317,0.99654,0.03537,0.0016809,0.36186,6.0573
atenção limitada,288,1.8366,1.105,0.38658,0.35555,-0.010483,3.9302,0.96114,0.09745,1.0597,1.0185,0.10235,0.19242,0.097813,1.0624,-0.01579,0.042678,0.55458,0.077164,0.044508,0.032725,0.032162,0.0004,0.50835,0,0.040711,0.12136,0.089183,0.053566,0.086295,0.98255,0.62856,0.14347,0.22797,1.0012,0.03537,0.0016809,0.36186,6.0784
atenção limitada,289,1.8742,1.0301,0.26898,0.36185,0.21327,3.9368,0.96348,0.095912,0.94304,0.90863,0.12683,0.22079,0.11884,0.9632,-0.0092698,0.037076,0.48489,0.067819,0.035524,0.031938,0.031675,0.000625,0.344,0,0.060507,0.12441,0.092403,0.047898,0.18194,0.99997,0.63983,0.13967,0.22051,0.99135,0.03537,0.0016809,0.36186,6.0995
atenção limitada,290,1.8811,0.99675,0.21281,0.36181,0.3097,3.8498,0.96104,0.097325,0.87107,0.83716,0.13252,0.23383,0.12851,0.90203,-0.0051231,0.035102,0.44502,0.055772,0.024697,0.031512,0.031313,0.000525,0.34881,0,0.10426,0.12099,0.080026,0.051223,0.40526,0.99985,0.63133,0.15649,0.21218,0.97801,0.03537,0.0016809,0.36186,6.1205
atenção limitada,291,1.8414,1.013,0.25308,0.36186,0.21351,3.7558,0.96023,0.09725,0.88888,0.85353,0.11037,0.21363,0.11354,0.91717,-0.023306,0.036118,0.46356,0.045236,0.01229,0.031825,0.031025,0.0007875,0.4116,0,0.11975,0.10476,0.07978,0.053697,0.52635,1,0.63141,0.14739,0.2212,0.9658,0.03537,0.0016809,0.36186,6.1416
atenção limitada,292,1.8406,1.0578,0.31552,0.36186,0.10536,3.7192,0.95986,0.098175,0.96072,0.92219,0.098825,0.19907,0.10274,0.97824,-0.027556,0.039165,0.50098,0.043789,0.010199,0.032438,0.031537,0.0007,0.34978,0,0.11003,0.095383,0.080617,0.051438,0.52177,1,0.63674,0.14095,0.22231,0.96122,0.03537,0.0016809,0.36186,6.1626
atenção limitada,293,1.7988,1.0824,0.37022,0.36111,-0.014918,3.7368,0.96259,0.097688,0.98808,0.95112,0.08904,0.1852,0.092464,1.0015,-0.038332,0.039215,0.52891,0.052012,0.020056,0.031887,0.031412,0.0006875,0.43733,0,0.10326,0.10166,0.079016,0.055722,0.43175,0.9979,0.63524,0.14413,0.22063,0.98107,0.03537,0.0016809,0.36186,6.1837
atenção limitada,294,1.7624,1.0775,0.37905,0.36174,-0.055902,3.7964,0.96089,0.09795,0.99464,0.95575,0.091959,0.18317,0.090959,1.0071,-0.043896,0.040146,0.5423,0.05829,0.02638,0.032175,0.03155,0.0006125,0.46723,1.25e-05,0.074674,0.10028,0.074656,0.057274,0.27633,0.99966,0.63658,0.13829,0.22514,0.97993,0.03537,0.0016809,0.36186,6.2048
atenção limitada,295,1.7584,1.0291,0.32075,0.36125,0.047245,3.8272,0.95589,0.099238,0.94839,0.90658,0.10313,0.19621,0.10062,0.96775,-0.041679,0.040174,0.51556,0.063996,0.03094,0.032525,0.032475,0.00065,0.45151,0,0.07045,0.10742,0.079229,0.057012,0.21686,0.9983,0.64928,0.13818,0.21254,0.98173,0.03537,0.0016809,0.36186,6.2258
atenção limitada,296,1.7718,1.0041,0.26808,0.36141,0.13827,3.8011,0.95593,0.10186,0.9151,0.87473,0.11528,0.21171,0.11211,0.93945,-0.030803,0.038769,0.49372,0.053394,0.020337,0.0321,0.031925,0.0004625,0.45463,0,0.062833,0.09734,0.086217,0.050197,0.2716,0.99873,0.63788,0.14454,0.21758,0.96918,0.03537,0.0016809,0.36186,6.2469
atenção limitada,297,1.7712,0.98592,0.26627,0.36157,0.15742,3.7363,0.95854,0.099638,0.88229,0.84571,0.10882,0.2069,0.10854,0.91157,-0.039996,0.036444,0.47749,0.05545,0.022385,0.0333,0.031338,0.000575,0.44239,0,0.1081,0.1043,0.089446,0.047917,0.34763,0.99919,0.61553,0.15554,0.22893,0.97569,0.03537,0.0016809,0.36186,6.2679
atenção limitada,298,1.7812,1.0076,0.28174,0.36182,0.13006,3.694,0.95882,0.097238,0.91798,0.88019,0.11022,0.20988,0.11076,0.9419,-0.029682,0.037812,0.49414,0.060386,0.027283,0.03265,0.032188,0.00075,0.41656,0,0.094901,0.1007,0.085708,0.049818,0.39508,0.99988,0.63697,0.13444,0.22859,0.98133,0.03537,0.0016809,0.36186,6.289
atenção limitada,299,1.7791,1.0278,0.32408,0.36186,0.065367,3.6758,0.95827,0.097938,0.9494,0.9098,0.1014,0.19603,0.10049,0.96861,-0.040541,0.039309,0.51136,0.054962,0.021772,0.031825,0.03135,0.0007,0.32331,0,0.10323,0.093399,0.080672,0.048661,0.37869,0.99999,0.63595,0.13913,0.22492,0.97413,0.03537,0.0016809,0.36186,6.3101
