caso,trimestre,K,y,C,r
previsão perfeita|uniforme,0,0,0,0.324662,-1.15162
previsão perfeita|uniforme,1,-0.0221286,-0.00998368,0.310178,-1.13436
previsão perfeita|uniforme,2,-0.0439164,-0.0198147,0.295969,-1.11735
previsão perfeita|uniforme,3,-0.0653707,-0.0294965,0.281934,-1.10065
previsão perfeita|uniforme,4,-0.0864834,-0.0390253,0.268123,-1.08416
previsão perfeita|uniforme,5,-0.107269,-0.0484076,0.254535,-1.06792
previsão perfeita|uniforme,6,-0.127734,-0.0576458,0.241076,-1.05197
previsão perfeita|uniforme,7,-0.147872,-0.0667376,0.227951,-1.03614
previsão perfeita|uniforme,8,-0.167716,-0.075698,0.215052,-1.02056
previsão perfeita|uniforme,9,-0.18727,-0.0845283,0.202314,-1.00531
previsão perfeita|uniforme,10,-0.206519,-0.0932216,0.189803,-0.990254
previsão perfeita|uniforme,11,-0.225473,-0.101783,0.177436,-0.975384
previsão perfeita|uniforme,12,-0.244145,-0.110217,0.165254,-0.960791
previsão perfeita|uniforme,13,-0.262528,-0.118522,0.153284,-0.946409
previsão perfeita|uniforme,14,-0.280629,-0.1267,0.141429,-0.93232
previsão perfeita|uniforme,15,-0.298437,-0.134747,0.129796,-0.918281
previsão perfeita|uniforme,16,-0.315986,-0.142677,0.118344,-0.904507
previsão perfeita|uniforme,17,-0.333271,-0.150489,0.107068,-0.891018
previsão perfeita|uniforme,18,-0.350282,-0.158178,0.0959123,-0.877795
previsão perfeita|uniforme,19,-0.367012,-0.16574,0.0849472,-0.864714
previsão perfeita|uniforme,20,-0.383477,-0.173184,0.0741733,-0.851762
previsão perfeita|uniforme,21,-0.399694,-0.180516,0.0635752,-0.839128
previsão perfeita|uniforme,22,-0.415645,-0.187728,0.0530887,-0.826653
previsão perfeita|uniforme,23,-0.431333,-0.194822,0.042852,-0.813867
previsão perfeita|uniforme,24,-0.446852,-0.20184,0.0327097,-0.801753
previsão perfeita|uniforme,25,-0.462128,-0.208749,0.0227962,-0.789722
previsão perfeita|uniforme,26,-0.47718,-0.215557,0.0129521,-0.778078
previsão perfeita|uniforme,27,-0.49197,-0.222247,0.00326172,-0.7663
previsão perfeita|uniforme,28,-0.50656,-0.228847,-0.00623013,-0.754789
previsão perfeita|uniforme,29,-0.520936,-0.235351,-0.0156418,-0.743798
previsão perfeita|uniforme,30,-0.535044,-0.241734,-0.0248757,-0.732754
previsão perfeita|uniforme,31,-0.54892,-0.248013,-0.033983,-0.721793
previsão perfeita|uniforme,32,-0.562585,-0.254197,-0.0429214,-0.710866
previsão perfeita|uniforme,33,-0.576066,-0.260297,-0.0517443,-0.700237
previsão perfeita|uniforme,34,-0.589342,-0.266306,-0.0604146,-0.689965
previsão perfeita|uniforme,35,-0.602392,-0.272213,-0.0689846,-0.679571
previsão perfeita|uniforme,36,-0.615255,-0.278036,-0.0773919,-0.669093
previsão perfeita|uniforme,37,-0.627978,-0.283795,-0.0856677,-0.659018
previsão perfeita|uniforme,38,-0.640528,-0.289476,-0.0938348,-0.649538
previsão perfeita|uniforme,39,-0.652828,-0.295045,-0.101914,-0.639857
previsão perfeita|uniforme,40,-0.664934,-0.300526,-0.109841,-0.630173
previsão perfeita|uniforme,41,-0.676875,-0.305933,-0.117626,-0.620673
previsão perfeita|uniforme,42,-0.688651,-0.311266,-0.125268,-0.611057
previsão perfeita|uniforme,43,-0.700307,-0.316545,-0.132872,-0.602052
previsão perfeita|uniforme,44,-0.711765,-0.321734,-0.140379,-0.593382
previsão perfeita|uniforme,45,-0.722995,-0.32682,-0.147645,-0.584692
previsão perfeita|uniforme,46,-0.734034,-0.33182,-0.154877,-0.576011
previsão perfeita|uniforme,47,-0.744896,-0.336741,-0.162007,-0.567351
previsão perfeita|uniforme,48,-0.75561,-0.341594,-0.169027,-0.559122
previsão perfeita|uniforme,49,-0.766118,-0.346355,-0.175921,-0.550859
previsão perfeita|uniforme,50,-0.776459,-0.35104,-0.182733,-0.542451
previsão perfeita|uniforme,51,-0.786668,-0.355665,-0.189414,-0.534791
previsão perfeita|uniforme,52,-0.796655,-0.360191,-0.195993,-0.526734
previsão perfeita|uniforme,53,-0.806508,-0.364655,-0.202485,-0.518806
previsão perfeita|uniforme,54,-0.816223,-0.369058,-0.208885,-0.511041
previsão perfeita|uniforme,55,-0.825798,-0.373397,-0.215195,-0.503583
previsão perfeita|uniforme,56,-0.835208,-0.377662,-0.221408,-0.496189
previsão perfeita|uniforme,57,-0.844458,-0.381854,-0.227483,-0.48863
previsão perfeita|uniforme,58,-0.853598,-0.385997,-0.233507,-0.481668
previsão perfeita|uniforme,59,-0.862552,-0.390055,-0.239457,-0.474604
previsão perfeita|uniforme,60,-0.871349,-0.394043,-0.245272,-0.467455
previsão perfeita|uniforme,61,-0.880034,-0.397981,-0.250977,-0.459983
previsão perfeita|uniforme,62,-0.888678,-0.401899,-0.256654,-0.453061
previsão perfeita|uniforme,63,-0.897203,-0.405764,-0.262195,-0.446649
previsão perfeita|uniforme,64,-0.905552,-0.409549,-0.267634,-0.439649
previsão perfeita|uniforme,65,-0.913839,-0.413307,-0.27301,-0.433146
previsão perfeita|uniforme,66,-0.922003,-0.417008,-0.278325,-0.426593
previsão perfeita|uniforme,67,-0.930068,-0.420666,-0.283544,-0.42049
previsão perfeita|uniforme,68,-0.937971,-0.424249,-0.288692,-0.414272
previsão perfeita|uniforme,69,-0.945751,-0.427778,-0.293849,-0.408815
previsão perfeita|uniforme,70,-0.953294,-0.431198,-0.298866,-0.402689
previsão perfeita|uniforme,71,-0.960738,-0.434574,-0.303806,-0.396477
previsão perfeita|uniforme,72,-0.968113,-0.437919,-0.308624,-0.390755
previsão perfeita|uniforme,73,-0.975363,-0.441207,-0.313391,-0.385095
previsão perfeita|uniforme,74,-0.982486,-0.444438,-0.318118,-0.379126
previsão perfeita|uniforme,75,-0.989548,-0.447642,-0.322702,-0.373737
previsão perfeita|uniforme,76,-0.996475,-0.450784,-0.327273,-0.368159
previsão perfeita|uniforme,77,-1.00331,-0.453883,-0.331782,-0.361986
previsão perfeita|uniforme,78,-1.01015,-0.456989,-0.336156,-0.356646
previsão perfeita|uniforme,79,-1.01689,-0.460047,-0.340496,-0.351352
previsão perfeita|uniforme,80,-1.02353,-0.463059,-0.344849,-0.346032
previsão perfeita|uniforme,81,-1.03009,-0.466035,-0.349029,-0.340767
previsão perfeita|uniforme,82,-1.03659,-0.468981,-0.353161,-0.336125
previsão perfeita|uniforme,83,-1.04292,-0.471857,-0.35725,-0.331243
previsão perfeita|uniforme,84,-1.04916,-0.474686,-0.361305,-0.326143
previsão perfeita|uniforme,85,-1.05533,-0.477487,-0.365143,-0.32175
previsão perfeita|uniforme,86,-1.06135,-0.48022,-0.369032,-0.317278
previsão perfeita|uniforme,87,-1.06725,-0.482894,-0.372882,-0.312677
previsão perfeita|uniforme,88,-1.07304,-0.485524,-0.376614,-0.30844
previsão perfeita|uniforme,89,-1.07869,-0.488087,-0.38032,-0.304093
previsão perfeita|uniforme,90,-1.08422,-0.490597,-0.383997,-0.299084
previsão perfeita|uniforme,91,-1.08976,-0.493111,-0.387642,-0.294765
previsão perfeita|uniforme,92,-1.0952,-0.495581,-0.391148,-0.290498
previsão perfeita|uniforme,93,-1.10056,-0.498011,-0.394716,-0.286162
previsão perfeita|uniforme,94,-1.10584,-0.500408,-0.398146,-0.282205
previsão perfeita|uniforme,95,-1.11099,-0.502748,-0.401575,-0.278049
previsão perfeita|uniforme,96,-1.11607,-0.505054,-0.404914,-0.273781
previsão perfeita|uniforme,97,-1.12111,-0.507342,-0.408238,-0.269726
previsão perfeita|uniforme,98,-1.12609,-0.5096,-0.411502,-0.266108
previsão perfeita|uniforme,99,-1.13092,-0.511796,-0.414713,-0.262043
previsão perfeita|uniforme,100,-1.13572,-0.513973,-0.417886,-0.258051
previsão perfeita|uniforme,101,-1.14046,-0.516125,-0.42096,-0.25425
previsão perfeita|uniforme,102,-1.14513,-0.518246,-0.424098,-0.250144
previsão perfeita|uniforme,103,-1.14979,-0.52036,-0.427103,-0.246902
previsão perfeita|uniforme,104,-1.15431,-0.522411,-0.430142,-0.242793
previsão perfeita|uniforme,105,-1.15883,-0.524466,-0.433076,-0.239395
previsão perfeita|uniforme,106,-1.16326,-0.526477,-0.435981,-0.235967
previsão perfeita|uniforme,107,-1.16761,-0.52845,-0.438869,-0.232534
previsão perfeita|uniforme,108,-1.17188,-0.530392,-0.441656,-0.229548
previsão perfeita|uniforme,109,-1.17603,-0.532274,-0.444402,-0.225716
previsão perfeita|uniforme,110,-1.18019,-0.534165,-0.447085,-0.222551
previsão perfeita|uniforme,111,-1.18428,-0.536021,-0.449699,-0.219174
previsão perfeita|uniforme,112,-1.18834,-0.537863,-0.452353,-0.216239
previsão perfeita|uniforme,113,-1.19229,-0.539657,-0.454874,-0.21369
previsão perfeita|uniforme,114,-1.19609,-0.541384,-0.457403,-0.210717
previsão perfeita|uniforme,115,-1.19982,-0.543077,-0.459932,-0.207512
previsão perfeita|uniforme,116,-1.20352,-0.544757,-0.462414,-0.20405
previsão perfeita|uniforme,117,-1.20723,-0.546444,-0.464738,-0.201159
previsão perfeita|uniforme,118,-1.2109,-0.54811,-0.46706,-0.198633
previsão perfeita|uniforme,119,-1.21446,-0.549727,-0.469408,-0.195733
previsão perfeita|uniforme,120,-1.21797,-0.551321,-0.471742,-0.193046
previsão perfeita|uniforme,121,-1.2214,-0.552879,-0.474047,-0.189939
previsão perfeita|uniforme,122,-1.22482,-0.554434,-0.476372,-0.187413
previsão perfeita|uniforme,123,-1.22815,-0.555945,-0.478602,-0.184371
previsão perfeita|uniforme,124,-1.23149,-0.55746,-0.480807,-0.181585
previsão perfeita|uniforme,125,-1.23479,-0.558962,-0.482948,-0.178923
previsão perfeita|uniforme,126,-1.23806,-0.560445,-0.485082,-0.175876
previsão perfeita|uniforme,127,-1.24135,-0.561941,-0.487175,-0.173851
previsão perfeita|uniforme,128,-1.24451,-0.563376,-0.489192,-0.17117
previsão perfeita|uniforme,129,-1.24765,-0.564802,-0.491194,-0.168421
previsão perfeita|uniforme,130,-1.25079,-0.56623,-0.493176,-0.166359
previsão perfeita|uniforme,131,-1.25383,-0.567609,-0.495144,-0.164417
previsão perfeita|uniforme,132,-1.25675,-0.568935,-0.497047,-0.162344
previsão perfeita|uniforme,133,-1.25958,-0.570223,-0.498911,-0.160049
previsão perfeita|uniforme,134,-1.26237,-0.57149,-0.500758,-0.157258
previsão perfeita|uniforme,135,-1.26521,-0.57278,-0.502534,-0.155405
previsão perfeita|uniforme,136,-1.26794,-0.574022,-0.504371,-0.153202
previsão perfeita|uniforme,137,-1.27063,-0.575243,-0.506151,-0.150738
previsão perfeita|uniforme,138,-1.27333,-0.576468,-0.507907,-0.148742
previsão perfeita|uniforme,139,-1.27596,-0.577665,-0.509637,-0.147327
previsão perfeita|uniforme,140,-1.27844,-0.578792,-0.511322,-0.144702
previsão perfeita|uniforme,141,-1.28097,-0.579941,-0.51298,-0.142831
previsão perfeita|uniforme,142,-1.28344,-0.581061,-0.514628,-0.140596
previsão perfeita|uniforme,143,-1.2859,-0.582182,-0.516288,-0.138361
previsão perfeita|uniforme,144,-1.28837,-0.583301,-0.517963,-0.136534
previsão perfeita|uniforme,145,-1.29077,-0.584393,-0.519639,-0.133867
previsão perfeita|uniforme,146,-1.29325,-0.585518,-0.521053,-0.132841
previsão perfeita|uniforme,147,-1.29556,-0.586569,-0.522576,-0.13078
previsão perfeita|uniforme,148,-1.29786,-0.587616,-0.524057,-0.128804
previsão perfeita|uniforme,149,-1.30017,-0.588663,-0.525535,-0.127371
previsão perfeita|uniforme,150,-1.30237,-0.589665,-0.526955,-0.125503
previsão perfeita|uniforme,151,-1.30456,-0.590661,-0.528461,-0.123695
previsão perfeita|uniforme,152,-1.30672,-0.59164,-0.529858,-0.121762
previsão perfeita|uniforme,153,-1.30888,-0.59262,-0.531278,-0.119593
previsão perfeita|uniforme,154,-1.31108,-0.59362,-0.532724,-0.11814
previsão perfeita|uniforme,155,-1.3132,-0.594583,-0.534039,-0.116099
previsão perfeita|uniforme,156,-1.31535,-0.595561,-0.535432,-0.114477
previsão perfeita|uniforme,157,-1.31746,-0.596523,-0.536724,-0.112635
previsão perfeita|uniforme,158,-1.3196,-0.597493,-0.53791,-0.111936
previsão perfeita|uniforme,159,-1.32156,-0.598385,-0.539211,-0.110636
previsão perfeita|uniforme,160,-1.32345,-0.599243,-0.540524,-0.109179
previsão perfeita|uniforme,161,-1.32528,-0.600076,-0.541821,-0.107189
previsão perfeita|uniforme,162,-1.32717,-0.600931,-0.543072,-0.105873
previsão perfeita|uniforme,163,-1.32898,-0.601757,-0.544278,-0.10433
previsão perfeita|uniforme,164,-1.33078,-0.602576,-0.545479,-0.103375
previsão perfeita|uniforme,165,-1.33248,-0.603346,-0.546642,-0.102114
previsão perfeita|uniforme,166,-1.33412,-0.604094,-0.547817,-0.100572
previsão perfeita|uniforme,167,-1.33577,-0.604843,-0.54885,-0.0996724
previsão perfeita|uniforme,168,-1.33732,-0.605548,-0.550005,-0.0980891
previsão perfeita|uniforme,169,-1.33889,-0.606259,-0.551086,-0.0970286
previsão perfeita|uniforme,170,-1.34038,-0.606937,-0.552209,-0.0953635
previsão perfeita|uniforme,171,-1.3419,-0.607629,-0.553293,-0.0933423
previsão perfeita|uniforme,172,-1.34352,-0.608363,-0.554338,-0.0921139
previsão perfeita|uniforme,173,-1.3451,-0.609084,-0.555352,-0.0915732
previsão perfeita|uniforme,174,-1.34655,-0.609741,-0.556321,-0.0899909
previsão perfeita|uniforme,175,-1.34804,-0.61042,-0.557355,-0.0889195
previsão perfeita|uniforme,176,-1.34949,-0.611076,-0.558353,-0.0875024
previsão perfeita|uniforme,177,-1.35095,-0.61174,-0.559255,-0.0860647
previsão perfeita|uniforme,178,-1.35243,-0.612416,-0.560277,-0.0851069
previsão perfeita|uniforme,179,-1.35386,-0.613065,-0.561171,-0.084375
previsão perfeita|uniforme,180,-1.35521,-0.613675,-0.562102,-0.0829048
previsão perfeita|uniforme,181,-1.35659,-0.614303,-0.563011,-0.0813154
previsão perfeita|uniforme,182,-1.35803,-0.614957,-0.563955,-0.0810126
previsão perfeita|uniforme,183,-1.35931,-0.615539,-0.564914,-0.0799513
previsão perfeita|uniforme,184,-1.36056,-0.616107,-0.565792,-0.0784096
previsão perfeita|uniforme,185,-1.36186,-0.616702,-0.566761,-0.0772725
previsão perfeita|uniforme,186,-1.36316,-0.617292,-0.567575,-0.0761127
previsão perfeita|uniforme,187,-1.36447,-0.617886,-0.56843,-0.0750376
previsão perfeita|uniforme,188,-1.36577,-0.618476,-0.569194,-0.0737315
previsão perfeita|uniforme,189,-1.36711,-0.619086,-0.569994,-0.0727278
previsão perfeita|uniforme,190,-1.36844,-0.619693,-0.570797,-0.0725096
previsão perfeita|uniforme,191,-1.36964,-0.620236,-0.571552,-0.0715282
previsão perfeita|uniforme,192,-1.37083,-0.620777,-0.572264,-0.0704501
previsão perfeita|uniforme,193,-1.37203,-0.621323,-0.573081,-0.0697817
previsão perfeita|uniforme,194,-1.37316,-0.621836,-0.573907,-0.0682697
previsão perfeita|uniforme,195,-1.37436,-0.622384,-0.574622,-0.0678833
previsão perfeita|uniforme,196,-1.37547,-0.622886,-0.575331,-0.0671197
previsão perfeita|uniforme,197,-1.37654,-0.623372,-0.576117,-0.0661846
previsão perfeita|uniforme,198,-1.37759,-0.623851,-0.576775,-0.0648716
previsão perfeita|uniforme,199,-1.37871,-0.624361,-0.577452,-0.0644899
previsão perfeita|uniforme,200,-1.37975,-0.624834,-0.578261,-0.0629103
previsão perfeita|uniforme,201,-1.38089,-0.625348,-0.578912,-0.0623869
previsão perfeita|uniforme,202,-1.38195,-0.625833,-0.579589,-0.061751
previsão perfeita|uniforme,203,-1.38297,-0.626297,-0.580217,-0.060632
previsão perfeita|uniforme,204,-1.38404,-0.626781,-0.580809,-0.0598545
previsão perfeita|uniforme,205,-1.38509,-0.627259,-0.581536,-0.0588929
previsão perfeita|uniforme,206,-1.38614,-0.627739,-0.582139,-0.0586932
previsão perfeita|uniforme,207,-1.3871,-0.628172,-0.58277,-0.0580413
previsão perfeita|uniforme,208,-1.38802,-0.628593,-0.5833,-0.0570632
previsão perfeita|uniforme,209,-1.38898,-0.62903,-0.583944,-0.0564782
previsão perfeita|uniforme,210,-1.3899,-0.629447,-0.584505,-0.0559896
previsão perfeita|uniforme,211,-1.39077,-0.629844,-0.585064,-0.0551941
previsão perfeita|uniforme,212,-1.39165,-0.630243,-0.585619,-0.0546396
previsão perfeita|uniforme,213,-1.3925,-0.630627,-0.586024,-0.0537798
previsão perfeita|uniforme,214,-1.39338,-0.631029,-0.586575,-0.0537225
previsão perfeita|uniforme,215,-1.39415,-0.631378,-0.587053,-0.0531677
previsão perfeita|uniforme,216,-1.39489,-0.631716,-0.587543,-0.0521958
previsão perfeita|uniforme,217,-1.39569,-0.632078,-0.588075,-0.0515128
previsão perfeita|uniforme,218,-1.39647,-0.632432,-0.588481,-0.0510066
previsão perfeita|uniforme,219,-1.39723,-0.632778,-0.588959,-0.0504268
previsão perfeita|uniforme,220,-1.39797,-0.633117,-0.589511,-0.0496305
previsão perfeita|uniforme,221,-1.39872,-0.633458,-0.590032,-0.0491245
previsão perfeita|uniforme,222,-1.39944,-0.633783,-0.590572,-0.0481584
previsão perfeita|uniforme,223,-1.4002,-0.634128,-0.591062,-0.0478424
previsão perfeita|uniforme,224,-1.4009,-0.634445,-0.591465,-0.0475381
previsão perfeita|uniforme,225,-1.40154,-0.634739,-0.591815,-0.0469589
previsão perfeita|uniforme,226,-1.40219,-0.635034,-0.592272,-0.0462223
previsão perfeita|uniforme,227,-1.40286,-0.63534,-0.592775,-0.0453636
previsão perfeita|uniforme,228,-1.40356,-0.635658,-0.593211,-0.0450455
previsão perfeita|uniforme,229,-1.40422,-0.635955,-0.593643,-0.0437622
previsão perfeita|uniforme,230,-1.40499,-0.636306,-0.594082,-0.0440127
previsão perfeita|uniforme,231,-1.40562,-0.636594,-0.594524,-0.0433151
previsão perfeita|uniforme,232,-1.40628,-0.636892,-0.594903,-0.0432405
previsão perfeita|uniforme,233,-1.40685,-0.637152,-0.595401,-0.0429302
previsão perfeita|uniforme,234,-1.40737,-0.637388,-0.595835,-0.0418648
previsão perfeita|uniforme,235,-1.40797,-0.637662,-0.596322,-0.0414439
previsão perfeita|uniforme,236,-1.40855,-0.637924,-0.596746,-0.0408313
previsão perfeita|uniforme,237,-1.40913,-0.638188,-0.597134,-0.039573
previsão perfeita|uniforme,238,-1.40983,-0.638509,-0.597481,-0.0395759
previsão perfeita|uniforme,239,-1.41045,-0.638788,-0.59788,-0.0391365
previsão perfeita|uniforme,240,-1.41104,-0.639059,-0.598199,-0.0389767
previsão perfeita|uniforme,241,-1.41159,-0.639309,-0.598576,-0.0385562
previsão perfeita|uniforme,242,-1.41213,-0.639555,-0.59895,-0.0388714
previsão perfeita|uniforme,243,-1.41254,-0.639739,-0.599422,-0.0377266
previsão perfeita|uniforme,244,-1.41304,-0.639967,-0.599761,-0.0371541
previsão perfeita|uniforme,245,-1.41356,-0.640201,-0.600041,-0.0366328
previsão perfeita|uniforme,246,-1.41409,-0.640443,-0.600396,-0.0360906
previsão perfeita|uniforme,247,-1.41463,-0.64069,-0.600727,-0.0362667
previsão perfeita|uniforme,248,-1.41507,-0.640888,-0.601054,-0.0357916
previsão perfeita|uniforme,249,-1.41551,-0.641088,-0.601358,-0.0350545
previsão perfeita|uniforme,250,-1.416,-0.641315,-0.601613,-0.0348458
previsão perfeita|uniforme,251,-1.41647,-0.641526,-0.601934,-0.0347525
previsão perfeita|uniforme,252,-1.41688,-0.641711,-0.602213,-0.034641
previsão perfeita|uniforme,253,-1.41724,-0.641875,-0.602563,-0.0341141
previsão perfeita|uniforme,254,-1.41762,-0.64205,-0.602772,-0.0337442
previsão perfeita|uniforme,255,-1.41801,-0.642225,-0.603003,-0.0336597
previsão perfeita|uniforme,256,-1.41835,-0.642379,-0.603308,-0.033337
previsão perfeita|uniforme,257,-1.41868,-0.64253,-0.603673,-0.0332471
previsão perfeita|uniforme,258,-1.41895,-0.642655,-0.604032,-0.0323317
previsão perfeita|uniforme,259,-1.41931,-0.642819,-0.604272,-0.0320214
previsão perfeita|uniforme,260,-1.41967,-0.64298,-0.604602,-0.031402
previsão perfeita|uniforme,261,-1.42005,-0.643152,-0.604782,-0.031097
previsão perfeita|uniforme,262,-1.42044,-0.64333,-0.605074,-0.0305772
previsão perfeita|uniforme,263,-1.42085,-0.643519,-0.60527,-0.0300033
previsão perfeita|uniforme,264,-1.42131,-0.643728,-0.605568,-0.0295548
previsão perfeita|uniforme,265,-1.42179,-0.643944,-0.605851,-0.0295809
previsão perfeita|uniforme,266,-1.42219,-0.644129,-0.606172,-0.0292473
previsão perfeita|uniforme,267,-1.42259,-0.644311,-0.606439,-0.0291226
previsão perfeita|uniforme,268,-1.42296,-0.644476,-0.606735,-0.0285494
previsão perfeita|uniforme,269,-1.42336,-0.644659,-0.607058,-0.02816
previsão perfeita|uniforme,270,-1.42377,-0.644845,-0.607186,-0.0281155
previsão perfeita|uniforme,271,-1.42415,-0.645016,-0.607364,-0.028076
previsão perfeita|uniforme,272,-1.42449,-0.645171,-0.607529,-0.0281336
previsão perfeita|uniforme,273,-1.42478,-0.645306,-0.60771,-0.0279418
previsão perfeita|uniforme,274,-1.42507,-0.645436,-0.607933,-0.0273657
previsão perfeita|uniforme,275,-1.4254,-0.645588,-0.608166,-0.0271802
previsão perfeita|uniforme,276,-1.42572,-0.64573,-0.608444,-0.0267129
previsão perfeita|uniforme,277,-1.42605,-0.645883,-0.608637,-0.026536
previsão perfeita|uniforme,278,-1.42637,-0.646028,-0.608818,-0.0264907
previsão perfeita|uniforme,279,-1.42666,-0.646158,-0.609041,-0.0261679
previsão perfeita|uniforme,280,-1.42695,-0.64629,-0.609249,-0.0256265
previsão perfeita|uniforme,281,-1.42727,-0.646436,-0.609271,-0.0252586
previsão perfeita|uniforme,282,-1.42763,-0.646599,-0.609406,-0.0254191
previsão perfeita|uniforme,283,-1.42793,-0.646736,-0.609535,-0.025468
previsão perfeita|uniforme,284,-1.42818,-0.646851,-0.609814,-0.0251318
previsão perfeita|uniforme,285,-1.42844,-0.646968,-0.610037,-0.0242176
previsão perfeita|uniforme,286,-1.4288,-0.647134,-0.610245,-0.0239549
previsão perfeita|uniforme,287,-1.42917,-0.6473,-0.610467,-0.0236934
previsão perfeita|uniforme,288,-1.42954,-0.647468,-0.610738,-0.0235177
previsão perfeita|uniforme,289,-1.42988,-0.647624,-0.610973,-0.0236967
previsão perfeita|uniforme,290,-1.43014,-0.647744,-0.611139,-0.0232443
previsão perfeita|uniforme,291,-1.43045,-0.647882,-0.611317,-0.023478
previsão perfeita|uniforme,292,-1.43067,-0.647983,-0.611498,-0.0232893
previsão perfeita|uniforme,293,-1.43089,-0.648084,-0.611629,-0.0233533
previsão perfeita|uniforme,294,-1.43107,-0.648164,-0.611862,-0.0228278
previsão perfeita|uniforme,295,-1.43129,-0.648267,-0.612078,-0.0215287
previsão perfeita|uniforme,296,-1.43169,-0.648449,-0.61221,-0.0218446
previsão perfeita|uniforme,297,-1.43201,-0.648591,-0.61232,-0.0226696
previsão perfeita|uniforme,298,-1.43215,-0.648655,-0.612511,-0.0220582
previsão perfeita|uniforme,299,-1.43235,-0.648749,-0.612619,-0.0221992
previsão perfeita|uniforme,300,-1.43251,-0.64882,-0.612769,-0.0221815
previsão perfeita|uniforme,301,-1.43263,-0.648875,-0.612934,-0.0214788
previsão perfeita|uniforme,302,-1.43284,-0.648971,-0.613072,-0.0213046
previsão perfeita|uniforme,303,-1.43305,-0.649067,-0.61324,-0.0212356
previsão perfeita|uniforme,304,-1.43324,-0.649151,-0.613349,-0.0211434
previsão perfeita|uniforme,305,-1.43342,-0.649233,-0.613404,-0.0207331
previsão perfeita|uniforme,306,-1.43364,-0.649336,-0.613534,-0.021312
previsão perfeita|uniforme,307,-1.43374,-0.649381,-0.613587,-0.0214037
previsão perfeita|uniforme,308,-1.43381,-0.649411,-0.613802,-0.0206012
previsão perfeita|uniforme,309,-1.43397,-0.649484,-0.613928,-0.0204172
previsão perfeita|uniforme,310,-1.43413,-0.649557,-0.614016,-0.0199559
previsão perfeita|uniforme,311,-1.43434,-0.649651,-0.614211,-0.0190716
previsão perfeita|uniforme,312,-1.43465,-0.649793,-0.614243,-0.0194348
previsão perfeita|uniforme,313,-1.43489,-0.649903,-0.614328,-0.0197334
previsão perfeita|uniforme,314,-1.43506,-0.64998,-0.614477,-0.0193698
previsão perfeita|uniforme,315,-1.43526,-0.650069,-0.614644,-0.0190637
previsão perfeita|uniforme,316,-1.43547,-0.650167,-0.614753,-0.0191682
previsão perfeita|uniforme,317,-1.43564,-0.650243,-0.614796,-0.0185458
previsão perfeita|uniforme,318,-1.43589,-0.650358,-0.614994,-0.0181745
previsão perfeita|uniforme,319,-1.43618,-0.65049,-0.615018,-0.0184919
previsão perfeita|uniforme,320,-1.43641,-0.650592,-0.615134,-0.0184695
previsão perfeita|uniforme,321,-1.4366,-0.650681,-0.615283,-0.0186833
previsão perfeita|uniforme,322,-1.43674,-0.650743,-0.615302,-0.0183287
previsão perfeita|uniforme,323,-1.43692,-0.650823,-0.615451,-0.0182794
previsão perfeita|uniforme,324,-1.43707,-0.650893,-0.615636,-0.0174976
previsão perfeita|uniforme,325,-1.43732,-0.651006,-0.615715,-0.0178479
previsão perfeita|uniforme,326,-1.43749,-0.651083,-0.615727,-0.0184022
previsão perfeita|uniforme,327,-1.43756,-0.651115,-0.615786,-0.0173715
previsão perfeita|uniforme,328,-1.43778,-0.651217,-0.615902,-0.0177226
previsão perfeita|uniforme,329,-1.43793,-0.651283,-0.616021,-0.0178761
previsão perfeita|uniforme,330,-1.43802,-0.651327,-0.616107,-0.0178438
previsão perfeita|uniforme,331,-1.4381,-0.651364,-0.616248,-0.0179458
previsão perfeita|uniforme,332,-1.43814,-0.65138,-0.61639,-0.0173466
previsão perfeita|uniforme,333,-1.43825,-0.651429,-0.616513,-0.0167677
previsão perfeita|uniforme,334,-1.43843,-0.651512,-0.616677,-0.0163686
previsão perfeita|uniforme,335,-1.43865,-0.651611,-0.61678,-0.0159405
previsão perfeita|uniforme,336,-1.43892,-0.651734,-0.616886,-0.0164469
previsão perfeita|uniforme,337,-1.43908,-0.651808,-0.617027,-0.0159939
previsão perfeita|uniforme,338,-1.43929,-0.651905,-0.617116,-0.0164839
previsão perfeita|uniforme,339,-1.43941,-0.651956,-0.617239,-0.0157672
previsão perfeita|uniforme,340,-1.43962,-0.652052,-0.617359,-0.0158852
previsão perfeita|uniforme,341,-1.43978,-0.652128,-0.617482,-0.0161828
previsão perfeita|uniforme,342,-1.43988,-0.652172,-0.617423,-0.0163976
previsão perfeita|uniforme,343,-1.43994,-0.652199,-0.617468,-0.0161169
previsão perfeita|uniforme,344,-1.44003,-0.65224,-0.617528,-0.0156551
previsão perfeita|uniforme,345,-1.44019,-0.65231,-0.617589,-0.0155578
previsão perfeita|uniforme,346,-1.44033,-0.652376,-0.61764,-0.0158817
previsão perfeita|uniforme,347,-1.44041,-0.652412,-0.61773,-0.0161364
previsão perfeita|uniforme,348,-1.44043,-0.652421,-0.617797,-0.0158201
previsão perfeita|uniforme,349,-1.44049,-0.652449,-0.617855,-0.0154907
previsão perfeita|uniforme,350,-1.44059,-0.652494,-0.617928,-0.0150555
previsão perfeita|uniforme,351,-1.44075,-0.652565,-0.617984,-0.0150617
previsão perfeita|uniforme,352,-1.44089,-0.652629,-0.618096,-0.0152409
previsão perfeita|uniforme,353,-1.44098,-0.65267,-0.618216,-0.0152404
previsão perfeita|uniforme,354,-1.44105,-0.652702,-0.618237,-0.0157768
previsão perfeita|uniforme,355,-1.44102,-0.65269,-0.618401,-0.0151833
previsão perfeita|uniforme,356,-1.44107,-0.652712,-0.618515,-0.0147757
previsão perfeita|uniforme,357,-1.44117,-0.652756,-0.618606,-0.0145425
previsão perfeita|uniforme,358,-1.44128,-0.65281,-0.618708,-0.014853
previsão perfeita|uniforme,359,-1.44133,-0.652833,-0.618766,-0.0138671
previsão perfeita|uniforme,360,-1.44153,-0.652923,-0.618882,-0.0135429
previsão perfeita|uniforme,361,-1.44176,-0.653027,-0.61894,-0.0134486
previsão perfeita|uniforme,362,-1.44199,-0.65313,-0.61901,-0.0138101
previsão perfeita|uniforme,363,-1.44214,-0.653198,-0.619085,-0.0141021
previsão perfeita|uniforme,364,-1.44221,-0.653233,-0.61903,-0.0134056
previsão perfeita|uniforme,365,-1.44242,-0.653325,-0.619047,-0.0139475
previsão perfeita|uniforme,366,-1.44252,-0.65337,-0.619054,-0.0142788
previsão perfeita|uniforme,367,-1.44255,-0.653387,-0.619069,-0.013911
previsão perfeita|uniforme,368,-1.44264,-0.653427,-0.619091,-0.0138246
previsão perfeita|uniforme,369,-1.44273,-0.653468,-0.619214,-0.0140919
previsão perfeita|uniforme,370,-1.44276,-0.653481,-0.619344,-0.0132928
previsão perfeita|uniforme,371,-1.44289,-0.653542,-0.619389,-0.01325
previsão perfeita|uniforme,372,-1.44303,-0.653603,-0.619436,-0.0131087
previsão perfeita|uniforme,373,-1.44317,-0.653667,-0.619526,-0.0132655
previsão perfeita|uniforme,374,-1.44327,-0.653712,-0.619571,-0.0131951
previsão perfeita|uniforme,375,-1.44337,-0.65376,-0.619561,-0.0134842
previsão perfeita|uniforme,376,-1.44343,-0.653787,-0.619469,-0.0134271
previsão perfeita|uniforme,377,-1.4435,-0.653818,-0.619545,-0.0140191
previsão perfeita|uniforme,378,-1.44345,-0.653797,-0.619575,-0.0137573
previsão perfeita|uniforme,379,-1.44344,-0.653792,-0.619664,-0.0135098
previsão perfeita|uniforme,380,-1.44346,-0.653799,-0.619739,-0.0128335
previsão perfeita|uniforme,381,-1.44358,-0.653854,-0.619796,-0.0138103
previsão perfeita|uniforme,382,-1.44352,-0.653828,-0.619902,-0.0132929
previsão perfeita|uniforme,383,-1.44354,-0.653836,-0.619812,-0.0135574
previsão perfeita|uniforme,384,-1.44352,-0.653827,-0.619815,-0.013222
previsão perfeita|uniforme,385,-1.44355,-0.653842,-0.619776,-0.0131851
previsão perfeita|uniforme,386,-1.44359,-0.653858,-0.619835,-0.0135374
previsão perfeita|uniforme,387,-1.44355,-0.653842,-0.6199,-0.0127694
previsão perfeita|uniforme,388,-1.44364,-0.653879,-0.619944,-0.0129618
previsão perfeita|uniforme,389,-1.44368,-0.6539,-0.620091,-0.013087
previsão perfeita|uniforme,390,-1.44369,-0.653903,-0.620142,-0.0127052
previsão perfeita|uniforme,391,-1.44375,-0.653929,-0.620241,-0.0124925
previsão perfeita|uniforme,392,-1.44382,-0.653964,-0.620215,-0.0125676
previsão perfeita|uniforme,393,-1.44389,-0.653995,-0.620195,-0.0121712
previsão perfeita|uniforme,394,-1.44401,-0.654051,-0.620282,-0.0125771
previsão perfeita|uniforme,395,-1.44405,-0.654068,-0.620347,-0.0123475
previsão perfeita|uniforme,396,-1.44412,-0.654099,-0.620378,-0.0119834
previsão perfeita|uniforme,397,-1.44424,-0.654155,-0.620494,-0.0121525
previsão perfeita|uniforme,398,-1.44432,-0.654189,-0.620538,-0.0119928
previsão perfeita|uniforme,399,-1.44441,-0.654233,-0.620536,-0.012289
previsão perfeita|uniforme,400,-1.44446,-0.654253,-0.620701,-0.011948
previsão perfeita|uniforme,401,-1.44453,-0.654288,-0.620711,-0.0120393
previsão perfeita|uniforme,402,-1.44459,-0.654312,-0.620761,-0.0125098
previsão perfeita|uniforme,403,-1.44456,-0.654297,-0.620709,-0.0120526
previsão perfeita|uniforme,404,-1.44461,-0.654323,-0.620683,-0.0123969
previsão perfeita|uniforme,405,-1.4446,-0.65432,-0.62076,-0.0119846
previsão perfeita|uniforme,406,-1.44466,-0.654345,-0.620768,-0.0125442
previsão perfeita|uniforme,407,-1.44462,-0.654326,-0.620683,-0.0121591
previsão perfeita|uniforme,408,-1.44464,-0.654338,-0.620604,-0.0124506
previsão perfeita|uniforme,409,-1.44463,-0.654334,-0.62069,-0.0121471
previsão perfeita|uniforme,410,-1.44466,-0.654347,-0.620678,-0.0119787
previsão perfeita|uniforme,411,-1.44472,-0.654372,-0.620775,-0.0123142
previsão perfeita|uniforme,412,-1.4447,-0.654363,-0.620675,-0.0123153
previsão perfeita|uniforme,413,-1.44469,-0.654358,-0.62082,-0.0116424
previsão perfeita|uniforme,414,-1.44478,-0.654399,-0.620695,-0.0122668
previsão perfeita|uniforme,415,-1.44477,-0.654395,-0.620717,-0.012049
previsão perfeita|uniforme,416,-1.4448,-0.654407,-0.620741,-0.0121555
previsão perfeita|uniforme,417,-1.44479,-0.654406,-0.620804,-0.0116174
previsão perfeita|uniforme,418,-1.44487,-0.654441,-0.620835,-0.0120142
previsão perfeita|uniforme,419,-1.44488,-0.654443,-0.620872,-0.0123065
previsão perfeita|uniforme,420,-1.44483,-0.654422,-0.620893,-0.0113291
previsão perfeita|uniforme,421,-1.44494,-0.654473,-0.620894,-0.0114514
previsão perfeita|uniforme,422,-1.44503,-0.654512,-0.621031,-0.011692
previsão perfeita|uniforme,423,-1.44506,-0.654525,-0.621021,-0.0120861
previsão perfeita|uniforme,424,-1.44502,-0.654508,-0.621062,-0.011564
previsão perfeita|uniforme,425,-1.44506,-0.654526,-0.621072,-0.0117461
previsão perfeita|uniforme,426,-1.44507,-0.654529,-0.621104,-0.0115947
previsão perfeita|uniforme,427,-1.44509,-0.654542,-0.621099,-0.0114541
previsão perfeita|uniforme,428,-1.44514,-0.654564,-0.621146,-0.01122
previsão perfeita|uniforme,429,-1.44523,-0.654603,-0.621208,-0.0109171
previsão perfeita|uniforme,430,-1.44535,-0.65466,-0.621315,-0.0112302
previsão perfeita|uniforme,431,-1.44541,-0.654687,-0.621355,-0.0115599
previsão perfeita|uniforme,432,-1.44541,-0.654688,-0.621343,-0.0118572
previsão perfeita|uniforme,433,-1.44537,-0.654668,-0.621406,-0.0114612
previsão perfeita|uniforme,434,-1.44539,-0.654675,-0.621368,-0.0112315
previsão perfeita|uniforme,435,-1.44544,-0.654701,-0.621372,-0.0115827
previsão perfeita|uniforme,436,-1.44544,-0.654701,-0.621438,-0.0113122
previsão perfeita|uniforme,437,-1.44548,-0.654717,-0.621492,-0.0106583
previsão perfeita|uniforme,438,-1.44561,-0.654775,-0.62146,-0.0106711
previsão perfeita|uniforme,439,-1.44573,-0.654832,-0.621515,-0.0116462
previsão perfeita|uniforme,440,-1.44568,-0.65481,-0.621522,-0.0102111
previsão perfeita|uniforme,441,-1.44586,-0.654893,-0.62151,-0.0108288
previsão perfeita|uniforme,442,-1.44595,-0.654931,-0.62159,-0.0106679
previsão perfeita|uniforme,443,-1.44605,-0.654976,-0.62163,-0.0107943
previsão perfeita|uniforme,444,-1.44612,-0.65501,-0.62164,-0.0104953
previsão perfeita|uniforme,445,-1.44624,-0.655065,-0.621682,-0.0106516
previsão perfeita|uniforme,446,-1.44633,-0.655106,-0.621749,-0.0113421
previsão perfeita|uniforme,447,-1.44629,-0.655087,-0.621668,-0.0109479
previsão perfeita|uniforme,448,-1.44632,-0.655102,-0.62169,-0.0110138
previsão perfeita|uniforme,449,-1.44634,-0.655111,-0.621646,-0.0110751
previsão perfeita|uniforme,450,-1.44635,-0.655115,-0.62163,-0.0114193
previsão perfeita|uniforme,451,-1.44631,-0.655093,-0.621618,-0.0116046
previsão perfeita|uniforme,452,-1.44622,-0.655056,-0.621691,-0.0111091
previsão perfeita|uniforme,453,-1.44621,-0.655051,-0.621737,-0.0103361
previsão perfeita|uniforme,454,-1.44633,-0.655103,-0.621761,-0.0112371
previsão perfeita|uniforme,455,-1.44628,-0.655083,-0.621627,-0.0111361
previsão perfeita|uniforme,456,-1.44627,-0.655077,-0.621617,-0.0116604
previsão perfeita|uniforme,457,-1.44617,-0.65503,-0.621698,-0.0117242
previsão perfeita|uniforme,458,-1.44605,-0.654975,-0.621755,-0.0117902
previsão perfeita|uniforme,459,-1.44591,-0.654915,-0.621717,-0.0108176
previsão perfeita|uniforme,460,-1.44595,-0.654932,-0.621769,-0.0111436
previsão perfeita|uniforme,461,-1.44592,-0.65492,-0.621787,-0.0111461
previsão perfeita|uniforme,462,-1.4459,-0.654908,-0.621815,-0.0110533
previsão perfeita|uniforme,463,-1.44588,-0.6549,-0.62186,-0.0112314
previsão perfeita|uniforme,464,-1.44583,-0.654878,-0.622032,-0.0107092
previsão perfeita|uniforme,465,-1.44585,-0.654886,-0.622124,-0.0107111
previsão perfeita|uniforme,466,-1.44587,-0.654894,-0.622143,-0.0100196
previsão perfeita|uniforme,467,-1.446,-0.654953,-0.621959,-0.0106627
previsão perfeita|uniforme,468,-1.44603,-0.65497,-0.622011,-0.0110807
previsão perfeita|uniforme,469,-1.446,-0.654954,-0.622085,-0.0107779
previsão perfeita|uniforme,470,-1.446,-0.654957,-0.622072,-0.0110138
previsão perfeita|uniforme,471,-1.44598,-0.654947,-0.622085,-0.0114887
previsão perfeita|uniforme,472,-1.44588,-0.654902,-0.622104,-0.0112356
previsão perfeita|uniforme,473,-1.44582,-0.654873,-0.621818,-0.0101783
previsão perfeita|uniforme,474,-1.44596,-0.654936,-0.621862,-0.0103422
previsão perfeita|uniforme,475,-1.44606,-0.654983,-0.621912,-0.0100755
previsão perfeita|uniforme,476,-1.4462,-0.655047,-0.621928,-0.0110203
previsão perfeita|uniforme,477,-1.44618,-0.655036,-0.621968,-0.0108019
previsão perfeita|uniforme,478,-1.44619,-0.65504,-0.621989,-0.0104723
previsão perfeita|uniforme,479,-1.44625,-0.655067,-0.621943,-0.0109605
previsão perfeita|uniforme,480,-1.44623,-0.655061,-0.621953,-0.0102306
previsão perfeita|uniforme,481,-1.44634,-0.655108,-0.622047,-0.0100989
previsão perfeita|uniforme,482,-1.44646,-0.655162,-0.622048,-0.0100636
previsão perfeita|uniforme,483,-1.44658,-0.655218,-0.6219,-0.0104336
previsão perfeita|uniforme,484,-1.44666,-0.655253,-0.621927,-0.0101884
previsão perfeita|uniforme,485,-1.44677,-0.655305,-0.621916,-0.0105912
previsão perfeita|uniforme,486,-1.44683,-0.65533,-0.621918,-0.0100992
previsão perfeita|uniforme,487,-1.44696,-0.65539,-0.621832,-0.0107815
previsão perfeita|uniforme,488,-1.44699,-0.655403,-0.621894,-0.0109193
previsão perfeita|uniforme,489,-1.44699,-0.655403,-0.621905,-0.0113297
previsão perfeita|uniforme,490,-1.44691,-0.65537,-0.621971,-0.0109254
previsão perfeita|uniforme,491,-1.4469,-0.655364,-0.621937,-0.0106237
previsão perfeita|uniforme,492,-1.44693,-0.655379,-0.622084,-0.0103968
previsão perfeita|uniforme,493,-1.44699,-0.655406,-0.622176,-0.00998558
previsão perfeita|uniforme,494,-1.44711,-0.655458,-0.622041,-0.0103263
previsão perfeita|uniforme,495,-1.44716,-0.655482,-0.622098,-0.0103814
previsão perfeita|uniforme,496,-1.4472,-0.655498,-0.622074,-0.0103377
previsão perfeita|uniforme,497,-1.44725,-0.655521,-0.622087,-0.0104094
previsão perfeita|uniforme,498,-1.44728,-0.655535,-0.622113,-0.0101641
previsão perfeita|uniforme,499,-1.44734,-0.655566,-0.622065,-0.0102547
previsão perfeita|uniforme,500,-1.4474,-0.65559,-0.622146,-0.0106803
previsão perfeita|uniforme,501,-1.44736,-0.655574,-0.622011,-0.0105749
previsão perfeita|uniforme,502,-1.44736,-0.655573,-0.621959,-0.0114938
previsão perfeita|uniforme,503,-1.44721,-0.655504,-0.622043,-0.0107819
previsão perfeita|uniforme,504,-1.44716,-0.655483,-0.622007,-0.0105597
previsão perfeita|uniforme,505,-1.44715,-0.655479,-0.622026,-0.010715
previsão perfeita|uniforme,506,-1.44712,-0.655466,-0.621926,-0.0106461
previsão perfeita|uniforme,507,-1.44711,-0.65546,-0.621889,-0.0101848
previsão perfeita|uniforme,508,-1.44718,-0.655493,-0.621981,-0.0100804
previsão perfeita|uniforme,509,-1.44726,-0.655529,-0.621794,-0.0111033
previsão perfeita|uniforme,510,-1.44719,-0.655495,-0.621837,-0.0109551
previsão perfeita|uniforme,511,-1.44713,-0.655468,-0.621936,-0.0100238
previsão perfeita|uniforme,512,-1.44721,-0.655504,-0.621985,-0.0101498
previsão perfeita|uniforme,513,-1.44726,-0.655527,-0.622081,-0.0101881
previsão perfeita|uniforme,514,-1.44728,-0.655537,-0.622117,-0.00985097
previsão perfeita|uniforme,515,-1.44735,-0.65557,-0.622184,-0.01011
previsão perfeita|uniforme,516,-1.44737,-0.655578,-0.622196,-0.00973664
previsão perfeita|uniforme,517,-1.44745,-0.655615,-0.622215,-0.0105217
previsão perfeita|uniforme,518,-1.4474,-0.65559,-0.622251,-0.00934047
previsão perfeita|uniforme,519,-1.44754,-0.655653,-0.622238,-0.00997445
previsão perfeita|uniforme,520,-1.44757,-0.655668,-0.622218,-0.0101516
previsão perfeita|uniforme,521,-1.44757,-0.65567,-0.622195,-0.0104998
previsão perfeita|uniforme,522,-1.44753,-0.655649,-0.622181,-0.0103112
previsão perfeita|uniforme,523,-1.44751,-0.655643,-0.622194,-0.0101673
previsão perfeita|uniforme,524,-1.44752,-0.655646,-0.622172,-0.010352
previsão perfeita|uniforme,525,-1.44749,-0.655632,-0.622168,-0.0103499
previsão perfeita|uniforme,526,-1.44746,-0.655618,-0.622142,-0.010265
previsão perfeita|uniforme,527,-1.44745,-0.655612,-0.622169,-0.0106437
previsão perfeita|uniforme,528,-1.44737,-0.655578,-0.622158,-0.0107593
previsão perfeita|uniforme,529,-1.44728,-0.655537,-0.622065,-0.0104669
previsão perfeita|uniforme,530,-1.44726,-0.655526,-0.6221,-0.0105623
previsão perfeita|uniforme,531,-1.44721,-0.655505,-0.622208,-0.0103702
previsão perfeita|uniforme,532,-1.44718,-0.655492,-0.62207,-0.0107188
previsão perfeita|uniforme,533,-1.44711,-0.655458,-0.622031,-0.0106875
previsão perfeita|uniforme,534,-1.44704,-0.655428,-0.622115,-0.00986192
previsão perfeita|uniforme,535,-1.4471,-0.655454,-0.622157,-0.0103206
previsão perfeita|uniforme,536,-1.44707,-0.655442,-0.622135,-0.0095003
previsão perfeita|uniforme,537,-1.44718,-0.655492,-0.622125,-0.00948267
previsão perfeita|uniforme,538,-1.4473,-0.655544,-0.622144,-0.0101263
previsão perfeita|uniforme,539,-1.4473,-0.655546,-0.622141,-0.0102874
previsão perfeita|uniforme,540,-1.44728,-0.655536,-0.622129,-0.0103251
previsão perfeita|uniforme,541,-1.44725,-0.655523,-0.622181,-0.0105265
previsão perfeita|uniforme,542,-1.44719,-0.655494,-0.62221,-0.0103723
previsão perfeita|uniforme,543,-1.44714,-0.655474,-0.622095,-0.0104389
previsão perfeita|uniforme,544,-1.44711,-0.655457,-0.622092,-0.0109501
previsão perfeita|uniforme,545,-1.44698,-0.655401,-0.622057,-0.0100854
previsão perfeita|uniforme,546,-1.44701,-0.655412,-0.621957,-0.0102733
previsão perfeita|uniforme,547,-1.44702,-0.655416,-0.62201,-0.0104605
previsão perfeita|uniforme,548,-1.44698,-0.655398,-0.622064,-0.0101277
previsão perfeita|uniforme,549,-1.44699,-0.655403,-0.6221,-0.00979536
previsão perfeita|uniforme,550,-1.44705,-0.655432,-0.622082,-0.0103467
previsão perfeita|uniforme,551,-1.44702,-0.655417,-0.621916,-0.0100627
previsão perfeita|uniforme,552,-1.44704,-0.655429,-0.621887,-0.0103742
previsão perfeita|uniforme,553,-1.44703,-0.655421,-0.621937,-0.00970894
previsão perfeita|uniforme,554,-1.4471,-0.655457,-0.621961,-0.0106852
previsão perfeita|uniforme,555,-1.44702,-0.655418,-0.621996,-0.0111216
previsão perfeita|uniforme,556,-1.44686,-0.655344,-0.622058,-0.0101761
previsão perfeita|uniforme,557,-1.44685,-0.655343,-0.621979,-0.0103239
previsão perfeita|uniforme,558,-1.44683,-0.655333,-0.621986,-0.0100869
previsão perfeita|uniforme,559,-1.44685,-0.655341,-0.62202,-0.0103184
previsão perfeita|uniforme,560,-1.44683,-0.655332,-0.622091,-0.0101815
previsão perfeita|uniforme,561,-1.44683,-0.65533,-0.62209,-0.0100589
previsão perfeita|uniforme,562,-1.44684,-0.655338,-0.622193,-0.00977823
previsão perfeita|uniforme,563,-1.4469,-0.655363,-0.622186,-0.0101268
previsão perfeita|uniforme,564,-1.44689,-0.655359,-0.622203,-0.00964158
previsão perfeita|uniforme,565,-1.44695,-0.655389,-0.622169,-0.00970278
previsão perfeita|uniforme,566,-1.44701,-0.655416,-0.622185,-0.00941238
previsão perfeita|uniforme,567,-1.44712,-0.655465,-0.622207,-0.00928511
previsão perfeita|uniforme,568,-1.44725,-0.655523,-0.622208,-0.0088024
previsão perfeita|uniforme,569,-1.44745,-0.655613,-0.622187,-0.00884228
previsão perfeita|uniforme,570,-1.44764,-0.655699,-0.622083,-0.00866343
previsão perfeita|uniforme,571,-1.44787,-0.655803,-0.622125,-0.00912801
previsão perfeita|uniforme,572,-1.44801,-0.655871,-0.622081,-0.00931663
previsão perfeita|uniforme,573,-1.44814,-0.655926,-0.622071,-0.0102817
previsão perfeita|uniforme,574,-1.4481,-0.655908,-0.622138,-0.0104381
previsão perfeita|uniforme,575,-1.44802,-0.655874,-0.622119,-0.0104765
previsão perfeita|uniforme,576,-1.44794,-0.655837,-0.62221,-0.0104594
previsão perfeita|uniforme,577,-1.44785,-0.655794,-0.622135,-0.0102206
previsão perfeita|uniforme,578,-1.4478,-0.655774,-0.62204,-0.011086
previsão perfeita|uniforme,579,-1.44763,-0.655694,-0.621991,-0.0104326
previsão perfeita|uniforme,580,-1.44757,-0.655667,-0.621954,-0.0105753
previsão perfeita|uniforme,581,-1.44749,-0.655631,-0.622011,-0.0105415
previsão perfeita|uniforme,582,-1.4474,-0.655593,-0.622027,-0.010108
previsão perfeita|uniforme,583,-1.44739,-0.655585,-0.622022,-0.0102395
previsão perfeita|uniforme,584,-1.44735,-0.655569,-0.622036,-0.0104673
previsão perfeita|uniforme,585,-1.44727,-0.655533,-0.62204,-0.0102482
previsão perfeita|uniforme,586,-1.44723,-0.655512,-0.621998,-0.0100786
previsão perfeita|uniforme,587,-1.44721,-0.655506,-0.622029,-0.0101982
previsão perfeita|uniforme,588,-1.44718,-0.655491,-0.622107,-0.0099855
previsão perfeita|uniforme,589,-1.44717,-0.655488,-0.622105,-0.00968277
previsão perfeita|uniforme,590,-1.44722,-0.655509,-0.622103,-0.0101534
previsão perfeita|uniforme,591,-1.44718,-0.655492,-0.622123,-0.0108027
previsão perfeita|uniforme,592,-1.44704,-0.655428,-0.622166,-0.0100612
previsão perfeita|uniforme,593,-1.44702,-0.65542,-0.622172,-0.0104032
previsão perfeita|uniforme,594,-1.44695,-0.655386,-0.622264,-0.010417
previsão perfeita|uniforme,595,-1.44686,-0.655346,-0.622163,-0.0099398
previsão perfeita|uniforme,596,-1.44687,-0.655348,-0.622155,-0.0105227
previsão perfeita|uniforme,597,-1.44677,-0.655306,-0.622243,-0.0109743
previsão perfeita|uniforme,598,-1.4466,-0.655226,-0.622234,-0.0103842
previsão perfeita|uniforme,599,-1.44653,-0.655195,-0.62225,-0.00973047
previsão perfeita|isenção,0,0,0,0.3116,-1.15162
previsão perfeita|isenção,1,-0.0212384,-0.00958201,0.298002,-1.13505
previsão perfeita|isenção,2,-0.0421702,-0.0190268,0.284335,-1.11872
previsão perfeita|isenção,3,-0.0627807,-0.0283277,0.270878,-1.10267
previsão perfeita|isenção,4,-0.0830647,-0.0374822,0.257419,-1.08683
previsão perfeita|isenção,5,-0.103022,-0.0464903,0.244276,-1.07124
previsão perfeita|isenção,6,-0.122663,-0.0553568,0.231339,-1.05593
previsão perfeita|isenção,7,-0.14199,-0.0640823,0.218841,-1.04074
previsão perfeita|isenção,8,-0.161043,-0.0726847,0.206669,-1.02578
previsão perfeita|isenção,9,-0.179831,-0.0811685,0.194534,-1.01113
previsão perfeita|isenção,10,-0.198332,-0.089524,0.182464,-0.996661
previsão perfeita|isenção,11,-0.216547,-0.0977508,0.170547,-0.982373
previsão perfeita|isenção,12,-0.234489,-0.105855,0.159068,-0.968353
previsão perfeita|isenção,13,-0.252168,-0.113842,0.1475,-0.954523
previsão perfeita|isenção,14,-0.269573,-0.121705,0.136202,-0.940979
previsão perfeita|isenção,15,-0.286702,-0.129444,0.125259,-0.927476
previsão perfeita|isenção,16,-0.303599,-0.13708,0.114451,-0.914217
previsão perfeita|isenção,17,-0.320256,-0.144607,0.103554,-0.90122
previsão perfeita|isenção,18,-0.336648,-0.152016,0.0927515,-0.88848
previsão perfeita|isenção,19,-0.352766,-0.159301,0.0821699,-0.875882
previsão perfeita|isenção,20,-0.368627,-0.16647,0.0720368,-0.863408
previsão perfeita|isenção,21,-0.384265,-0.17354,0.0617766,-0.851227
previsão perfeita|isenção,22,-0.399644,-0.180493,0.0515951,-0.839203
previsão perfeita|isenção,23,-0.414765,-0.18733,0.0418759,-0.826883
previsão perfeita|isenção,24,-0.429733,-0.194098,0.0322115,-0.815202
previsão perfeita|isenção,25,-0.444473,-0.200764,0.0226205,-0.803595
previsão perfeita|isenção,26,-0.458996,-0.207332,0.0133759,-0.792363
previsão perfeita|isenção,27,-0.473285,-0.213795,0.00388334,-0.780989
previsão perfeita|isenção,28,-0.48737,-0.220166,-0.00534115,-0.76988
previsão perfeita|isenção,29,-0.501244,-0.226442,-0.0142829,-0.759273
previsão perfeita|isenção,30,-0.51487,-0.232607,-0.023294,-0.74861
previsão perfeita|isenção,31,-0.528265,-0.238667,-0.0321739,-0.738033
previsão perfeita|isenção,32,-0.541451,-0.244633,-0.0407566,-0.727493
previsão perfeita|isenção,33,-0.554461,-0.25052,-0.0492739,-0.717239
previsão perfeita|isenção,34,-0.567274,-0.256319,-0.0573512,-0.707328
previsão perfeita|isenção,35,-0.579889,-0.262028,-0.0656861,-0.697285
previsão perfeita|isenção,36,-0.592319,-0.267653,-0.0737928,-0.687165
previsão perfeita|isenção,37,-0.604614,-0.273218,-0.0813974,-0.677432
previsão perfeita|isenção,38,-0.616768,-0.27872,-0.0892508,-0.668252
previsão perfeita|isenção,39,-0.628686,-0.284115,-0.0971764,-0.658875
previsão perfeita|isenção,40,-0.640407,-0.289422,-0.104984,-0.649503
previsão perfeita|isenção,41,-0.651961,-0.294653,-0.112491,-0.640315
previsão perfeita|isenção,42,-0.663356,-0.299812,-0.119806,-0.631015
previsão perfeita|isenção,43,-0.674641,-0.304922,-0.12698,-0.6223
previsão perfeita|isenção,44,-0.685746,-0.309951,-0.134225,-0.613898
previsão perfeita|isenção,45,-0.696632,-0.314881,-0.141239,-0.605476
previsão perfeita|isenção,46,-0.707336,-0.319728,-0.14834,-0.597062
previsão perfeita|isenção,47,-0.717863,-0.324496,-0.155261,-0.588674
previsão perfeita|isenção,48,-0.728244,-0.329198,-0.16207,-0.580702
previsão perfeita|isenção,49,-0.738426,-0.33381,-0.168601,-0.5727
previsão perfeita|isenção,50,-0.748456,-0.338353,-0.175395,-0.564549
previsão perfeita|isenção,51,-0.758344,-0.342833,-0.181854,-0.557131
previsão perfeita|isenção,52,-0.76802,-0.347216,-0.18831,-0.54933
previsão perfeita|isenção,53,-0.777559,-0.351538,-0.194685,-0.541658
previsão perfeita|isenção,54,-0.786958,-0.355797,-0.200682,-0.534149
previsão perfeita|isenção,55,-0.796235,-0.36,-0.206687,-0.526927
previsão perfeita|isenção,56,-0.80536,-0.364135,-0.212614,-0.51976
previsão perfeita|isenção,57,-0.814336,-0.368203,-0.218513,-0.512429
previsão perfeita|isenção,58,-0.823204,-0.372222,-0.224298,-0.505676
previsão perfeita|isenção,59,-0.831897,-0.376161,-0.229983,-0.49882
previsão perfeita|isenção,60,-0.840444,-0.380035,-0.235404,-0.49188
previsão perfeita|isenção,61,-0.848897,-0.383866,-0.240889,-0.484616
previsão perfeita|isenção,62,-0.857314,-0.387682,-0.246577,-0.47788
previsão perfeita|isenção,63,-0.865604,-0.391439,-0.251861,-0.471645
previsão perfeita|isenção,64,-0.87373,-0.395123,-0.257037,-0.464839
previsão perfeita|isenção,65,-0.881803,-0.398782,-0.262269,-0.458507
previsão perfeita|isenção,66,-0.889756,-0.402388,-0.267311,-0.452126
previsão perfeita|isenção,67,-0.897623,-0.405954,-0.272508,-0.446174
previsão perfeita|isenção,68,-0.905324,-0.409446,-0.277682,-0.440118
previsão perfeita|isenção,69,-0.912895,-0.412879,-0.282738,-0.434804
previsão perfeita|isenção,70,-0.920233,-0.416206,-0.287627,-0.428849
previsão perfeita|isenção,71,-0.927474,-0.419489,-0.292385,-0.422812
previsão perfeita|isenção,72,-0.934651,-0.422744,-0.297067,-0.417245
previsão perfeita|isenção,73,-0.941707,-0.425943,-0.301731,-0.411739
previsão perfeita|isenção,74,-0.948638,-0.429087,-0.306396,-0.405937
previsão perfeita|isenção,75,-0.955504,-0.432201,-0.310811,-0.400699
previsão perfeita|isenção,76,-0.962242,-0.435257,-0.315049,-0.395277
previsão perfeita|isenção,77,-0.968902,-0.438277,-0.319355,-0.389269
previsão perfeita|isenção,78,-0.97558,-0.441306,-0.323636,-0.384062
previsão perfeita|isenção,79,-0.982155,-0.444288,-0.328012,-0.378901
previsão perfeita|isenção,80,-0.988621,-0.447221,-0.33227,-0.373723
previsão perfeita|isenção,81,-0.995007,-0.450118,-0.336144,-0.3686
previsão perfeita|isenção,82,-1.00134,-0.452992,-0.339986,-0.364069
previsão perfeita|isenção,83,-1.00754,-0.455803,-0.343876,-0.359297
previsão perfeita|isenção,84,-1.01364,-0.458572,-0.34802,-0.354308
previsão perfeita|isenção,85,-1.01967,-0.461308,-0.351754,-0.350014
previsão perfeita|isenção,86,-1.02556,-0.463978,-0.355624,-0.345642
previsão perfeita|isenção,87,-1.03131,-0.466589,-0.359335,-0.341151
previsão perfeita|isenção,88,-1.03698,-0.469158,-0.363023,-0.337009
previsão perfeita|isenção,89,-1.04249,-0.471662,-0.366637,-0.332765
previsão perfeita|isenção,90,-1.0479,-0.474113,-0.370168,-0.32788
previsão perfeita|isenção,91,-1.05331,-0.47657,-0.373766,-0.32366
previsão perfeita|isenção,92,-1.05863,-0.478983,-0.377112,-0.319494
previsão perfeita|isenção,93,-1.06386,-0.481359,-0.380704,-0.315256
previsão perfeita|isenção,94,-1.06902,-0.483699,-0.384047,-0.311392
previsão perfeita|isenção,95,-1.07406,-0.485985,-0.387377,-0.307335
previsão perfeita|isenção,96,-1.07902,-0.488237,-0.390553,-0.30317
previsão perfeita|isenção,97,-1.08395,-0.490474,-0.393868,-0.299206
previsão perfeita|isenção,98,-1.08881,-0.49268,-0.397084,-0.29567
previsão perfeita|isenção,99,-1.09354,-0.494826,-0.400247,-0.291703
previsão perfeita|isenção,100,-1.09822,-0.496951,-0.403555,-0.287809
previsão perfeita|isenção,101,-1.10283,-0.499045,-0.406385,-0.284111
previsão perfeita|isenção,102,-1.10739,-0.501115,-0.40953,-0.28011
previsão perfeita|isenção,103,-1.11193,-0.503174,-0.412333,-0.276949
previsão perfeita|isenção,104,-1.11634,-0.505177,-0.415314,-0.272944
previsão perfeita|isenção,105,-1.12076,-0.507182,-0.418225,-0.269627
previsão perfeita|isenção,106,-1.12508,-0.509143,-0.421213,-0.266285
previsão perfeita|isenção,107,-1.12931,-0.511063,-0.423895,-0.262947
previsão perfeita|isenção,108,-1.13348,-0.512955,-0.426613,-0.260034
previsão perfeita|isenção,109,-1.13752,-0.51479,-0.429311,-0.256304
previsão perfeita|isenção,110,-1.14158,-0.516633,-0.431828,-0.25322
previsão perfeita|isenção,111,-1.14557,-0.518445,-0.43422,-0.249926
previsão perfeita|isenção,112,-1.14954,-0.520248,-0.43687,-0.247051
previsão perfeita|isenção,113,-1.1534,-0.522002,-0.4392,-0.244554
previsão perfeita|isenção,114,-1.15713,-0.523695,-0.441679,-0.241638
previsão perfeita|isenção,115,-1.16079,-0.525356,-0.444075,-0.2385
previsão perfeita|isenção,116,-1.16442,-0.527005,-0.446535,-0.235109
previsão perfeita|isenção,117,-1.16807,-0.528662,-0.448639,-0.232271
previsão perfeita|isenção,118,-1.17168,-0.530302,-0.450727,-0.229779
previsão perfeita|isenção,119,-1.17521,-0.531901,-0.453094,-0.226914
previsão perfeita|isenção,120,-1.17867,-0.533475,-0.455376,-0.224259
previsão perfeita|isenção,121,-1.18206,-0.535015,-0.457697,-0.221197
previsão perfeita|isenção,122,-1.18545,-0.536551,-0.46009,-0.218701
previsão perfeita|isenção,123,-1.18872,-0.538039,-0.462212,-0.215711
previsão perfeita|isenção,124,-1.19202,-0.539534,-0.464447,-0.212965
previsão perfeita|isenção,125,-1.19527,-0.541014,-0.466722,-0.210344
previsão perfeita|isenção,126,-1.19848,-0.542471,-0.468798,-0.207359
previsão perfeita|isenção,127,-1.20172,-0.54394,-0.470946,-0.205363
previsão perfeita|isenção,128,-1.20481,-0.545346,-0.472884,-0.202738
previsão perfeita|isenção,129,-1.20789,-0.546746,-0.474903,-0.200045
previsão perfeita|isenção,130,-1.21098,-0.548145,-0.476856,-0.198021
previsão perfeita|isenção,131,-1.21395,-0.549495,-0.478763,-0.196114
previsão perfeita|isenção,132,-1.21681,-0.550795,-0.480633,-0.194079
previsão perfeita|isenção,133,-1.21959,-0.552058,-0.482388,-0.19183
previsão perfeita|isenção,134,-1.22233,-0.553303,-0.484163,-0.189098
previsão perfeita|isenção,135,-1.22512,-0.55457,-0.485995,-0.187272
previsão perfeita|isenção,136,-1.22781,-0.555789,-0.487786,-0.185112
previsão perfeita|isenção,137,-1.23044,-0.556987,-0.489436,-0.182699
previsão perfeita|isenção,138,-1.2331,-0.558192,-0.491108,-0.180734
previsão perfeita|isenção,139,-1.23569,-0.559371,-0.492767,-0.17933
previsão perfeita|isenção,140,-1.23814,-0.560483,-0.494401,-0.176752
previsão perfeita|isenção,141,-1.24064,-0.561618,-0.496127,-0.174903
previsão perfeita|isenção,142,-1.24307,-0.562721,-0.497722,-0.172707
previsão perfeita|isenção,143,-1.2455,-0.563825,-0.499422,-0.170511
previsão perfeita|isenção,144,-1.24792,-0.564926,-0.501029,-0.168713
previsão perfeita|isenção,145,-1.25029,-0.566001,-0.50284,-0.1661
previsão perfeita|isenção,146,-1.25271,-0.567103,-0.504067,-0.165085
previsão perfeita|isenção,147,-1.25499,-0.568138,-0.505608,-0.16306
previsão perfeita|isenção,148,-1.25726,-0.569167,-0.507075,-0.16112
previsão perfeita|isenção,149,-1.25952,-0.570196,-0.508639,-0.159706
previsão perfeita|isenção,150,-1.26168,-0.571178,-0.509977,-0.157879
previsão perfeita|isenção,151,-1.26383,-0.572155,-0.511495,-0.156105
previsão perfeita|isenção,152,-1.26595,-0.573115,-0.512785,-0.154215
previsão perfeita|isenção,153,-1.26807,-0.574078,-0.514074,-0.152091
previsão perfeita|isenção,154,-1.27023,-0.575063,-0.515646,-0.150655
previsão perfeita|isenção,155,-1.27231,-0.576007,-0.516982,-0.148659
previsão perfeita|isenção,156,-1.27442,-0.576964,-0.518192,-0.14707
previsão perfeita|isenção,157,-1.2765,-0.577911,-0.519231,-0.145261
previsão perfeita|isenção,158,-1.27862,-0.578872,-0.520329,-0.144546
previsão perfeita|isenção,159,-1.28057,-0.57976,-0.521569,-0.143246
previsão perfeita|isenção,160,-1.28246,-0.580616,-0.522874,-0.141791
previsão perfeita|isenção,161,-1.28429,-0.581449,-0.524044,-0.13982
previsão perfeita|isenção,162,-1.28618,-0.582305,-0.52539,-0.138497
previsão perfeita|isenção,163,-1.28799,-0.58313,-0.526616,-0.136958
previsão perfeita|isenção,164,-1.28979,-0.583948,-0.52793,-0.135992
previsão perfeita|isenção,165,-1.29148,-0.584714,-0.528948,-0.134736
previsão perfeita|isenção,166,-1.29312,-0.585462,-0.530091,-0.133201
previsão perfeita|isenção,167,-1.29477,-0.586212,-0.531224,-0.132287
previsão perfeita|isenção,168,-1.29632,-0.586916,-0.532247,-0.130717
previsão perfeita|isenção,169,-1.29789,-0.587629,-0.53339,-0.129647
previsão perfeita|isenção,170,-1.29939,-0.588309,-0.534593,-0.127995
previsão perfeita|isenção,171,-1.30091,-0.588999,-0.535704,-0.126003
previsão perfeita|isenção,172,-1.30251,-0.589728,-0.536659,-0.124781
previsão perfeita|isenção,173,-1.30409,-0.590447,-0.537811,-0.124222
previsão perfeita|isenção,174,-1.30553,-0.5911,-0.538679,-0.122662
previsão perfeita|isenção,175,-1.30702,-0.591776,-0.539719,-0.121592
previsão perfeita|isenção,176,-1.30846,-0.592429,-0.540648,-0.120188
previsão perfeita|isenção,177,-1.30992,-0.593092,-0.541687,-0.118761
previsão perfeita|isenção,178,-1.31139,-0.593762,-0.542647,-0.117808
previsão perfeita|isenção,179,-1.31281,-0.594407,-0.543286,-0.11707
previsão perfeita|isenção,180,-1.31416,-0.595022,-0.544119,-0.115604
previsão perfeita|isenção,181,-1.31556,-0.595658,-0.545125,-0.114018
previsão perfeita|isenção,182,-1.31701,-0.596315,-0.546259,-0.113684
previsão perfeita|isenção,183,-1.31829,-0.596896,-0.54714,-0.112625
previsão perfeita|isenção,184,-1.31954,-0.597466,-0.547969,-0.111097
previsão perfeita|isenção,185,-1.32085,-0.598063,-0.549069,-0.10996
previsão perfeita|isenção,186,-1.32215,-0.598651,-0.549798,-0.108808
previsão perfeita|isenção,187,-1.32346,-0.599245,-0.550628,-0.107733
previsão perfeita|isenção,188,-1.32476,-0.599836,-0.551346,-0.106434
previsão perfeita|isenção,189,-1.3261,-0.600448,-0.552075,-0.105426
previsão perfeita|isenção,190,-1.32745,-0.601058,-0.552927,-0.105177
previsão perfeita|isenção,191,-1.32865,-0.601605,-0.55361,-0.104189
previsão perfeita|isenção,192,-1.32985,-0.602153,-0.554184,-0.103105
previsão perfeita|isenção,193,-1.33108,-0.602709,-0.555081,-0.10241
previsão perfeita|isenção,194,-1.33223,-0.603231,-0.555946,-0.100901
previsão perfeita|isenção,195,-1.33345,-0.603785,-0.556702,-0.100486
previsão perfeita|isenção,196,-1.33457,-0.604294,-0.557444,-0.0997079
previsão perfeita|isenção,197,-1.33565,-0.604786,-0.558331,-0.0987649
previsão perfeita|isenção,198,-1.33671,-0.605268,-0.55889,-0.0974611
previsão perfeita|isenção,199,-1.33784,-0.605784,-0.559506,-0.0970554
previsão perfeita|isenção,200,-1.3389,-0.606264,-0.56034,-0.0954844
previsão perfeita|isenção,201,-1.34005,-0.606785,-0.560966,-0.0949396
previsão perfeita|isenção,202,-1.34113,-0.607277,-0.561857,-0.0942841
previsão perfeita|isenção,203,-1.34215,-0.607743,-0.562411,-0.0931717
previsão perfeita|isenção,204,-1.34323,-0.60823,-0.563038,-0.0923866
previsão perfeita|isenção,205,-1.34428,-0.60871,-0.563768,-0.0914248
previsão perfeita|isenção,206,-1.34534,-0.609192,-0.564402,-0.0912029
previsão perfeita|isenção,207,-1.3463,-0.609628,-0.565118,-0.090544
previsão perfeita|isenção,208,-1.34723,-0.610049,-0.565468,-0.0895734
previsão perfeita|isenção,209,-1.3482,-0.610491,-0.566239,-0.0889746
previsão perfeita|isenção,210,-1.34912,-0.610909,-0.566669,-0.0884764
previsão perfeita|isenção,211,-1.35001,-0.611312,-0.567288,-0.0876735
previsão perfeita|isenção,212,-1.35089,-0.611715,-0.56788,-0.0871076
previsão perfeita|isenção,213,-1.35175,-0.612103,-0.568165,-0.0862475
previsão perfeita|isenção,214,-1.35265,-0.612512,-0.568656,-0.0861597
previsão perfeita|isenção,215,-1.35344,-0.612871,-0.569061,-0.0855857
previsão perfeita|isenção,216,-1.35421,-0.613222,-0.569567,-0.0846025
previsão perfeita|isenção,217,-1.35503,-0.613596,-0.57018,-0.0839003
previsão perfeita|isenção,218,-1.35583,-0.61396,-0.570407,-0.0833738
previsão perfeita|isenção,219,-1.35663,-0.614322,-0.570854,-0.0827657
previsão perfeita|isenção,220,-1.35741,-0.614678,-0.571576,-0.0819453
previsão perfeita|isenção,221,-1.35819,-0.615032,-0.572151,-0.0814151
previsão perfeita|isenção,222,-1.35893,-0.615368,-0.572753,-0.0804412
previsão perfeita|isenção,223,-1.35971,-0.615721,-0.573295,-0.0801012
previsão perfeita|isenção,224,-1.36042,-0.616047,-0.573725,-0.0797755
previsão perfeita|isenção,225,-1.36109,-0.616348,-0.574097,-0.079184
previsão perfeita|isenção,226,-1.36175,-0.616652,-0.574647,-0.0784405
previsão perfeita|isenção,227,-1.36244,-0.616962,-0.575229,-0.0775834
previsão perfeita|isenção,228,-1.36314,-0.617282,-0.575716,-0.0772556
previsão perfeita|isenção,229,-1.36379,-0.617579,-0.576016,-0.0759936
previsão perfeita|isenção,230,-1.36457,-0.617934,-0.576361,-0.0762138
previsão perfeita|isenção,231,-1.36522,-0.618229,-0.576786,-0.0755083
previsão perfeita|isenção,232,-1.3659,-0.618535,-0.577156,-0.0754066
previsão perfeita|isenção,233,-1.36649,-0.618805,-0.577704,-0.0750754
previsão perfeita|isenção,234,-1.36703,-0.61905,-0.578278,-0.0740136
previsão perfeita|isenção,235,-1.36764,-0.619327,-0.578804,-0.073585
previsão perfeita|isenção,236,-1.36822,-0.619592,-0.579298,-0.0729727
previsão perfeita|isenção,237,-1.3688,-0.619857,-0.579725,-0.0717372
previsão perfeita|isenção,238,-1.3695,-0.620174,-0.580132,-0.0717288
previsão perfeita|isenção,239,-1.37011,-0.62045,-0.580527,-0.0712943
previsão perfeita|isenção,240,-1.3707,-0.620718,-0.580878,-0.0711315
previsão perfeita|isenção,241,-1.37124,-0.620964,-0.581257,-0.0707176
previsão perfeita|isenção,242,-1.37177,-0.621205,-0.581573,-0.0710186
previsão perfeita|isenção,243,-1.37217,-0.621389,-0.582249,-0.0698991
previsão perfeita|isenção,244,-1.37266,-0.621608,-0.582447,-0.0693469
previsão perfeita|isenção,245,-1.37316,-0.621837,-0.58261,-0.0688375
previsão perfeita|isenção,246,-1.37369,-0.622078,-0.58297,-0.0683017
previsão perfeita|isenção,247,-1.37423,-0.622323,-0.583454,-0.068464
previsão perfeita|isenção,248,-1.37465,-0.622515,-0.583742,-0.0680025
previsão perfeita|isenção,249,-1.37508,-0.62271,-0.584026,-0.0672849
previsão perfeita|isenção,250,-1.37557,-0.622932,-0.584139,-0.0670799
previsão perfeita|isenção,251,-1.37603,-0.623142,-0.584492,-0.0669794
previsão perfeita|isenção,252,-1.37644,-0.623327,-0.584688,-0.0668634
previsão perfeita|isenção,253,-1.37681,-0.623494,-0.585075,-0.0663395
previsão perfeita|isenção,254,-1.37719,-0.623669,-0.585155,-0.0659703
previsão perfeita|isenção,255,-1.37759,-0.623849,-0.585444,-0.0658713
previsão perfeita|isenção,256,-1.37793,-0.624006,-0.585718,-0.065544
previsão perfeita|isenção,257,-1.37827,-0.624161,-0.586027,-0.0654411
previsão perfeita|isenção,258,-1.37856,-0.624293,-0.586423,-0.0645336
previsão perfeita|isenção,259,-1.37894,-0.624462,-0.586575,-0.0642158
previsão perfeita|isenção,260,-1.37931,-0.624631,-0.587168,-0.0635929
previsão perfeita|isenção,261,-1.37969,-0.624803,-0.587122,-0.0632895
previsão perfeita|isenção,262,-1.38009,-0.624986,-0.587484,-0.0627652
previsão perfeita|isenção,263,-1.38051,-0.625179,-0.587591,-0.0621921
previsão perfeita|isenção,264,-1.38098,-0.625393,-0.587909,-0.0617358
previsão perfeita|isenção,265,-1.38147,-0.625614,-0.588241,-0.0617414
previsão perfeita|isenção,266,-1.38189,-0.625805,-0.588565,-0.0614002
previsão perfeita|isenção,267,-1.3823,-0.625991,-0.588846,-0.061262
previsão perfeita|isenção,268,-1.38267,-0.62616,-0.589079,-0.0606889
previsão perfeita|isenção,269,-1.38309,-0.62635,-0.589432,-0.0602908
previsão perfeita|isenção,270,-1.38351,-0.626541,-0.589596,-0.0602293
previsão perfeita|isenção,271,-1.3839,-0.626717,-0.589765,-0.0601743
previsão perfeita|isenção,272,-1.38425,-0.626878,-0.589864,-0.0602129
previsão perfeita|isenção,273,-1.38456,-0.627021,-0.59,-0.0600054
previsão perfeita|isenção,274,-1.38487,-0.62716,-0.590236,-0.0594218
previsão perfeita|isenção,275,-1.38523,-0.627321,-0.590448,-0.0592178
previsão perfeita|isenção,276,-1.38556,-0.627474,-0.590696,-0.0587388
previsão perfeita|isenção,277,-1.38592,-0.627638,-0.590955,-0.0585398
previsão perfeita|isenção,278,-1.38626,-0.627793,-0.591076,-0.0584718
previsão perfeita|isenção,279,-1.38658,-0.627935,-0.59132,-0.0581305
previsão perfeita|isenção,280,-1.38689,-0.628079,-0.591617,-0.0575775
previsão perfeita|isenção,281,-1.38723,-0.628234,-0.591497,-0.0571974
previsão perfeita|isenção,282,-1.38762,-0.62841,-0.59146,-0.0573224
previsão perfeita|isenção,283,-1.38796,-0.628566,-0.591619,-0.0573289
previsão perfeita|isenção,284,-1.38826,-0.628701,-0.592082,-0.0569619
previsão perfeita|isenção,285,-1.38855,-0.628832,-0.59234,-0.0560423
previsão perfeita|isenção,286,-1.38894,-0.629011,-0.592549,-0.0557572
previsão perfeita|isenção,287,-1.38933,-0.629189,-0.592686,-0.0554727
previsão perfeita|isenção,288,-1.38974,-0.629373,-0.592994,-0.0552666
previsão perfeita|isenção,289,-1.39012,-0.629544,-0.593227,-0.0554064
previsão perfeita|isenção,290,-1.39042,-0.629681,-0.593314,-0.0549319
previsão perfeita|isenção,291,-1.39076,-0.629838,-0.593634,-0.0551191
previsão perfeita|isenção,292,-1.39102,-0.629955,-0.593912,-0.0549026
previsão perfeita|isenção,293,-1.39127,-0.630069,-0.594097,-0.0549363
previsão perfeita|isenção,294,-1.39147,-0.630162,-0.594421,-0.0543992
previsão perfeita|isenção,295,-1.39172,-0.630274,-0.594557,-0.0531147
previsão perfeita|isenção,296,-1.39214,-0.630467,-0.594747,-0.0533954
previsão perfeita|isenção,297,-1.39248,-0.630618,-0.59492,-0.0541736
previsão perfeita|isenção,298,-1.39264,-0.630692,-0.595152,-0.0535582
previsão perfeita|isenção,299,-1.39287,-0.630794,-0.595152,-0.0536762
previsão perfeita|isenção,300,-1.39305,-0.630878,-0.595453,-0.0536338
previsão perfeita|isenção,301,-1.39319,-0.630942,-0.595488,-0.052933
previsão perfeita|isenção,302,-1.39342,-0.631049,-0.595537,-0.0527387
previsão perfeita|isenção,303,-1.39367,-0.631159,-0.595756,-0.0526413
previsão perfeita|isenção,304,-1.39388,-0.631258,-0.595779,-0.0525234
previsão perfeita|isenção,305,-1.3941,-0.631356,-0.595795,-0.052091
previsão perfeita|isenção,306,-1.39437,-0.631478,-0.595948,-0.0526172
previsão perfeita|isenção,307,-1.39451,-0.631542,-0.596105,-0.0526702
previsão perfeita|isenção,308,-1.39461,-0.631589,-0.596377,-0.0518585
previsão perfeita|isenção,309,-1.39481,-0.631677,-0.596536,-0.0516506
previsão perfeita|isenção,310,-1.395,-0.631764,-0.596739,-0.0511741
previsão perfeita|isenção,311,-1.39523,-0.631867,-0.596917,-0.0502919
previsão perfeita|isenção,312,-1.39556,-0.63202,-0.596949,-0.0506216
previsão perfeita|isenção,313,-1.39583,-0.63214,-0.597093,-0.0508877
previsão perfeita|isenção,314,-1.39602,-0.632227,-0.597177,-0.0505124
previsão perfeita|isenção,315,-1.39624,-0.632329,-0.59746,-0.0501892
previsão perfeita|isenção,316,-1.39647,-0.632435,-0.5976,-0.050271
previsão perfeita|isenção,317,-1.39666,-0.632519,-0.597501,-0.0496472
previsão perfeita|isenção,318,-1.39694,-0.632647,-0.597645,-0.0492595
previsão perfeita|isenção,319,-1.39726,-0.632792,-0.597651,-0.049538
previsão perfeita|isenção,320,-1.39752,-0.632909,-0.597842,-0.0494842
previsão perfeita|isenção,321,-1.39775,-0.633013,-0.597974,-0.0496635
previsão perfeita|isenção,322,-1.39791,-0.63309,-0.597949,-0.0492885
previsão perfeita|isenção,323,-1.39813,-0.633187,-0.598134,-0.049207
previsão perfeita|isenção,324,-1.39832,-0.633273,-0.598343,-0.0484143
previsão perfeita|isenção,325,-1.3986,-0.633402,-0.598435,-0.0487235
previsão perfeita|isenção,326,-1.39881,-0.633495,-0.598318,-0.0492309
previsão perfeita|isenção,327,-1.39892,-0.633549,-0.59831,-0.0481886
previsão perfeita|isenção,328,-1.3992,-0.633673,-0.598486,-0.0484857
previsão perfeita|isenção,329,-1.39939,-0.633762,-0.5987,-0.0485928
previsão perfeita|isenção,330,-1.39953,-0.633826,-0.598857,-0.0485232
previsão perfeita|isenção,331,-1.39966,-0.633882,-0.599099,-0.0485871
previsão perfeita|isenção,332,-1.39973,-0.633915,-0.599319,-0.0479734
previsão perfeita|isenção,333,-1.39987,-0.633979,-0.599506,-0.047383
previsão perfeita|isenção,334,-1.40008,-0.634074,-0.599825,-0.0469704
previsão perfeita|isenção,335,-1.40031,-0.634179,-0.599922,-0.0465376
previsão perfeita|isenção,336,-1.40059,-0.634308,-0.599977,-0.0470134
previsão perfeita|isenção,337,-1.40078,-0.634392,-0.600023,-0.0465524
previsão perfeita|isenção,338,-1.40102,-0.634501,-0.600172,-0.0470036
previsão perfeita|isenção,339,-1.40116,-0.634564,-0.60019,-0.0462832
previsão perfeita|isenção,340,-1.4014,-0.634673,-0.600311,-0.0463689
previsão perfeita|isenção,341,-1.4016,-0.634764,-0.600507,-0.0466286
previsão perfeita|isenção,342,-1.40173,-0.634823,-0.600442,-0.0468111
previsão perfeita|isenção,343,-1.40182,-0.634865,-0.600479,-0.0465102
previsão perfeita|isenção,344,-1.40194,-0.634922,-0.600561,-0.0460318
previsão perfeita|isenção,345,-1.40213,-0.635006,-0.60077,-0.0459085
previsão perfeita|isenção,346,-1.4023,-0.635082,-0.600861,-0.0462026
previsão perfeita|isenção,347,-1.4024,-0.635128,-0.600971,-0.0464309
previsão perfeita|isenção,348,-1.40244,-0.635148,-0.601003,-0.0461041
previsão perfeita|isenção,349,-1.40253,-0.635187,-0.600992,-0.0457621
previsão perfeita|isenção,350,-1.40266,-0.635246,-0.601062,-0.0453129
previsão perfeita|isenção,351,-1.40284,-0.63533,-0.60112,-0.0452925
previsão perfeita|isenção,352,-1.40301,-0.635407,-0.601379,-0.0454399
previsão perfeita|isenção,353,-1.40312,-0.635458,-0.601516,-0.0454197
previsão perfeita|isenção,354,-1.40322,-0.6355,-0.601551,-0.0459228
previsão perfeita|isenção,355,-1.40322,-0.6355,-0.601816,-0.0453261
previsão perfeita|isenção,356,-1.40328,-0.635529,-0.601955,-0.0449155
previsão perfeita|isenção,357,-1.40339,-0.635579,-0.602048,-0.0446757
previsão perfeita|isenção,358,-1.40352,-0.635639,-0.60213,-0.0449652
previsão perfeita|isenção,359,-1.40359,-0.635669,-0.602146,-0.0439912
previsão perfeita|isenção,360,-1.4038,-0.635767,-0.602304,-0.043659
previsão perfeita|isenção,361,-1.40404,-0.635877,-0.602451,-0.0435524
previsão perfeita|isenção,362,-1.40428,-0.635983,-0.602599,-0.043894
previsão perfeita|isenção,363,-1.40443,-0.636052,-0.602715,-0.044172
previsão perfeita|isenção,364,-1.40451,-0.636089,-0.602432,-0.0434898
previsão perfeita|isenção,365,-1.40473,-0.636188,-0.602408,-0.0440007
previsão perfeita|isenção,366,-1.40485,-0.636243,-0.60248,-0.0443038
previsão perfeita|isenção,367,-1.40491,-0.636269,-0.602515,-0.0439293
previsão perfeita|isenção,368,-1.40501,-0.636317,-0.602598,-0.0438293
previsão perfeita|isenção,369,-1.40512,-0.636365,-0.602905,-0.0440767
previsão perfeita|isenção,370,-1.40515,-0.636379,-0.603107,-0.0432955
previsão perfeita|isenção,371,-1.40528,-0.636438,-0.603048,-0.0432547
previsão perfeita|isenção,372,-1.40541,-0.6365,-0.603129,-0.0431125
previsão perfeita|isenção,373,-1.40555,-0.636563,-0.603178,-0.0432622
previsão perfeita|isenção,374,-1.40566,-0.63661,-0.603099,-0.0431886
previsão perfeita|isenção,375,-1.40578,-0.636664,-0.602878,-0.0434582
previsão perfeita|isenção,376,-1.40586,-0.636703,-0.602857,-0.0433789
previsão perfeita|isenção,377,-1.40596,-0.636746,-0.602927,-0.0439346
previsão perfeita|isenção,378,-1.40594,-0.636737,-0.603028,-0.0436581
previsão perfeita|isenção,379,-1.40595,-0.636743,-0.603186,-0.0433988
previsão perfeita|isenção,380,-1.40598,-0.636759,-0.603264,-0.0427253
previsão perfeita|isenção,381,-1.40612,-0.636821,-0.603461,-0.0436614
previsão perfeita|isenção,382,-1.40607,-0.6368,-0.603604,-0.0431496
previsão perfeita|isenção,383,-1.4061,-0.636811,-0.603541,-0.0434012
previsão perfeita|isenção,384,-1.40609,-0.636805,-0.603448,-0.0430697
previsão perfeita|isenção,385,-1.40613,-0.636826,-0.603357,-0.0430236
previsão perfeita|isenção,386,-1.40618,-0.636849,-0.603393,-0.0433534
previsão perfeita|isenção,387,-1.40617,-0.636842,-0.603466,-0.0425906
previsão perfeita|isenção,388,-1.40626,-0.636886,-0.603448,-0.0427632
previsão perfeita|isenção,389,-1.40633,-0.636917,-0.603679,-0.0428666
previsão perfeita|isenção,390,-1.40636,-0.636928,-0.603693,-0.0424804
previsão perfeita|isenção,391,-1.40643,-0.636963,-0.603819,-0.0422566
previsão perfeita|isenção,392,-1.40653,-0.637006,-0.603684,-0.0423142
previsão perfeita|isenção,393,-1.40662,-0.637049,-0.6037,-0.0419062
previsão perfeita|isenção,394,-1.40677,-0.637115,-0.603942,-0.0422808
previsão perfeita|isenção,395,-1.40682,-0.637139,-0.603927,-0.0420444
previsão perfeita|isenção,396,-1.40691,-0.637179,-0.603882,-0.0416724
previsão perfeita|isenção,397,-1.40706,-0.637246,-0.604127,-0.0418151
previsão perfeita|isenção,398,-1.40715,-0.637289,-0.60423,-0.0416441
previsão perfeita|isenção,399,-1.40726,-0.637339,-0.604266,-0.04192
previsão perfeita|isenção,400,-1.40732,-0.637364,-0.60459,-0.0415768
previsão perfeita|isenção,401,-1.40739,-0.637399,-0.604599,-0.0416632
previsão perfeita|isenção,402,-1.40745,-0.637424,-0.604621,-0.042119
previsão perfeita|isenção,403,-1.40742,-0.637412,-0.604516,-0.0416696
previsão perfeita|isenção,404,-1.40748,-0.637441,-0.604528,-0.0419978
previsão perfeita|isenção,405,-1.40749,-0.637442,-0.604708,-0.0415909
previsão perfeita|isenção,406,-1.40754,-0.637466,-0.604724,-0.0421362
previsão perfeita|isenção,407,-1.4075,-0.637447,-0.604578,-0.0417618
previsão perfeita|isenção,408,-1.40753,-0.63746,-0.604381,-0.0420429
previsão perfeita|isenção,409,-1.40753,-0.637461,-0.604488,-0.041738
previsão perfeita|isenção,410,-1.40757,-0.637479,-0.604494,-0.0415656
previsão perfeita|isenção,411,-1.40763,-0.637507,-0.60464,-0.0418847
previsão perfeita|isenção,412,-1.40762,-0.637502,-0.604272,-0.0418808
previsão perfeita|isenção,413,-1.40763,-0.637509,-0.604468,-0.0412054
previsão perfeita|isenção,414,-1.40774,-0.637558,-0.604367,-0.0417961
previsão perfeita|isenção,415,-1.40776,-0.637564,-0.604362,-0.041567
previsão perfeita|isenção,416,-1.4078,-0.637587,-0.604453,-0.0416519
previsão perfeita|isenção,417,-1.40782,-0.637595,-0.60449,-0.041112
previsão perfeita|isenção,418,-1.40792,-0.637639,-0.604427,-0.041481
previsão perfeita|isenção,419,-1.40795,-0.637654,-0.604464,-0.0417427
previsão perfeita|isenção,420,-1.40794,-0.637647,-0.604524,-0.0407667
previsão perfeita|isenção,421,-1.40807,-0.637709,-0.604498,-0.0408635
previsão perfeita|isenção,422,-1.40819,-0.637761,-0.604755,-0.0410736
previsão perfeita|isenção,423,-1.40824,-0.637785,-0.604775,-0.041439
previsão perfeita|isenção,424,-1.40822,-0.637777,-0.604873,-0.040913
previsão perfeita|isenção,425,-1.40828,-0.637804,-0.604946,-0.0410758
previsão perfeita|isenção,426,-1.4083,-0.637813,-0.604901,-0.0409166
previsão perfeita|isenção,427,-1.40835,-0.637835,-0.60498,-0.0407634
previsão perfeita|isenção,428,-1.40841,-0.637864,-0.605026,-0.0405232
previsão perfeita|isenção,429,-1.40851,-0.637909,-0.605225,-0.0402156
previsão perfeita|isenção,430,-1.40864,-0.637967,-0.605241,-0.0405155
previsão perfeita|isenção,431,-1.40871,-0.638,-0.605388,-0.0408264
previsão perfeita|isenção,432,-1.40872,-0.638003,-0.605279,-0.0411114
previsão perfeita|isenção,433,-1.40869,-0.63799,-0.605368,-0.0407155
previsão perfeita|isenção,434,-1.40872,-0.638001,-0.605267,-0.0404828
previsão perfeita|isenção,435,-1.40879,-0.638034,-0.605215,-0.0408123
previsão perfeita|isenção,436,-1.40881,-0.638043,-0.605293,-0.0405328
previsão perfeita|isenção,437,-1.40886,-0.638068,-0.605476,-0.0398798
previsão perfeita|isenção,438,-1.409,-0.638129,-0.605412,-0.0398832
previsão perfeita|isenção,439,-1.40913,-0.638191,-0.605525,-0.0408221
previsão perfeita|isenção,440,-1.4091,-0.638174,-0.605592,-0.0394154
previsão perfeita|isenção,441,-1.40928,-0.638258,-0.605677,-0.040012
previsão perfeita|isenção,442,-1.40936,-0.638295,-0.60568,-0.039855
previsão perfeita|isenção,443,-1.40947,-0.638342,-0.605676,-0.039974
previsão perfeita|isenção,444,-1.40955,-0.638379,-0.605591,-0.0396759
previsão perfeita|isenção,445,-1.40968,-0.638439,-0.605613,-0.0398161
previsão perfeita|isenção,446,-1.40978,-0.638487,-0.605758,-0.0404755
previsão perfeita|isenção,447,-1.40976,-0.638474,-0.605624,-0.0400819
previsão perfeita|isenção,448,-1.4098,-0.638496,-0.605654,-0.0401332
previsão perfeita|isenção,449,-1.40984,-0.638511,-0.605679,-0.0401803
previsão perfeita|isenção,450,-1.40986,-0.638521,-0.605627,-0.0405063
previsão perfeita|isenção,451,-1.40983,-0.638506,-0.605662,-0.0406753
previsão perfeita|isenção,452,-1.40976,-0.638476,-0.605812,-0.040183
previsão perfeita|isenção,453,-1.40976,-0.638474,-0.605866,-0.0394243
previsão perfeita|isenção,454,-1.40987,-0.638528,-0.605872,-0.0402972
previsão perfeita|isenção,455,-1.40984,-0.638511,-0.605735,-0.0401925
previsão perfeita|isenção,456,-1.40983,-0.638509,-0.605702,-0.0406967
previsão perfeita|isenção,457,-1.40974,-0.638468,-0.605858,-0.0407506
previsão perfeita|isenção,458,-1.40963,-0.638417,-0.60591,-0.0408107
previsão perfeita|isenção,459,-1.40951,-0.638361,-0.605766,-0.0398582
previsão perfeita|isenção,460,-1.40956,-0.638384,-0.605948,-0.0401655
previsão perfeita|isenção,461,-1.40954,-0.638374,-0.605973,-0.0401642
previsão perfeita|isenção,462,-1.40951,-0.638364,-0.605958,-0.0400703
previsão perfeita|isenção,463,-1.40951,-0.63836,-0.606078,-0.0402381
previsão perfeita|isenção,464,-1.40946,-0.638339,-0.606334,-0.0397273
previsão perfeita|isenção,465,-1.40948,-0.638346,-0.606383,-0.0397321
previsão perfeita|isenção,466,-1.40949,-0.638353,-0.606323,-0.039059
previsão perfeita|isenção,467,-1.40962,-0.638412,-0.605916,-0.0396823
previsão perfeita|isenção,468,-1.40968,-0.638438,-0.605989,-0.0400737
previsão perfeita|isenção,469,-1.40966,-0.638431,-0.606165,-0.0397634
previsão perfeita|isenção,470,-1.40968,-0.63844,-0.606249,-0.0399833
previsão perfeita|isenção,471,-1.40967,-0.638433,-0.606341,-0.0404411
previsão perfeita|isenção,472,-1.40957,-0.638389,-0.606364,-0.0401935
previsão perfeita|isenção,473,-1.40951,-0.638362,-0.605866,-0.0391623
previsão perfeita|isenção,474,-1.40966,-0.63843,-0.605964,-0.0393095
previsão perfeita|isenção,475,-1.40977,-0.638481,-0.606063,-0.0390396
previsão perfeita|isenção,476,-1.40992,-0.638548,-0.606106,-0.0399529
previsão perfeita|isenção,477,-1.4099,-0.638541,-0.606213,-0.0397339
previsão perfeita|isenção,478,-1.40992,-0.638546,-0.606316,-0.0394098
previsão perfeita|isenção,479,-1.40997,-0.638572,-0.606178,-0.0398873
previsão perfeita|isenção,480,-1.40996,-0.638568,-0.606179,-0.0391726
previsão perfeita|isenção,481,-1.41007,-0.638617,-0.606235,-0.0390403
previsão perfeita|isenção,482,-1.41019,-0.638673,-0.606114,-0.0389999
previsão perfeita|isenção,483,-1.41033,-0.638734,-0.605937,-0.0393477
previsão perfeita|isenção,484,-1.41042,-0.638776,-0.605977,-0.0390938
previsão perfeita|isenção,485,-1.41055,-0.638836,-0.605924,-0.0394718
previsão perfeita|isenção,486,-1.41063,-0.638871,-0.606079,-0.0389748
previsão perfeita|isenção,487,-1.41077,-0.638934,-0.605981,-0.0396303
previsão perfeita|isenção,488,-1.41081,-0.638953,-0.606026,-0.0397539
previsão perfeita|isenção,489,-1.41083,-0.63896,-0.606062,-0.0401422
previsão perfeita|isenção,490,-1.41077,-0.638934,-0.606217,-0.0397373
previsão perfeita|isenção,491,-1.41076,-0.638931,-0.606162,-0.039437
previsão perfeita|isenção,492,-1.4108,-0.638951,-0.606331,-0.0392084
previsão perfeita|isenção,493,-1.41087,-0.63898,-0.606322,-0.0388012
previsão perfeita|isenção,494,-1.411,-0.639037,-0.606317,-0.0391214
previsão perfeita|isenção,495,-1.41105,-0.639064,-0.60645,-0.0391698
previsão perfeita|isenção,496,-1.41109,-0.639081,-0.60624,-0.0391259
previsão perfeita|isenção,497,-1.41116,-0.63911,-0.606264,-0.0391843
previsão perfeita|isenção,498,-1.4112,-0.63913,-0.606303,-0.0389339
previsão perfeita|isenção,499,-1.41128,-0.639166,-0.60633,-0.0390114
previsão perfeita|isenção,500,-1.41134,-0.639193,-0.606555,-0.0394192
previsão perfeita|isenção,501,-1.4113,-0.639177,-0.606345,-0.0393171
previsão perfeita|isenção,502,-1.41131,-0.639178,-0.606301,-0.0402091
previsão perfeita|isenção,503,-1.41116,-0.639113,-0.606502,-0.0395118
previsão perfeita|isenção,504,-1.41111,-0.639091,-0.606543,-0.0392982
previsão perfeita|isenção,505,-1.4111,-0.639083,-0.606574,-0.0394568
previsão perfeita|isenção,506,-1.41106,-0.639066,-0.606441,-0.0393977
previsão perfeita|isenção,507,-1.41104,-0.639056,-0.606295,-0.0389545
previsão perfeita|isenção,508,-1.41111,-0.639088,-0.606417,-0.0388533
previsão perfeita|isenção,509,-1.41118,-0.639122,-0.606166,-0.0398528
previsão perfeita|isenção,510,-1.41111,-0.639089,-0.606343,-0.0397071
previsão perfeita|isenção,511,-1.41104,-0.639059,-0.606375,-0.0388053
previsão perfeita|isenção,512,-1.41112,-0.639093,-0.606413,-0.0389309
previsão perfeita|isenção,513,-1.41116,-0.639114,-0.606664,-0.0389705
previsão perfeita|isenção,514,-1.41117,-0.639118,-0.606682,-0.0386528
previsão perfeita|isenção,515,-1.41123,-0.639144,-0.606788,-0.0389156
previsão perfeita|isenção,516,-1.41123,-0.639145,-0.606785,-0.0385644
previsão perfeita|isenção,517,-1.4113,-0.639174,-0.606798,-0.039342
previsão perfeita|isenção,518,-1.41123,-0.639143,-0.606841,-0.038203
previsão perfeita|isenção,519,-1.41134,-0.639196,-0.606854,-0.0388343
previsão perfeita|isenção,520,-1.41136,-0.639202,-0.606758,-0.039022
previsão perfeita|isenção,521,-1.41135,-0.639198,-0.606776,-0.0393727
previsão perfeita|isenção,522,-1.41129,-0.639169,-0.606845,-0.0392027
previsão perfeita|isenção,523,-1.41125,-0.639152,-0.606909,-0.0390812
previsão perfeita|isenção,524,-1.41123,-0.639143,-0.606906,-0.0392833
previsão perfeita|isenção,525,-1.41117,-0.639116,-0.606924,-0.039305
previsão perfeita|isenção,526,-1.41111,-0.639088,-0.606912,-0.0392479
previsão perfeita|isenção,527,-1.41106,-0.639067,-0.606922,-0.0396441
previsão perfeita|isenção,528,-1.41095,-0.639018,-0.606851,-0.0397837
previsão perfeita|isenção,529,-1.41083,-0.638964,-0.606545,-0.0395233
previsão perfeita|isenção,530,-1.41079,-0.638945,-0.606643,-0.0396298
previsão perfeita|isenção,531,-1.41073,-0.638915,-0.606909,-0.0394601
previsão perfeita|isenção,532,-1.41066,-0.638887,-0.606789,-0.0398264
previsão perfeita|isenção,533,-1.41056,-0.638837,-0.606627,-0.0398241
previsão perfeita|isenção,534,-1.41046,-0.638796,-0.606614,-0.039042
previsão perfeita|isenção,535,-1.4105,-0.638811,-0.606782,-0.0395069
previsão perfeita|isenção,536,-1.41044,-0.638785,-0.6068,-0.0387328
previsão perfeita|isenção,537,-1.41051,-0.638817,-0.606734,-0.0387439
previsão perfeita|isenção,538,-1.41059,-0.638853,-0.606737,-0.039397
previsão perfeita|isenção,539,-1.41056,-0.63884,-0.606655,-0.0395798
previsão perfeita|isenção,540,-1.41051,-0.638818,-0.606695,-0.0396389
previsão perfeita|isenção,541,-1.41045,-0.638791,-0.606724,-0.0398609
previsão perfeita|isenção,542,-1.41036,-0.638748,-0.606766,-0.0397361
previsão perfeita|isenção,543,-1.41028,-0.638713,-0.606478,-0.0398278
previsão perfeita|isenção,544,-1.41022,-0.638686,-0.606541,-0.040344
previsão perfeita|isenção,545,-1.41008,-0.638619,-0.606425,-0.0395238
previsão perfeita|isenção,546,-1.41008,-0.638619,-0.606191,-0.0397253
previsão perfeita|isenção,547,-1.41007,-0.638616,-0.606423,-0.0399193
previsão perfeita|isenção,548,-1.41,-0.638586,-0.606546,-0.0396167
previsão perfeita|isenção,549,-1.40998,-0.638576,-0.606566,-0.0393192
previsão perfeita|isenção,550,-1.41001,-0.63859,-0.606447,-0.0398824
previsão perfeita|isenção,551,-1.40995,-0.638563,-0.606176,-0.0396271
previsão perfeita|isenção,552,-1.40996,-0.638565,-0.606134,-0.0399466
previsão perfeita|isenção,553,-1.40992,-0.638548,-0.60624,-0.0393144
previsão perfeita|isenção,554,-1.40997,-0.638572,-0.606269,-0.0402847
previsão perfeita|isenção,555,-1.40987,-0.638523,-0.606287,-0.04073
previsão perfeita|isenção,556,-1.40968,-0.63844,-0.60632,-0.039829
previsão perfeita|isenção,557,-1.40965,-0.638427,-0.606007,-0.039992
previsão perfeita|isenção,558,-1.40963,-0.638414,-0.605946,-0.039768
previsão perfeita|isenção,559,-1.40964,-0.63842,-0.60595,-0.0399969
previsão perfeita|isenção,560,-1.40962,-0.63841,-0.606155,-0.0398654
previsão perfeita|isenção,561,-1.4096,-0.638403,-0.60604,-0.0397552
previsão perfeita|isenção,562,-1.40961,-0.638408,-0.606256,-0.0394852
previsão perfeita|isenção,563,-1.40965,-0.638427,-0.606327,-0.0398345
previsão perfeita|isenção,564,-1.40963,-0.638415,-0.606317,-0.0393762
previsão perfeita|isenção,565,-1.40967,-0.638437,-0.606236,-0.039449
previsão perfeita|isenção,566,-1.40972,-0.638457,-0.606228,-0.0391772
previsão perfeita|isenção,567,-1.40981,-0.6385,-0.606195,-0.0390633
previsão perfeita|isenção,568,-1.40993,-0.638551,-0.606051,-0.0386006
previsão perfeita|isenção,569,-1.41012,-0.63864,-0.606022,-0.0386392
previsão perfeita|isenção,570,-1.41031,-0.638724,-0.605837,-0.0384644
previsão perfeita|isenção,571,-1.41054,-0.638828,-0.605885,-0.0389116
previsão perfeita|isenção,572,-1.41069,-0.638897,-0.605899,-0.0390903
previsão perfeita|isenção,573,-1.41081,-0.638952,-0.605992,-0.0400281
previsão perfeita|isenção,574,-1.41076,-0.638932,-0.606173,-0.0401838
previsão perfeita|isenção,575,-1.41068,-0.638893,-0.60617,-0.0402311
previsão perfeita|isenção,576,-1.41059,-0.638852,-0.60656,-0.0402253
previsão perfeita|isenção,577,-1.41046,-0.638794,-0.606347,-0.0400203
previsão perfeita|isenção,578,-1.41039,-0.638763,-0.606095,-0.0408839
previsão perfeita|isenção,579,-1.4102,-0.638677,-0.605875,-0.0402604
previsão perfeita|isenção,580,-1.41014,-0.638649,-0.605874,-0.0404031
previsão perfeita|isenção,581,-1.41006,-0.63861,-0.606025,-0.040376
previsão perfeita|isenção,582,-1.40996,-0.638567,-0.606074,-0.039965
previsão perfeita|isenção,583,-1.40993,-0.638552,-0.606088,-0.0401064
previsão perfeita|isenção,584,-1.40987,-0.638528,-0.606112,-0.0403429
previsão perfeita|isenção,585,-1.40978,-0.638484,-0.606137,-0.0401453
previsão perfeita|isenção,586,-1.40971,-0.638453,-0.606014,-0.0399975
previsão perfeita|isenção,587,-1.40968,-0.63844,-0.60603,-0.0401273
previsão perfeita|isenção,588,-1.40963,-0.638418,-0.606111,-0.0399332
previsão perfeita|isenção,589,-1.40961,-0.638407,-0.605929,-0.0396521
previsão perfeita|isenção,590,-1.40965,-0.638425,-0.606017,-0.0401146
previsão perfeita|isenção,591,-1.4096,-0.638403,-0.606005,-0.0407562
previsão perfeita|isenção,592,-1.40945,-0.638336,-0.60627,-0.040042
previsão perfeita|isenção,593,-1.40941,-0.638317,-0.606257,-0.0403952
previsão perfeita|isenção,594,-1.40931,-0.638272,-0.606414,-0.0404284
previsão perfeita|isenção,595,-1.4092,-0.63822,-0.606237,-0.0399878
previsão perfeita|isenção,596,-1.40918,-0.63821,-0.606236,-0.0405758
previsão perfeita|isenção,597,-1.40906,-0.638157,-0.606456,-0.0410369
previsão perfeita|isenção,598,-1.40885,-0.638063,-0.606486,-0.0404918
previsão perfeita|isenção,599,-1.40874,-0.638014,-0.606573,-0.0398876
aprendizado|uniforme,0,0,0,0.279363,-1.15162
aprendizado|uniforme,1,-0.0190367,-0.00858863,0.278926,-1.13677
aprendizado|uniforme,2,-0.0385989,-0.0174153,0.278094,-1.1215
aprendizado|uniforme,3,-0.058674,-0.0264744,0.276415,-1.10587
aprendizado|uniforme,4,-0.079209,-0.035742,0.274339,-1.08984
aprendizado|uniforme,5,-0.100199,-0.0452159,0.271807,-1.07344
aprendizado|uniforme,6,-0.121624,-0.0548877,0.268645,-1.05674
aprendizado|uniforme,7,-0.143452,-0.0647422,0.265325,-1.03959
aprendizado|uniforme,8,-0.165703,-0.0747888,0.261624,-1.02213
aprendizado|uniforme,9,-0.188359,-0.0850201,0.257334,-1.00445
aprendizado|uniforme,10,-0.211377,-0.0954156,0.25263,-0.986445
aprendizado|uniforme,11,-0.23474,-0.105968,0.247539,-0.968118
aprendizado|uniforme,12,-0.258445,-0.116677,0.241979,-0.949579
aprendizado|uniforme,13,-0.28246,-0.127528,0.236025,-0.930781
aprendizado|uniforme,14,-0.306766,-0.138511,0.229632,-0.91183
aprendizado|uniforme,15,-0.33133,-0.149612,0.222888,-0.892477
aprendizado|uniforme,16,-0.356165,-0.160837,0.215809,-0.872976
aprendizado|uniforme,17,-0.381248,-0.172176,0.208295,-0.853366
aprendizado|uniforme,18,-0.406539,-0.18361,0.200425,-0.83365
aprendizado|uniforme,19,-0.43201,-0.195128,0.192213,-0.8137
aprendizado|uniforme,20,-0.457656,-0.206726,0.183758,-0.793515
aprendizado|uniforme,21,-0.48348,-0.218406,0.175047,-0.773334
aprendizado|uniforme,22,-0.509441,-0.23015,0.165916,-0.752984
aprendizado|uniforme,23,-0.535516,-0.241948,0.156593,-0.731896
aprendizado|uniforme,24,-0.561804,-0.253843,0.147035,-0.711299
aprendizado|uniforme,25,-0.588204,-0.265791,0.1372,-0.690475
aprendizado|uniforme,26,-0.614712,-0.277789,0.127021,-0.669832
aprendizado|uniforme,27,-0.641263,-0.289809,0.116491,-0.648712
aprendizado|uniforme,28,-0.667908,-0.301873,0.10585,-0.627653
aprendizado|uniforme,29,-0.694616,-0.313968,0.0950699,-0.607005
aprendizado|uniforme,30,-0.721309,-0.326057,0.0839293,-0.586019
aprendizado|uniforme,31,-0.748001,-0.338147,0.0725957,-0.564894
aprendizado|uniforme,32,-0.774704,-0.350245,0.0611057,-0.543568
aprendizado|uniforme,33,-0.80144,-0.362359,0.0493645,-0.522421
aprendizado|uniforme,34,-0.828163,-0.374469,0.0376431,-0.501553
aprendizado|uniforme,35,-0.854837,-0.386558,0.0254284,-0.480297
aprendizado|uniforme,36,-0.881479,-0.398636,0.0131041,-0.458723
aprendizado|uniforme,37,-0.908145,-0.410725,0.000513464,-0.43754
aprendizado|uniforme,38,-0.934766,-0.422796,-0.0120101,-0.417057
aprendizado|uniforme,39,-0.961228,-0.434797,-0.0249067,-0.396116
aprendizado|uniforme,40,-0.98758,-0.446749,-0.0379644,-0.375025
aprendizado|uniforme,41,-1.01385,-0.458665,-0.0511222,-0.354071
aprendizado|uniforme,42,-1.04002,-0.470537,-0.0645858,-0.332817
aprendizado|uniforme,43,-1.06612,-0.482383,-0.0781254,-0.312388
aprendizado|uniforme,44,-1.09204,-0.494147,-0.0915827,-0.292378
aprendizado|uniforme,45,-1.11773,-0.505807,-0.104696,-0.272247
aprendizado|uniforme,46,-1.14324,-0.517387,-0.118132,-0.252033
aprendizado|uniforme,47,-1.16857,-0.528888,-0.131619,-0.23177
aprendizado|uniforme,48,-1.19376,-0.540325,-0.145227,-0.212111
aprendizado|uniforme,49,-1.21869,-0.551648,-0.15867,-0.192341
aprendizado|uniforme,50,-1.24343,-0.562884,-0.17273,-0.172272
aprendizado|uniforme,51,-1.26798,-0.574037,-0.186197,-0.153384
aprendizado|uniforme,52,-1.29222,-0.585053,-0.200001,-0.133808
aprendizado|uniforme,53,-1.31627,-0.595982,-0.213979,-0.114416
aprendizado|uniforme,54,-1.3401,-0.606811,-0.228004,-0.0952822
aprendizado|uniforme,55,-1.3637,-0.617534,-0.241836,-0.0766561
aprendizado|uniforme,56,-1.38701,-0.628134,-0.255917,-0.0581336
aprendizado|uniforme,57,-1.41004,-0.638601,-0.269995,-0.0393525
aprendizado|uniforme,58,-1.43283,-0.648965,-0.283901,-0.021606
aprendizado|uniforme,59,-1.45528,-0.659172,-0.297993,-0.00371362
aprendizado|uniforme,60,-1.4774,-0.669233,-0.311939,0.0142792
aprendizado|uniforme,61,-1.49926,-0.67918,-0.326182,0.0327821
aprendizado|uniforme,62,-1.52096,-0.689052,-0.340672,0.0502763
aprendizado|uniforme,63,-1.54235,-0.698781,-0.354612,0.0668002
aprendizado|uniforme,64,-1.56333,-0.708328,-0.368677,0.0842665
aprendizado|uniforme,65,-1.58409,-0.717775,-0.382734,0.100781
aprendizado|uniforme,66,-1.60451,-0.727069,-0.396649,0.117284
aprendizado|uniforme,67,-1.62463,-0.736228,-0.410568,0.132898
aprendizado|uniforme,68,-1.64433,-0.745195,-0.424346,0.148601
aprendizado|uniforme,69,-1.66366,-0.753998,-0.438086,0.162841
aprendizado|uniforme,70,-1.68243,-0.762544,-0.451563,0.178146
aprendizado|uniforme,71,-1.70087,-0.770943,-0.465107,0.193486
aprendizado|uniforme,72,-1.71903,-0.779211,-0.478287,0.207824
aprendizado|uniforme,73,-1.7368,-0.787305,-0.491476,0.221922
aprendizado|uniforme,74,-1.75417,-0.795218,-0.504831,0.236438
aprendizado|uniforme,75,-1.77124,-0.802996,-0.517781,0.249759
aprendizado|uniforme,76,-1.78789,-0.810578,-0.530888,0.26327
aprendizado|uniforme,77,-1.80415,-0.81799,-0.54425,0.277699
aprendizado|uniforme,78,-1.82021,-0.825309,-0.557059,0.290435
aprendizado|uniforme,79,-1.83587,-0.832443,-0.569972,0.302912
aprendizado|uniforme,80,-1.8511,-0.839387,-0.582764,0.315248
aprendizado|uniforme,81,-1.86596,-0.84616,-0.59508,0.327298
aprendizado|uniforme,82,-1.88047,-0.852775,-0.607179,0.338027
aprendizado|uniforme,83,-1.89448,-0.85916,-0.619272,0.34901
aprendizado|uniforme,84,-1.90806,-0.86535,-0.631159,0.360202
aprendizado|uniforme,85,-1.92129,-0.871382,-0.642613,0.369906
aprendizado|uniforme,86,-1.934,-0.877179,-0.653912,0.37956
aprendizado|uniforme,87,-1.94624,-0.882762,-0.665263,0.389262
aprendizado|uniforme,88,-1.95805,-0.888149,-0.676434,0.398094
aprendizado|uniforme,89,-1.96934,-0.893295,-0.687605,0.406917
aprendizado|uniforme,90,-1.98013,-0.898218,-0.698594,0.416742
aprendizado|uniforme,91,-1.99067,-0.903027,-0.709546,0.42508
aprendizado|uniforme,92,-2.00076,-0.907626,-0.719958,0.433096
aprendizado|uniforme,93,-2.01041,-0.91203,-0.730814,0.441026
aprendizado|uniforme,94,-2.01963,-0.916235,-0.741099,0.448016
aprendizado|uniforme,95,-2.02834,-0.920208,-0.751376,0.455143
aprendizado|uniforme,96,-2.03661,-0.923981,-0.761076,0.462237
aprendizado|uniforme,97,-2.04453,-0.927597,-0.770933,0.46872
aprendizado|uniforme,98,-2.05204,-0.931023,-0.780704,0.474161
aprendizado|uniforme,99,-2.05899,-0.934197,-0.79021,0.480176
aprendizado|uniforme,100,-2.06557,-0.937196,-0.799674,0.485813
aprendizado|uniforme,101,-2.07172,-0.940005,-0.808301,0.490846
aprendizado|uniforme,102,-2.07748,-0.942634,-0.817266,0.496212
aprendizado|uniforme,103,-2.08291,-0.94511,-0.825235,0.499754
aprendizado|uniforme,104,-2.08783,-0.947354,-0.833695,0.504669
aprendizado|uniforme,105,-2.09246,-0.949469,-0.841677,0.508049
aprendizado|uniforme,106,-2.09664,-0.951376,-0.849409,0.511251
aprendizado|uniforme,107,-2.10038,-0.953085,-0.856814,0.514236
aprendizado|uniforme,108,-2.10373,-0.954613,-0.864003,0.516194
aprendizado|uniforme,109,-2.10657,-0.955908,-0.871055,0.519458
aprendizado|uniforme,110,-2.10916,-0.957091,-0.877649,0.521291
aprendizado|uniforme,111,-2.11135,-0.958091,-0.88389,0.52329
aprendizado|uniforme,112,-2.11323,-0.958947,-0.89031,0.524287
aprendizado|uniforme,113,-2.11464,-0.959592,-0.895885,0.524374
aprendizado|uniforme,114,-2.11555,-0.960007,-0.901466,0.525027
aprendizado|uniforme,115,-2.11607,-0.960248,-0.907017,0.525891
aprendizado|uniforme,116,-2.1163,-0.960349,-0.912637,0.527004
aprendizado|uniforme,117,-2.11628,-0.960342,-0.917102,0.526885
aprendizado|uniforme,118,-2.11596,-0.960194,-0.921293,0.525944
aprendizado|uniforme,119,-2.11524,-0.959866,-0.925674,0.525493
aprendizado|uniforme,120,-2.1142,-0.959393,-0.929647,0.524488
aprendizado|uniforme,121,-2.11283,-0.958765,-0.933922,0.524051
aprendizado|uniforme,122,-2.1112,-0.958025,-0.938002,0.52241
aprendizado|uniforme,123,-2.10919,-0.957105,-0.941815,0.521482
aprendizado|uniforme,124,-2.10696,-0.956088,-0.945477,0.519924
aprendizado|uniforme,125,-2.10446,-0.954946,-0.948934,0.517968
aprendizado|uniforme,126,-2.10166,-0.953669,-0.95243,0.516487
aprendizado|uniforme,127,-2.09867,-0.952305,-0.955493,0.513067
aprendizado|uniforme,128,-2.09524,-0.950736,-0.958281,0.510588
aprendizado|uniforme,129,-2.09155,-0.949056,-0.961029,0.508047
aprendizado|uniforme,130,-2.08765,-0.947276,-0.963486,0.504166
aprendizado|uniforme,131,-2.08336,-0.945316,-0.965372,0.499918
aprendizado|uniforme,132,-2.07869,-0.943184,-0.96679,0.495746
aprendizado|uniforme,133,-2.07371,-0.940913,-0.968224,0.491813
aprendizado|uniforme,134,-2.06849,-0.938529,-0.969332,0.488559
aprendizado|uniforme,135,-2.06319,-0.936109,-0.970182,0.483626
aprendizado|uniforme,136,-2.05756,-0.933541,-0.9713,0.479146
aprendizado|uniforme,137,-2.05168,-0.93086,-0.972196,0.474954
aprendizado|uniforme,138,-2.04566,-0.92811,-0.972883,0.469865
aprendizado|uniforme,139,-2.03937,-0.92524,-0.973073,0.463712
aprendizado|uniforme,140,-2.03269,-0.922196,-0.973562,0.459397
aprendizado|uniforme,141,-2.02594,-0.919114,-0.97361,0.453741
aprendizado|uniforme,142,-2.01894,-0.91592,-0.973623,0.448549
aprendizado|uniforme,143,-2.01179,-0.912661,-0.973786,0.443234
aprendizado|uniforme,144,-2.00449,-0.909329,-0.97377,0.437151
aprendizado|uniforme,145,-1.99694,-0.905885,-0.97405,0.432256
aprendizado|uniforme,146,-1.98933,-0.902414,-0.972731,0.424669
aprendizado|uniforme,147,-1.98137,-0.898782,-0.972088,0.418609
aprendizado|uniforme,148,-1.97326,-0.895083,-0.971066,0.412306
aprendizado|uniforme,149,-1.96503,-0.891328,-0.969882,0.405076
aprendizado|uniforme,150,-1.95653,-0.887455,-0.968307,0.398419
aprendizado|uniforme,151,-1.94792,-0.883527,-0.967058,0.391596
aprendizado|uniforme,152,-1.93914,-0.879525,-0.9654,0.384866
aprendizado|uniforme,153,-1.93027,-0.875479,-0.963831,0.378406
aprendizado|uniforme,154,-1.92136,-0.871415,-0.96227,0.370797
aprendizado|uniforme,155,-1.91222,-0.867247,-0.9604,0.363968
aprendizado|uniforme,156,-1.90303,-0.863056,-0.958355,0.356441
aprendizado|uniforme,157,-1.89369,-0.858801,-0.956072,0.349163
aprendizado|uniforme,158,-1.8843,-0.854519,-0.953126,0.340171
aprendizado|uniforme,159,-1.87461,-0.8501,-0.9503,0.332012
aprendizado|uniforme,160,-1.86476,-0.84561,-0.94746,0.324039
aprendizado|uniforme,161,-1.85478,-0.841064,-0.944732,0.31678
aprendizado|uniforme,162,-1.84481,-0.83652,-0.941757,0.308522
aprendizado|uniforme,163,-1.83471,-0.831914,-0.938563,0.300543
aprendizado|uniforme,164,-1.82454,-0.827279,-0.935164,0.291719
aprendizado|uniforme,165,-1.81419,-0.822563,-0.931406,0.283301
aprendizado|uniforme,166,-1.80376,-0.817813,-0.927672,0.275258
aprendizado|uniforme,167,-1.79333,-0.81306,-0.923542,0.266337
aprendizado|uniforme,168,-1.78277,-0.808248,-0.919742,0.258343
aprendizado|uniforme,169,-1.77222,-0.803442,-0.915627,0.249643
aprendizado|uniforme,170,-1.76159,-0.798597,-0.911613,0.241752
aprendizado|uniforme,171,-1.751,-0.793772,-0.907821,0.234326
aprendizado|uniforme,172,-1.74051,-0.788997,-0.903926,0.225843
aprendizado|uniforme,173,-1.72998,-0.7842,-0.899545,0.216463
aprendizado|uniforme,174,-1.71929,-0.779328,-0.895227,0.208446
aprendizado|uniforme,175,-1.70866,-0.774489,-0.890976,0.199779
aprendizado|uniforme,176,-1.69798,-0.769627,-0.886666,0.191561
aprendizado|uniforme,177,-1.68734,-0.76478,-0.882254,0.183375
aprendizado|uniforme,178,-1.67674,-0.759954,-0.877877,0.174596
aprendizado|uniforme,179,-1.66609,-0.755104,-0.873002,0.165557
aprendizado|uniforme,180,-1.65537,-0.750225,-0.868338,0.157465
aprendizado|uniforme,181,-1.64474,-0.745384,-0.863903,0.149539
aprendizado|uniforme,182,-1.63419,-0.740581,-0.859056,0.140063
aprendizado|uniforme,183,-1.6235,-0.735713,-0.854239,0.131549
aprendizado|uniforme,184,-1.61282,-0.730852,-0.849435,0.123647
aprendizado|uniforme,185,-1.60225,-0.726042,-0.844718,0.115292
aprendizado|uniforme,186,-1.59172,-0.721247,-0.839843,0.106997
aprendizado|uniforme,187,-1.58123,-0.716476,-0.835022,0.0986371
aprendizado|uniforme,188,-1.57078,-0.711721,-0.830103,0.0905778
aprendizado|uniforme,189,-1.56043,-0.707008,-0.825102,0.0822018
aprendizado|uniforme,190,-1.55011,-0.702315,-0.81956,0.0729756
aprendizado|uniforme,191,-1.53973,-0.697591,-0.81389,0.0646961
aprendizado|uniforme,192,-1.52944,-0.692909,-0.808248,0.0566036
aprendizado|uniforme,193,-1.51926,-0.688277,-0.802701,0.0481321
aprendizado|uniforme,194,-1.5091,-0.683655,-0.797265,0.0406772
aprendizado|uniforme,195,-1.49912,-0.679115,-0.791557,0.0320606
aprendizado|uniforme,196,-1.48914,-0.674576,-0.785807,0.02395
aprendizado|uniforme,197,-1.47924,-0.670071,-0.780187,0.0161193
aprendizado|uniforme,198,-1.46944,-0.665613,-0.774415,0.00878531
aprendizado|uniforme,199,-1.45983,-0.661242,-0.768695,0.000551841
aprendizado|uniforme,200,-1.45025,-0.656885,-0.763215,-0.00631703
aprendizado|uniforme,201,-1.44088,-0.652627,-0.757492,-0.0142053
aprendizado|uniforme,202,-1.43157,-0.648394,-0.751839,-0.0218706
aprendizado|uniforme,203,-1.42235,-0.644198,-0.746133,-0.0289339
aprendizado|uniforme,204,-1.41329,-0.640081,-0.740361,-0.0362466
aprendizado|uniforme,205,-1.40436,-0.636019,-0.734787,-0.0432626
aprendizado|uniforme,206,-1.39556,-0.632021,-0.72892,-0.0509394
aprendizado|uniforme,207,-1.38681,-0.628044,-0.723235,-0.0580353
aprendizado|uniforme,208,-1.37818,-0.62412,-0.717504,-0.0646906
aprendizado|uniforme,209,-1.36973,-0.620277,-0.711798,-0.071621
aprendizado|uniforme,210,-1.36138,-0.616484,-0.706022,-0.0785192
aprendizado|uniforme,211,-1.35316,-0.612744,-0.700274,-0.0849895
aprendizado|uniforme,212,-1.34509,-0.609078,-0.694567,-0.091565
aprendizado|uniforme,213,-1.33716,-0.605472,-0.688839,-0.0977156
aprendizado|uniforme,214,-1.32941,-0.601953,-0.683157,-0.104508
aprendizado|uniforme,215,-1.32173,-0.598461,-0.677473,-0.110686
aprendizado|uniforme,216,-1.31419,-0.595036,-0.6719,-0.116334
aprendizado|uniforme,217,-1.30687,-0.591709,-0.666414,-0.122122
aprendizado|uniforme,218,-1.29971,-0.588453,-0.660838,-0.127939
aprendizado|uniforme,219,-1.2927,-0.585267,-0.655386,-0.133548
aprendizado|uniforme,220,-1.28584,-0.582153,-0.650063,-0.138819
aprendizado|uniforme,221,-1.27917,-0.579122,-0.644695,-0.144216
aprendizado|uniforme,222,-1.27265,-0.576159,-0.639586,-0.149049
aprendizado|uniforme,223,-1.26633,-0.573291,-0.634321,-0.154337
aprendizado|uniforme,224,-1.26015,-0.570481,-0.629037,-0.159486
aprendizado|uniforme,225,-1.2541,-0.567733,-0.623866,-0.164241
aprendizado|uniforme,226,-1.24823,-0.565068,-0.618876,-0.168714
aprendizado|uniforme,227,-1.24256,-0.562492,-0.613978,-0.172939
aprendizado|uniforme,228,-1.2371,-0.56001,-0.609092,-0.177498
aprendizado|uniforme,229,-1.23177,-0.557591,-0.604479,-0.181067
aprendizado|uniforme,230,-1.22672,-0.555295,-0.599736,-0.185847
aprendizado|uniforme,231,-1.22172,-0.553024,-0.595148,-0.189654
aprendizado|uniforme,232,-1.21692,-0.550842,-0.590454,-0.193861
aprendizado|uniforme,233,-1.21222,-0.548712,-0.585869,-0.197717
aprendizado|uniforme,234,-1.20767,-0.546645,-0.581378,-0.200773
aprendizado|uniforme,235,-1.20338,-0.544696,-0.576931,-0.204236
aprendizado|uniforme,236,-1.19926,-0.542822,-0.572474,-0.207385
aprendizado|uniforme,237,-1.19533,-0.541038,-0.56809,-0.209834
aprendizado|uniforme,238,-1.1917,-0.539389,-0.563811,-0.2132
aprendizado|uniforme,239,-1.18817,-0.53779,-0.559634,-0.216042
aprendizado|uniforme,240,-1.18483,-0.53627,-0.555548,-0.218968
aprendizado|uniforme,241,-1.18162,-0.534815,-0.551533,-0.221529
aprendizado|uniforme,242,-1.1786,-0.533441,-0.547617,-0.224555
aprendizado|uniforme,243,-1.17564,-0.5321,-0.543864,-0.226217
aprendizado|uniforme,244,-1.17296,-0.530879,-0.540063,-0.228208
aprendizado|uniforme,245,-1.17047,-0.52975,-0.536281,-0.230094
aprendizado|uniforme,246,-1.16818,-0.528711,-0.532771,-0.231814
aprendizado|uniforme,247,-1.16608,-0.527759,-0.529336,-0.233983
aprendizado|uniforme,248,-1.16407,-0.526846,-0.525903,-0.235474
aprendizado|uniforme,249,-1.16225,-0.526018,-0.522596,-0.236605
aprendizado|uniforme,250,-1.16065,-0.525293,-0.519397,-0.238029
aprendizado|uniforme,251,-1.1592,-0.524633,-0.516278,-0.239408
aprendizado|uniforme,252,-1.15788,-0.524033,-0.513249,-0.240632
aprendizado|uniforme,253,-1.15669,-0.523494,-0.510416,-0.24138
aprendizado|uniforme,254,-1.15569,-0.523039,-0.507493,-0.242122
aprendizado|uniforme,255,-1.15486,-0.522664,-0.504702,-0.24296
aprendizado|uniforme,256,-1.15417,-0.522348,-0.502013,-0.243469
aprendizado|uniforme,257,-1.15364,-0.522107,-0.499537,-0.244031
aprendizado|uniforme,258,-1.15322,-0.52192,-0.497151,-0.243792
aprendizado|uniforme,259,-1.15305,-0.52184,-0.494739,-0.243914
aprendizado|uniforme,260,-1.15303,-0.521831,-0.492468,-0.243655
aprendizado|uniforme,261,-1.1532,-0.521908,-0.490285,-0.24352
aprendizado|uniforme,262,-1.15353,-0.522059,-0.488294,-0.243087
aprendizado|uniforme,263,-1.15404,-0.52229,-0.486322,-0.242489
aprendizado|uniforme,264,-1.15473,-0.522605,-0.48453,-0.241872
aprendizado|uniforme,265,-1.15559,-0.522995,-0.482785,-0.241521
aprendizado|uniforme,266,-1.15655,-0.523429,-0.481186,-0.24076
aprendizado|uniforme,267,-1.15764,-0.523926,-0.479648,-0.240052
aprendizado|uniforme,268,-1.15885,-0.524474,-0.478275,-0.238866
aprendizado|uniforme,269,-1.16023,-0.525101,-0.477009,-0.237719
aprendizado|uniforme,270,-1.16175,-0.525792,-0.4757,-0.236745
aprendizado|uniforme,271,-1.16338,-0.526531,-0.474489,-0.23567
aprendizado|uniforme,272,-1.16511,-0.527317,-0.473382,-0.23457
aprendizado|uniforme,273,-1.16693,-0.528145,-0.472298,-0.233164
aprendizado|uniforme,274,-1.16888,-0.529027,-0.471385,-0.231341
aprendizado|uniforme,275,-1.17099,-0.529986,-0.470608,-0.229736
aprendizado|uniforme,276,-1.1732,-0.530991,-0.469964,-0.227805
aprendizado|uniforme,277,-1.17555,-0.532059,-0.469292,-0.226018
aprendizado|uniforme,278,-1.17801,-0.533175,-0.468683,-0.224246
aprendizado|uniforme,279,-1.18056,-0.534331,-0.468188,-0.222152
aprendizado|uniforme,280,-1.18322,-0.535541,-0.467826,-0.219785
aprendizado|uniforme,281,-1.18602,-0.536812,-0.46742,-0.217475
aprendizado|uniforme,282,-1.18896,-0.538145,-0.467167,-0.215521
aprendizado|uniforme,283,-1.19195,-0.539504,-0.467004,-0.213392
aprendizado|uniforme,284,-1.195,-0.54089,-0.466989,-0.210864
aprendizado|uniforme,285,-1.19816,-0.542322,-0.467115,-0.207771
aprendizado|uniforme,286,-1.20149,-0.543839,-0.467298,-0.205149
aprendizado|uniforme,287,-1.20493,-0.545397,-0.467598,-0.202455
aprendizado|uniforme,288,-1.20845,-0.546996,-0.467983,-0.199766
aprendizado|uniforme,289,-1.21203,-0.548624,-0.468406,-0.197309
aprendizado|uniforme,290,-1.21563,-0.550258,-0.468775,-0.194253
aprendizado|uniforme,291,-1.21935,-0.551947,-0.469277,-0.191712
aprendizado|uniforme,292,-1.22307,-0.553639,-0.469828,-0.18875
aprendizado|uniforme,293,-1.22688,-0.555367,-0.470387,-0.185942
aprendizado|uniforme,294,-1.23072,-0.557111,-0.471154,-0.18257
aprendizado|uniforme,295,-1.23467,-0.558906,-0.472085,-0.178474
aprendizado|uniforme,296,-1.23884,-0.560799,-0.472969,-0.175717
aprendizado|uniforme,297,-1.24299,-0.562685,-0.473808,-0.173354
aprendizado|uniforme,298,-1.24705,-0.564532,-0.474799,-0.169699
aprendizado|uniforme,299,-1.25124,-0.566432,-0.475795,-0.166649
aprendizado|uniforme,300,-1.25543,-0.568337,-0.476816,-0.163417
aprendizado|uniforme,301,-1.25965,-0.570256,-0.478039,-0.159538
aprendizado|uniforme,302,-1.264,-0.572231,-0.479254,-0.156082
aprendizado|uniforme,303,-1.2684,-0.574229,-0.480533,-0.152681
aprendizado|uniforme,304,-1.27282,-0.576238,-0.481867,-0.149221
aprendizado|uniforme,305,-1.27728,-0.578264,-0.483225,-0.145445
aprendizado|uniforme,306,-1.28182,-0.580327,-0.48463,-0.14252
aprendizado|uniforme,307,-1.28629,-0.582355,-0.486023,-0.139131
aprendizado|uniforme,308,-1.29076,-0.584386,-0.487659,-0.134911
aprendizado|uniforme,309,-1.29534,-0.58647,-0.489272,-0.131219
aprendizado|uniforme,310,-1.29996,-0.588567,-0.490979,-0.127252
aprendizado|uniforme,311,-1.30464,-0.590693,-0.492855,-0.122883
aprendizado|uniforme,312,-1.30943,-0.592873,-0.494571,-0.11963
aprendizado|uniforme,313,-1.31418,-0.595032,-0.496344,-0.116305
aprendizado|uniforme,314,-1.31889,-0.597169,-0.498239,-0.11236
aprendizado|uniforme,315,-1.32363,-0.599325,-0.500169,-0.108455
aprendizado|uniforme,316,-1.32841,-0.601495,-0.502138,-0.104916
aprendizado|uniforme,317,-1.33315,-0.603649,-0.504054,-0.100699
aprendizado|uniforme,318,-1.33798,-0.605844,-0.506241,-0.0967053
aprendizado|uniforme,319,-1.34284,-0.608055,-0.508222,-0.0933509
aprendizado|uniforme,320,-1.34765,-0.61024,-0.510333,-0.0896784
aprendizado|uniforme,321,-1.35243,-0.612414,-0.512517,-0.0862287
aprendizado|uniforme,322,-1.35715,-0.614559,-0.514537,-0.0822484
aprendizado|uniforme,323,-1.36191,-0.616722,-0.516868,-0.0785555
aprendizado|uniforme,324,-1.36663,-0.618868,-0.519229,-0.0741794
aprendizado|uniforme,325,-1.37143,-0.621049,-0.52161,-0.0708869
aprendizado|uniforme,326,-1.37613,-0.623187,-0.524043,-0.0678097
aprendizado|uniforme,327,-1.3807,-0.625266,-0.526364,-0.0632426
aprendizado|uniforme,328,-1.38541,-0.627404,-0.528904,-0.0600142
aprendizado|uniforme,329,-1.39,-0.629491,-0.531526,-0.0566243
aprendizado|uniforme,330,-1.3945,-0.631539,-0.534136,-0.053088
aprendizado|uniforme,331,-1.39895,-0.63356,-0.536906,-0.0497162
aprendizado|uniforme,332,-1.4033,-0.635537,-0.539519,-0.0457043
aprendizado|uniforme,333,-1.40767,-0.637527,-0.542016,-0.0417425
aprendizado|uniforme,334,-1.41209,-0.639535,-0.5445,-0.0379817
aprendizado|uniforme,335,-1.41651,-0.641543,-0.54688,-0.0342166
aprendizado|uniforme,336,-1.42095,-0.643561,-0.549438,-0.0313937
aprendizado|uniforme,337,-1.42524,-0.645513,-0.551995,-0.027661
aprendizado|uniforme,338,-1.42954,-0.647468,-0.554644,-0.0248941
aprendizado|uniforme,339,-1.43368,-0.649352,-0.557218,-0.0209747
aprendizado|uniforme,340,-1.43788,-0.65126,-0.559841,-0.0179211
aprendizado|uniforme,341,-1.44197,-0.653124,-0.562614,-0.0150901
aprendizado|uniforme,342,-1.44594,-0.654926,-0.565254,-0.0122301
aprendizado|uniforme,343,-1.44979,-0.656679,-0.567844,-0.00893003
aprendizado|uniforme,344,-1.45361,-0.658417,-0.570405,-0.00549592
aprendizado|uniforme,345,-1.45744,-0.660157,-0.573033,-0.00247569
aprendizado|uniforme,346,-1.46119,-0.661862,-0.575664,6.47121e-05
aprendizado|uniforme,347,-1.4648,-0.663504,-0.578427,0.00261752
aprendizado|uniforme,348,-1.46827,-0.665083,-0.580987,0.00568638
aprendizado|uniforme,349,-1.47171,-0.666649,-0.583283,0.00871506
aprendizado|uniforme,350,-1.47514,-0.668209,-0.585629,0.0118108
aprendizado|uniforme,351,-1.47857,-0.66977,-0.587936,0.0144114
aprendizado|uniforme,352,-1.48193,-0.671296,-0.590282,0.0167888
aprendizado|uniforme,353,-1.48518,-0.672774,-0.592638,0.0193038
aprendizado|uniforme,354,-1.48835,-0.674214,-0.594763,0.0212175
aprendizado|uniforme,355,-1.49136,-0.675585,-0.597168,0.024253
aprendizado|uniforme,356,-1.49439,-0.676961,-0.599464,0.0270478
aprendizado|uniforme,357,-1.4974,-0.678333,-0.601713,0.0296149
aprendizado|uniforme,358,-1.50038,-0.679687,-0.603962,0.0315695
aprendizado|uniforme,359,-1.50322,-0.68098,-0.606243,0.0348221
aprendizado|uniforme,360,-1.50615,-0.682313,-0.608554,0.0373342
aprendizado|uniforme,361,-1.50905,-0.683631,-0.610746,0.039553
aprendizado|uniforme,362,-1.51187,-0.684917,-0.612955,0.0412423
aprendizado|uniforme,363,-1.51455,-0.686134,-0.61517,0.0429475
aprendizado|uniforme,364,-1.51708,-0.687285,-0.617107,0.0456317
aprendizado|uniforme,365,-1.51968,-0.688467,-0.61918,0.046966
aprendizado|uniforme,366,-1.5221,-0.689568,-0.621142,0.048464
aprendizado|uniforme,367,-1.52438,-0.690608,-0.623103,0.0506449
aprendizado|uniforme,368,-1.52666,-0.691642,-0.625091,0.0524763
aprendizado|uniforme,369,-1.52886,-0.692645,-0.627199,0.0538774
aprendizado|uniforme,370,-1.53092,-0.693584,-0.629292,0.0563478
aprendizado|uniforme,371,-1.53303,-0.69454,-0.63122,0.0579596
aprendizado|uniforme,372,-1.53506,-0.695464,-0.633165,0.0596195
aprendizado|uniforme,373,-1.53702,-0.696358,-0.635119,0.0609039
aprendizado|uniforme,374,-1.53887,-0.697197,-0.637064,0.0623704
aprendizado|uniforme,375,-1.54064,-0.698005,-0.638784,0.0633911
aprendizado|uniforme,376,-1.54229,-0.698756,-0.640668,0.0647244
aprendizado|uniforme,377,-1.54387,-0.699472,-0.64284,0.0652934
aprendizado|uniforme,378,-1.54521,-0.700085,-0.644785,0.066693
aprendizado|uniforme,379,-1.54651,-0.700674,-0.646696,0.0680053
aprendizado|uniforme,380,-1.54774,-0.701236,-0.648291,0.0697078
aprendizado|uniforme,381,-1.54902,-0.701818,-0.64987,0.0695866
aprendizado|uniforme,382,-1.55004,-0.70228,-0.651276,0.0710083
aprendizado|uniforme,383,-1.55108,-0.702753,-0.652652,0.0715462
aprendizado|uniforme,384,-1.552,-0.703175,-0.653992,0.0726703
aprendizado|uniforme,385,-1.55292,-0.703592,-0.655271,0.0734231
aprendizado|uniforme,386,-1.55378,-0.703982,-0.656679,0.0737059
aprendizado|uniforme,387,-1.55449,-0.704304,-0.657991,0.0751375
aprendizado|uniforme,388,-1.55526,-0.704655,-0.659219,0.0754867
aprendizado|uniforme,389,-1.55593,-0.704962,-0.660626,0.0758594
aprendizado|uniforme,390,-1.55649,-0.705217,-0.661766,0.0767236
aprendizado|uniforme,391,-1.55705,-0.705473,-0.663041,0.0773599
aprendizado|uniforme,392,-1.55757,-0.705708,-0.663985,0.0776341
aprendizado|uniforme,393,-1.55802,-0.705913,-0.665014,0.0783735
aprendizado|uniforme,394,-1.55847,-0.706119,-0.66617,0.0782002
aprendizado|uniforme,395,-1.55877,-0.706254,-0.667242,0.0786609
aprendizado|uniforme,396,-1.55904,-0.706376,-0.668225,0.079218
aprendizado|uniforme,397,-1.55931,-0.706499,-0.669253,0.0791532
aprendizado|uniforme,398,-1.55947,-0.706572,-0.670221,0.0793967
aprendizado|uniforme,399,-1.55959,-0.706628,-0.671074,0.0791001
aprendizado|uniforme,400,-1.5596,-0.706631,-0.67208,0.0794441
aprendizado|uniforme,401,-1.55958,-0.706623,-0.67291,0.0792758
aprendizado|uniforme,402,-1.55948,-0.706578,-0.673746,0.0786511
aprendizado|uniforme,403,-1.55923,-0.706464,-0.674347,0.0789795
aprendizado|uniforme,404,-1.55902,-0.706369,-0.674991,0.0784026
aprendizado|uniforme,405,-1.5587,-0.70622,-0.675695,0.0785978
aprendizado|uniforme,406,-1.55838,-0.706076,-0.676294,0.0777037
aprendizado|uniforme,407,-1.55791,-0.705861,-0.676814,0.0777856
aprendizado|uniforme,408,-1.55745,-0.705654,-0.677226,0.0770949
aprendizado|uniforme,409,-1.55691,-0.705407,-0.677791,0.0770057
aprendizado|uniforme,410,-1.55636,-0.705157,-0.678253,0.0767324
aprendizado|uniforme,411,-1.55579,-0.704897,-0.67882,0.075877
aprendizado|uniforme,412,-1.55509,-0.704578,-0.67901,0.0753408
aprendizado|uniforme,413,-1.55435,-0.704244,-0.679487,0.0754964
aprendizado|uniforme,414,-1.55368,-0.703939,-0.679641,0.074223
aprendizado|uniforme,415,-1.55287,-0.703567,-0.679985,0.0738205
aprendizado|uniforme,416,-1.55204,-0.703192,-0.680272,0.0730328
aprendizado|uniforme,417,-1.55114,-0.702782,-0.680554,0.0729021
aprendizado|uniforme,418,-1.55028,-0.702393,-0.680789,0.0717357
aprendizado|uniforme,419,-1.54931,-0.701949,-0.680987,0.0706483
aprendizado|uniforme,420,-1.54824,-0.701462,-0.681116,0.0708889
aprendizado|uniforme,421,-1.5473,-0.701036,-0.681165,0.0699218
aprendizado|uniforme,422,-1.5463,-0.700582,-0.681401,0.0688011
aprendizado|uniforme,423,-1.54521,-0.700083,-0.681469,0.067486
aprendizado|uniforme,424,-1.544,-0.699532,-0.681511,0.0671186
aprendizado|uniforme,425,-1.54284,-0.699006,-0.681494,0.0659718
aprendizado|uniforme,426,-1.54161,-0.698447,-0.681457,0.0651539
aprendizado|uniforme,427,-1.54038,-0.697884,-0.681378,0.0642992
aprendizado|uniforme,428,-1.53913,-0.697317,-0.681267,0.0635182
aprendizado|uniforme,429,-1.5379,-0.696756,-0.681174,0.0627885
aprendizado|uniforme,430,-1.53668,-0.696202,-0.681065,0.0613816
aprendizado|uniforme,431,-1.53537,-0.695606,-0.68088,0.0599381
aprendizado|uniforme,432,-1.53397,-0.694969,-0.680591,0.0585094
aprendizado|uniforme,433,-1.5325,-0.6943,-0.680413,0.0577974
aprendizado|uniforme,434,-1.53107,-0.693648,-0.680078,0.0568886
aprendizado|uniforme,435,-1.52966,-0.693007,-0.67975,0.0553469
aprendizado|uniforme,436,-1.52816,-0.692328,-0.679505,0.054446
aprendizado|uniforme,437,-1.52669,-0.691656,-0.679188,0.0539317
aprendizado|uniforme,438,-1.52529,-0.69102,-0.678749,0.0526984
aprendizado|uniforme,439,-1.52387,-0.690376,-0.678462,0.0504377
aprendizado|uniforme,440,-1.52225,-0.689638,-0.67817,0.0506977
aprendizado|uniforme,441,-1.52085,-0.689,-0.677789,0.0487767
aprendizado|uniforme,442,-1.51932,-0.688304,-0.677523,0.0476573
aprendizado|uniforme,443,-1.51779,-0.687606,-0.6772,0.0462172
aprendizado|uniforme,444,-1.5162,-0.686885,-0.676848,0.0452046
aprendizado|uniforme,445,-1.51464,-0.686175,-0.676449,0.0436953
aprendizado|uniforme,446,-1.51303,-0.685441,-0.675864,0.0416121
aprendizado|uniforme,447,-1.51127,-0.684642,-0.675266,0.0406582
aprendizado|uniforme,448,-1.50957,-0.68387,-0.674671,0.0392105
aprendizado|uniforme,449,-1.50785,-0.683087,-0.674037,0.0377601
aprendizado|uniforme,450,-1.50611,-0.682294,-0.673284,0.0360059
aprendizado|uniforme,451,-1.5043,-0.681473,-0.672446,0.0344155
aprendizado|uniforme,452,-1.50246,-0.680636,-0.671878,0.0335353
aprendizado|uniforme,453,-1.50069,-0.679829,-0.67141,0.0329352
aprendizado|uniforme,454,-1.49903,-0.679074,-0.670657,0.0305859
aprendizado|uniforme,455,-1.49721,-0.678244,-0.669783,0.0292756
aprendizado|uniforme,456,-1.49541,-0.677427,-0.66909,0.0273162
aprendizado|uniforme,457,-1.49351,-0.676565,-0.668491,0.0258276
aprendizado|uniforme,458,-1.49159,-0.67569,-0.667791,0.0243312
aprendizado|uniforme,459,-1.48965,-0.674809,-0.666959,0.0239028
aprendizado|uniforme,460,-1.48789,-0.674009,-0.666238,0.0221371
aprendizado|uniforme,461,-1.48607,-0.673178,-0.66545,0.0207045
aprendizado|uniforme,462,-1.48424,-0.672347,-0.664641,0.0193711
aprendizado|uniforme,463,-1.48243,-0.671524,-0.663864,0.0177632
aprendizado|uniforme,464,-1.48059,-0.670688,-0.663178,0.0168751
aprendizado|uniforme,465,-1.47883,-0.669886,-0.662528,0.0154553
aprendizado|uniforme,466,-1.47706,-0.669082,-0.662044,0.0147425
aprendizado|uniforme,467,-1.4754,-0.668325,-0.661029,0.0126532
aprendizado|uniforme,468,-1.47364,-0.667526,-0.6602,0.0107977
aprendizado|uniforme,469,-1.47182,-0.666696,-0.659503,0.00968218
aprendizado|uniforme,470,-1.47004,-0.665886,-0.658682,0.00801879
aprendizado|uniforme,471,-1.46823,-0.665065,-0.657649,0.00611494
aprendizado|uniforme,472,-1.46636,-0.664215,-0.656767,0.00496492
aprendizado|uniforme,473,-1.46454,-0.663387,-0.655882,0.00463604
aprendizado|uniforme,474,-1.46291,-0.662647,-0.655194,0.00306159
aprendizado|uniforme,475,-1.46125,-0.66189,-0.654453,0.00192151
aprendizado|uniforme,476,-1.45963,-0.661153,-0.653546,-0.00043922
aprendizado|uniforme,477,-1.45785,-0.660345,-0.65258,-0.00161703
aprendizado|uniforme,478,-1.45613,-0.659559,-0.65161,-0.00266973
aprendizado|uniforme,479,-1.45447,-0.658805,-0.650632,-0.0045319
aprendizado|uniforme,480,-1.45275,-0.658022,-0.649638,-0.00515995
aprendizado|uniforme,481,-1.45116,-0.657303,-0.648682,-0.00637445
aprendizado|uniforme,482,-1.44962,-0.6566,-0.647678,-0.00766804
aprendizado|uniforme,483,-1.4481,-0.655908,-0.646483,-0.00935129
aprendizado|uniforme,484,-1.44655,-0.655205,-0.645535,-0.0104008
aprendizado|uniforme,485,-1.44506,-0.654528,-0.644555,-0.0120829
aprendizado|uniforme,486,-1.44353,-0.653833,-0.643582,-0.0128573
aprendizado|uniforme,487,-1.4421,-0.65318,-0.642534,-0.0147868
aprendizado|uniforme,488,-1.44058,-0.652488,-0.641656,-0.0161584
aprendizado|uniforme,489,-1.43905,-0.651792,-0.640725,-0.017787
aprendizado|uniforme,490,-1.43746,-0.65107,-0.639854,-0.0185919
aprendizado|uniforme,491,-1.43595,-0.650383,-0.638915,-0.0194847
aprendizado|uniforme,492,-1.4345,-0.649724,-0.638071,-0.0204388
aprendizado|uniforme,493,-1.4331,-0.649087,-0.637127,-0.0211923
aprendizado|uniforme,494,-1.43178,-0.648487,-0.63613,-0.0226682
aprendizado|uniforme,495,-1.43042,-0.647868,-0.635225,-0.0238484
aprendizado|uniforme,496,-1.42906,-0.64725,-0.634214,-0.0249125
aprendizado|uniforme,497,-1.42774,-0.646651,-0.633284,-0.0260704
aprendizado|uniforme,498,-1.42642,-0.646052,-0.632418,-0.0268974
aprendizado|uniforme,499,-1.42516,-0.64548,-0.631474,-0.0280393
aprendizado|uniforme,500,-1.42391,-0.644909,-0.630617,-0.0294937
aprendizado|uniforme,501,-1.42259,-0.644311,-0.629555,-0.0304066
aprendizado|uniforme,502,-1.42133,-0.643737,-0.628617,-0.0323057
aprendizado|uniforme,503,-1.41994,-0.643106,-0.627799,-0.0325874
aprendizado|uniforme,504,-1.41868,-0.642531,-0.626863,-0.0333311
aprendizado|uniforme,505,-1.41748,-0.641986,-0.625956,-0.0344254
aprendizado|uniforme,506,-1.41628,-0.641442,-0.624984,-0.035279
aprendizado|uniforme,507,-1.41513,-0.640917,-0.624056,-0.03573
aprendizado|uniforme,508,-1.41408,-0.640441,-0.623265,-0.0365092
aprendizado|uniforme,509,-1.41307,-0.63998,-0.622172,-0.0383677
aprendizado|uniforme,510,-1.41193,-0.639463,-0.621369,-0.0390603
aprendizado|uniforme,511,-1.41083,-0.638964,-0.620584,-0.0389701
aprendizado|uniforme,512,-1.4099,-0.638539,-0.619756,-0.0398877
aprendizado|uniforme,513,-1.40897,-0.638116,-0.618992,-0.0406964
aprendizado|uniforme,514,-1.40804,-0.637693,-0.618226,-0.0411169
aprendizado|uniforme,515,-1.40718,-0.637304,-0.617493,-0.0420965
aprendizado|uniforme,516,-1.4063,-0.636902,-0.616685,-0.0424404
aprendizado|uniforme,517,-1.40551,-0.636542,-0.6159,-0.0438865
aprendizado|uniforme,518,-1.40461,-0.636134,-0.615115,-0.0434016
aprendizado|uniforme,519,-1.40393,-0.635825,-0.614354,-0.0446538
aprendizado|uniforme,520,-1.40318,-0.635482,-0.613551,-0.0454417
aprendizado|uniforme,521,-1.40242,-0.635139,-0.612801,-0.046372
aprendizado|uniforme,522,-1.40164,-0.634785,-0.612034,-0.0467617
aprendizado|uniforme,523,-1.40092,-0.634458,-0.611318,-0.0471721
aprendizado|uniforme,524,-1.40025,-0.634153,-0.610646,-0.0478784
aprendizado|uniforme,525,-1.39957,-0.633842,-0.609951,-0.0483854
aprendizado|uniforme,526,-1.39891,-0.633543,-0.609269,-0.0487912
aprendizado|uniforme,527,-1.39829,-0.633263,-0.608626,-0.0496251
aprendizado|uniforme,528,-1.39764,-0.632967,-0.607965,-0.0501836
aprendizado|uniforme,529,-1.397,-0.632675,-0.607229,-0.0503275
aprendizado|uniforme,530,-1.39645,-0.632426,-0.606568,-0.0508247
aprendizado|uniforme,531,-1.39591,-0.63218,-0.606004,-0.0510201
aprendizado|uniforme,532,-1.39542,-0.631955,-0.605327,-0.0517132
aprendizado|uniforme,533,-1.3949,-0.63172,-0.604712,-0.052022
aprendizado|uniforme,534,-1.39442,-0.631501,-0.604209,-0.0515449
aprendizado|uniforme,535,-1.39408,-0.631348,-0.603704,-0.0522845
aprendizado|uniforme,536,-1.39369,-0.63117,-0.603128,-0.0517711
aprendizado|uniforme,537,-1.39346,-0.631064,-0.602551,-0.0520098
aprendizado|uniforme,538,-1.39326,-0.630975,-0.602024,-0.0528627
aprendizado|uniforme,539,-1.39298,-0.630849,-0.601535,-0.0532285
aprendizado|uniforme,540,-1.39271,-0.630723,-0.601042,-0.0534562
aprendizado|uniforme,541,-1.39245,-0.630605,-0.600604,-0.053822
aprendizado|uniforme,542,-1.39218,-0.630483,-0.600158,-0.0538249
aprendizado|uniforme,543,-1.39196,-0.630381,-0.599596,-0.0540201
aprendizado|uniforme,544,-1.39176,-0.630294,-0.599181,-0.0546239
aprendizado|uniforme,545,-1.39151,-0.630179,-0.598684,-0.0538847
aprendizado|uniforme,546,-1.39143,-0.630141,-0.598167,-0.0541373
aprendizado|uniforme,547,-1.39136,-0.630108,-0.597836,-0.0543692
aprendizado|uniforme,548,-1.39126,-0.630065,-0.597494,-0.0540816
aprendizado|uniforme,549,-1.39124,-0.630055,-0.597178,-0.0537746
aprendizado|uniforme,550,-1.39129,-0.63008,-0.596771,-0.0543
aprendizado|uniforme,551,-1.39128,-0.630074,-0.596351,-0.0540001
aprendizado|uniforme,552,-1.39134,-0.630102,-0.595974,-0.0542591
aprendizado|uniforme,553,-1.39139,-0.630123,-0.595733,-0.0535577
aprendizado|uniforme,554,-1.39155,-0.630196,-0.595444,-0.0544199
aprendizado|uniforme,555,-1.39158,-0.630209,-0.595212,-0.0547435
aprendizado|uniforme,556,-1.39155,-0.630196,-0.594967,-0.0537194
aprendizado|uniforme,557,-1.3917,-0.630265,-0.594665,-0.0537291
aprendizado|uniforme,558,-1.39186,-0.630335,-0.594409,-0.0533518
aprendizado|uniforme,559,-1.39207,-0.630434,-0.594245,-0.0534075
aprendizado|uniforme,560,-1.39227,-0.630524,-0.594083,-0.0530924
aprendizado|uniforme,561,-1.39251,-0.630632,-0.593678,-0.0527731
aprendizado|uniforme,562,-1.3928,-0.630766,-0.593216,-0.0522732
aprendizado|uniforme,563,-1.39318,-0.630938,-0.592842,-0.0523426
aprendizado|uniforme,564,-1.39354,-0.6311,-0.592427,-0.0515793
aprendizado|uniforme,565,-1.394,-0.631312,-0.592293,-0.0513108
aprendizado|uniforme,566,-1.39449,-0.631531,-0.592188,-0.0506868
aprendizado|uniforme,567,-1.39504,-0.631783,-0.592123,-0.0502028
aprendizado|uniforme,568,-1.39563,-0.632052,-0.59196,-0.049359
aprendizado|uniforme,569,-1.39632,-0.632365,-0.591928,-0.0489989
aprendizado|uniforme,570,-1.39702,-0.632683,-0.591799,-0.0484138
aprendizado|uniforme,571,-1.39778,-0.633027,-0.591849,-0.0484363
aprendizado|uniforme,572,-1.39847,-0.633342,-0.591813,-0.0481792
aprendizado|uniforme,573,-1.39916,-0.633655,-0.591832,-0.0486613
aprendizado|uniforme,574,-1.3997,-0.633901,-0.591901,-0.0483495
aprendizado|uniforme,575,-1.40022,-0.634139,-0.591962,-0.0479111
aprendizado|uniforme,576,-1.40075,-0.634379,-0.5921,-0.0474101
aprendizado|uniforme,577,-1.40128,-0.634618,-0.592096,-0.0466836
aprendizado|uniforme,578,-1.40187,-0.634886,-0.592073,-0.0470181
aprendizado|uniforme,579,-1.40234,-0.6351,-0.592133,-0.0458688
aprendizado|uniforme,580,-1.40293,-0.635371,-0.59219,-0.0454837
aprendizado|uniforme,581,-1.40352,-0.635638,-0.592372,-0.0449174
aprendizado|uniforme,582,-1.40411,-0.635907,-0.592509,-0.0439543
aprendizado|uniforme,583,-1.40478,-0.636212,-0.592631,-0.0435312
aprendizado|uniforme,584,-1.40545,-0.636514,-0.592771,-0.0431927
aprendizado|uniforme,585,-1.40608,-0.636802,-0.592911,-0.0424099
aprendizado|uniforme,586,-1.40676,-0.637109,-0.593025,-0.0416657
aprendizado|uniforme,587,-1.40747,-0.637437,-0.593252,-0.0411945
aprendizado|uniforme,588,-1.40819,-0.63776,-0.593506,-0.0403923
aprendizado|uniforme,589,-1.40893,-0.638099,-0.593734,-0.0394938
aprendizado|uniforme,590,-1.40974,-0.638466,-0.593926,-0.0393442
aprendizado|uniforme,591,-1.41047,-0.6388,-0.594144,-0.0393617
aprendizado|uniforme,592,-1.41112,-0.639093,-0.594408,-0.0380129
aprendizado|uniforme,593,-1.41189,-0.639444,-0.594661,-0.0377163
aprendizado|uniforme,594,-1.41261,-0.639773,-0.594993,-0.0370932
aprendizado|uniforme,595,-1.41333,-0.640101,-0.595201,-0.0359832
aprendizado|uniforme,596,-1.41415,-0.640471,-0.595446,-0.0359081
aprendizado|uniforme,597,-1.41488,-0.640802,-0.595797,-0.0356989
aprendizado|uniforme,598,-1.41553,-0.6411,-0.596115,-0.0344632
aprendizado|uniforme,599,-1.41629,-0.641446,-0.596409,-0.0331618
aprendizado|isenção,0,0,0,0.263557,-1.15162
aprendizado|isenção,1,-0.0179596,-0.00810268,0.262852,-1.13761
aprendizado|isenção,2,-0.0363951,-0.0164209,0.262283,-1.12322
aprendizado|isenção,3,-0.0553287,-0.0249647,0.260964,-1.10848
aprendizado|isenção,4,-0.0747137,-0.0337132,0.259081,-1.09335
aprendizado|isenção,5,-0.0945333,-0.0426587,0.256841,-1.07787
aprendizado|isenção,6,-0.114775,-0.0517957,0.254095,-1.06209
aprendizado|isenção,7,-0.135413,-0.0611126,0.25124,-1.04587
aprendizado|isenção,8,-0.15647,-0.0706198,0.248148,-1.02935
aprendizado|isenção,9,-0.177939,-0.0803143,0.244385,-1.0126
aprendizado|isenção,10,-0.19977,-0.0901735,0.240101,-0.995528
aprendizado|isenção,11,-0.221942,-0.100187,0.235417,-0.97814
aprendizado|isenção,12,-0.244448,-0.110354,0.23051,-0.960543
aprendizado|isenção,13,-0.267273,-0.120666,0.224961,-0.942679
aprendizado|isenção,14,-0.290382,-0.131107,0.219117,-0.924666
aprendizado|isenção,15,-0.313753,-0.141668,0.213023,-0.906258
aprendizado|isenção,16,-0.337404,-0.152357,0.206597,-0.887693
aprendizado|isenção,17,-0.361311,-0.163163,0.199611,-0.869007
aprendizado|isenção,18,-0.385428,-0.174066,0.192244,-0.85021
aprendizado|isenção,19,-0.409727,-0.185052,0.184575,-0.831185
aprendizado|isenção,20,-0.434205,-0.19612,0.176851,-0.811928
aprendizado|isenção,21,-0.458875,-0.207277,0.168633,-0.792655
aprendizado|isenção,22,-0.483683,-0.218498,0.159961,-0.773216
aprendizado|isenção,23,-0.508603,-0.229772,0.151263,-0.753073
aprendizado|isenção,24,-0.533742,-0.241145,0.142313,-0.733385
aprendizado|isenção,25,-0.558999,-0.252574,0.133071,-0.713471
aprendizado|isenção,26,-0.584372,-0.264057,0.123585,-0.69372
aprendizado|isenção,27,-0.609802,-0.275567,0.113559,-0.673502
aprendizado|isenção,28,-0.635327,-0.287122,0.103465,-0.653338
aprendizado|isenção,29,-0.660919,-0.298709,0.0934061,-0.633561
aprendizado|isenção,30,-0.686515,-0.310299,0.0827711,-0.613448
aprendizado|isenção,31,-0.712113,-0.321892,0.0719748,-0.5932
aprendizado|isenção,32,-0.737726,-0.333493,0.0610546,-0.572759
aprendizado|isenção,33,-0.763378,-0.345113,0.0498833,-0.552481
aprendizado|isenção,34,-0.789022,-0.356732,0.0389961,-0.532465
aprendizado|isenção,35,-0.814644,-0.368342,0.0273556,-0.512061
aprendizado|isenção,36,-0.840242,-0.379944,0.0156446,-0.49135
aprendizado|isenção,37,-0.86587,-0.39156,0.00393992,-0.471006
aprendizado|isenção,38,-0.891482,-0.40317,-0.00792196,-0.451307
aprendizado|isenção,39,-0.916954,-0.414719,-0.0203353,-0.431163
aprendizado|isenção,40,-0.94232,-0.426222,-0.0329049,-0.410878
aprendizado|isenção,41,-0.967604,-0.437688,-0.0454472,-0.390724
aprendizado|isenção,42,-0.992799,-0.449117,-0.0582851,-0.370279
aprendizado|isenção,43,-1.01794,-0.460523,-0.0710957,-0.350614
aprendizado|isenção,44,-1.04292,-0.471857,-0.0839425,-0.33134
aprendizado|isenção,45,-1.06769,-0.483095,-0.096443,-0.311945
aprendizado|isenção,46,-1.09229,-0.494261,-0.109365,-0.292465
aprendizado|isenção,47,-1.11673,-0.505351,-0.122272,-0.272936
aprendizado|isenção,48,-1.14103,-0.516382,-0.135234,-0.253982
aprendizado|isenção,49,-1.16509,-0.527308,-0.148024,-0.234914
aprendizado|isenção,50,-1.18898,-0.538157,-0.161648,-0.215552
aprendizado|isenção,51,-1.21269,-0.548923,-0.17451,-0.197324
aprendizado|isenção,52,-1.23611,-0.559562,-0.187781,-0.178432
aprendizado|isenção,53,-1.25935,-0.570117,-0.201216,-0.159714
aprendizado|isenção,54,-1.28238,-0.580579,-0.214495,-0.141242
aprendizado|isenção,55,-1.30519,-0.590947,-0.22768,-0.123243
aprendizado|isenção,56,-1.32776,-0.601201,-0.241125,-0.105335
aprendizado|isenção,57,-1.35005,-0.611332,-0.254688,-0.0871723
aprendizado|isenção,58,-1.37212,-0.621365,-0.268003,-0.0699988
aprendizado|isenção,59,-1.39387,-0.631251,-0.28148,-0.0526802
aprendizado|isenção,60,-1.41531,-0.641,-0.294689,-0.0352589
aprendizado|isenção,61,-1.43653,-0.650648,-0.308328,-0.0173352
aprendizado|isenção,62,-1.4576,-0.660228,-0.322407,-0.00037086
aprendizado|isenção,63,-1.47835,-0.669668,-0.335726,0.0156595
aprendizado|isenção,64,-1.49874,-0.67894,-0.349202,0.032601
aprendizado|isenção,65,-1.51891,-0.688119,-0.362759,0.0486369
aprendizado|isenção,66,-1.53877,-0.697151,-0.376049,0.0646645
aprendizado|isenção,67,-1.55834,-0.70606,-0.389579,0.0798483
aprendizado|isenção,68,-1.57751,-0.714782,-0.402985,0.0951138
aprendizado|isenção,69,-1.59633,-0.723346,-0.416243,0.108973
aprendizado|isenção,70,-1.6146,-0.731663,-0.429205,0.123855
aprendizado|isenção,71,-1.63257,-0.739842,-0.442232,0.138775
aprendizado|isenção,72,-1.65026,-0.747898,-0.454918,0.152739
aprendizado|isenção,73,-1.6676,-0.75579,-0.467666,0.166476
aprendizado|isenção,74,-1.68455,-0.763509,-0.480586,0.180617
aprendizado|isenção,75,-1.70121,-0.771098,-0.493071,0.193612
aprendizado|isenção,76,-1.71747,-0.778502,-0.505521,0.206793
aprendizado|isenção,77,-1.73338,-0.78575,-0.518363,0.220869
aprendizado|isenção,78,-1.74911,-0.792911,-0.53076,0.233326
aprendizado|isenção,79,-1.76444,-0.799897,-0.543357,0.245536
aprendizado|isenção,80,-1.77937,-0.806698,-0.555752,0.257607
aprendizado|isenção,81,-1.79394,-0.813335,-0.567506,0.269406
aprendizado|isenção,82,-1.80818,-0.819827,-0.579017,0.279947
aprendizado|isenção,83,-1.82196,-0.826106,-0.590638,0.290744
aprendizado|isenção,84,-1.83534,-0.832202,-0.602268,0.30175
aprendizado|isenção,85,-1.84837,-0.838143,-0.6133,0.311323
aprendizado|isenção,86,-1.86092,-0.843862,-0.624277,0.320855
aprendizado|isenção,87,-1.87302,-0.849377,-0.635199,0.330434
aprendizado|isenção,88,-1.88471,-0.854707,-0.646002,0.339183
aprendizado|isenção,89,-1.8959,-0.859808,-0.656784,0.34793
aprendizado|isenção,90,-1.90663,-0.864698,-0.667348,0.357646
aprendizado|isenção,91,-1.91712,-0.869482,-0.677991,0.365941
aprendizado|isenção,92,-1.92717,-0.874066,-0.688013,0.373928
aprendizado|isenção,93,-1.93682,-0.878467,-0.698612,0.381842
aprendizado|isenção,94,-1.94606,-0.882677,-0.708613,0.38885
aprendizado|isenção,95,-1.9548,-0.886666,-0.718566,0.395994
aprendizado|isenção,96,-1.96313,-0.890465,-0.727917,0.403113
aprendizado|isenção,97,-1.97114,-0.894117,-0.737555,0.409652
aprendizado|isenção,98,-1.97875,-0.897587,-0.747101,0.415187
aprendizado|isenção,99,-1.98582,-0.900814,-0.75636,0.421279
aprendizado|isenção,100,-1.99254,-0.903876,-0.765749,0.427009
aprendizado|isenção,101,-1.99884,-0.906751,-0.774361,0.432152
aprendizado|isenção,102,-2.00475,-0.909448,-0.783496,0.437609
aprendizado|isenção,103,-2.01032,-0.911987,-0.791209,0.44129
aprendizado|isenção,104,-2.0154,-0.914307,-0.799453,0.446302
aprendizado|isenção,105,-2.02022,-0.916504,-0.807284,0.449835
aprendizado|isenção,106,-2.02459,-0.918501,-0.81498,0.4532
aprendizado|isenção,107,-2.02855,-0.920304,-0.822098,0.45635
aprendizado|isenção,108,-2.03213,-0.921939,-0.829147,0.458519
aprendizado|isenção,109,-2.03522,-0.923349,-0.836082,0.461952
aprendizado|isenção,110,-2.03808,-0.924653,-0.842457,0.464004
aprendizado|isenção,111,-2.04056,-0.925783,-0.84851,0.466226
aprendizado|isenção,112,-2.04274,-0.92678,-0.854843,0.467488
aprendizado|isenção,113,-2.04448,-0.927574,-0.860241,0.467871
aprendizado|isenção,114,-2.04574,-0.92815,-0.865736,0.46881
aprendizado|isenção,115,-2.04664,-0.928559,-0.871148,0.469957
aprendizado|isenção,116,-2.04725,-0.928838,-0.876746,0.471353
aprendizado|isenção,117,-2.04763,-0.929012,-0.8813,0.471558
aprendizado|isenção,118,-2.04771,-0.929049,-0.885778,0.470963
aprendizado|isenção,119,-2.04739,-0.928902,-0.890637,0.470831
aprendizado|isenção,120,-2.04673,-0.928603,-0.89505,0.470137
aprendizado|isenção,121,-2.04572,-0.928139,-0.899666,0.46997
aprendizado|isenção,122,-2.04444,-0.927557,-0.904223,0.468618
aprendizado|isenção,123,-2.04275,-0.926785,-0.907991,0.467932
aprendizado|isenção,124,-2.04086,-0.925922,-0.911689,0.466637
aprendizado|isenção,125,-2.0387,-0.924936,-0.915321,0.464957
aprendizado|isenção,126,-2.03624,-0.923813,-0.91885,0.463725
aprendizado|isenção,127,-2.03359,-0.922607,-0.921998,0.460616
aprendizado|isenção,128,-2.03051,-0.921199,-0.924781,0.458414
aprendizado|isenção,129,-2.02719,-0.919683,-0.927631,0.456153
aprendizado|isenção,130,-2.02365,-0.918069,-0.9301,0.45259
aprendizado|isenção,131,-2.01973,-0.916281,-0.932015,0.448673
aprendizado|isenção,132,-2.01545,-0.914327,-0.933484,0.44483
aprendizado|isenção,133,-2.01087,-0.912239,-0.934892,0.44122
aprendizado|isenção,134,-2.00606,-0.910044,-0.936105,0.438272
aprendizado|isenção,135,-2.00117,-0.907814,-0.937139,0.433696
aprendizado|isenção,136,-1.99596,-0.905437,-0.938319,0.429554
aprendizado|isenção,137,-1.99051,-0.90295,-0.939254,0.425692
aprendizado|isenção,138,-1.98491,-0.900398,-0.940006,0.420962
aprendizado|isenção,139,-1.97906,-0.897731,-0.940245,0.415201
aprendizado|isenção,140,-1.97285,-0.894896,-0.94082,0.411228
aprendizado|isenção,141,-1.96655,-0.892024,-0.941085,0.405953
aprendizado|isenção,142,-1.96001,-0.889041,-0.941234,0.401124
aprendizado|isenção,143,-1.95333,-0.885995,-0.941597,0.396174
aprendizado|isenção,144,-1.94649,-0.882874,-0.941658,0.390473
aprendizado|isenção,145,-1.93941,-0.879646,-0.942254,0.385928
aprendizado|isenção,146,-1.93226,-0.876385,-0.941004,0.378757
aprendizado|isenção,147,-1.92477,-0.87297,-0.940572,0.373073
aprendizado|isenção,148,-1.91713,-0.869488,-0.939762,0.367149
aprendizado|isenção,149,-1.90937,-0.865948,-0.938866,0.36032
aprendizado|isenção,150,-1.90134,-0.862288,-0.937476,0.35404
aprendizado|isenção,151,-1.8932,-0.858575,-0.936436,0.347595
aprendizado|isenção,152,-1.88489,-0.854788,-0.934888,0.341238
aprendizado|isenção,153,-1.87649,-0.850959,-0.933439,0.335144
aprendizado|isenção,154,-1.86805,-0.847112,-0.932222,0.327936
aprendizado|isenção,155,-1.85938,-0.843159,-0.930639,0.321474
aprendizado|isenção,156,-1.85064,-0.839178,-0.928686,0.314327
aprendizado|isenção,157,-1.84178,-0.835138,-0.926443,0.307424
aprendizado|isenção,158,-1.83286,-0.831074,-0.923657,0.298862
aprendizado|isenção,159,-1.82366,-0.826879,-0.920997,0.29111
aprendizado|isenção,160,-1.8143,-0.822614,-0.918371,0.283539
aprendizado|isenção,161,-1.80482,-0.818293,-0.91576,0.276662
aprendizado|isenção,162,-1.79534,-0.813977,-0.913101,0.268814
aprendizado|isenção,163,-1.78573,-0.809595,-0.910176,0.261232
aprendizado|isenção,164,-1.77604,-0.805183,-0.907132,0.252822
aprendizado|isenção,165,-1.76617,-0.800687,-0.903581,0.244797
aprendizado|isenção,166,-1.75623,-0.796157,-0.900039,0.237137
aprendizado|isenção,167,-1.74628,-0.791623,-0.896257,0.228622
aprendizado|isenção,168,-1.73619,-0.787029,-0.892586,0.221001
aprendizado|isenção,169,-1.72612,-0.782441,-0.888782,0.212696
aprendizado|isenção,170,-1.71596,-0.777812,-0.885145,0.205172
aprendizado|isenção,171,-1.70582,-0.773197,-0.881718,0.198091
aprendizado|isenção,172,-1.69578,-0.768625,-0.878023,0.18997
aprendizado|isenção,173,-1.68569,-0.76403,-0.874058,0.180975
aprendizado|isenção,174,-1.67543,-0.759356,-0.86997,0.173294
aprendizado|isenção,175,-1.66523,-0.754711,-0.86602,0.164978
aprendizado|isenção,176,-1.65497,-0.750041,-0.861952,0.157093
aprendizado|isenção,177,-1.64474,-0.745384,-0.857996,0.149234
aprendizado|isenção,178,-1.63453,-0.740738,-0.853867,0.140783
aprendizado|isenção,179,-1.62427,-0.736065,-0.849028,0.132074
aprendizado|isenção,180,-1.61396,-0.731369,-0.84458,0.124295
aprendizado|isenção,181,-1.60372,-0.726709,-0.840532,0.116675
aprendizado|isenção,182,-1.59354,-0.722079,-0.836158,0.107534
aprendizado|isenção,183,-1.58321,-0.717377,-0.831561,0.0993131
aprendizado|isenção,184,-1.57289,-0.712679,-0.826978,0.0916853
aprendizado|isenção,185,-1.56267,-0.70803,-0.822511,0.0836131
aprendizado|isenção,186,-1.55248,-0.703392,-0.817423,0.0755949
aprendizado|isenção,187,-1.54237,-0.698789,-0.812418,0.0675325
aprendizado|isenção,188,-1.53231,-0.694212,-0.807227,0.0597827
aprendizado|isenção,189,-1.52237,-0.689691,-0.801999,0.0517488
aprendizado|isenção,190,-1.5125,-0.685202,-0.796814,0.0429083
aprendizado|isenção,191,-1.50256,-0.680679,-0.79139,0.0349839
aprendizado|isenção,192,-1.4927,-0.676196,-0.785907,0.0272403
aprendizado|isenção,193,-1.48296,-0.671763,-0.780717,0.0191302
aprendizado|isenção,194,-1.47322,-0.667335,-0.775614,0.0120043
aprendizado|isenção,195,-1.46366,-0.662985,-0.770244,0.00373809
aprendizado|isenção,196,-1.45408,-0.658631,-0.764794,-0.00404122
aprendizado|isenção,197,-1.44458,-0.654308,-0.759573,-0.0115523
aprendizado|isenção,198,-1.43516,-0.650024,-0.754018,-0.0185891
aprendizado|isenção,199,-1.42592,-0.645825,-0.748531,-0.026505
aprendizado|isenção,200,-1.41672,-0.641639,-0.74335,-0.0330901
aprendizado|isenção,201,-1.40771,-0.637545,-0.737874,-0.0406766
aprendizado|isenção,202,-1.39876,-0.633476,-0.732691,-0.0480482
aprendizado|isenção,203,-1.38987,-0.629433,-0.727172,-0.0548469
aprendizado|isenção,204,-1.38115,-0.625467,-0.721687,-0.0618892
aprendizado|isenção,205,-1.37254,-0.621553,-0.716395,-0.0686473
aprendizado|isenção,206,-1.36405,-0.617697,-0.710776,-0.0760567
aprendizado|isenção,207,-1.35561,-0.61386,-0.705406,-0.0829021
aprendizado|isenção,208,-1.34727,-0.61007,-0.699697,-0.0893246
aprendizado|isenção,209,-1.33912,-0.606365,-0.694352,-0.0960077
aprendizado|isenção,210,-1.33106,-0.602703,-0.688686,-0.102669
aprendizado|isenção,211,-1.32312,-0.599093,-0.683229,-0.10891
aprendizado|isenção,212,-1.31533,-0.595554,-0.677796,-0.115259
aprendizado|isenção,213,-1.30766,-0.592069,-0.672213,-0.121199
aprendizado|isenção,214,-1.30019,-0.588671,-0.666648,-0.127765
aprendizado|isenção,215,-1.29277,-0.5853,-0.661077,-0.133728
aprendizado|isenção,216,-1.28549,-0.581996,-0.655731,-0.139169
aprendizado|isenção,217,-1.27843,-0.578786,-0.650555,-0.144752
aprendizado|isenção,218,-1.27151,-0.575641,-0.645004,-0.150369
aprendizado|isenção,219,-1.26475,-0.572569,-0.639732,-0.155777
aprendizado|isenção,220,-1.25814,-0.569567,-0.634773,-0.160855
aprendizado|isenção,221,-1.25169,-0.566639,-0.629664,-0.166068
aprendizado|isenção,222,-1.24539,-0.563774,-0.624813,-0.170735
aprendizado|isenção,223,-1.23928,-0.560999,-0.619835,-0.175852
aprendizado|isenção,224,-1.23328,-0.558277,-0.614746,-0.180843
aprendizado|isenção,225,-1.22742,-0.555613,-0.609785,-0.18545
aprendizado|isenção,226,-1.22173,-0.553028,-0.605083,-0.189786
aprendizado|isenção,227,-1.21622,-0.550525,-0.600464,-0.193888
aprendizado|isenção,228,-1.2109,-0.54811,-0.595826,-0.198326
aprendizado|isenção,229,-1.2057,-0.545751,-0.591304,-0.201801
aprendizado|isenção,230,-1.20078,-0.543514,-0.586592,-0.20646
aprendizado|isenção,231,-1.19591,-0.541304,-0.582121,-0.210164
aprendizado|isenção,232,-1.19124,-0.539181,-0.577566,-0.214259
aprendizado|isenção,233,-1.18667,-0.537107,-0.573243,-0.218012
aprendizado|isenção,234,-1.18223,-0.535091,-0.569007,-0.22099
aprendizado|isenção,235,-1.17803,-0.533185,-0.564772,-0.224376
aprendizado|isenção,236,-1.17399,-0.531349,-0.560579,-0.22746
aprendizado|isenção,237,-1.17013,-0.529596,-0.556408,-0.229869
aprendizado|isenção,238,-1.16655,-0.527971,-0.552357,-0.233182
aprendizado|isenção,239,-1.16307,-0.52639,-0.54831,-0.23599
aprendizado|isenção,240,-1.15975,-0.524885,-0.5444,-0.238884
aprendizado|isenção,241,-1.15657,-0.523441,-0.540549,-0.241426
aprendizado|isenção,242,-1.15356,-0.522072,-0.536706,-0.244428
aprendizado|isenção,243,-1.15061,-0.520735,-0.533315,-0.246096
aprendizado|isenção,244,-1.14791,-0.519508,-0.529493,-0.248103
aprendizado|isenção,245,-1.14541,-0.518371,-0.52572,-0.250003
aprendizado|isenção,246,-1.1431,-0.517324,-0.522337,-0.251738
aprendizado|isenção,247,-1.14098,-0.516359,-0.51916,-0.253917
aprendizado|isenção,248,-1.13892,-0.515427,-0.5158,-0.255444
aprendizado|isenção,249,-1.13705,-0.514576,-0.512625,-0.256622
aprendizado|isenção,250,-1.13539,-0.513823,-0.509363,-0.258091
aprendizado|isenção,251,-1.13388,-0.513137,-0.506361,-0.259512
aprendizado|isenção,252,-1.13249,-0.512506,-0.503344,-0.260785
aprendizado|isenção,253,-1.13123,-0.511935,-0.500633,-0.261593
aprendizado|isenção,254,-1.13015,-0.511444,-0.497678,-0.2624
aprendizado|isenção,255,-1.12924,-0.511032,-0.495,-0.263297
aprendizado|isenção,256,-1.12845,-0.510675,-0.49237,-0.263879
aprendizado|isenção,257,-1.12783,-0.51039,-0.489892,-0.264515
aprendizado|isenção,258,-1.12732,-0.510158,-0.487646,-0.264367
aprendizado|isenção,259,-1.12703,-0.510026,-0.485143,-0.264579
aprendizado|isenção,260,-1.1269,-0.509968,-0.483215,-0.264414
aprendizado|isenção,261,-1.12693,-0.509982,-0.480826,-0.264389
aprendizado|isenção,262,-1.12713,-0.510075,-0.478966,-0.264062
aprendizado|isenção,263,-1.1275,-0.510241,-0.476943,-0.263581
aprendizado|isenção,264,-1.12805,-0.510492,-0.475215,-0.263079
aprendizado|isenção,265,-1.12876,-0.510813,-0.473537,-0.262841
aprendizado|isenção,266,-1.12955,-0.511174,-0.471957,-0.262207
aprendizado|isenção,267,-1.13048,-0.511595,-0.470458,-0.261628
aprendizado|isenção,268,-1.13152,-0.512065,-0.469015,-0.260585
aprendizado|isenção,269,-1.13272,-0.512612,-0.467796,-0.259579
aprendizado|isenção,270,-1.13406,-0.51322,-0.466505,-0.258745
aprendizado|isenção,271,-1.1355,-0.513873,-0.465259,-0.257815
aprendizado|isenção,272,-1.13704,-0.514572,-0.464064,-0.256861
aprendizado|isenção,273,-1.13867,-0.515313,-0.462913,-0.255607
aprendizado|isenção,274,-1.14042,-0.516109,-0.461988,-0.253942
aprendizado|isenção,275,-1.14234,-0.516978,-0.461163,-0.252494
aprendizado|isenção,276,-1.14435,-0.517892,-0.460484,-0.250726
aprendizado|isenção,277,-1.1465,-0.518867,-0.45981,-0.2491
aprendizado|isenção,278,-1.14875,-0.519887,-0.459119,-0.24749
aprendizado|isenção,279,-1.15108,-0.520948,-0.458602,-0.245566
aprendizado|isenção,280,-1.15353,-0.522061,-0.458256,-0.243377
aprendizado|isenção,281,-1.15611,-0.523231,-0.457647,-0.241247
aprendizado|isenção,282,-1.15883,-0.524465,-0.457144,-0.239456
aprendizado|isenção,283,-1.16162,-0.525731,-0.456937,-0.237484
aprendizado|isenção,284,-1.16446,-0.527023,-0.457028,-0.235123
aprendizado|isenção,285,-1.1674,-0.528356,-0.457135,-0.232221
aprendizado|isenção,286,-1.17051,-0.529769,-0.457234,-0.229781
aprendizado|isenção,287,-1.17371,-0.531222,-0.45738,-0.22727
aprendizado|isenção,288,-1.17701,-0.532719,-0.457711,-0.224758
aprendizado|isenção,289,-1.18036,-0.534243,-0.458037,-0.222473
aprendizado|isenção,290,-1.18374,-0.535774,-0.458237,-0.219604
aprendizado|isenção,291,-1.18723,-0.537361,-0.458758,-0.21723
aprendizado|isenção,292,-1.19073,-0.538949,-0.4593,-0.214452
aprendizado|isenção,293,-1.1943,-0.54057,-0.459771,-0.211827
aprendizado|isenção,294,-1.1979,-0.542207,-0.460512,-0.208652
aprendizado|isenção,295,-1.20161,-0.543892,-0.461269,-0.204775
aprendizado|isenção,296,-1.20554,-0.545675,-0.462095,-0.202196
aprendizado|isenção,297,-1.20945,-0.54745,-0.462849,-0.200003
aprendizado|isenção,298,-1.21327,-0.549187,-0.463778,-0.196551
aprendizado|isenção,299,-1.21721,-0.550976,-0.464522,-0.19369
aprendizado|isenção,300,-1.22117,-0.552775,-0.465551,-0.190642
aprendizado|isenção,301,-1.22515,-0.554584,-0.466514,-0.18697
aprendizado|isenção,302,-1.22927,-0.556454,-0.467521,-0.183701
aprendizado|isenção,303,-1.23344,-0.558349,-0.468724,-0.180477
aprendizado|isenção,304,-1.23764,-0.560256,-0.469836,-0.177197
aprendizado|isenção,305,-1.24188,-0.562182,-0.471029,-0.173603
aprendizado|isenção,306,-1.24621,-0.564148,-0.472297,-0.170829
aprendizado|isenção,307,-1.25047,-0.566082,-0.473666,-0.167603
aprendizado|isenção,308,-1.25472,-0.568016,-0.475247,-0.163571
aprendizado|isenção,309,-1.25909,-0.570002,-0.476766,-0.160054
aprendizado|isenção,310,-1.26349,-0.572,-0.478447,-0.15627
aprendizado|isenção,311,-1.26795,-0.574025,-0.480207,-0.152098
aprendizado|isenção,312,-1.27252,-0.576102,-0.481753,-0.149009
aprendizado|isenção,313,-1.27706,-0.578162,-0.48345,-0.145846
aprendizado|isenção,314,-1.28154,-0.580201,-0.485177,-0.142081
aprendizado|isenção,315,-1.28608,-0.58226,-0.487037,-0.138351
aprendizado|isenção,316,-1.29064,-0.584332,-0.488907,-0.134977
aprendizado|isenção,317,-1.29516,-0.586389,-0.490577,-0.130945
aprendizado|isenção,318,-1.29979,-0.588491,-0.492549,-0.12712
aprendizado|isenção,319,-1.30446,-0.590611,-0.494367,-0.12391
aprendizado|isenção,320,-1.30907,-0.59271,-0.496391,-0.120387
aprendizado|isenção,321,-1.31367,-0.594797,-0.498419,-0.11708
aprendizado|isenção,322,-1.3182,-0.596858,-0.500237,-0.113253
aprendizado|isenção,323,-1.32279,-0.598941,-0.502461,-0.1097
aprendizado|isenção,324,-1.32733,-0.601008,-0.504719,-0.105481
aprendizado|isenção,325,-1.33196,-0.60311,-0.506948,-0.102314
aprendizado|isenção,326,-1.3365,-0.605171,-0.509113,-0.0993521
aprendizado|isenção,327,-1.34092,-0.607182,-0.511211,-0.0949337
aprendizado|isenção,328,-1.34548,-0.609254,-0.513682,-0.091807
aprendizado|isenção,329,-1.34993,-0.611277,-0.516229,-0.0885239
aprendizado|isenção,330,-1.35429,-0.613261,-0.518753,-0.0850991
aprendizado|isenção,331,-1.3586,-0.61522,-0.521504,-0.0818336
aprendizado|isenção,332,-1.36281,-0.617133,-0.524075,-0.0779502
aprendizado|isenção,333,-1.36705,-0.619058,-0.526491,-0.0741176
aprendizado|isenção,334,-1.37132,-0.621,-0.529003,-0.07048
aprendizado|isenção,335,-1.37559,-0.62294,-0.531268,-0.0668442
aprendizado|isenção,336,-1.37988,-0.62489,-0.53365,-0.0641211
aprendizado|isenção,337,-1.38403,-0.626778,-0.53597,-0.0605097
aprendizado|isenção,338,-1.3882,-0.628674,-0.538526,-0.0578275
aprendizado|isenção,339,-1.39222,-0.630503,-0.540871,-0.0540256
aprendizado|isenção,340,-1.39631,-0.632359,-0.543356,-0.0510559
aprendizado|isenção,341,-1.4003,-0.634174,-0.546038,-0.0482988
aprendizado|isenção,342,-1.40416,-0.63593,-0.548529,-0.0455126
aprendizado|isenção,343,-1.40792,-0.63764,-0.550993,-0.042295
aprendizado|isenção,344,-1.41166,-0.639338,-0.553461,-0.038944
aprendizado|isenção,345,-1.4154,-0.641039,-0.556117,-0.0359933
aprendizado|isenção,346,-1.41906,-0.642702,-0.558658,-0.0335135
aprendizado|isenção,347,-1.42258,-0.644306,-0.561315,-0.0310205
aprendizado|isenção,348,-1.42598,-0.645849,-0.563756,-0.0280247
aprendizado|isenção,349,-1.42935,-0.647381,-0.565839,-0.0250648
aprendizado|isenção,350,-1.43271,-0.648912,-0.568105,-0.0220312
aprendizado|isenção,351,-1.43608,-0.650444,-0.570295,-0.0194769
aprendizado|isenção,352,-1.43939,-0.651946,-0.572693,-0.0171357
aprendizado|isenção,353,-1.44257,-0.653397,-0.574963,-0.0146663
aprendizado|isenção,354,-1.44569,-0.654813,-0.576976,-0.012779
aprendizado|isenção,355,-1.44866,-0.656163,-0.579386,-0.00979884
aprendizado|isenção,356,-1.45163,-0.657517,-0.581614,-0.0070554
aprendizado|isenção,357,-1.4546,-0.658867,-0.583768,-0.00453206
aprendizado|isenção,358,-1.45754,-0.660201,-0.585885,-0.00260092
aprendizado|isenção,359,-1.46035,-0.661479,-0.588052,0.000595371
aprendizado|isenção,360,-1.46325,-0.662798,-0.590327,0.00307634
aprendizado|isenção,361,-1.46611,-0.664101,-0.592519,0.00527212
aprendizado|isenção,362,-1.46891,-0.665373,-0.594726,0.00695143
aprendizado|isenção,363,-1.47155,-0.666576,-0.596888,0.00864407
aprendizado|isenção,364,-1.47406,-0.667716,-0.598519,0.0112881
aprendizado|isenção,365,-1.47665,-0.668894,-0.60046,0.0126357
aprendizado|isenção,366,-1.47907,-0.669997,-0.602422,0.0141478
aprendizado|isenção,367,-1.48137,-0.671039,-0.604361,0.0163221
aprendizado|isenção,368,-1.48364,-0.672076,-0.60633,0.0181566
aprendizado|isenção,369,-1.48586,-0.673082,-0.608518,0.0195728
aprendizado|isenção,370,-1.48792,-0.674022,-0.610623,0.0220219
aprendizado|isenção,371,-1.49003,-0.674978,-0.612352,0.0236343
aprendizado|isenção,372,-1.49207,-0.675908,-0.61428,0.0253029
aprendizado|isenção,373,-1.49405,-0.676808,-0.616096,0.0266061
aprendizado|isenção,374,-1.49592,-0.677659,-0.61785,0.0280925
aprendizado|isenção,375,-1.49773,-0.678484,-0.619319,0.029155
aprendizado|isenção,376,-1.49945,-0.679263,-0.621213,0.0305344
aprendizado|isenção,377,-1.50108,-0.680006,-0.623356,0.0311701
aprendizado|isenção,378,-1.50249,-0.68065,-0.625313,0.0326138
aprendizado|isenção,379,-1.50386,-0.681269,-0.627236,0.0339716
aprendizado|isenção,380,-1.50516,-0.681862,-0.62887,0.0357076
aprendizado|isenção,381,-1.5065,-0.682473,-0.630962,0.0356687
aprendizado|isenção,382,-1.50755,-0.682952,-0.632559,0.0371017
aprendizado|isenção,383,-1.50861,-0.683434,-0.634261,0.0376645
aprendizado|isenção,384,-1.50954,-0.683856,-0.635722,0.0387788
aprendizado|isenção,385,-1.51045,-0.68427,-0.637109,0.0395241
aprendizado|isenção,386,-1.51129,-0.684652,-0.638576,0.0398049
aprendizado|isenção,387,-1.51198,-0.684967,-0.639871,0.0411976
aprendizado|isenção,388,-1.51273,-0.685308,-0.640981,0.041537
aprendizado|isenção,389,-1.51339,-0.685608,-0.642404,0.0419038
aprendizado|isenção,390,-1.51394,-0.685858,-0.643485,0.0427457
aprendizado|isenção,391,-1.51449,-0.686108,-0.644716,0.0433674
aprendizado|isenção,392,-1.515,-0.686339,-0.64555,0.0436378
aprendizado|isenção,393,-1.51545,-0.686544,-0.646568,0.0443653
aprendizado|isenção,394,-1.5159,-0.686748,-0.647842,0.0442045
aprendizado|isenção,395,-1.51619,-0.686879,-0.648784,0.0446524
aprendizado|isenção,396,-1.51646,-0.687002,-0.649671,0.0451994
aprendizado|isenção,397,-1.51673,-0.687126,-0.650809,0.0451458
aprendizado|isenção,398,-1.51689,-0.687198,-0.6518,0.0453847
aprendizado|isenção,399,-1.51701,-0.687252,-0.652639,0.0450957
aprendizado|isenção,400,-1.51701,-0.687255,-0.653787,0.0454292
aprendizado|isenção,401,-1.51698,-0.687242,-0.654573,0.0452552
aprendizado|isenção,402,-1.51688,-0.687192,-0.655337,0.0446384
aprendizado|isenção,403,-1.51662,-0.687078,-0.655859,0.0449507
aprendizado|isenção,404,-1.51642,-0.686983,-0.656485,0.044386
aprendizado|isenção,405,-1.51609,-0.686835,-0.657264,0.0445719
aprendizado|isenção,406,-1.51577,-0.686691,-0.657805,0.0436935
aprendizado|isenção,407,-1.5153,-0.686477,-0.658287,0.0437661
aprendizado|isenção,408,-1.51485,-0.686273,-0.658554,0.0430886
aprendizado|isenção,409,-1.51433,-0.686033,-0.659118,0.043003
aprendizado|isenção,410,-1.51379,-0.68579,-0.659581,0.0427376
aprendizado|isenção,411,-1.51324,-0.685537,-0.660144,0.0419057
aprendizado|isenção,412,-1.51255,-0.685226,-0.66008,0.0413834
aprendizado|isenção,413,-1.51185,-0.684908,-0.660634,0.0415473
aprendizado|isenção,414,-1.51121,-0.684616,-0.660814,0.0403172
aprendizado|isenção,415,-1.51043,-0.684259,-0.661105,0.0399325
aprendizado|isenção,416,-1.50964,-0.683898,-0.661454,0.0391758
aprendizado|isenção,417,-1.50877,-0.683503,-0.661708,0.0390545
aprendizado|isenção,418,-1.50794,-0.683128,-0.661811,0.0379274
aprendizado|isenção,419,-1.50701,-0.682705,-0.661978,0.0368842
aprendizado|isenção,420,-1.50599,-0.68224,-0.6622,0.037134
aprendizado|isenção,421,-1.50509,-0.681832,-0.662209,0.0362049
aprendizado|isenção,422,-1.50414,-0.681398,-0.662558,0.0351287
aprendizado|isenção,423,-1.50308,-0.680917,-0.662648,0.0338575
aprendizado|isenção,424,-1.50191,-0.680385,-0.662765,0.0335068
aprendizado|isenção,425,-1.50079,-0.679874,-0.662808,0.0323942
aprendizado|isenção,426,-1.49959,-0.67933,-0.662668,0.0315983
aprendizado|isenção,427,-1.4984,-0.678786,-0.662715,0.0307722
aprendizado|isenção,428,-1.49718,-0.678233,-0.662634,0.0300112
aprendizado|isenção,429,-1.49598,-0.677686,-0.662691,0.0292986
aprendizado|isenção,430,-1.49478,-0.67714,-0.662487,0.0279194
aprendizado|isenção,431,-1.4935,-0.676557,-0.662414,0.0265097
aprendizado|isenção,432,-1.49212,-0.67593,-0.662032,0.0251082
aprendizado|isenção,433,-1.49068,-0.675276,-0.661819,0.024409
aprendizado|isenção,434,-1.48928,-0.674639,-0.661423,0.0235202
aprendizado|isenção,435,-1.48791,-0.674014,-0.661033,0.0220198
aprendizado|isenção,436,-1.48646,-0.673355,-0.660823,0.0211462
aprendizado|isenção,437,-1.48502,-0.672702,-0.660653,0.0206472
aprendizado|isenção,438,-1.48365,-0.67208,-0.660202,0.0194414
aprendizado|isenção,439,-1.48227,-0.67145,-0.65997,0.0172378
aprendizado|isenção,440,-1.48068,-0.670728,-0.659842,0.0174826
aprendizado|isenção,441,-1.4793,-0.670098,-0.659579,0.0155978
aprendizado|isenção,442,-1.47778,-0.669408,-0.659154,0.0144862
aprendizado|isenção,443,-1.47627,-0.66872,-0.658742,0.0130711
aprendizado|isenção,444,-1.47471,-0.668013,-0.65814,0.0120764
aprendizado|isenção,445,-1.4732,-0.667325,-0.657635,0.0106129
aprendizado|isenção,446,-1.47164,-0.666616,-0.657264,0.00859763
aprendizado|isenção,447,-1.46993,-0.665839,-0.65666,0.00766998
aprendizado|isenção,448,-1.46828,-0.665089,-0.656117,0.00626352
aprendizado|isenção,449,-1.46661,-0.664327,-0.655581,0.00485249
aprendizado|isenção,450,-1.46491,-0.663552,-0.654794,0.00314165
aprendizado|isenção,451,-1.46315,-0.662752,-0.653995,0.00159292
aprendizado|isenção,452,-1.46135,-0.661936,-0.653516,0.000733792
aprendizado|isenção,453,-1.45962,-0.661147,-0.653081,0.000142995
aprendizado|isenção,454,-1.45799,-0.660408,-0.652287,-0.00214997
aprendizado|isenção,455,-1.45621,-0.659597,-0.651449,-0.00342969
aprendizado|isenção,456,-1.45445,-0.658798,-0.650708,-0.00534128
aprendizado|isenção,457,-1.4526,-0.657958,-0.650202,-0.00679158
aprendizado|isenção,458,-1.45073,-0.657103,-0.649513,-0.00825375
aprendizado|isenção,459,-1.44883,-0.656242,-0.648637,-0.0086773
aprendizado|isenção,460,-1.44712,-0.655462,-0.648088,-0.0103976
aprendizado|isenção,461,-1.44532,-0.654647,-0.647356,-0.0118025
aprendizado|isenção,462,-1.44353,-0.653831,-0.646528,-0.0131132
aprendizado|isenção,463,-1.44175,-0.653023,-0.645883,-0.0146889
aprendizado|isenção,464,-1.43994,-0.652199,-0.645303,-0.0155712
aprendizado|isenção,465,-1.4382,-0.651405,-0.644668,-0.0169756
aprendizado|isenção,466,-1.43645,-0.65061,-0.643758,-0.0176934
aprendizado|isenção,467,-1.43482,-0.649872,-0.642388,-0.0197262
aprendizado|isenção,468,-1.43314,-0.649106,-0.641557,-0.021511
aprendizado|isenção,469,-1.43139,-0.648311,-0.640893,-0.0225744
aprendizado|isenção,470,-1.42968,-0.647535,-0.640158,-0.0241706
aprendizado|isenção,471,-1.42795,-0.646747,-0.639314,-0.0260034
aprendizado|isenção,472,-1.42614,-0.645926,-0.638319,-0.0271115
aprendizado|isenção,473,-1.4244,-0.64513,-0.636964,-0.0274135
aprendizado|isenção,474,-1.42287,-0.644436,-0.636104,-0.0288991
aprendizado|isenção,475,-1.42132,-0.643733,-0.63528,-0.0299506
aprendizado|isenção,476,-1.41983,-0.643053,-0.634442,-0.0321819
aprendizado|isenção,477,-1.41818,-0.642302,-0.633532,-0.0332633
aprendizado|isenção,478,-1.41658,-0.641575,-0.632765,-0.0342229
aprendizado|isenção,479,-1.41503,-0.640873,-0.631705,-0.0359774
aprendizado|isenção,480,-1.41344,-0.640148,-0.630769,-0.036524
aprendizado|isenção,481,-1.41198,-0.639485,-0.629851,-0.0376408
aprendizado|isenção,482,-1.41056,-0.638839,-0.628796,-0.0388332
aprendizado|isenção,483,-1.40917,-0.638207,-0.627593,-0.0403986
aprendizado|isenção,484,-1.40776,-0.637566,-0.626721,-0.0413431
aprendizado|isenção,485,-1.40641,-0.63695,-0.625715,-0.0429035
aprendizado|isenção,486,-1.40502,-0.63632,-0.624951,-0.0435757
aprendizado|isenção,487,-1.40371,-0.635726,-0.623977,-0.0453794
aprendizado|isenção,488,-1.40232,-0.635095,-0.623161,-0.0466406
aprendizado|isenção,489,-1.40093,-0.634459,-0.622286,-0.0481519
aprendizado|isenção,490,-1.39947,-0.633799,-0.621537,-0.0488609
aprendizado|isenção,491,-1.39809,-0.63317,-0.620604,-0.0496588
aprendizado|isenção,492,-1.39677,-0.632571,-0.619803,-0.0505133
aprendizado|isenção,493,-1.3955,-0.631994,-0.61882,-0.0511712
aprendizado|isenção,494,-1.39432,-0.631456,-0.618042,-0.0525269
aprendizado|isenção,495,-1.39308,-0.630894,-0.617278,-0.0536027
aprendizado|isenção,496,-1.39185,-0.630332,-0.616105,-0.0545698
aprendizado|isenção,497,-1.39067,-0.629795,-0.615185,-0.0556159
aprendizado|isenção,498,-1.38949,-0.62926,-0.614366,-0.0563367
aprendizado|isenção,499,-1.38837,-0.628751,-0.61356,-0.0573629
aprendizado|isenção,500,-1.38725,-0.628242,-0.612914,-0.0586971
aprendizado|isenção,501,-1.38606,-0.627701,-0.611857,-0.0595118
aprendizado|isenção,502,-1.38493,-0.627187,-0.610958,-0.0612838
aprendizado|isenção,503,-1.38368,-0.626617,-0.610363,-0.0614787
aprendizado|isenção,504,-1.38253,-0.626098,-0.609553,-0.0621325
aprendizado|isenção,505,-1.38145,-0.625605,-0.608695,-0.0631312
aprendizado|isenção,506,-1.38037,-0.625113,-0.607795,-0.0638947
aprendizado|isenção,507,-1.37933,-0.62464,-0.606863,-0.0642665
aprendizado|isenção,508,-1.3784,-0.624217,-0.606218,-0.0649547
aprendizado|isenção,509,-1.37749,-0.623806,-0.605064,-0.0666994
aprendizado|isenção,510,-1.37647,-0.623343,-0.604442,-0.0673012
aprendizado|isenção,511,-1.37549,-0.622894,-0.603671,-0.0671465
aprendizado|isenção,512,-1.37466,-0.62252,-0.602876,-0.0679719
aprendizado|isenção,513,-1.37384,-0.622147,-0.602348,-0.0686898
aprendizado|isenção,514,-1.37301,-0.621769,-0.601634,-0.0690389
aprendizado|isenção,515,-1.37225,-0.621424,-0.601003,-0.0699332
aprendizado|isenção,516,-1.37147,-0.621066,-0.60027,-0.0702103
aprendizado|isenção,517,-1.37076,-0.620747,-0.599587,-0.0715635
aprendizado|isenção,518,-1.36996,-0.62038,-0.598937,-0.0710366
aprendizado|isenção,519,-1.36936,-0.620107,-0.598229,-0.0722082
aprendizado|isenção,520,-1.36868,-0.6198,-0.597474,-0.0729275
aprendizado|isenção,521,-1.36801,-0.619493,-0.59681,-0.0737858
aprendizado|isenção,522,-1.36731,-0.619175,-0.596233,-0.0741191
aprendizado|isenção,523,-1.36665,-0.618878,-0.595671,-0.0744806
aprendizado|isenção,524,-1.36604,-0.618599,-0.595068,-0.0751368
aprendizado|isenção,525,-1.36541,-0.618314,-0.594478,-0.0756007
aprendizado|isenção,526,-1.3648,-0.618037,-0.593917,-0.0759697
aprendizado|isenção,527,-1.36423,-0.617776,-0.593314,-0.0767611
aprendizado|isenção,528,-1.36362,-0.617499,-0.592653,-0.0772846
aprendizado|isenção,529,-1.36302,-0.617228,-0.591723,-0.0774022
aprendizado|isenção,530,-1.36253,-0.617004,-0.591188,-0.0778523
aprendizado|isenção,531,-1.36204,-0.616781,-0.590844,-0.0780129
aprendizado|isenção,532,-1.36158,-0.616573,-0.590252,-0.0786694
aprendizado|isenção,533,-1.3611,-0.616353,-0.589549,-0.078954
aprendizado|isenção,534,-1.36065,-0.616152,-0.589015,-0.078466
aprendizado|isenção,535,-1.36036,-0.616018,-0.588703,-0.0791619
aprendizado|isenção,536,-1.36,-0.615854,-0.588268,-0.0786444
aprendizado|isenção,537,-1.35978,-0.615756,-0.587707,-0.0788672
aprendizado|isenção,538,-1.3596,-0.615674,-0.587214,-0.079689
aprendizado|isenção,539,-1.35935,-0.615557,-0.586694,-0.0800363
aprendizado|isenção,540,-1.35909,-0.615441,-0.58632,-0.0802464
aprendizado|isenção,541,-1.35885,-0.61533,-0.585879,-0.0805965
aprendizado|isenção,542,-1.35859,-0.615215,-0.585545,-0.0805918
aprendizado|isenção,543,-1.35838,-0.615117,-0.584862,-0.0807799
aprendizado|isenção,544,-1.3582,-0.615037,-0.584545,-0.0813592
aprendizado|isenção,545,-1.35796,-0.614928,-0.584028,-0.0806329
aprendizado|isenção,546,-1.35789,-0.614895,-0.583411,-0.0808723
aprendizado|isenção,547,-1.35784,-0.614871,-0.583289,-0.0810852
aprendizado|isenção,548,-1.35775,-0.61483,-0.583086,-0.0808018
aprendizado|isenção,549,-1.35772,-0.614818,-0.582853,-0.0805065
aprendizado|isenção,550,-1.35776,-0.614837,-0.582374,-0.0810274
aprendizado|isenção,551,-1.35774,-0.614829,-0.581868,-0.0807389
aprendizado|isenção,552,-1.35781,-0.614858,-0.58151,-0.0809908
aprendizado|isenção,553,-1.35785,-0.614878,-0.581381,-0.080306
aprendizado|isenção,554,-1.358,-0.614947,-0.581125,-0.0811526
aprendizado|isenção,555,-1.35802,-0.614955,-0.580876,-0.0814752
aprendizado|isenção,556,-1.35799,-0.614939,-0.580686,-0.080482
aprendizado|isenção,557,-1.35812,-0.615001,-0.580173,-0.0805001
aprendizado|isenção,558,-1.35828,-0.615071,-0.57992,-0.0801293
aprendizado|isenção,559,-1.35849,-0.615169,-0.579732,-0.0801806
aprendizado|isenção,560,-1.35869,-0.61526,-0.579751,-0.0798685
aprendizado|isenção,561,-1.35892,-0.615363,-0.579246,-0.0795618
aprendizado|isenção,562,-1.35921,-0.615494,-0.578956,-0.0790731
aprendizado|isenção,563,-1.35957,-0.615658,-0.578702,-0.0791485
aprendizado|isenção,564,-1.3599,-0.615807,-0.578285,-0.0784178
aprendizado|isenção,565,-1.36034,-0.616007,-0.578131,-0.0781695
aprendizado|isenção,566,-1.36079,-0.616213,-0.578029,-0.0775737
aprendizado|isenção,567,-1.36131,-0.616451,-0.577962,-0.0771148
aprendizado|isenção,568,-1.36187,-0.616706,-0.57764,-0.0763051
aprendizado|isenção,569,-1.36254,-0.617009,-0.577614,-0.0759588
aprendizado|isenção,570,-1.36321,-0.617316,-0.577461,-0.0753936
aprendizado|isenção,571,-1.36395,-0.617649,-0.577525,-0.0754197
aprendizado|isenção,572,-1.36462,-0.617954,-0.577585,-0.0751741
aprendizado|isenção,573,-1.36528,-0.618253,-0.577699,-0.0756548
aprendizado|isenção,574,-1.36579,-0.618484,-0.57791,-0.0753666
aprendizado|isenção,575,-1.36627,-0.618703,-0.57796,-0.0749631
aprendizado|isenção,576,-1.36675,-0.618923,-0.5784,-0.0744987
aprendizado|isenção,577,-1.36721,-0.619133,-0.578209,-0.0738316
aprendizado|isenção,578,-1.36775,-0.619376,-0.578023,-0.0741906
aprendizado|isenção,579,-1.36817,-0.61957,-0.577874,-0.0730943
aprendizado|isenção,580,-1.36874,-0.619826,-0.577951,-0.0727329
aprendizado|isenção,581,-1.36929,-0.620078,-0.578244,-0.0721964
aprendizado|isenção,582,-1.36984,-0.620328,-0.578412,-0.0712795
aprendizado|isenção,583,-1.37046,-0.620611,-0.578536,-0.0708919
aprendizado|isenção,584,-1.37108,-0.620891,-0.578681,-0.0705878
aprendizado|isenção,585,-1.37166,-0.621156,-0.578829,-0.0698516
aprendizado|isenção,586,-1.37229,-0.62144,-0.578837,-0.0691545
aprendizado|isenção,587,-1.37296,-0.621745,-0.57903,-0.0687188
aprendizado|isenção,588,-1.37362,-0.622047,-0.579278,-0.0679595
aprendizado|isenção,589,-1.37432,-0.622364,-0.579333,-0.0671071
aprendizado|isenção,590,-1.37509,-0.622714,-0.579598,-0.0669765
aprendizado|isenção,591,-1.37578,-0.623028,-0.579745,-0.0670136
aprendizado|isenção,592,-1.37639,-0.623304,-0.580238,-0.0657153
aprendizado|isenção,593,-1.3771,-0.62363,-0.580448,-0.0654563
aprendizado|isenção,594,-1.37777,-0.623934,-0.580821,-0.0648779
aprendizado|isenção,595,-1.37844,-0.624235,-0.580939,-0.0638282
aprendizado|isenção,596,-1.37919,-0.62458,-0.581145,-0.063784
aprendizado|isenção,597,-1.37987,-0.624886,-0.581623,-0.0636081
aprendizado|isenção,598,-1.38046,-0.625156,-0.581975,-0.0624395
aprendizado|isenção,599,-1.38116,-0.625472,-0.582347,-0.0612102
heurísticas|uniforme,0,0,0,0.217788,-1.15162
heurísticas|uniforme,1,-0.0148409,-0.00669558,0.206388,-1.14005
heurísticas|uniforme,2,-0.0293314,-0.0132336,0.199591,-1.12874
heurísticas|uniforme,3,-0.0437812,-0.0197538,0.203969,-1.11745
heurísticas|uniforme,4,-0.0589575,-0.0266023,0.197289,-1.1056
heurísticas|uniforme,5,-0.0741255,-0.0334477,0.202948,-1.09375
heurísticas|uniforme,6,-0.0901253,-0.0406691,0.212722,-1.08126
heurísticas|uniforme,7,-0.107253,-0.0484002,0.213089,-1.06788
heurísticas|uniforme,8,-0.124905,-0.0563686,0.209506,-1.05408
heurísticas|uniforme,9,-0.142826,-0.0644598,0.198353,-1.04013
heurísticas|uniforme,10,-0.160497,-0.0724385,0.186667,-1.02634
heurísticas|uniforme,11,-0.17788,-0.0802877,0.193095,-1.01257
heurísticas|uniforme,12,-0.196259,-0.0885875,0.190708,-0.998205
heurísticas|uniforme,13,-0.215008,-0.0970559,0.176613,-0.983564
heurísticas|uniforme,14,-0.233341,-0.105337,0.164233,-0.969321
heurísticas|uniforme,15,-0.251337,-0.113466,0.155332,-0.955257
heurísticas|uniforme,16,-0.269246,-0.121557,0.135503,-0.941271
heurísticas|uniforme,17,-0.286316,-0.12927,0.131087,-0.927853
heurísticas|uniforme,18,-0.303594,-0.137077,0.119871,-0.914223
heurísticas|uniforme,19,-0.320634,-0.144778,0.1144,-0.900889
heurísticas|uniforme,20,-0.337793,-0.152533,0.108077,-0.887427
heurísticas|uniforme,21,-0.35503,-0.160324,0.0970966,-0.873895
heurísticas|uniforme,22,-0.372028,-0.168008,0.0897068,-0.860529
heurísticas|uniforme,23,-0.389029,-0.175694,0.0779434,-0.847225
heurísticas|uniforme,24,-0.405721,-0.183241,0.0629696,-0.834305
heurísticas|uniforme,25,-0.42184,-0.190529,0.0526826,-0.821868
heurísticas|uniforme,26,-0.437676,-0.19769,0.034546,-0.809347
heurísticas|uniforme,27,-0.452748,-0.204507,0.0266449,-0.797465
heurísticas|uniforme,28,-0.467737,-0.211285,0.0238196,-0.785551
heurísticas|uniforme,29,-0.482999,-0.218189,0.00859332,-0.77365
heurísticas|uniforme,30,-0.497647,-0.224815,0.0116879,-0.7618
heurísticas|uniforme,31,-0.513009,-0.231765,0.00601166,-0.749781
heurísticas|uniforme,32,-0.528425,-0.23874,0.00242104,-0.737541
heurísticas|uniforme,33,-0.544076,-0.245821,-0.00880326,-0.725511
heurísticas|uniforme,34,-0.55936,-0.252737,-0.0260864,-0.713769
heurísticas|uniforme,35,-0.573851,-0.259295,-0.0271384,-0.7022
heurísticas|uniforme,36,-0.588729,-0.266029,-0.0356057,-0.690423
heurísticas|uniforme,37,-0.60348,-0.272706,-0.0467894,-0.678871
heurísticas|uniforme,38,-0.617887,-0.279227,-0.0473228,-0.667018
heurísticas|uniforme,39,-0.632789,-0.285973,-0.0538853,-0.655194
heurísticas|uniforme,40,-0.6477,-0.292723,-0.0619262,-0.643507
heurísticas|uniforme,41,-0.662501,-0.299425,-0.0663698,-0.631796
heurísticas|uniforme,42,-0.677459,-0.306198,-0.0834671,-0.620387
heurísticas|uniforme,43,-0.691629,-0.312615,-0.0911442,-0.609403
heurísticas|uniforme,44,-0.705658,-0.318968,-0.0987496,-0.598609
heurísticas|uniforme,45,-0.719519,-0.325246,-0.113515,-0.587733
heurísticas|uniforme,46,-0.732769,-0.331247,-0.124464,-0.577277
heurísticas|uniforme,47,-0.745654,-0.337084,-0.138873,-0.567299
heurísticas|uniforme,48,-0.757888,-0.342626,-0.143153,-0.557342
heurísticas|uniforme,49,-0.770249,-0.348227,-0.149065,-0.547703
heurísticas|uniforme,50,-0.78254,-0.353795,-0.160037,-0.537865
heurísticas|uniforme,51,-0.794466,-0.359199,-0.165438,-0.528615
heurísticas|uniforme,52,-0.806329,-0.364574,-0.169344,-0.518987
heurísticas|uniforme,53,-0.818324,-0.37001,-0.174689,-0.509588
heurísticas|uniforme,54,-0.830287,-0.375432,-0.184291,-0.499971
heurísticas|uniforme,55,-0.841979,-0.380731,-0.184983,-0.490625
heurísticas|uniforme,56,-0.85399,-0.386175,-0.194997,-0.481405
heurísticas|uniforme,57,-0.865614,-0.391443,-0.202729,-0.472473
heurísticas|uniforme,58,-0.876998,-0.396604,-0.21033,-0.46319
heurísticas|uniforme,59,-0.888251,-0.401706,-0.211976,-0.454445
heurísticas|uniforme,60,-0.899685,-0.406889,-0.221851,-0.445262
heurísticas|uniforme,61,-0.910796,-0.411927,-0.225332,-0.436197
heurísticas|uniforme,62,-0.922051,-0.41703,-0.228404,-0.427274
heurísticas|uniforme,63,-0.933428,-0.422189,-0.241209,-0.41849
heurísticas|uniforme,64,-0.94422,-0.427083,-0.243189,-0.409482
heurísticas|uniforme,65,-0.955286,-0.432102,-0.251948,-0.401287
heurísticas|uniforme,66,-0.965965,-0.436945,-0.254104,-0.392746
heurísticas|uniforme,67,-0.976827,-0.441872,-0.26636,-0.384384
heurísticas|uniforme,68,-0.98712,-0.44654,-0.270086,-0.375838
heurísticas|uniforme,69,-0.997537,-0.451266,-0.278374,-0.368031
heurísticas|uniforme,70,-1.0076,-0.455831,-0.287309,-0.360028
heurísticas|uniforme,71,-1.01734,-0.460249,-0.288612,-0.352038
heurísticas|uniforme,72,-1.02732,-0.464777,-0.295875,-0.34364
heurísticas|uniforme,73,-1.03719,-0.469255,-0.30013,-0.336012
heurísticas|uniforme,74,-1.04701,-0.473711,-0.306424,-0.328172
heurísticas|uniforme,75,-1.0567,-0.478108,-0.313902,-0.320562
heurísticas|uniforme,76,-1.06614,-0.482391,-0.316486,-0.312324
heurísticas|uniforme,77,-1.07583,-0.486789,-0.320643,-0.304411
heurísticas|uniforme,78,-1.08557,-0.491212,-0.324253,-0.296504
heurísticas|uniforme,79,-1.09541,-0.495677,-0.33024,-0.289587
heurísticas|uniforme,80,-1.10497,-0.500015,-0.336823,-0.281989
heurísticas|uniforme,81,-1.11437,-0.504281,-0.340946,-0.275015
heurísticas|uniforme,82,-1.12367,-0.508503,-0.35337,-0.268026
heurísticas|uniforme,83,-1.13231,-0.512425,-0.357975,-0.260861
heurísticas|uniforme,84,-1.14094,-0.516343,-0.367321,-0.25416
heurísticas|uniforme,85,-1.14915,-0.52007,-0.365604,-0.247165
heurísticas|uniforme,86,-1.1578,-0.523999,-0.379003,-0.240823
heurísticas|uniforme,87,-1.16569,-0.527578,-0.383039,-0.234547
heurísticas|uniforme,88,-1.17351,-0.531131,-0.385248,-0.228099
heurísticas|uniforme,89,-1.18146,-0.53474,-0.390813,-0.221436
heurísticas|uniforme,90,-1.18931,-0.538307,-0.395358,-0.214707
heurísticas|uniforme,91,-1.19718,-0.54188,-0.401521,-0.209048
heurísticas|uniforme,92,-1.20473,-0.54531,-0.402743,-0.2028
heurísticas|uniforme,93,-1.21247,-0.548824,-0.409814,-0.196401
heurísticas|uniforme,94,-1.22,-0.552244,-0.415888,-0.189796
heurísticas|uniforme,95,-1.22747,-0.555635,-0.417158,-0.183939
heurísticas|uniforme,96,-1.23506,-0.559085,-0.422305,-0.178595
heurísticas|uniforme,97,-1.2424,-0.562417,-0.429028,-0.172648
heurísticas|uniforme,98,-1.24951,-0.565646,-0.430485,-0.167011
heurísticas|uniforme,99,-1.25672,-0.568923,-0.435928,-0.161166
heurísticas|uniforme,100,-1.2638,-0.572139,-0.440155,-0.155499
heurísticas|uniforme,101,-1.27081,-0.575326,-0.445754,-0.150054
heurísticas|uniforme,102,-1.27764,-0.578427,-0.449298,-0.144621
heurísticas|uniforme,103,-1.28443,-0.58151,-0.45541,-0.13928
heurísticas|uniforme,104,-1.29099,-0.584493,-0.461383,-0.134335
heurísticas|uniforme,105,-1.29728,-0.587352,-0.463912,-0.129161
heurísticas|uniforme,106,-1.30362,-0.590232,-0.469252,-0.123626
heurísticas|uniforme,107,-1.30989,-0.593078,-0.471889,-0.119332
heurísticas|uniforme,108,-1.31602,-0.595867,-0.476857,-0.114281
heurísticas|uniforme,109,-1.32202,-0.598594,-0.482776,-0.109226
heurísticas|uniforme,110,-1.32786,-0.601248,-0.487451,-0.10498
heurísticas|uniforme,111,-1.33347,-0.603798,-0.491422,-0.100924
heurísticas|uniforme,112,-1.3389,-0.606263,-0.495223,-0.0967661
heurísticas|uniforme,113,-1.34418,-0.608665,-0.499869,-0.09196
heurísticas|uniforme,114,-1.34941,-0.611039,-0.499388,-0.0867997
heurísticas|uniforme,115,-1.35502,-0.61359,-0.505242,-0.0830207
heurísticas|uniforme,116,-1.36027,-0.615979,-0.509956,-0.0794934
heurísticas|uniforme,117,-1.36523,-0.61823,-0.514439,-0.0755747
heurísticas|uniforme,118,-1.37001,-0.620403,-0.517963,-0.0708406
heurísticas|uniforme,119,-1.37487,-0.622612,-0.520076,-0.067422
heurísticas|uniforme,120,-1.37963,-0.624779,-0.52366,-0.063209
heurísticas|uniforme,121,-1.38438,-0.626935,-0.525802,-0.059517
heurísticas|uniforme,122,-1.38909,-0.629078,-0.530938,-0.0555702
heurísticas|uniforme,123,-1.39363,-0.631144,-0.532119,-0.0526012
heurísticas|uniforme,124,-1.39811,-0.633177,-0.536344,-0.0486326
heurísticas|uniforme,125,-1.4025,-0.635173,-0.54082,-0.0453173
heurísticas|uniforme,126,-1.40667,-0.63707,-0.542901,-0.0416711
heurísticas|uniforme,127,-1.4109,-0.638992,-0.546299,-0.0385799
heurísticas|uniforme,128,-1.41496,-0.640842,-0.548797,-0.0353703
heurísticas|uniforme,129,-1.41898,-0.642666,-0.552897,-0.0321682
heurísticas|uniforme,130,-1.42283,-0.644417,-0.554792,-0.0291103
heurísticas|uniforme,131,-1.42666,-0.646161,-0.559216,-0.0254133
heurísticas|uniforme,132,-1.43043,-0.647875,-0.560859,-0.0229034
heurísticas|uniforme,133,-1.4341,-0.649545,-0.56346,-0.0202007
heurísticas|uniforme,134,-1.43767,-0.651165,-0.566003,-0.01686
heurísticas|uniforme,135,-1.44126,-0.6528,-0.569028,-0.0146741
heurísticas|uniforme,136,-1.44462,-0.654329,-0.570913,-0.0112408
heurísticas|uniforme,137,-1.4481,-0.655911,-0.57409,-0.00865071
heurísticas|uniforme,138,-1.45144,-0.657427,-0.578156,-0.00590836
heurísticas|uniforme,139,-1.45461,-0.65887,-0.578713,-0.00331106
heurísticas|uniforme,140,-1.45786,-0.660347,-0.582013,-0.000804536
heurísticas|uniforme,141,-1.46097,-0.661761,-0.583874,0.00115944
heurísticas|uniforme,142,-1.46395,-0.663116,-0.586393,0.00431447
heurísticas|uniforme,143,-1.467,-0.664503,-0.589378,0.00716369
heurísticas|uniforme,144,-1.47003,-0.665885,-0.592563,0.00835051
heurísticas|uniforme,145,-1.47271,-0.667103,-0.594082,0.0102451
heurísticas|uniforme,146,-1.47532,-0.668288,-0.596628,0.0117451
heurísticas|uniforme,147,-1.47771,-0.669376,-0.598566,0.0151378
heurísticas|uniforme,148,-1.48032,-0.670563,-0.600867,0.0156847
heurísticas|uniforme,149,-1.48255,-0.671577,-0.603404,0.0177575
heurísticas|uniforme,150,-1.48471,-0.672562,-0.604998,0.0200878
heurísticas|uniforme,151,-1.48695,-0.673578,-0.606852,0.0214387
heurísticas|uniforme,152,-1.48903,-0.674526,-0.609641,0.0238345
heurísticas|uniforme,153,-1.49112,-0.675477,-0.611044,0.0250776
heurísticas|uniforme,154,-1.49311,-0.676379,-0.612922,0.0267149
heurísticas|uniforme,155,-1.49502,-0.677249,-0.614474,0.0285421
heurísticas|uniforme,156,-1.49693,-0.678121,-0.615771,0.0297326
heurísticas|uniforme,157,-1.49875,-0.678947,-0.616922,0.0309803
heurísticas|uniforme,158,-1.50049,-0.679739,-0.619323,0.03285
heurísticas|uniforme,159,-1.50222,-0.680524,-0.621719,0.034186
heurísticas|uniforme,160,-1.50382,-0.681253,-0.622488,0.035063
heurísticas|uniforme,161,-1.50534,-0.681943,-0.623612,0.0364383
heurísticas|uniforme,162,-1.50685,-0.682629,-0.625092,0.0379538
heurísticas|uniforme,163,-1.50834,-0.683308,-0.626701,0.0396213
heurísticas|uniforme,164,-1.50986,-0.683999,-0.628921,0.0408939
heurísticas|uniforme,165,-1.51129,-0.684651,-0.630118,0.0414115
heurísticas|uniforme,166,-1.51256,-0.685228,-0.630897,0.0428407
heurísticas|uniforme,167,-1.51389,-0.685834,-0.6321,0.044571
heurísticas|uniforme,168,-1.51532,-0.686483,-0.633183,0.0457446
heurísticas|uniforme,169,-1.51673,-0.687127,-0.635247,0.0473558
heurísticas|uniforme,170,-1.51816,-0.687776,-0.635446,0.047683
heurísticas|uniforme,171,-1.51947,-0.688371,-0.638547,0.0486287
heurísticas|uniforme,172,-1.52059,-0.688883,-0.638957,0.0495315
heurísticas|uniforme,173,-1.52173,-0.689402,-0.639649,0.0495796
heurísticas|uniforme,174,-1.5227,-0.689844,-0.640418,0.0510593
heurísticas|uniforme,175,-1.52379,-0.690337,-0.64155,0.0521468
heurísticas|uniforme,176,-1.52488,-0.690836,-0.643364,0.0528033
heurísticas|uniforme,177,-1.52586,-0.69128,-0.644614,0.0538461
heurísticas|uniforme,178,-1.52684,-0.691725,-0.64526,0.0550509
heurísticas|uniforme,179,-1.52791,-0.69221,-0.646568,0.0559373
heurísticas|uniforme,180,-1.52894,-0.692679,-0.648099,0.0559001
heurísticas|uniforme,181,-1.52975,-0.693052,-0.649402,0.0561043
heurísticas|uniforme,182,-1.53043,-0.693357,-0.649543,0.0565111
heurísticas|uniforme,183,-1.5311,-0.693664,-0.65056,0.0570239
heurísticas|uniforme,184,-1.53172,-0.693946,-0.65044,0.0573737
heurísticas|uniforme,185,-1.53235,-0.694233,-0.651588,0.0574766
heurísticas|uniforme,186,-1.53284,-0.694457,-0.653141,0.0573919
heurísticas|uniforme,187,-1.53315,-0.694597,-0.654071,0.0575771
heurísticas|uniforme,188,-1.53339,-0.694705,-0.655419,0.0576243
heurísticas|uniforme,189,-1.5335,-0.694753,-0.655529,0.058255
heurísticas|uniforme,190,-1.53369,-0.694843,-0.656738,0.0579437
heurísticas|uniforme,191,-1.53371,-0.694852,-0.656876,0.0582742
heurísticas|uniforme,192,-1.53378,-0.694883,-0.657415,0.0584201
heurísticas|uniforme,193,-1.53382,-0.694902,-0.656843,0.0591906
heurísticas|uniforme,194,-1.53404,-0.695001,-0.657861,0.0591509
heurísticas|uniforme,195,-1.53415,-0.695052,-0.658444,0.0590798
heurísticas|uniforme,196,-1.53418,-0.695066,-0.659041,0.0597244
heurísticas|uniforme,197,-1.53429,-0.695114,-0.659074,0.0596223
heurísticas|uniforme,198,-1.53436,-0.695145,-0.660295,0.0593182
heurísticas|uniforme,199,-1.53428,-0.695109,-0.659467,0.0595477
heurísticas|uniforme,200,-1.53431,-0.695122,-0.660444,0.0595022
heurísticas|uniforme,201,-1.53425,-0.695098,-0.660597,0.0603252
heurísticas|uniforme,202,-1.53436,-0.695145,-0.661051,0.060558
heurísticas|uniforme,203,-1.53447,-0.695197,-0.66179,0.0604354
heurísticas|uniforme,204,-1.53451,-0.695214,-0.66213,0.0607508
heurísticas|uniforme,205,-1.53459,-0.695253,-0.66191,0.059751
heurísticas|uniforme,206,-1.5345,-0.695211,-0.663322,0.0600586
heurísticas|uniforme,207,-1.53439,-0.69516,-0.663297,0.0600821
heurísticas|uniforme,208,-1.53431,-0.695122,-0.663482,0.0599163
heurísticas|uniforme,209,-1.5342,-0.695075,-0.663655,0.059279
heurísticas|uniforme,210,-1.53398,-0.694976,-0.664236,0.059424
heurísticas|uniforme,211,-1.53378,-0.694884,-0.663759,0.0588107
heurísticas|uniforme,212,-1.53352,-0.694764,-0.663898,0.0581284
heurísticas|uniforme,213,-1.53315,-0.694594,-0.664167,0.0586205
heurísticas|uniforme,214,-1.53289,-0.694476,-0.665173,0.0588687
heurísticas|uniforme,215,-1.53264,-0.694365,-0.664764,0.0583076
heurísticas|uniforme,216,-1.53236,-0.694239,-0.665827,0.058336
heurísticas|uniforme,217,-1.53206,-0.6941,-0.664421,0.0573347
heurísticas|uniforme,218,-1.53171,-0.69394,-0.665295,0.0580354
heurísticas|uniforme,219,-1.53147,-0.693834,-0.665328,0.0563495
heurísticas|uniforme,220,-1.53095,-0.693597,-0.665597,0.0567645
heurísticas|uniforme,221,-1.53055,-0.693413,-0.6654,0.0566014
heurísticas|uniforme,222,-1.53018,-0.693245,-0.665657,0.0561853
heurísticas|uniforme,223,-1.52977,-0.693057,-0.665475,0.0557983
heurísticas|uniforme,224,-1.52935,-0.692869,-0.665002,0.0552433
heurísticas|uniforme,225,-1.52893,-0.692674,-0.665346,0.0544438
heurísticas|uniforme,226,-1.52837,-0.692424,-0.665189,0.0544385
heurísticas|uniforme,227,-1.5279,-0.692207,-0.665866,0.0534612
heurísticas|uniforme,228,-1.52725,-0.691911,-0.665423,0.0530667
heurísticas|uniforme,229,-1.52662,-0.691625,-0.665771,0.0535889
heurísticas|uniforme,230,-1.52615,-0.691411,-0.665349,0.0529917
heurísticas|uniforme,231,-1.52565,-0.691186,-0.665275,0.0518504
heurísticas|uniforme,232,-1.52501,-0.690894,-0.664767,0.05167
heurísticas|uniforme,233,-1.52445,-0.690636,-0.664296,0.0509773
heurísticas|uniforme,234,-1.52385,-0.690367,-0.664873,0.0503433
heurísticas|uniforme,235,-1.52316,-0.690051,-0.665069,0.0495257
heurísticas|uniforme,236,-1.52237,-0.689692,-0.664886,0.0501287
heurísticas|uniforme,237,-1.5218,-0.689431,-0.664188,0.0496162
heurísticas|uniforme,238,-1.52126,-0.689185,-0.663865,0.0487679
heurísticas|uniforme,239,-1.52064,-0.688907,-0.663867,0.047863
heurísticas|uniforme,240,-1.51994,-0.688586,-0.66326,0.0473906
heurísticas|uniforme,241,-1.51927,-0.688282,-0.663063,0.0468483
heurísticas|uniforme,242,-1.51859,-0.687973,-0.663196,0.0466395
heurísticas|uniforme,243,-1.51795,-0.687681,-0.663076,0.0456731
heurísticas|uniforme,244,-1.51722,-0.68735,-0.662871,0.0446563
heurísticas|uniforme,245,-1.5164,-0.686974,-0.662287,0.0445475
heurísticas|uniforme,246,-1.51567,-0.686644,-0.662541,0.0443978
heurísticas|uniforme,247,-1.515,-0.686337,-0.662207,0.0431663
heurísticas|uniforme,248,-1.51418,-0.685965,-0.661788,0.0430853
heurísticas|uniforme,249,-1.51346,-0.685639,-0.661925,0.0430531
heurísticas|uniforme,250,-1.51282,-0.685346,-0.661646,0.0422266
heurísticas|uniforme,251,-1.51211,-0.685025,-0.660978,0.0412632
heurísticas|uniforme,252,-1.51135,-0.684679,-0.660746,0.0411607
heurísticas|uniforme,253,-1.51068,-0.684374,-0.660576,0.0406372
heurísticas|uniforme,254,-1.51002,-0.684074,-0.660356,0.0390006
heurísticas|uniforme,255,-1.50915,-0.683676,-0.660033,0.0394906
heurísticas|uniforme,256,-1.50849,-0.683377,-0.659746,0.0382717
heurísticas|uniforme,257,-1.50769,-0.683016,-0.659347,0.0376002
heurísticas|uniforme,258,-1.50689,-0.682651,-0.660129,0.0360513
heurísticas|uniforme,259,-1.50583,-0.682166,-0.659621,0.035444
heurísticas|uniforme,260,-1.50479,-0.681695,-0.658832,0.034838
heurísticas|uniforme,261,-1.50381,-0.681247,-0.658389,0.0342741
heurísticas|uniforme,262,-1.50285,-0.680811,-0.657769,0.0335114
heurísticas|uniforme,263,-1.50189,-0.680376,-0.657132,0.0329891
heurísticas|uniforme,264,-1.50099,-0.679964,-0.656817,0.0327369
heurísticas|uniforme,265,-1.50016,-0.679586,-0.656491,0.0318645
heurísticas|uniforme,266,-1.49927,-0.679185,-0.656133,0.0309807
heurísticas|uniforme,267,-1.49835,-0.678765,-0.655806,0.0303634
heurísticas|uniforme,268,-1.49743,-0.678346,-0.655331,0.0299114
heurísticas|uniforme,269,-1.49656,-0.677949,-0.655094,0.0291196
heurísticas|uniforme,270,-1.49565,-0.677534,-0.654086,0.0285542
heurísticas|uniforme,271,-1.49481,-0.677153,-0.653685,0.0274256
heurísticas|uniforme,272,-1.49388,-0.67673,-0.653643,0.0274915
heurísticas|uniforme,273,-1.49307,-0.676362,-0.652985,0.0265774
heurísticas|uniforme,274,-1.49222,-0.675974,-0.652697,0.0264903
heurísticas|uniforme,275,-1.49147,-0.675634,-0.65213,0.0257881
heurísticas|uniforme,276,-1.49072,-0.675294,-0.651858,0.0253599
heurísticas|uniforme,277,-1.49,-0.674966,-0.65144,0.0240802
heurísticas|uniforme,278,-1.48913,-0.674573,-0.651043,0.0241342
heurísticas|uniforme,279,-1.48841,-0.674245,-0.650674,0.0236919
heurísticas|uniforme,280,-1.48773,-0.673936,-0.650453,0.0232339
heurísticas|uniforme,281,-1.48707,-0.673635,-0.650217,0.022338
heurísticas|uniforme,282,-1.48634,-0.673303,-0.649339,0.0223341
heurísticas|uniforme,283,-1.48577,-0.673041,-0.649349,0.0216453
heurísticas|uniforme,284,-1.48514,-0.672753,-0.648924,0.0214393
heurísticas|uniforme,285,-1.48458,-0.6725,-0.648839,0.0209252
heurísticas|uniforme,286,-1.48401,-0.672241,-0.64885,0.0197218
heurísticas|uniforme,287,-1.48329,-0.671916,-0.648428,0.0189961
heurísticas|uniforme,288,-1.48256,-0.671584,-0.647401,0.0182432
heurísticas|uniforme,289,-1.48186,-0.671263,-0.647399,0.0185185
heurísticas|uniforme,290,-1.4813,-0.671008,-0.647154,0.0181054
heurísticas|uniforme,291,-1.48075,-0.670757,-0.647024,0.0172079
heurísticas|uniforme,292,-1.48011,-0.670467,-0.64647,0.0163121
heurísticas|uniforme,293,-1.47941,-0.670151,-0.646046,0.0157455
heurísticas|uniforme,294,-1.47873,-0.669841,-0.645908,0.0156905
heurísticas|uniforme,295,-1.47813,-0.669568,-0.645507,0.0144141
heurísticas|uniforme,296,-1.4774,-0.669234,-0.645287,0.0141464
heurísticas|uniforme,297,-1.47671,-0.668921,-0.644929,0.0136516
heurísticas|uniforme,298,-1.47604,-0.668617,-0.644582,0.0126535
heurísticas|uniforme,299,-1.47528,-0.66827,-0.644061,0.0130943
heurísticas|uniforme,300,-1.47472,-0.668017,-0.643868,0.0122259
heurísticas|uniforme,301,-1.47409,-0.66773,-0.643448,0.0120052
heurísticas|uniforme,302,-1.47353,-0.667473,-0.642997,0.0117728
heurísticas|uniforme,303,-1.47303,-0.667248,-0.643022,0.0108095
heurísticas|uniforme,304,-1.47241,-0.666967,-0.642389,0.0104
heurísticas|uniforme,305,-1.47184,-0.666705,-0.642223,0.00973476
heurísticas|uniforme,306,-1.47122,-0.666424,-0.642023,0.00954577
heurísticas|uniforme,307,-1.47065,-0.666167,-0.641475,0.00953088
heurísticas|uniforme,308,-1.4702,-0.665961,-0.641308,0.0086756
heurísticas|uniforme,309,-1.46965,-0.665712,-0.640669,0.00919922
heurísticas|uniforme,310,-1.46933,-0.665567,-0.64057,0.00867297
heurísticas|uniforme,311,-1.46898,-0.665405,-0.640197,0.00827972
heurísticas|uniforme,312,-1.46864,-0.665249,-0.639967,0.00816953
heurísticas|uniforme,313,-1.46835,-0.66512,-0.63962,0.0078601
heurísticas|uniforme,314,-1.46809,-0.665,-0.639569,0.00707969
heurísticas|uniforme,315,-1.46773,-0.664838,-0.638998,0.00634337
heurísticas|uniforme,316,-1.46733,-0.664657,-0.638938,0.00561543
heurísticas|uniforme,317,-1.46686,-0.664441,-0.638716,0.00488144
heurísticas|uniforme,318,-1.46632,-0.664197,-0.638445,0.00446376
heurísticas|uniforme,319,-1.46579,-0.663955,-0.638092,0.00364441
heurísticas|uniforme,320,-1.46518,-0.663679,-0.637947,0.00342072
heurísticas|uniforme,321,-1.46461,-0.663419,-0.637488,0.00268009
heurísticas|uniforme,322,-1.46399,-0.663137,-0.636962,0.00267046
heurísticas|uniforme,323,-1.46348,-0.662902,-0.636532,0.00235616
heurísticas|uniforme,324,-1.46299,-0.662681,-0.636154,0.0018937
heurísticas|uniforme,325,-1.4625,-0.662458,-0.635876,0.00166892
heurísticas|uniforme,326,-1.46204,-0.66225,-0.635637,0.00197413
heurísticas|uniforme,327,-1.46172,-0.662103,-0.635346,0.00181956
heurísticas|uniforme,328,-1.46144,-0.661974,-0.635396,0.00147348
heurísticas|uniforme,329,-1.46113,-0.661834,-0.634938,0.000821275
heurísticas|uniforme,330,-1.46077,-0.661672,-0.634642,0.000166972
heurísticas|uniforme,331,-1.46036,-0.661486,-0.634471,-0.000161454
heurísticas|uniforme,332,-1.45995,-0.661297,-0.634209,-0.000329253
heurísticas|uniforme,333,-1.45957,-0.661127,-0.633766,-0.000193685
heurísticas|uniforme,334,-1.4593,-0.661004,-0.633643,-0.000524799
heurísticas|uniforme,335,-1.45902,-0.660874,-0.633553,-0.00124691
heurísticas|uniforme,336,-1.45864,-0.660702,-0.633205,-0.00158352
heurísticas|uniforme,337,-1.45827,-0.660533,-0.632851,-0.0014258
heurísticas|uniforme,338,-1.458,-0.660412,-0.632642,-0.00195715
heurísticas|uniforme,339,-1.45769,-0.660273,-0.632529,-0.00229037
heurísticas|uniforme,340,-1.45737,-0.660126,-0.632184,-0.00230428
heurísticas|uniforme,341,-1.45711,-0.660006,-0.631923,-0.00243645
heurísticas|uniforme,342,-1.45687,-0.6599,-0.631767,-0.00242572
heurísticas|uniforme,343,-1.45668,-0.659814,-0.631455,-0.00249065
heurísticas|uniforme,344,-1.45654,-0.659749,-0.631661,-0.00354444
heurísticas|uniforme,345,-1.45621,-0.659596,-0.63141,-0.00355049
heurísticas|uniforme,346,-1.45593,-0.659472,-0.631422,-0.00435206
heurísticas|uniforme,347,-1.45553,-0.65929,-0.631099,-0.00449673
heurísticas|uniforme,348,-1.45517,-0.659123,-0.630881,-0.00401131
heurísticas|uniforme,349,-1.45496,-0.659029,-0.630503,-0.00403412
heurísticas|uniforme,350,-1.45481,-0.658961,-0.630241,-0.00426741
heurísticas|uniforme,351,-1.45467,-0.658896,-0.630188,-0.00466212
heurísticas|uniforme,352,-1.45448,-0.658811,-0.629957,-0.00474176
heurísticas|uniforme,353,-1.45433,-0.658741,-0.629925,-0.00542365
heurísticas|uniforme,354,-1.45407,-0.658623,-0.629934,-0.00580373
heurísticas|uniforme,355,-1.45376,-0.658483,-0.629936,-0.00631472
heurísticas|uniforme,356,-1.45338,-0.658311,-0.62961,-0.00669105
heurísticas|uniforme,357,-1.45299,-0.658134,-0.629309,-0.00656666
heurísticas|uniforme,358,-1.45269,-0.657998,-0.629246,-0.00738933
heurísticas|uniforme,359,-1.45227,-0.657804,-0.629036,-0.00757223
heurísticas|uniforme,360,-1.45186,-0.657617,-0.628814,-0.00803399
heurísticas|uniforme,361,-1.45141,-0.657417,-0.62852,-0.00803589
heurísticas|uniforme,362,-1.45103,-0.657244,-0.628263,-0.0079145
heurísticas|uniforme,363,-1.45074,-0.657108,-0.628059,-0.00838637
heurísticas|uniforme,364,-1.45039,-0.656952,-0.62766,-0.00837519
heurísticas|uniforme,365,-1.45011,-0.656826,-0.627391,-0.00877887
heurísticas|uniforme,366,-1.44981,-0.656687,-0.627333,-0.0092952
heurísticas|uniforme,367,-1.44944,-0.656517,-0.627047,-0.00912268
heurísticas|uniforme,368,-1.44915,-0.656388,-0.626983,-0.00974762
heurísticas|uniforme,369,-1.44878,-0.656219,-0.626787,-0.0102652
heurísticas|uniforme,370,-1.44836,-0.656027,-0.626559,-0.00975079
heurísticas|uniforme,371,-1.44808,-0.655901,-0.626236,-0.00942041
heurísticas|uniforme,372,-1.44792,-0.655829,-0.626313,-0.0100127
heurísticas|uniforme,373,-1.44766,-0.655711,-0.626141,-0.0104282
heurísticas|uniforme,374,-1.44737,-0.655576,-0.625734,-0.0103877
heurísticas|uniforme,375,-1.44714,-0.655474,-0.625677,-0.010858
heurísticas|uniforme,376,-1.44686,-0.655345,-0.625636,-0.0114087
heurísticas|uniforme,377,-1.4465,-0.655181,-0.625452,-0.0120101
heurísticas|uniforme,378,-1.44606,-0.654983,-0.625214,-0.0116147
heurísticas|uniforme,379,-1.44576,-0.654843,-0.624903,-0.0114287
heurísticas|uniforme,380,-1.44554,-0.654745,-0.624969,-0.0122098
heurísticas|uniforme,381,-1.4452,-0.654589,-0.624475,-0.0117806
heurísticas|uniforme,382,-1.445,-0.6545,-0.624316,-0.0118936
heurísticas|uniforme,383,-1.44482,-0.654416,-0.624166,-0.0120091
heurísticas|uniforme,384,-1.44465,-0.654339,-0.624358,-0.0124997
heurísticas|uniforme,385,-1.44439,-0.654222,-0.623995,-0.0124557
heurísticas|uniforme,386,-1.44419,-0.654133,-0.624018,-0.013425
heurísticas|uniforme,387,-1.44384,-0.65397,-0.623521,-0.012747
heurísticas|uniforme,388,-1.44368,-0.653899,-0.623742,-0.0143063
heurísticas|uniforme,389,-1.44322,-0.653692,-0.623623,-0.014783
heurísticas|uniforme,390,-1.44271,-0.653459,-0.623475,-0.0145803
heurísticas|uniforme,391,-1.44229,-0.653266,-0.623183,-0.0145273
heurísticas|uniforme,392,-1.44193,-0.653105,-0.622581,-0.0143559
heurísticas|uniforme,393,-1.44169,-0.652995,-0.622345,-0.0143999
heurísticas|uniforme,394,-1.44149,-0.652903,-0.622051,-0.0144988
heurísticas|uniforme,395,-1.44132,-0.652825,-0.622083,-0.0147153
heurísticas|uniforme,396,-1.44111,-0.652731,-0.622148,-0.015561
heurísticas|uniforme,397,-1.44076,-0.65257,-0.622037,-0.0157725
heurísticas|uniforme,398,-1.4404,-0.652409,-0.621495,-0.0157439
heurísticas|uniforme,399,-1.44013,-0.652284,-0.621313,-0.0158161
heurísticas|uniforme,400,-1.43988,-0.652169,-0.620941,-0.015418
heurísticas|uniforme,401,-1.43975,-0.652113,-0.621051,-0.0159491
heurísticas|uniforme,402,-1.43954,-0.652015,-0.620819,-0.0160706
heurísticas|uniforme,403,-1.43933,-0.651923,-0.620766,-0.0161686
heurísticas|uniforme,404,-1.43914,-0.651833,-0.620719,-0.0164649
heurísticas|uniforme,405,-1.4389,-0.651727,-0.620583,-0.0169433
heurísticas|uniforme,406,-1.43861,-0.651594,-0.620269,-0.0160444
heurísticas|uniforme,407,-1.43854,-0.651561,-0.620153,-0.0163579
heurísticas|uniforme,408,-1.43842,-0.651507,-0.62025,-0.0170068
heurísticas|uniforme,409,-1.43819,-0.651403,-0.619991,-0.0165591
heurísticas|uniforme,410,-1.43809,-0.651357,-0.620057,-0.0174228
heurísticas|uniforme,411,-1.43783,-0.65124,-0.620051,-0.0176055
heurísticas|uniforme,412,-1.43756,-0.651115,-0.619805,-0.0175116
heurísticas|uniforme,413,-1.43734,-0.651017,-0.619575,-0.0173434
heurísticas|uniforme,414,-1.4372,-0.650952,-0.619346,-0.0171104
heurísticas|uniforme,415,-1.43713,-0.650919,-0.619129,-0.0170956
heurísticas|uniforme,416,-1.43709,-0.650902,-0.61917,-0.0176268
heurísticas|uniforme,417,-1.43695,-0.650839,-0.619185,-0.0179617
heurísticas|uniforme,418,-1.43676,-0.650754,-0.619002,-0.0179792
heurísticas|uniforme,419,-1.43661,-0.650683,-0.618985,-0.0178151
heurísticas|uniforme,420,-1.4365,-0.650632,-0.618845,-0.0176051
heurísticas|uniforme,421,-1.43645,-0.65061,-0.618619,-0.0174199
heurísticas|uniforme,422,-1.43647,-0.650619,-0.618626,-0.0172053
heurísticas|uniforme,423,-1.43654,-0.650651,-0.61891,-0.0186343
heurísticas|uniforme,424,-1.43631,-0.650547,-0.618747,-0.0184747
heurísticas|uniforme,425,-1.43614,-0.650471,-0.618821,-0.0188178
heurísticas|uniforme,426,-1.43593,-0.650374,-0.618484,-0.0190114
heurísticas|uniforme,427,-1.43572,-0.650281,-0.61814,-0.0189825
heurísticas|uniforme,428,-1.43557,-0.650212,-0.617907,-0.0182887
heurísticas|uniforme,429,-1.43558,-0.650216,-0.617766,-0.0180865
heurísticas|uniforme,430,-1.43565,-0.650249,-0.617716,-0.018624
heurísticas|uniforme,431,-1.43562,-0.650236,-0.617942,-0.0195613
heurísticas|uniforme,432,-1.43541,-0.650137,-0.617814,-0.0194554
heurísticas|uniforme,433,-1.43523,-0.650056,-0.617573,-0.0194103
heurísticas|uniforme,434,-1.43509,-0.649993,-0.617418,-0.0189827
heurísticas|uniforme,435,-1.43507,-0.649982,-0.61731,-0.0193051
heurísticas|uniforme,436,-1.435,-0.649951,-0.617406,-0.0196451
heurísticas|uniforme,437,-1.43485,-0.649884,-0.617366,-0.0196326
heurísticas|uniforme,438,-1.43472,-0.649823,-0.61742,-0.0200597
heurísticas|uniforme,439,-1.43451,-0.649728,-0.617173,-0.0191252
heurísticas|uniforme,440,-1.43451,-0.64973,-0.617282,-0.0197027
heurísticas|uniforme,441,-1.4344,-0.649681,-0.617092,-0.0201672
heurísticas|uniforme,442,-1.43423,-0.649602,-0.617137,-0.0204592
heurísticas|uniforme,443,-1.43401,-0.649504,-0.617395,-0.0212914
heurísticas|uniforme,444,-1.43364,-0.649332,-0.617245,-0.0220018
heurísticas|uniforme,445,-1.43315,-0.649111,-0.616833,-0.0216426
heurísticas|uniforme,446,-1.43279,-0.648945,-0.616287,-0.0205822
heurísticas|uniforme,447,-1.43269,-0.648902,-0.616263,-0.0209932
heurísticas|uniforme,448,-1.43253,-0.648827,-0.616082,-0.020402
heurísticas|uniforme,449,-1.43251,-0.648818,-0.616038,-0.0202857
heurísticas|uniforme,450,-1.43252,-0.648825,-0.615931,-0.0209801
heurísticas|uniforme,451,-1.43241,-0.648774,-0.615716,-0.0202439
heurísticas|uniforme,452,-1.43247,-0.6488,-0.61565,-0.0203966
heurísticas|uniforme,453,-1.43251,-0.648818,-0.615702,-0.0206428
heurísticas|uniforme,454,-1.43249,-0.648811,-0.615541,-0.0201353
heurísticas|uniforme,455,-1.43258,-0.648853,-0.615903,-0.0209689
heurísticas|uniforme,456,-1.43249,-0.64881,-0.615656,-0.0209569
heurísticas|uniforme,457,-1.43243,-0.648784,-0.615557,-0.0206078
heurísticas|uniforme,458,-1.43245,-0.648794,-0.615394,-0.0204137
heurísticas|uniforme,459,-1.43252,-0.648826,-0.615367,-0.019951
heurísticas|uniforme,460,-1.43268,-0.648899,-0.615159,-0.0200251
heurísticas|uniforme,461,-1.43285,-0.648973,-0.615284,-0.0204788
heurísticas|uniforme,462,-1.4329,-0.648998,-0.615324,-0.020554
heurísticas|uniforme,463,-1.43294,-0.649015,-0.615338,-0.0206338
heurísticas|uniforme,464,-1.43296,-0.649023,-0.615281,-0.0204997
heurísticas|uniforme,465,-1.43301,-0.649047,-0.615287,-0.0210841
heurísticas|uniforme,466,-1.43294,-0.649016,-0.615174,-0.0208847
heurísticas|uniforme,467,-1.43293,-0.649009,-0.615536,-0.0216596
heurísticas|uniforme,468,-1.43273,-0.648921,-0.615221,-0.0213025
heurísticas|uniforme,469,-1.43264,-0.64888,-0.61494,-0.0207355
heurísticas|uniforme,470,-1.43269,-0.648902,-0.614966,-0.0207454
heurísticas|uniforme,471,-1.43272,-0.648916,-0.614988,-0.0215244
heurísticas|uniforme,472,-1.43259,-0.648858,-0.615055,-0.021658
heurísticas|uniforme,473,-1.43244,-0.648787,-0.614654,-0.0212522
heurísticas|uniforme,474,-1.4324,-0.648768,-0.614719,-0.0210896
heurísticas|uniforme,475,-1.43238,-0.648762,-0.61456,-0.0205695
heurísticas|uniforme,476,-1.43248,-0.648806,-0.614493,-0.0202322
heurísticas|uniforme,477,-1.43265,-0.648883,-0.614585,-0.0206201
heurísticas|uniforme,478,-1.43272,-0.648916,-0.614591,-0.0203442
heurísticas|uniforme,479,-1.43284,-0.648968,-0.614606,-0.0202617
heurísticas|uniforme,480,-1.43296,-0.649025,-0.614753,-0.0207737
heurísticas|uniforme,481,-1.43297,-0.649028,-0.614992,-0.0213944
heurísticas|uniforme,482,-1.43283,-0.648967,-0.614757,-0.0206519
heurísticas|uniforme,483,-1.43287,-0.648982,-0.614561,-0.0199802
heurísticas|uniforme,484,-1.43303,-0.649059,-0.61464,-0.0203348
heurísticas|uniforme,485,-1.43312,-0.649098,-0.614485,-0.020166
heurísticas|uniforme,486,-1.43326,-0.649161,-0.614722,-0.0208073
heurísticas|uniforme,487,-1.43324,-0.649153,-0.61473,-0.0205944
heurísticas|uniforme,488,-1.43326,-0.64916,-0.61467,-0.0199411
heurísticas|uniforme,489,-1.4334,-0.649225,-0.61481,-0.0201998
heurísticas|uniforme,490,-1.43347,-0.649256,-0.614881,-0.020727
heurísticas|uniforme,491,-1.43342,-0.649234,-0.614774,-0.0205444
heurísticas|uniforme,492,-1.43342,-0.649233,-0.614798,-0.0204321
heurísticas|uniforme,493,-1.43343,-0.64924,-0.614689,-0.0197094
heurísticas|uniforme,494,-1.43359,-0.649311,-0.614943,-0.0203496
heurísticas|uniforme,495,-1.43359,-0.649313,-0.614979,-0.0206113
heurísticas|uniforme,496,-1.43353,-0.649286,-0.614979,-0.0202498
heurísticas|uniforme,497,-1.43355,-0.649291,-0.614849,-0.0202866
heurísticas|uniforme,498,-1.43356,-0.649296,-0.614775,-0.0199228
heurísticas|uniforme,499,-1.43364,-0.649335,-0.614765,-0.0195086
heurísticas|uniforme,500,-1.43379,-0.649404,-0.61477,-0.0196895
heurísticas|uniforme,501,-1.43391,-0.649455,-0.614791,-0.0198244
heurísticas|uniforme,502,-1.43398,-0.64949,-0.614954,-0.0197851
heurísticas|uniforme,503,-1.43405,-0.649518,-0.615043,-0.0200252
heurísticas|uniforme,504,-1.43405,-0.64952,-0.614937,-0.0193902
heurísticas|uniforme,505,-1.43418,-0.649581,-0.614983,-0.0192179
heurísticas|uniforme,506,-1.43434,-0.649652,-0.615003,-0.0189705
heurísticas|uniforme,507,-1.43452,-0.649734,-0.615026,-0.0187617
heurísticas|uniforme,508,-1.43473,-0.64983,-0.615133,-0.0189575
heurísticas|uniforme,509,-1.43488,-0.6499,-0.615222,-0.0184915
heurísticas|uniforme,510,-1.43511,-0.650001,-0.615297,-0.0184177
heurísticas|uniforme,511,-1.43532,-0.650096,-0.615409,-0.0187671
heurísticas|uniforme,512,-1.43543,-0.65015,-0.61538,-0.0182796
heurísticas|uniforme,513,-1.43564,-0.650245,-0.615452,-0.0178856
heurísticas|uniforme,514,-1.43591,-0.650366,-0.615608,-0.0180406
heurísticas|uniforme,515,-1.43611,-0.650458,-0.615584,-0.0179018
heurísticas|uniforme,516,-1.43633,-0.650558,-0.615665,-0.0175334
heurísticas|uniforme,517,-1.4366,-0.650678,-0.615806,-0.0176019
heurísticas|uniforme,518,-1.43682,-0.65078,-0.615893,-0.0172862
heurísticas|uniforme,519,-1.43708,-0.650898,-0.616002,-0.0171853
heurísticas|uniforme,520,-1.43733,-0.651013,-0.616216,-0.0178213
heurísticas|uniforme,521,-1.43743,-0.651056,-0.616214,-0.0173971
heurísticas|uniforme,522,-1.43759,-0.651132,-0.616295,-0.0175651
heurísticas|uniforme,523,-1.43771,-0.651183,-0.616398,-0.0171234
heurísticas|uniforme,524,-1.43788,-0.651263,-0.617073,-0.018077
heurísticas|uniforme,525,-1.4378,-0.651227,-0.616675,-0.0178278
heurísticas|uniforme,526,-1.4378,-0.651224,-0.616692,-0.0175857
heurísticas|uniforme,527,-1.43784,-0.651242,-0.616664,-0.0173177
heurísticas|uniforme,528,-1.43791,-0.651277,-0.616643,-0.0168396
heurísticas|uniforme,529,-1.43807,-0.65135,-0.616603,-0.0164361
heurísticas|uniforme,530,-1.43831,-0.651456,-0.617031,-0.0171354
heurísticas|uniforme,531,-1.43835,-0.651476,-0.617404,-0.0177342
heurísticas|uniforme,532,-1.43825,-0.651429,-0.616972,-0.0172432
heurísticas|uniforme,533,-1.43828,-0.651442,-0.61686,-0.0170552
heurísticas|uniforme,534,-1.43834,-0.651472,-0.616956,-0.0169584
heurísticas|uniforme,535,-1.43841,-0.651504,-0.617162,-0.0171573
heurísticas|uniforme,536,-1.43842,-0.651507,-0.617255,-0.0172733
heurísticas|uniforme,537,-1.43839,-0.651492,-0.617242,-0.0171239
heurísticas|uniforme,538,-1.43838,-0.651488,-0.617027,-0.0168038
heurísticas|uniforme,539,-1.43844,-0.651517,-0.616929,-0.0159239
heurísticas|uniforme,540,-1.43868,-0.651626,-0.617081,-0.0156977
heurísticas|uniforme,541,-1.43894,-0.651742,-0.617387,-0.0163907
heurísticas|uniforme,542,-1.43901,-0.651777,-0.617385,-0.0164406
heurísticas|uniforme,543,-1.43907,-0.651803,-0.617586,-0.0168555
heurísticas|uniforme,544,-1.43902,-0.651781,-0.617902,-0.017845
heurísticas|uniforme,545,-1.43876,-0.651663,-0.61782,-0.0175064
heurísticas|uniforme,546,-1.43859,-0.651583,-0.617877,-0.0175428
heurísticas|uniforme,547,-1.4384,-0.651499,-0.617456,-0.0171734
heurísticas|uniforme,548,-1.43832,-0.651462,-0.617847,-0.017998
heurísticas|uniforme,549,-1.43805,-0.651338,-0.617738,-0.0181412
heurísticas|uniforme,550,-1.43776,-0.651209,-0.617578,-0.0180784
heurísticas|uniforme,551,-1.43752,-0.651098,-0.617233,-0.0179431
heurísticas|uniforme,552,-1.43734,-0.651016,-0.616986,-0.0177144
heurísticas|uniforme,553,-1.43723,-0.650965,-0.616866,-0.0176
heurísticas|uniforme,554,-1.43715,-0.650929,-0.616771,-0.0167312
heurísticas|uniforme,555,-1.43725,-0.650974,-0.616872,-0.0172141
heurísticas|uniforme,556,-1.43723,-0.650968,-0.616882,-0.0172007
heurísticas|uniforme,557,-1.43722,-0.650962,-0.616678,-0.0164969
heurísticas|uniforme,558,-1.43736,-0.651026,-0.616993,-0.017248
heurísticas|uniforme,559,-1.43733,-0.651011,-0.616975,-0.0168241
heurísticas|uniforme,560,-1.43738,-0.651033,-0.617172,-0.0177377
heurísticas|uniforme,561,-1.43723,-0.650967,-0.616983,-0.0172629
heurísticas|uniforme,562,-1.4372,-0.650951,-0.617018,-0.0173498
heurísticas|uniforme,563,-1.43714,-0.650926,-0.617028,-0.0177093
heurísticas|uniforme,564,-1.43701,-0.650867,-0.616873,-0.017269
heurísticas|uniforme,565,-1.43699,-0.650857,-0.616615,-0.0163154
heurísticas|uniforme,566,-1.43717,-0.650941,-0.61681,-0.0163173
heurísticas|uniforme,567,-1.43733,-0.65101,-0.616789,-0.0164928
heurísticas|uniforme,568,-1.43745,-0.651064,-0.616729,-0.0165634
heurísticas|uniforme,569,-1.43755,-0.651113,-0.616745,-0.0163433
heurísticas|uniforme,570,-1.4377,-0.651178,-0.6168,-0.0165268
heurísticas|uniforme,571,-1.43779,-0.651221,-0.616901,-0.016777
heurísticas|uniforme,572,-1.43782,-0.651235,-0.616841,-0.0169076
heurísticas|uniforme,573,-1.43783,-0.651239,-0.616797,-0.0170995
heurísticas|uniforme,574,-1.43781,-0.651228,-0.616731,-0.0161494
heurísticas|uniforme,575,-1.43797,-0.651302,-0.61666,-0.0154374
heurísticas|uniforme,576,-1.43827,-0.651438,-0.616854,-0.016071
heurísticas|uniforme,577,-1.43841,-0.651502,-0.617058,-0.0162043
heurísticas|uniforme,578,-1.43849,-0.651538,-0.61716,-0.0162652
heurísticas|uniforme,579,-1.43854,-0.651561,-0.617273,-0.0159373
heurísticas|uniforme,580,-1.43864,-0.651606,-0.617354,-0.0158865
heurísticas|uniforme,581,-1.43873,-0.651649,-0.617469,-0.0159509
heurísticas|uniforme,582,-1.43879,-0.651677,-0.617384,-0.0155171
heurísticas|uniforme,583,-1.43894,-0.651743,-0.617452,-0.0155348
heurísticas|uniforme,584,-1.43907,-0.651802,-0.616767,-0.0142594
heurísticas|uniforme,585,-1.43949,-0.651993,-0.617014,-0.0139231
heurísticas|uniforme,586,-1.43993,-0.652195,-0.617643,-0.0144651
heurísticas|uniforme,587,-1.44022,-0.652325,-0.617932,-0.0147694
heurísticas|uniforme,588,-1.4404,-0.652407,-0.618016,-0.0146038
heurísticas|uniforme,589,-1.44059,-0.652496,-0.618138,-0.0149941
heurísticas|uniforme,590,-1.44069,-0.652538,-0.618158,-0.0148836
heurísticas|uniforme,591,-1.44079,-0.652587,-0.61833,-0.0152656
heurísticas|uniforme,592,-1.4408,-0.652589,-0.618336,-0.0154302
heurísticas|uniforme,593,-1.44077,-0.652574,-0.618179,-0.0145498
heurísticas|uniforme,594,-1.44092,-0.652643,-0.617981,-0.0143279
heurísticas|uniforme,595,-1.44112,-0.652734,-0.618167,-0.0145906
heurísticas|uniforme,596,-1.44124,-0.652788,-0.618165,-0.0142286
heurísticas|uniforme,597,-1.44141,-0.652866,-0.618543,-0.0147674
heurísticas|uniforme,598,-1.44143,-0.652874,-0.618391,-0.0146313
heurísticas|uniforme,599,-1.44148,-0.652898,-0.618302,-0.014768
heurísticas|isenção,0,0,0,0.207851,-1.15162
heurísticas|isenção,1,-0.0141638,-0.00639008,0.196741,-1.14058
heurísticas|isenção,2,-0.0279774,-0.0126227,0.190099,-1.1298
heurísticas|isenção,3,-0.0417413,-0.0188333,0.194609,-1.11905
heurísticas|isenção,4,-0.0562202,-0.025367,0.188251,-1.10774
heurísticas|isenção,5,-0.0706923,-0.0318982,0.193208,-1.09643
heurísticas|isenção,6,-0.0859279,-0.0387745,0.202001,-1.08454
heurísticas|isenção,7,-0.102202,-0.0461204,0.20241,-1.07182
heurísticas|isenção,8,-0.118979,-0.0536934,0.198831,-1.05871
heurísticas|isenção,9,-0.136,-0.0613778,0.188834,-1.04546
heurísticas|isenção,10,-0.152824,-0.0689736,0.177935,-1.03234
heurísticas|isenção,11,-0.169388,-0.0764531,0.183002,-1.01921
heurísticas|isenção,12,-0.186829,-0.0843292,0.181591,-1.00559
heurísticas|isenção,13,-0.204681,-0.0923915,0.167962,-0.991649
heurísticas|isenção,14,-0.222122,-0.100269,0.155586,-0.978102
heurísticas|isenção,15,-0.239201,-0.107984,0.148239,-0.964756
heurísticas|isenção,16,-0.256273,-0.115696,0.129412,-0.951427
heurísticas|isenção,17,-0.27255,-0.12305,0.125276,-0.938635
heurísticas|isenção,18,-0.289029,-0.130496,0.114279,-0.925637
heurísticas|isenção,19,-0.305262,-0.137831,0.109784,-0.912938
heurísticas|isenção,20,-0.321657,-0.14524,0.103512,-0.900079
heurísticas|isenção,21,-0.338111,-0.152676,0.093755,-0.887165
heurísticas|isenção,22,-0.354386,-0.160033,0.0866968,-0.874371
heurísticas|isenção,23,-0.370665,-0.167392,0.0750055,-0.861636
heurísticas|isenção,24,-0.386618,-0.174604,0.0612354,-0.84929
heurísticas|isenção,25,-0.402062,-0.181586,0.0508314,-0.837377
heurísticas|isenção,26,-0.417195,-0.188429,0.0332506,-0.825415
heurísticas|isenção,27,-0.431584,-0.194935,0.0263552,-0.814076
heurísticas|isenção,28,-0.445935,-0.201425,0.0243021,-0.802673
heurísticas|isenção,29,-0.460594,-0.208055,0.00940978,-0.791246
heurísticas|isenção,30,-0.474643,-0.21441,0.0126624,-0.779886
heurísticas|isenção,31,-0.489397,-0.221083,0.00773236,-0.768347
heurísticas|isenção,32,-0.504238,-0.227797,0.00409391,-0.756569
heurísticas|isenção,33,-0.519293,-0.234608,-0.00665016,-0.744999
heurísticas|isenção,34,-0.533998,-0.241261,-0.0240284,-0.733704
heurísticas|isenção,35,-0.54789,-0.247547,-0.0250374,-0.722619
heurísticas|isenção,36,-0.562152,-0.254001,-0.0327902,-0.711334
heurísticas|isenção,37,-0.576318,-0.260412,-0.0434495,-0.700244
heurísticas|isenção,38,-0.590159,-0.266676,-0.0435297,-0.688866
heurísticas|isenção,39,-0.604503,-0.273168,-0.0497007,-0.677489
heurísticas|isenção,40,-0.618866,-0.27967,-0.0572661,-0.666236
heurísticas|isenção,41,-0.633136,-0.28613,-0.0616668,-0.65495
heurísticas|isenção,42,-0.647549,-0.292655,-0.0776537,-0.64396
heurísticas|isenção,43,-0.661236,-0.298852,-0.0853919,-0.633353
heurísticas|isenção,44,-0.674764,-0.304978,-0.0931031,-0.622947
heurísticas|isenção,45,-0.688106,-0.31102,-0.107204,-0.612484
heurísticas|isenção,46,-0.700866,-0.316798,-0.117645,-0.602419
heurísticas|isenção,47,-0.713283,-0.322422,-0.131203,-0.592807
heurísticas|isenção,48,-0.725095,-0.327771,-0.135665,-0.583202
heurísticas|isenção,49,-0.737006,-0.333167,-0.141202,-0.573917
heurísticas|isenção,50,-0.748861,-0.338537,-0.151618,-0.564434
heurísticas|isenção,51,-0.760374,-0.343753,-0.156837,-0.555508
heurísticas|isenção,52,-0.771827,-0.348942,-0.160803,-0.546219
heurísticas|isenção,53,-0.783393,-0.354182,-0.165787,-0.537161
heurísticas|isenção,54,-0.794941,-0.359414,-0.175287,-0.527885
heurísticas|isenção,55,-0.80621,-0.36452,-0.175626,-0.518883
heurísticas|isenção,56,-0.817809,-0.369777,-0.185404,-0.509982
heurísticas|isenção,57,-0.829027,-0.37486,-0.19268,-0.501364
heurísticas|isenção,58,-0.840026,-0.379846,-0.199887,-0.492402
heurísticas|isenção,59,-0.850908,-0.384778,-0.201287,-0.48395
heurísticas|isenção,60,-0.861978,-0.389795,-0.211072,-0.475065
heurísticas|isenção,61,-0.87272,-0.394665,-0.214324,-0.466309
heurísticas|isenção,62,-0.883608,-0.399601,-0.217428,-0.457683
heurísticas|isenção,63,-0.894605,-0.404586,-0.229879,-0.449195
heurísticas|isenção,64,-0.905032,-0.409314,-0.232115,-0.440501
heurísticas|isenção,65,-0.915701,-0.414151,-0.240216,-0.432602
heurísticas|isenção,66,-0.92602,-0.41883,-0.242205,-0.424354
heurísticas|isenção,67,-0.936523,-0.423593,-0.25397,-0.416272
heurísticas|isenção,68,-0.946481,-0.428109,-0.257424,-0.408012
heurísticas|isenção,69,-0.956569,-0.432684,-0.265296,-0.400453
heurísticas|isenção,70,-0.966326,-0.437109,-0.273942,-0.392699
heurísticas|isenção,71,-0.975769,-0.441391,-0.275097,-0.38496
heurísticas|isenção,72,-0.985453,-0.445784,-0.282584,-0.376821
heurísticas|isenção,73,-0.994998,-0.450114,-0.286268,-0.369447
heurísticas|isenção,74,-1.00453,-0.454437,-0.292697,-0.361846
heurísticas|isenção,75,-1.01391,-0.458691,-0.300156,-0.354485
heurísticas|isenção,76,-1.02303,-0.462829,-0.302237,-0.346534
heurísticas|isenção,77,-1.03242,-0.46709,-0.305891,-0.338873
heurísticas|isenção,78,-1.04189,-0.471387,-0.309396,-0.331197
heurísticas|isenção,79,-1.05145,-0.475725,-0.31546,-0.32447
heurísticas|isenção,80,-1.06072,-0.479932,-0.321977,-0.317105
heurísticas|isenção,81,-1.06983,-0.484065,-0.325727,-0.310346
heurísticas|isenção,82,-1.07886,-0.488164,-0.337801,-0.303561
heurísticas|isenção,83,-1.08725,-0.49197,-0.342413,-0.296612
heurísticas|isenção,84,-1.09562,-0.49577,-0.351455,-0.290116
heurísticas|isenção,85,-1.10358,-0.499384,-0.349858,-0.28334
heurísticas|isenção,86,-1.11197,-0.503192,-0.36287,-0.277193
heurísticas|isenção,87,-1.11961,-0.50666,-0.36675,-0.271114
heurísticas|isenção,88,-1.1272,-0.510104,-0.368929,-0.264869
heurísticas|isenção,89,-1.1349,-0.5136,-0.374204,-0.258418
heurísticas|isenção,90,-1.14252,-0.517061,-0.378701,-0.2519
heurísticas|isenção,91,-1.15014,-0.520522,-0.384305,-0.246414
heurísticas|isenção,92,-1.15749,-0.523858,-0.385736,-0.240344
heurísticas|isenção,93,-1.165,-0.527267,-0.392658,-0.234141
heurísticas|isenção,94,-1.1723,-0.530583,-0.398805,-0.227745
heurísticas|isenção,95,-1.17953,-0.533863,-0.399742,-0.222082
heurísticas|isenção,96,-1.18689,-0.537209,-0.404755,-0.216897
heurísticas|isenção,97,-1.19401,-0.540439,-0.411262,-0.211134
heurísticas|isenção,98,-1.20091,-0.543571,-0.412558,-0.205669
heurísticas|isenção,99,-1.20791,-0.546752,-0.417784,-0.199998
heurísticas|isenção,100,-1.21479,-0.549876,-0.42176,-0.194496
heurísticas|isenção,101,-1.22161,-0.552976,-0.426961,-0.189201
heurísticas|isenção,102,-1.22827,-0.556001,-0.430177,-0.183906
heurísticas|isenção,103,-1.23491,-0.559014,-0.436078,-0.178687
heurísticas|isenção,104,-1.24133,-0.561933,-0.441965,-0.173847
heurísticas|isenção,105,-1.24749,-0.564729,-0.444226,-0.168792
heurísticas|isenção,106,-1.2537,-0.567551,-0.449775,-0.163379
heurísticas|isenção,107,-1.25982,-0.570331,-0.452019,-0.159177
heurísticas|isenção,108,-1.26584,-0.573065,-0.456749,-0.15423
heurísticas|isenção,109,-1.27173,-0.575743,-0.462663,-0.149275
heurísticas|isenção,110,-1.27746,-0.578345,-0.466998,-0.145106
heurísticas|isenção,111,-1.28298,-0.580854,-0.470696,-0.141108
heurísticas|isenção,112,-1.28834,-0.583286,-0.474305,-0.137004
heurísticas|isenção,113,-1.29356,-0.585662,-0.47921,-0.13227
heurísticas|isenção,114,-1.29871,-0.587998,-0.47898,-0.127215
heurísticas|isenção,115,-1.30421,-0.590499,-0.484439,-0.123499
heurísticas|isenção,116,-1.30939,-0.592852,-0.488872,-0.120014
heurísticas|isenção,117,-1.31428,-0.595076,-0.493368,-0.116143
heurísticas|isenção,118,-1.319,-0.597221,-0.497045,-0.111495
heurísticas|isenção,119,-1.32378,-0.599393,-0.498866,-0.108125
heurísticas|isenção,120,-1.32849,-0.601533,-0.502614,-0.103977
heurísticas|isenção,121,-1.33316,-0.603655,-0.504917,-0.100343
heurísticas|isenção,122,-1.33779,-0.605758,-0.509806,-0.0964752
heurísticas|isenção,123,-1.34226,-0.60779,-0.510638,-0.0935433
heurísticas|isenção,124,-1.34668,-0.609801,-0.514956,-0.0896303
heurísticas|isenção,125,-1.35101,-0.61177,-0.519385,-0.0863571
heurísticas|isenção,126,-1.35513,-0.613642,-0.521419,-0.0827692
heurísticas|isenção,127,-1.3593,-0.615538,-0.524688,-0.0797151
heurísticas|isenção,128,-1.36332,-0.617366,-0.52709,-0.0765443
heurísticas|isenção,129,-1.36729,-0.61917,-0.530903,-0.0733782
heurísticas|isenção,130,-1.37112,-0.620909,-0.532674,-0.0703411
heurísticas|isenção,131,-1.37494,-0.622646,-0.537382,-0.0666826
heurísticas|isenção,132,-1.37867,-0.624342,-0.538788,-0.0641889
heurísticas|isenção,133,-1.38232,-0.626001,-0.541185,-0.0614976
heurísticas|isenção,134,-1.38588,-0.627617,-0.543865,-0.058183
heurísticas|isenção,135,-1.38945,-0.629243,-0.546743,-0.0559908
heurísticas|isenção,136,-1.39281,-0.630768,-0.548674,-0.0525919
heurísticas|isenção,137,-1.39627,-0.632344,-0.551886,-0.050009
heurísticas|isenção,138,-1.39959,-0.633851,-0.555975,-0.0472849
heurísticas|isenção,139,-1.40274,-0.635285,-0.556421,-0.0447074
heurísticas|isenção,140,-1.40598,-0.636755,-0.55963,-0.0422102
heurísticas|isenção,141,-1.40908,-0.638166,-0.561359,-0.0402351
heurísticas|isenção,142,-1.41206,-0.639523,-0.564196,-0.0371057
heurísticas|isenção,143,-1.41509,-0.6409,-0.567123,-0.0342906
heurísticas|isenção,144,-1.41811,-0.642271,-0.569885,-0.033079
heurísticas|isenção,145,-1.4208,-0.643496,-0.571448,-0.0311662
heurísticas|isenção,146,-1.42342,-0.644686,-0.574357,-0.0296366
heurísticas|isenção,147,-1.4258,-0.645771,-0.575984,-0.0263038
heurísticas|isenção,148,-1.42842,-0.646959,-0.578519,-0.0257008
heurísticas|isenção,149,-1.43065,-0.647973,-0.580986,-0.0236408
heurísticas|isenção,150,-1.43281,-0.648958,-0.582097,-0.0213315
heurísticas|isenção,151,-1.43508,-0.649988,-0.583915,-0.0199421
heurísticas|isenção,152,-1.4372,-0.650953,-0.586725,-0.0175436
heurísticas|isenção,153,-1.43932,-0.651918,-0.588322,-0.016261
heurísticas|isenção,154,-1.44133,-0.65283,-0.590158,-0.0146088
heurísticas|isenção,155,-1.44327,-0.653712,-0.591687,-0.0127724
heurísticas|isenção,156,-1.44521,-0.654595,-0.593006,-0.01155
heurísticas|isenção,157,-1.44705,-0.655434,-0.594309,-0.0102738
heurísticas|isenção,158,-1.44882,-0.656235,-0.596418,-0.00840568
heurísticas|isenção,159,-1.45058,-0.657037,-0.598735,-0.00703934
heurísticas|isenção,160,-1.45223,-0.657787,-0.599521,-0.00611395
heurísticas|isenção,161,-1.45379,-0.658498,-0.600831,-0.00470757
heurísticas|isenção,162,-1.45533,-0.6592,-0.602392,-0.00317574
heurísticas|isenção,163,-1.45686,-0.659892,-0.604104,-0.00150227
heurísticas|isenção,164,-1.4584,-0.660592,-0.606371,-0.000216649
heurísticas|isenção,165,-1.45984,-0.66125,-0.607199,0.000334946
heurísticas|isenção,166,-1.46116,-0.661849,-0.608199,0.00178616
heurísticas|isenção,167,-1.46252,-0.662469,-0.609612,0.0035168
heurísticas|isenção,168,-1.46396,-0.663122,-0.610309,0.00469811
heurísticas|isenção,169,-1.46541,-0.663784,-0.612426,0.00632244
heurísticas|isenção,170,-1.46687,-0.664448,-0.612584,0.00670202
heurísticas|isenção,171,-1.46822,-0.66506,-0.61546,0.0076827
heurísticas|isenção,172,-1.4694,-0.665599,-0.615998,0.00863054
heurísticas|isenção,173,-1.4706,-0.66614,-0.616529,0.00874725
heurísticas|isenção,174,-1.47163,-0.666613,-0.617352,0.0102564
heurísticas|isenção,175,-1.47278,-0.667134,-0.618543,0.0113848
heurísticas|isenção,176,-1.47393,-0.667658,-0.620218,0.0120938
heurísticas|isenção,177,-1.47498,-0.668134,-0.621614,0.0131827
heurísticas|isenção,178,-1.47602,-0.668606,-0.622411,0.0144202
heurísticas|isenção,179,-1.47713,-0.669113,-0.62373,0.0153429
heurísticas|isenção,180,-1.47821,-0.669603,-0.624864,0.0153721
heurísticas|isenção,181,-1.47911,-0.670012,-0.626259,0.0156553
heurísticas|isenção,182,-1.47986,-0.670354,-0.626257,0.0161294
heurísticas|isenção,183,-1.48063,-0.670702,-0.627386,0.016716
heurísticas|isenção,184,-1.48133,-0.671024,-0.627196,0.0171398
heurísticas|isenção,185,-1.48206,-0.671354,-0.628732,0.0173312
heurísticas|isenção,186,-1.48262,-0.671611,-0.630055,0.017321
heurísticas|isenção,187,-1.48303,-0.671795,-0.630934,0.0175835
heurísticas|isenção,188,-1.48337,-0.671949,-0.632182,0.0177162
heurísticas|isenção,189,-1.48358,-0.672048,-0.632598,0.0184187
heurísticas|isenção,190,-1.48387,-0.67218,-0.63364,0.0181961
heurísticas|isenção,191,-1.484,-0.672239,-0.634084,0.0186036
heurísticas|isenção,192,-1.48416,-0.67231,-0.634707,0.0188183
heurísticas|isenção,193,-1.48429,-0.672369,-0.633771,0.0196338
heurísticas|isenção,194,-1.48462,-0.672518,-0.634658,0.0196885
heurísticas|isenção,195,-1.48485,-0.672624,-0.635901,0.0197208
heurísticas|isenção,196,-1.48497,-0.672676,-0.636028,0.0204117
heurísticas|isenção,197,-1.48518,-0.672776,-0.636244,0.0204067
heurísticas|isenção,198,-1.48536,-0.672855,-0.637503,0.0201988
heurísticas|isenção,199,-1.48539,-0.672869,-0.636709,0.0205057
heurísticas|isenção,200,-1.48553,-0.672932,-0.637717,0.0205486
heurísticas|isenção,201,-1.48558,-0.672957,-0.638111,0.0214314
heurísticas|isenção,202,-1.48578,-0.673046,-0.638748,0.021732
heurísticas|isenção,203,-1.48597,-0.673134,-0.639564,0.0216802
heurísticas|isenção,204,-1.48609,-0.673187,-0.639741,0.0220489
heurísticas|isenção,205,-1.48626,-0.673267,-0.639477,0.0211546
heurísticas|isenção,206,-1.48627,-0.67327,-0.640771,0.0215308
heurísticas|isenção,207,-1.48627,-0.673269,-0.640909,0.0216384
heurísticas|isenção,208,-1.48629,-0.673277,-0.641044,0.0215564
heurísticas|isenção,209,-1.48629,-0.673279,-0.641025,0.0210225
heurísticas|isenção,210,-1.4862,-0.673237,-0.641768,0.0212589
heurísticas|isenção,211,-1.48611,-0.673199,-0.641704,0.0207539
heurísticas|isenção,212,-1.48595,-0.673123,-0.641845,0.020163
heurísticas|isenção,213,-1.48568,-0.672999,-0.641904,0.0207112
heurísticas|isenção,214,-1.48553,-0.672933,-0.643055,0.0210364
heurísticas|isenção,215,-1.48539,-0.67287,-0.642712,0.0205706
heurísticas|isenção,216,-1.48522,-0.672791,-0.643817,0.0206752
heurísticas|isenção,217,-1.48502,-0.672699,-0.64281,0.0197805
heurísticas|isenção,218,-1.48475,-0.672578,-0.643465,0.0205177
heurísticas|isenção,219,-1.48461,-0.672515,-0.643739,0.0189545
heurísticas|isenção,220,-1.48418,-0.672319,-0.643914,0.0194161
heurísticas|isenção,221,-1.48387,-0.672178,-0.643728,0.0193239
heurísticas|isenção,222,-1.4836,-0.672054,-0.643964,0.0189882
heurísticas|isenção,223,-1.48329,-0.671912,-0.643688,0.0186834
heurísticas|isenção,224,-1.48298,-0.671774,-0.643769,0.0182233
heurísticas|isenção,225,-1.48263,-0.671614,-0.643993,0.017499
heurísticas|isenção,226,-1.48217,-0.671404,-0.644111,0.0175521
heurísticas|isenção,227,-1.48176,-0.67122,-0.644579,0.01665
heurísticas|isenção,228,-1.4812,-0.670965,-0.644433,0.0163245
heurísticas|isenção,229,-1.48065,-0.670713,-0.644641,0.0168739
heurísticas|isenção,230,-1.48026,-0.670534,-0.644211,0.0163465
heurísticas|isenção,231,-1.47984,-0.670347,-0.644462,0.015294
heurísticas|isenção,232,-1.47927,-0.670085,-0.644086,0.0151573
heurísticas|isenção,233,-1.47876,-0.669854,-0.643291,0.0145188
heurísticas|isenção,234,-1.47825,-0.669622,-0.643872,0.0139563
heurísticas|isenção,235,-1.47764,-0.669346,-0.64391,0.0132163
heurísticas|isenção,236,-1.47696,-0.669033,-0.643864,0.0138638
heurísticas|isenção,237,-1.47647,-0.668813,-0.643133,0.0134243
heurísticas|isenção,238,-1.47602,-0.66861,-0.643087,0.0126636
heurísticas|isenção,239,-1.47549,-0.668368,-0.643071,0.0118353
heurísticas|isenção,240,-1.47487,-0.668086,-0.64248,0.011429
heurísticas|isenção,241,-1.47429,-0.667822,-0.642243,0.0109564
heurísticas|isenção,242,-1.4737,-0.667554,-0.642353,0.0108116
heurísticas|isenção,243,-1.47316,-0.667306,-0.642174,0.00993432
heurísticas|isenção,244,-1.47253,-0.667022,-0.641971,0.00901348
heurísticas|isenção,245,-1.47182,-0.666696,-0.641775,0.00897564
heurísticas|isenção,246,-1.47117,-0.666404,-0.641479,0.00888003
heurísticas|isenção,247,-1.47062,-0.666151,-0.641625,0.00776571
heurísticas|isenção,248,-1.4699,-0.665823,-0.6414,0.00774463
heurísticas|isenção,249,-1.46926,-0.665534,-0.641264,0.00776272
heurísticas|isenção,250,-1.46872,-0.665287,-0.641005,0.00702609
heurísticas|isenção,251,-1.46812,-0.665014,-0.640828,0.00615783
heurísticas|isenção,252,-1.46743,-0.664702,-0.640298,0.00610155
heurísticas|isenção,253,-1.46686,-0.664442,-0.640054,0.00565443
heurísticas|isenção,254,-1.4663,-0.664188,-0.639935,0.00413288
heurísticas|isenção,255,-1.46553,-0.663838,-0.639512,0.00467263
heurísticas|isenção,256,-1.46498,-0.663588,-0.639694,0.00356113
heurísticas|isenção,257,-1.46427,-0.663266,-0.63932,0.00295822
heurísticas|isenção,258,-1.46356,-0.662939,-0.639506,0.00150407
heurísticas|isenção,259,-1.46262,-0.662515,-0.639236,0.000996757
heurísticas|isenção,260,-1.46171,-0.6621,-0.638783,0.000480909
heurísticas|isenção,261,-1.46083,-0.661697,-0.638527,-8.82411e-06
heurísticas|isenção,262,-1.45996,-0.661303,-0.638095,-0.000699361
heurísticas|isenção,263,-1.45908,-0.660904,-0.637593,-0.0011642
heurísticas|isenção,264,-1.45825,-0.660525,-0.636846,-0.00137192
heurísticas|isenção,265,-1.45752,-0.660193,-0.636856,-0.00215686
heurísticas|isenção,266,-1.45672,-0.65983,-0.636674,-0.00296882
heurísticas|isenção,267,-1.45587,-0.659444,-0.636489,-0.00352955
heurísticas|isenção,268,-1.45502,-0.659055,-0.635709,-0.00393585
heurísticas|isenção,269,-1.45423,-0.658698,-0.635482,-0.0046539
heurísticas|isenção,270,-1.45341,-0.658326,-0.634594,-0.00515065
heurísticas|isenção,271,-1.45266,-0.657983,-0.63449,-0.00619803
heurísticas|isenção,272,-1.4518,-0.657592,-0.634148,-0.00609896
heurísticas|isenção,273,-1.45108,-0.657263,-0.63367,-0.00693469
heurísticas|isenção,274,-1.45031,-0.656913,-0.63355,-0.00697415
heurísticas|isenção,275,-1.44963,-0.656604,-0.632944,-0.00761861
heurísticas|isenção,276,-1.44895,-0.656297,-0.632764,-0.0079927
heurísticas|isenção,277,-1.4483,-0.656,-0.63231,-0.00919751
heurísticas|isenção,278,-1.44751,-0.655642,-0.631939,-0.00910265
heurísticas|isenção,279,-1.44686,-0.655347,-0.631691,-0.00948956
heurísticas|isenção,280,-1.44625,-0.655069,-0.631429,-0.00989653
heurísticas|isenção,281,-1.44566,-0.654801,-0.631199,-0.0107253
heurísticas|isenção,282,-1.44501,-0.654502,-0.630667,-0.010686
heurísticas|isenção,283,-1.44448,-0.654263,-0.630726,-0.0113285
heurísticas|isenção,284,-1.4439,-0.653997,-0.630438,-0.0115036
heurísticas|isenção,285,-1.44338,-0.653762,-0.630399,-0.0119843
heurísticas|isenção,286,-1.44284,-0.653519,-0.630136,-0.0131368
heurísticas|isenção,287,-1.44219,-0.653222,-0.629683,-0.0138096
heurísticas|isenção,288,-1.44153,-0.652919,-0.62863,-0.0145054
heurísticas|isenção,289,-1.44089,-0.652631,-0.628867,-0.0141979
heurísticas|isenção,290,-1.44038,-0.652398,-0.628744,-0.0145713
heurísticas|isenção,291,-1.43987,-0.652168,-0.628574,-0.015421
heurísticas|isenção,292,-1.43928,-0.651901,-0.628038,-0.016266
heurísticas|isenção,293,-1.43864,-0.651608,-0.627592,-0.0167905
heurísticas|isenção,294,-1.43801,-0.651323,-0.627638,-0.0168149
heurísticas|isenção,295,-1.43745,-0.651068,-0.626962,-0.0180358
heurísticas|isenção,296,-1.43679,-0.650764,-0.626902,-0.0182598
heurísticas|isenção,297,-1.43615,-0.650477,-0.626461,-0.0187118
heurísticas|isenção,298,-1.43555,-0.650201,-0.626032,-0.0196474
heurísticas|isenção,299,-1.43486,-0.649887,-0.625901,-0.0191779
heurísticas|isenção,300,-1.43434,-0.649653,-0.62556,-0.0200005
heurísticas|isenção,301,-1.43377,-0.649391,-0.625312,-0.0201844
heurísticas|isenção,302,-1.43325,-0.649155,-0.624998,-0.0203876
heurísticas|isenção,303,-1.43278,-0.648945,-0.62492,-0.0213075
heurísticas|isenção,304,-1.43221,-0.648685,-0.624444,-0.0216829
heurísticas|isenção,305,-1.43167,-0.648438,-0.624174,-0.0223139
heurísticas|isenção,306,-1.4311,-0.648178,-0.624036,-0.0224754
heurísticas|isenção,307,-1.43057,-0.647939,-0.623616,-0.02247
heurísticas|isenção,308,-1.43015,-0.647747,-0.623404,-0.0232874
heurísticas|isenção,309,-1.42964,-0.647515,-0.622874,-0.0227607
heurísticas|isenção,310,-1.42935,-0.647381,-0.622711,-0.0232595
heurísticas|isenção,311,-1.42902,-0.647233,-0.622243,-0.023625
heurísticas|isenção,312,-1.42872,-0.647095,-0.621977,-0.0237089
heurísticas|isenção,313,-1.42847,-0.646984,-0.621665,-0.0239836
heurísticas|isenção,314,-1.42825,-0.646882,-0.621578,-0.0247171
heurísticas|isenção,315,-1.42794,-0.64674,-0.620979,-0.0254048
heurísticas|isenção,316,-1.42759,-0.646583,-0.621108,-0.0260812
heurísticas|isenção,317,-1.42716,-0.646385,-0.621142,-0.0267727
heurísticas|isenção,318,-1.42664,-0.646153,-0.620883,-0.0271695
heurísticas|isenção,319,-1.42614,-0.645923,-0.620567,-0.027957
heurísticas|isenção,320,-1.42556,-0.645659,-0.620485,-0.0281663
heurísticas|isenção,321,-1.42501,-0.645409,-0.619823,-0.0288813
heurísticas|isenção,322,-1.42443,-0.645145,-0.61953,-0.0288735
heurísticas|isenção,323,-1.42393,-0.644919,-0.619176,-0.0291734
heurísticas|isenção,324,-1.42346,-0.644705,-0.618702,-0.0296208
heurísticas|isenção,325,-1.42299,-0.644493,-0.618556,-0.0298312
heurísticas|isenção,326,-1.42255,-0.644291,-0.617927,-0.0295325
heurísticas|isenção,327,-1.42227,-0.644162,-0.617702,-0.0296595
heurísticas|isenção,328,-1.42202,-0.644049,-0.617879,-0.0299753
heurísticas|isenção,329,-1.42174,-0.643921,-0.617255,-0.0305951
heurísticas|isenção,330,-1.42142,-0.643777,-0.617343,-0.0312069
heurísticas|isenção,331,-1.42103,-0.643599,-0.61734,-0.0315214
heurísticas|isenção,332,-1.42062,-0.643412,-0.616836,-0.0316884
heurísticas|isenção,333,-1.42027,-0.643253,-0.616224,-0.0315469
heurísticas|isenção,334,-1.42003,-0.643144,-0.616136,-0.0318492
heurísticas|isenção,335,-1.41977,-0.643029,-0.616413,-0.032533
heurísticas|isenção,336,-1.41941,-0.642861,-0.615957,-0.0328611
heurísticas|isenção,337,-1.41905,-0.6427,-0.615179,-0.0327019
heurísticas|isenção,338,-1.41883,-0.642599,-0.615227,-0.0331893
heurísticas|isenção,339,-1.41855,-0.642473,-0.615174,-0.0334968
heurísticas|isenção,340,-1.41825,-0.642338,-0.614348,-0.0334962
heurísticas|isenção,341,-1.41805,-0.642245,-0.614292,-0.0335836
heurísticas|isenção,342,-1.41786,-0.64216,-0.614208,-0.0335415
heurísticas|isenção,343,-1.41771,-0.642092,-0.613862,-0.0335758
heurísticas|isenção,344,-1.41762,-0.642048,-0.61419,-0.0345691
heurísticas|isenção,345,-1.41732,-0.641914,-0.613998,-0.0345489
heurísticas|isenção,346,-1.41709,-0.641806,-0.613794,-0.0353048
heurísticas|isenção,347,-1.41674,-0.64165,-0.613777,-0.0354092
heurísticas|isenção,348,-1.41641,-0.641499,-0.613365,-0.0349155
heurísticas|isenção,349,-1.41625,-0.641427,-0.613052,-0.0349048
heurísticas|isenção,350,-1.41614,-0.641378,-0.612782,-0.035101
heurísticas|isenção,351,-1.41604,-0.641333,-0.613114,-0.0354526
heurísticas|isenção,352,-1.41588,-0.641258,-0.612847,-0.0355174
heurísticas|isenção,353,-1.41575,-0.641198,-0.612515,-0.0361656
heurísticas|isenção,354,-1.41554,-0.641102,-0.612597,-0.0365033
heurísticas|isenção,355,-1.41527,-0.640982,-0.612458,-0.0369715
heurísticas|isenção,356,-1.41495,-0.640837,-0.611958,-0.0373001
heurísticas|isenção,357,-1.41464,-0.640692,-0.612085,-0.0371303
heurísticas|isenção,358,-1.41438,-0.640575,-0.611703,-0.0379037
heurísticas|isenção,359,-1.41402,-0.640412,-0.611704,-0.0380362
heurísticas|isenção,360,-1.41366,-0.640251,-0.611405,-0.0384498
heurísticas|isenção,361,-1.41329,-0.640079,-0.611456,-0.0384104
heurísticas|isenção,362,-1.41295,-0.639924,-0.611425,-0.038268
heurísticas|isenção,363,-1.41267,-0.6398,-0.611229,-0.0387143
heurísticas|isenção,364,-1.41235,-0.639655,-0.61104,-0.0386902
heurísticas|isenção,365,-1.41209,-0.639534,-0.610739,-0.0390803
heurísticas|isenção,366,-1.4118,-0.639401,-0.610598,-0.0395779
heurísticas|isenção,367,-1.41144,-0.639242,-0.610714,-0.0394002
heurísticas|isenção,368,-1.41116,-0.63911,-0.610446,-0.04002
heurísticas|isenção,369,-1.41079,-0.638945,-0.610104,-0.0405244
heurísticas|isenção,370,-1.41039,-0.638762,-0.610379,-0.040016
heurísticas|isenção,371,-1.4101,-0.638628,-0.609761,-0.0397135
heurísticas|isenção,372,-1.40994,-0.638557,-0.61014,-0.0402933
heurísticas|isenção,373,-1.40966,-0.63843,-0.609853,-0.0407176
heurísticas|isenção,374,-1.40935,-0.638291,-0.609472,-0.0406921
heurísticas|isenção,375,-1.40912,-0.638183,-0.609487,-0.041165
heurísticas|isenção,376,-1.40882,-0.638046,-0.609273,-0.0417206
heurísticas|isenção,377,-1.40845,-0.637881,-0.608976,-0.0423165
heurísticas|isenção,378,-1.40802,-0.637685,-0.609157,-0.0419361
heurísticas|isenção,379,-1.40769,-0.637534,-0.60847,-0.041782
heurísticas|isenção,380,-1.40747,-0.637434,-0.60873,-0.0425493
heurísticas|isenção,381,-1.40711,-0.637272,-0.60807,-0.0421493
heurísticas|isenção,382,-1.40691,-0.63718,-0.607958,-0.0422679
heurísticas|isenção,383,-1.40672,-0.637092,-0.607869,-0.0423915
heurísticas|isenção,384,-1.40653,-0.637009,-0.607899,-0.0428837
heurísticas|isenção,385,-1.40628,-0.636891,-0.607606,-0.0428475
heurísticas|isenção,386,-1.40607,-0.636799,-0.607661,-0.0438009
heurísticas|isenção,387,-1.40571,-0.636634,-0.607046,-0.043153
heurísticas|isenção,388,-1.40555,-0.636561,-0.607133,-0.044676
heurísticas|isenção,389,-1.40511,-0.63636,-0.607062,-0.0451385
heurísticas|isenção,390,-1.40461,-0.636133,-0.60726,-0.0449421
heurísticas|isenção,391,-1.40417,-0.635934,-0.607123,-0.0449099
heurísticas|isenção,392,-1.40379,-0.635761,-0.606235,-0.0447711
heurísticas|isenção,393,-1.40354,-0.635647,-0.605995,-0.0448264
heurísticas|isenção,394,-1.40333,-0.63555,-0.605585,-0.044935
heurísticas|isenção,395,-1.40315,-0.635471,-0.605732,-0.0451517
heurísticas|isenção,396,-1.40294,-0.635373,-0.605997,-0.0459872
heurísticas|isenção,397,-1.40256,-0.635202,-0.605873,-0.0462167
heurísticas|isenção,398,-1.40219,-0.635032,-0.604963,-0.0462124
heurísticas|isenção,399,-1.40191,-0.634908,-0.604794,-0.0462861
heurísticas|isenção,400,-1.40166,-0.634794,-0.604528,-0.0459027
heurísticas|isenção,401,-1.40153,-0.634735,-0.604478,-0.0464291
heurísticas|isenção,402,-1.40132,-0.634638,-0.604208,-0.0465484
heurísticas|isenção,403,-1.40112,-0.63455,-0.60409,-0.0466426
heurísticas|isenção,404,-1.40094,-0.634464,-0.603892,-0.0469262
heurísticas|isenção,405,-1.40073,-0.634369,-0.60359,-0.0473785
heurísticas|isenção,406,-1.40047,-0.634253,-0.603632,-0.0464807
heurísticas|isenção,407,-1.40041,-0.634222,-0.603587,-0.0467812
heurísticas|isenção,408,-1.40029,-0.634171,-0.603478,-0.0474116
heurísticas|isenção,409,-1.40008,-0.634076,-0.603413,-0.0469637
heurísticas|isenção,410,-1.39999,-0.634033,-0.60324,-0.0478019
heurísticas|isenção,411,-1.39976,-0.633928,-0.60343,-0.0479644
heurísticas|isenção,412,-1.3995,-0.63381,-0.603338,-0.0478678
heurísticas|isenção,413,-1.39928,-0.633712,-0.603014,-0.0477068
heurísticas|isenção,414,-1.39915,-0.63365,-0.603042,-0.0474773
heurísticas|isenção,415,-1.39906,-0.633612,-0.602817,-0.0474738
heurísticas|isenção,416,-1.39901,-0.63359,-0.602815,-0.0480013
heurísticas|isenção,417,-1.39887,-0.633524,-0.602795,-0.0483357
heurísticas|isenção,418,-1.39868,-0.633437,-0.602736,-0.0483597
heurísticas|isenção,419,-1.39851,-0.63336,-0.602781,-0.0482135
heurísticas|isenção,420,-1.39838,-0.633301,-0.602827,-0.0480265
heurísticas|isenção,421,-1.39829,-0.633263,-0.60255,-0.047874
heurísticas|isenção,422,-1.39828,-0.633258,-0.60249,-0.0476906
heurísticas|isenção,423,-1.39832,-0.633275,-0.602551,-0.0491038
heurísticas|isenção,424,-1.39809,-0.633168,-0.602564,-0.04896
heurísticas|isenção,425,-1.3979,-0.633082,-0.602554,-0.0493151
heurísticas|isenção,426,-1.39767,-0.632978,-0.602149,-0.0495208
heurísticas|isenção,427,-1.39745,-0.632879,-0.601715,-0.0495063
heurísticas|isenção,428,-1.39729,-0.632807,-0.601719,-0.0488398
heurísticas|isenção,429,-1.39727,-0.632799,-0.601559,-0.0486647
heurísticas|isenção,430,-1.39732,-0.632819,-0.601325,-0.0492086
heurísticas|isenção,431,-1.39728,-0.6328,-0.601282,-0.0501321
heurísticas|isenção,432,-1.39707,-0.632704,-0.60137,-0.0500266
heurísticas|isenção,433,-1.39688,-0.632621,-0.601181,-0.0499916
heurísticas|isenção,434,-1.39673,-0.632553,-0.601023,-0.0495873
heurísticas|isenção,435,-1.3967,-0.632536,-0.600625,-0.0499126
heurísticas|isenção,436,-1.39663,-0.632507,-0.600768,-0.0502395
heurísticas|isenção,437,-1.39649,-0.632443,-0.600822,-0.0502261
heurísticas|isenção,438,-1.39636,-0.632382,-0.600692,-0.0506454
heurísticas|isenção,439,-1.39616,-0.632293,-0.60086,-0.04973
heurísticas|isenção,440,-1.39615,-0.632286,-0.600734,-0.0503078
heurísticas|isenção,441,-1.39603,-0.632235,-0.600392,-0.0507635
heurísticas|isenção,442,-1.39587,-0.632162,-0.600198,-0.0510429
heurísticas|isenção,443,-1.39568,-0.632076,-0.600661,-0.0518349
heurísticas|isenção,444,-1.39533,-0.631913,-0.600338,-0.0525194
heurísticas|isenção,445,-1.39487,-0.631707,-0.599791,-0.0521533
heurísticas|isenção,446,-1.39455,-0.63156,-0.599698,-0.0510965
heurísticas|isenção,447,-1.39446,-0.631519,-0.599571,-0.0514946
heurísticas|isenção,448,-1.39431,-0.63145,-0.599654,-0.0509118
heurísticas|isenção,449,-1.39428,-0.631438,-0.599612,-0.0508049
heurísticas|isenção,450,-1.39429,-0.631441,-0.599438,-0.0514871
heurísticas|isenção,451,-1.39417,-0.631389,-0.599549,-0.0507737
heurísticas|isenção,452,-1.3942,-0.631403,-0.599475,-0.0509427
heurísticas|isenção,453,-1.39422,-0.631409,-0.599572,-0.0512028
heurísticas|isenção,454,-1.39417,-0.631389,-0.599609,-0.0507326
heurísticas|isenção,455,-1.39422,-0.63141,-0.599781,-0.0515784
heurísticas|isenção,456,-1.39409,-0.631353,-0.599363,-0.0515927
heurísticas|isenção,457,-1.39402,-0.631319,-0.599428,-0.0512702
heurísticas|isenção,458,-1.39401,-0.631313,-0.599419,-0.0511078
heurísticas|isenção,459,-1.39403,-0.631324,-0.599316,-0.0506931
heurísticas|isenção,460,-1.39415,-0.631377,-0.598846,-0.0507973
heurísticas|isenção,461,-1.39428,-0.631438,-0.598846,-0.0512574
heurísticas|isenção,462,-1.39432,-0.631455,-0.598867,-0.051343
heurísticas|isenção,463,-1.39434,-0.631465,-0.598856,-0.0514327
heurísticas|isenção,464,-1.39434,-0.631466,-0.598652,-0.0513133
heurísticas|isenção,465,-1.39439,-0.631487,-0.598569,-0.051885
heurísticas|isenção,466,-1.39433,-0.631459,-0.598468,-0.0516895
heurísticas|isenção,467,-1.39431,-0.631452,-0.598665,-0.0524423
heurísticas|isenção,468,-1.39414,-0.631372,-0.598542,-0.0520853
heurísticas|isenção,469,-1.39405,-0.631332,-0.598276,-0.0515339
heurísticas|isenção,470,-1.39409,-0.631353,-0.598365,-0.0515442
heurísticas|isenção,471,-1.39412,-0.631364,-0.598063,-0.052306
heurísticas|isenção,472,-1.39401,-0.631315,-0.598093,-0.0524226
heurísticas|isenção,473,-1.39388,-0.631255,-0.597829,-0.0520121
heurísticas|isenção,474,-1.39385,-0.631243,-0.598035,-0.0518446
heurísticas|isenção,475,-1.39384,-0.631237,-0.598009,-0.0513369
heurísticas|isenção,476,-1.39393,-0.631278,-0.597951,-0.0510138
heurísticas|isenção,477,-1.39408,-0.631349,-0.598137,-0.0513968
heurísticas|isenção,478,-1.39414,-0.631374,-0.598268,-0.0511395
heurísticas|isenção,479,-1.39423,-0.631416,-0.598211,-0.0510774
heurísticas|isenção,480,-1.39433,-0.631462,-0.598181,-0.0515903
heurísticas|isenção,481,-1.39433,-0.631461,-0.598312,-0.0521999
heurísticas|isenção,482,-1.3942,-0.631402,-0.598265,-0.0514782
heurísticas|isenção,483,-1.39422,-0.631411,-0.598236,-0.0508352
heurísticas|isenção,484,-1.39436,-0.631474,-0.598182,-0.0511996
heurísticas|isenção,485,-1.39443,-0.631505,-0.597863,-0.0510484
heurísticas|isenção,486,-1.39456,-0.631564,-0.597866,-0.0516765
heurísticas|isenção,487,-1.39455,-0.63156,-0.598006,-0.0514614
heurísticas|isenção,488,-1.39457,-0.631569,-0.598131,-0.0508248
heurísticas|isenção,489,-1.3947,-0.631627,-0.598195,-0.0510854
heurísticas|isenção,490,-1.39476,-0.631654,-0.598201,-0.0516033
heurísticas|isenção,491,-1.39471,-0.631632,-0.598118,-0.0514276
heurísticas|isenção,492,-1.3947,-0.631628,-0.598236,-0.0513214
heurísticas|isenção,493,-1.3947,-0.63163,-0.598295,-0.0506268
heurísticas|isenção,494,-1.39483,-0.63169,-0.598308,-0.0512671
heurísticas|isenção,495,-1.39483,-0.631688,-0.59839,-0.0515269
heurísticas|isenção,496,-1.39476,-0.631657,-0.598584,-0.0511833
heurísticas|isenção,497,-1.39475,-0.631651,-0.598319,-0.0512379
heurísticas|isenção,498,-1.39475,-0.63165,-0.598283,-0.0508959
heurísticas|isenção,499,-1.39481,-0.63168,-0.598451,-0.0505073
heurísticas|isenção,500,-1.39493,-0.631733,-0.598311,-0.0507075
heurísticas|isenção,501,-1.39502,-0.631773,-0.598184,-0.0508558
heurísticas|isenção,502,-1.39508,-0.631801,-0.59838,-0.0508272
heurísticas|isenção,503,-1.39513,-0.631822,-0.598472,-0.0510726
heurísticas|isenção,504,-1.39511,-0.631817,-0.598524,-0.0504675
heurísticas|isenção,505,-1.39522,-0.631864,-0.598363,-0.0503213
heurísticas|isenção,506,-1.39536,-0.631927,-0.598575,-0.0500916
heurísticas|isenção,507,-1.3955,-0.631994,-0.598562,-0.04991
heurísticas|isenção,508,-1.39568,-0.632076,-0.598552,-0.0501207
heurísticas|isenção,509,-1.39582,-0.632136,-0.598839,-0.0496823
heurísticas|isenção,510,-1.396,-0.632219,-0.5989,-0.0496366
heurísticas|isenção,511,-1.39617,-0.632297,-0.598914,-0.0500025
heurísticas|isenção,512,-1.39626,-0.632337,-0.598868,-0.0495502
heurísticas|isenção,513,-1.39643,-0.632417,-0.599058,-0.0491885
heurísticas|isenção,514,-1.39666,-0.632519,-0.599038,-0.0493679
heurísticas|isenção,515,-1.39683,-0.632597,-0.598917,-0.0492529
heurísticas|isenção,516,-1.39702,-0.632685,-0.599033,-0.04891
heurísticas|isenção,517,-1.39726,-0.632792,-0.599049,-0.0489945
heurísticas|isenção,518,-1.39746,-0.632884,-0.599209,-0.0486993
heurísticas|isenção,519,-1.39769,-0.63299,-0.599191,-0.0486175
heurísticas|isenção,520,-1.39793,-0.633096,-0.599082,-0.0492459
heurísticas|isenção,521,-1.39803,-0.633142,-0.599187,-0.0488265
heurísticas|isenção,522,-1.39819,-0.633216,-0.599122,-0.0489884
heurísticas|isenção,523,-1.39831,-0.633272,-0.599486,-0.0485497
heurísticas|isenção,524,-1.39848,-0.633346,-0.600292,-0.0494817
heurísticas|isenção,525,-1.39838,-0.633304,-0.599504,-0.0492525
heurísticas|isenção,526,-1.39839,-0.633306,-0.599604,-0.0490089
heurísticas|isenção,527,-1.39843,-0.633325,-0.599643,-0.0487443
heurísticas|isenção,528,-1.39851,-0.63336,-0.599693,-0.0482789
heurísticas|isenção,529,-1.39866,-0.633429,-0.599598,-0.0478898
heurísticas|isenção,530,-1.39889,-0.633532,-0.599968,-0.0485701
heurísticas|isenção,531,-1.39893,-0.633553,-0.600571,-0.0491501
heurísticas|isenção,532,-1.39882,-0.633501,-0.599732,-0.0486835
heurísticas|isenção,533,-1.39886,-0.63352,-0.599603,-0.0484891
heurísticas|isenção,534,-1.39894,-0.633557,-0.599794,-0.0483819
heurísticas|isenção,535,-1.39902,-0.633592,-0.599921,-0.0485672
heurísticas|isenção,536,-1.39904,-0.633603,-0.600109,-0.0486676
heurísticas|isenção,537,-1.39902,-0.633592,-0.600133,-0.0485149
heurísticas|isenção,538,-1.39902,-0.633591,-0.599984,-0.0481979
heurísticas|isenção,539,-1.39908,-0.633621,-0.599987,-0.0473398
heurísticas|isenção,540,-1.39931,-0.633726,-0.60024,-0.0471226
heurísticas|isenção,541,-1.39955,-0.633834,-0.600387,-0.047805
heurísticas|isenção,542,-1.39962,-0.633867,-0.600337,-0.047854
heurísticas|isenção,543,-1.39968,-0.633894,-0.600414,-0.0482554
heurísticas|isenção,544,-1.39965,-0.633877,-0.600721,-0.049209
heurísticas|isenção,545,-1.3994,-0.633767,-0.600936,-0.0488709
heurísticas|isenção,546,-1.39922,-0.633685,-0.601033,-0.0489132
heurísticas|isenção,547,-1.39903,-0.633599,-0.600186,-0.0485634
heurísticas|isenção,548,-1.39897,-0.633571,-0.600782,-0.0493511
heurísticas|isenção,549,-1.39871,-0.633452,-0.600631,-0.0494875
heurísticas|isenção,550,-1.39844,-0.633329,-0.600467,-0.049421
heurísticas|isenção,551,-1.39821,-0.633224,-0.599908,-0.0492836
heurísticas|isenção,552,-1.39806,-0.633155,-0.599656,-0.0490429
heurísticas|isenção,553,-1.39797,-0.633117,-0.599769,-0.0489123
heurísticas|isenção,554,-1.39791,-0.633086,-0.599955,-0.04806
heurísticas|isenção,555,-1.39799,-0.633125,-0.599934,-0.0485369
heurísticas|isenção,556,-1.39798,-0.633119,-0.600064,-0.048525
heurísticas|isenção,557,-1.39796,-0.633109,-0.599946,-0.0478483
heurísticas|isenção,558,-1.39808,-0.633164,-0.600145,-0.048591
heurísticas|isenção,559,-1.39804,-0.633145,-0.600206,-0.0481856
heurísticas|isenção,560,-1.39807,-0.633161,-0.600167,-0.0490852
heurísticas|isenção,561,-1.39793,-0.633097,-0.600159,-0.0486226
heurísticas|isenção,562,-1.39789,-0.633077,-0.600234,-0.0487157
heurísticas|isenção,563,-1.39782,-0.633045,-0.600197,-0.0490764
heurísticas|isenção,564,-1.39768,-0.632984,-0.600198,-0.0486571
heurísticas|isenção,565,-1.39764,-0.632964,-0.60017,-0.0477472
heurísticas|isenção,566,-1.39778,-0.633028,-0.600354,-0.0477791
heurísticas|isenção,567,-1.39789,-0.633079,-0.600157,-0.0479803
heurísticas|isenção,568,-1.39798,-0.633118,-0.599872,-0.0480707
heurísticas|isenção,569,-1.39807,-0.63316,-0.599969,-0.047867
heurísticas|isenção,570,-1.39819,-0.633215,-0.599913,-0.0480604
heurísticas|isenção,571,-1.39827,-0.633251,-0.599977,-0.048313
heurísticas|isenção,572,-1.39829,-0.633261,-0.599687,-0.0484478
heurísticas|isenção,573,-1.3983,-0.633267,-0.599446,-0.0486299
heurísticas|isenção,574,-1.3983,-0.633265,-0.599638,-0.0476909
heurísticas|isenção,575,-1.39846,-0.633338,-0.599774,-0.0469967
heurísticas|isenção,576,-1.39874,-0.633465,-0.599827,-0.047622
heurísticas|isenção,577,-1.39887,-0.633526,-0.600094,-0.0477536
heurísticas|isenção,578,-1.39894,-0.633557,-0.600211,-0.0478188
heurísticas|isenção,579,-1.39898,-0.633576,-0.60057,-0.0475069
heurísticas|isenção,580,-1.39905,-0.633608,-0.600603,-0.0474783
heurísticas|isenção,581,-1.39912,-0.633639,-0.600824,-0.0475597
heurísticas|isenção,582,-1.39915,-0.633652,-0.600832,-0.0471634
heurísticas|isenção,583,-1.39925,-0.633699,-0.600889,-0.0472116
heurísticas|isenção,584,-1.39934,-0.633738,-0.599412,-0.0460032
heurísticas|isenção,585,-1.39976,-0.63393,-0.599605,-0.0456646
heurísticas|isenção,586,-1.40021,-0.634135,-0.600842,-0.046177
heurísticas|isenção,587,-1.40047,-0.63425,-0.601044,-0.0464917
heurísticas|isenção,588,-1.40062,-0.634322,-0.601163,-0.0463459
heurísticas|isenção,589,-1.40079,-0.634398,-0.60117,-0.0467431
heurísticas|isenção,590,-1.40087,-0.634432,-0.601123,-0.0466478
heurísticas|isenção,591,-1.40096,-0.634475,-0.601105,-0.047028
heurísticas|isenção,592,-1.40097,-0.634477,-0.600995,-0.0471871
heurísticas|isenção,593,-1.40094,-0.634467,-0.601005,-0.046324
heurísticas|isenção,594,-1.40109,-0.634533,-0.600656,-0.0461098
heurísticas|isenção,595,-1.40129,-0.634625,-0.600691,-0.046358
heurísticas|isenção,596,-1.40143,-0.634687,-0.600765,-0.0459909
heurísticas|isenção,597,-1.40161,-0.634769,-0.601104,-0.0465032
heurísticas|isenção,598,-1.40164,-0.634785,-0.600914,-0.0463575
heurísticas|isenção,599,-1.40171,-0.634817,-0.600625,-0.0464743
informação rígida|uniforme,0,0,0,0.275386,-1.15162
informação rígida|uniforme,1,-0.0187657,-0.00846638,0.271927,-1.13698
informação rígida|uniforme,2,-0.0378412,-0.0170734,0.269118,-1.12211
informação rígida|uniforme,3,-0.0572789,-0.0258448,0.266463,-1.10695
informação rígida|uniforme,4,-0.0770994,-0.0347899,0.264154,-1.09143
informação rígida|uniforme,5,-0.0973439,-0.0439273,0.261739,-1.07561
informação rígida|uniforme,6,-0.118014,-0.0532577,0.259139,-1.05947
informação rígida|uniforme,7,-0.139108,-0.0627808,0.256318,-1.04298
informação rígida|uniforme,8,-0.160625,-0.0724961,0.253291,-1.02613
informação rígida|uniforme,9,-0.182568,-0.0824049,0.249834,-1.00907
informação rígida|uniforme,10,-0.204899,-0.0924897,0.24597,-0.99164
informação rígida|uniforme,11,-0.227609,-0.102748,0.24179,-0.973845
informação rígida|uniforme,12,-0.250696,-0.113177,0.237161,-0.955758
informação rígida|uniforme,13,-0.274142,-0.123769,0.232218,-0.937431
informação rígida|uniforme,14,-0.297924,-0.134515,0.226787,-0.91875
informação rígida|uniforme,15,-0.322033,-0.14541,0.221064,-0.899885
informação rígida|uniforme,16,-0.346445,-0.156444,0.214879,-0.880725
informação rígida|uniforme,17,-0.371153,-0.167612,0.208464,-0.861497
informação rígida|uniforme,18,-0.396119,-0.178899,0.201578,-0.841554
informação rígida|uniforme,19,-0.421392,-0.190327,0.194373,-0.821769
informação rígida|uniforme,20,-0.446904,-0.201863,0.186865,-0.801691
informação rígida|uniforme,21,-0.472654,-0.21351,0.179057,-0.781227
informação rígida|uniforme,22,-0.498662,-0.225274,0.170922,-0.760984
informação rígida|uniforme,23,-0.524851,-0.237122,0.162444,-0.740362
informação rígida|uniforme,24,-0.551236,-0.249061,0.153569,-0.719957
informação rígida|uniforme,25,-0.577737,-0.261054,0.144275,-0.698864
informação rígida|uniforme,26,-0.604411,-0.273127,0.13477,-0.678116
informação rígida|uniforme,27,-0.631172,-0.285241,0.12505,-0.656857
informação rígida|uniforme,28,-0.65808,-0.297423,0.115134,-0.635675
informação rígida|uniforme,29,-0.685093,-0.309655,0.104847,-0.614581
informação rígida|uniforme,30,-0.712161,-0.321913,0.0943633,-0.593473
informação rígida|uniforme,31,-0.739264,-0.33419,0.0835414,-0.571762
informação rígida|uniforme,32,-0.76646,-0.34651,0.0725487,-0.549997
informação rígida|uniforme,33,-0.793752,-0.358875,0.0612621,-0.528607
informação rígida|uniforme,34,-0.821044,-0.371243,0.0497152,-0.506747
informação rígida|uniforme,35,-0.848388,-0.383635,0.0380345,-0.485334
informação rígida|uniforme,36,-0.8757,-0.396016,0.0260177,-0.463833
informação rígida|uniforme,37,-0.902978,-0.408382,0.0138141,-0.441814
informação rígida|uniforme,38,-0.930292,-0.420767,0.00148761,-0.420218
informação rígida|uniforme,39,-0.957561,-0.433133,-0.0109035,-0.397995
informação rígida|uniforme,40,-0.984886,-0.445527,-0.0239098,-0.376178
informação rígida|uniforme,41,-1.01217,-0.457904,-0.0367734,-0.354897
informação rígida|uniforme,42,-1.03935,-0.470237,-0.04985,-0.333343
informação rígida|uniforme,43,-1.06646,-0.482539,-0.0629827,-0.312671
informação rígida|uniforme,44,-1.09337,-0.494748,-0.0760889,-0.291665
informação rígida|uniforme,45,-1.12012,-0.50689,-0.0894773,-0.270018
informação rígida|uniforme,46,-1.14681,-0.519007,-0.103156,-0.248649
informação rígida|uniforme,47,-1.17338,-0.531074,-0.116749,-0.228003
informação rígida|uniforme,48,-1.19974,-0.543041,-0.130567,-0.206912
informação rígida|uniforme,49,-1.22596,-0.55495,-0.144641,-0.186179
informação rígida|uniforme,50,-1.25197,-0.566763,-0.15842,-0.165532
informação rígida|uniforme,51,-1.27779,-0.578496,-0.17255,-0.144521
informação rígida|uniforme,52,-1.30348,-0.590168,-0.18676,-0.123612
informação rígida|uniforme,53,-1.32904,-0.601785,-0.20088,-0.104259
informação rígida|uniforme,54,-1.35425,-0.613242,-0.214923,-0.084394
informação rígida|uniforme,55,-1.37921,-0.624587,-0.229003,-0.0644158
informação rígida|uniforme,56,-1.40396,-0.635839,-0.243583,-0.0446944
informação rígida|uniforme,57,-1.42844,-0.646968,-0.257726,-0.0250976
informação rígida|uniforme,58,-1.45267,-0.657988,-0.272223,-0.0053402
informação rígida|uniforme,59,-1.4767,-0.668915,-0.286448,0.0135343
informação rígida|uniforme,60,-1.50043,-0.679711,-0.30075,0.0325167
informação rígida|uniforme,61,-1.5239,-0.690386,-0.315079,0.0508145
informação rígida|uniforme,62,-1.547,-0.700896,-0.32927,0.0695669
informação rígida|uniforme,63,-1.56986,-0.711299,-0.343413,0.0883015
informação rígida|uniforme,64,-1.59251,-0.721607,-0.357976,0.106743
informação rígida|uniforme,65,-1.61489,-0.731794,-0.372636,0.124419
informação rígida|uniforme,66,-1.6369,-0.741813,-0.386763,0.140673
informação rígida|uniforme,67,-1.65838,-0.751592,-0.400875,0.15874
informação rígida|uniforme,68,-1.67966,-0.761285,-0.415237,0.175305
informação rígida|uniforme,69,-1.70051,-0.770779,-0.429158,0.191999
informação rígida|uniforme,70,-1.72102,-0.78012,-0.443585,0.20958
informação rígida|uniforme,71,-1.74132,-0.789364,-0.457663,0.225918
informação rígida|uniforme,72,-1.76127,-0.798453,-0.471842,0.241341
informação rígida|uniforme,73,-1.78077,-0.807336,-0.485512,0.256332
informação rígida|uniforme,74,-1.79982,-0.816016,-0.49912,0.272283
informação rígida|uniforme,75,-1.81862,-0.824582,-0.513206,0.286981
informação rígida|uniforme,76,-1.83694,-0.832934,-0.52705,0.301545
informação rígida|uniforme,77,-1.85484,-0.841088,-0.541097,0.315899
informação rígida|uniforme,78,-1.87227,-0.849038,-0.55469,0.330389
informação rígida|uniforme,79,-1.88938,-0.856833,-0.568362,0.343287
informação rígida|uniforme,80,-1.90591,-0.864372,-0.581941,0.357297
informação rígida|uniforme,81,-1.9221,-0.871753,-0.595075,0.370314
informação rígida|uniforme,82,-1.93786,-0.878941,-0.608249,0.38262
informação rígida|uniforme,83,-1.95314,-0.885907,-0.621275,0.39523
informação rígida|uniforme,84,-1.96803,-0.892697,-0.634381,0.406674
informação rígida|uniforme,85,-1.98237,-0.899238,-0.646954,0.418672
informação rígida|uniforme,86,-1.99633,-0.905605,-0.660189,0.430478
informação rígida|uniforme,87,-2.00987,-0.911784,-0.672177,0.441375
informação rígida|uniforme,88,-2.02301,-0.917778,-0.685082,0.452479
informação rígida|uniforme,89,-2.03574,-0.923588,-0.696819,0.462713
informação rígida|uniforme,90,-2.04806,-0.929209,-0.709257,0.472339
informação rígida|uniforme,91,-2.05985,-0.934589,-0.720738,0.480532
informação rígida|uniforme,92,-2.071,-0.939675,-0.731977,0.490186
informação rígida|uniforme,93,-2.08181,-0.944607,-0.743438,0.498626
informação rígida|uniforme,94,-2.0921,-0.949304,-0.754526,0.507305
informação rígida|uniforme,95,-2.10199,-0.953819,-0.76543,0.515317
informação rígida|uniforme,96,-2.11144,-0.958132,-0.776765,0.523868
informação rígida|uniforme,97,-2.12053,-0.96228,-0.787786,0.53149
informação rígida|uniforme,98,-2.12919,-0.966234,-0.797616,0.537084
informação rígida|uniforme,99,-2.13722,-0.969902,-0.808056,0.544708
informação rígida|uniforme,100,-2.14496,-0.973435,-0.818458,0.551412
informação rígida|uniforme,101,-2.15229,-0.976783,-0.828346,0.556056
informação rígida|uniforme,102,-2.15897,-0.97983,-0.837721,0.562085
informação rígida|uniforme,103,-2.16531,-0.982724,-0.847193,0.566301
informação rígida|uniforme,104,-2.17104,-0.985343,-0.856425,0.571695
informação rígida|uniforme,105,-2.17644,-0.987806,-0.865019,0.57523
informação rígida|uniforme,106,-2.18128,-0.990019,-0.873232,0.578606
informação rígida|uniforme,107,-2.18563,-0.992004,-0.881582,0.581851
informação rígida|uniforme,108,-2.18947,-0.993758,-0.889639,0.585643
informação rígida|uniforme,109,-2.19297,-0.995355,-0.897395,0.588969
informação rígida|uniforme,110,-2.19611,-0.996789,-0.905136,0.591062
informação rígida|uniforme,111,-2.19872,-0.997982,-0.91272,0.593376
informação rígida|uniforme,112,-2.2009,-0.998976,-0.920189,0.594972
informação rígida|uniforme,113,-2.20257,-0.99974,-0.92714,0.597514
informação rígida|uniforme,114,-2.204,-1.00039,-0.933661,0.598009
informação rígida|uniforme,115,-2.20493,-1.00082,-0.939684,0.598085
informação rígida|uniforme,116,-2.20536,-1.00101,-0.945511,0.598807
informação rígida|uniforme,117,-2.20545,-1.00106,-0.951224,0.599739
informação rígida|uniforme,118,-2.20528,-1.00098,-0.957041,0.599136
informação rígida|uniforme,119,-2.20461,-1.00067,-0.962776,0.599694
informação rígida|uniforme,120,-2.20369,-1.00025,-0.967987,0.59884
informação rígida|uniforme,121,-2.20236,-0.999646,-0.972715,0.596683
informação rígida|uniforme,122,-2.2005,-0.998796,-0.977483,0.596129
informação rígida|uniforme,123,-2.1984,-0.997836,-0.982097,0.595324
informação rígida|uniforme,124,-2.19606,-0.996769,-0.986402,0.592474
informação rígida|uniforme,125,-2.19322,-0.99547,-0.990878,0.590865
informação rígida|uniforme,126,-2.19009,-0.99404,-0.994511,0.586605
informação rígida|uniforme,127,-2.18634,-0.992328,-0.997907,0.584415
informação rígida|uniforme,128,-2.18237,-0.990516,-1.00127,0.581526
informação rígida|uniforme,129,-2.1781,-0.988564,-1.00466,0.579149
informação rígida|uniforme,130,-2.17363,-0.986524,-1.00793,0.575443
informação rígida|uniforme,131,-2.16879,-0.984313,-1.01101,0.571994
informação rígida|uniforme,132,-2.16367,-0.981975,-1.01319,0.568407
informação rígida|uniforme,133,-2.15837,-0.979555,-1.01613,0.563327
informação rígida|uniforme,134,-2.15259,-0.976919,-1.01834,0.5593
informação rígida|uniforme,135,-2.14662,-0.974191,-1.01978,0.553929
informação rígida|uniforme,136,-2.14031,-0.971311,-1.02138,0.54835
informação rígida|uniforme,137,-2.13365,-0.96827,-1.02312,0.543473
informação rígida|uniforme,138,-2.12677,-0.96513,-1.0249,0.537332
informação rígida|uniforme,139,-2.11948,-0.961803,-1.02606,0.531265
informação rígida|uniforme,140,-2.11187,-0.95833,-1.02648,0.525737
informação rígida|uniforme,141,-2.10411,-0.954786,-1.02707,0.518568
informação rígida|uniforme,142,-2.09596,-0.951066,-1.0275,0.511893
informação rígida|uniforme,143,-2.08753,-0.947221,-1.02725,0.505922
informação rígida|uniforme,144,-2.07902,-0.943336,-1.02732,0.498966
informação rígida|uniforme,145,-2.07025,-0.939332,-1.02684,0.49178
informação rígida|uniforme,146,-2.06126,-0.935229,-1.02636,0.483927
informação rígida|uniforme,147,-2.05195,-0.930984,-1.02553,0.476209
informação rígida|uniforme,148,-2.04241,-0.926629,-1.02443,0.468387
informação rígida|uniforme,149,-2.03264,-0.922172,-1.02298,0.460076
informação rígida|uniforme,150,-2.02263,-0.917605,-1.02153,0.451644
informação rígida|uniforme,151,-2.01237,-0.912922,-1.01979,0.442681
informação rígida|uniforme,152,-2.0018,-0.9081,-1.0177,0.435276
informação rígida|uniforme,153,-1.99123,-0.903281,-1.01563,0.426162
informação rígida|uniforme,154,-1.9804,-0.898341,-1.01344,0.417724
informação rígida|uniforme,155,-1.96943,-0.893339,-1.01129,0.409307
informação rígida|uniforme,156,-1.95834,-0.88828,-1.00877,0.400256
informação rígida|uniforme,157,-1.94708,-0.883143,-1.00597,0.391327
informação rígida|uniforme,158,-1.93569,-0.87795,-1.00276,0.381797
informação rígida|uniforme,159,-1.92413,-0.872678,-0.99962,0.372745
informação rígida|uniforme,160,-1.91248,-0.867366,-0.996584,0.363582
informação rígida|uniforme,161,-1.90072,-0.862005,-0.993264,0.354482
informação rígida|uniforme,162,-1.8889,-0.856616,-0.989993,0.344994
informação rígida|uniforme,163,-1.87696,-0.851171,-0.986282,0.334886
informação rígida|uniforme,164,-1.86484,-0.845648,-0.982501,0.325491
informação rígida|uniforme,165,-1.85268,-0.840106,-0.978667,0.31588
informação rígida|uniforme,166,-1.84045,-0.834531,-0.974785,0.306228
informação rígida|uniforme,167,-1.82815,-0.828926,-0.970765,0.296862
informação rígida|uniforme,168,-1.81585,-0.823321,-0.966272,0.285859
informação rígida|uniforme,169,-1.80333,-0.817615,-0.961788,0.275859
informação rígida|uniforme,170,-1.79075,-0.811886,-0.957292,0.266332
informação rígida|uniforme,171,-1.77821,-0.806171,-0.952233,0.255571
informação rígida|uniforme,172,-1.76555,-0.800402,-0.947307,0.245511
informação rígida|uniforme,173,-1.75287,-0.794626,-0.942001,0.234265
informação rígida|uniforme,174,-1.74002,-0.78877,-0.936671,0.224465
informação rígida|uniforme,175,-1.72723,-0.782945,-0.931496,0.21416
informação rígida|uniforme,176,-1.7144,-0.777104,-0.925995,0.203519
informação rígida|uniforme,177,-1.70152,-0.771237,-0.920147,0.19246
informação rígida|uniforme,178,-1.68853,-0.765324,-0.914604,0.182958
informação rígida|uniforme,179,-1.67568,-0.759469,-0.908935,0.172478
informação rígida|uniforme,180,-1.66279,-0.753603,-0.903333,0.163292
informação rígida|uniforme,181,-1.65008,-0.747817,-0.897369,0.153225
informação rígida|uniforme,182,-1.63743,-0.742053,-0.891828,0.143762
informação rígida|uniforme,183,-1.6249,-0.73635,-0.885787,0.132516
informação rígida|uniforme,184,-1.61223,-0.730586,-0.879723,0.122192
informação rígida|uniforme,185,-1.59959,-0.72483,-0.873762,0.112413
informação rígida|uniforme,186,-1.58703,-0.719114,-0.867825,0.102198
informação rígida|uniforme,187,-1.57448,-0.713402,-0.861731,0.0920748
informação rígida|uniforme,188,-1.56197,-0.707709,-0.855312,0.082224
informação rígida|uniforme,189,-1.54956,-0.702063,-0.849143,0.0720302
informação rígida|uniforme,190,-1.53717,-0.696424,-0.84266,0.0622954
informação rígida|uniforme,191,-1.52488,-0.690833,-0.836259,0.0525843
informação rígida|uniforme,192,-1.51268,-0.685285,-0.829597,0.0426757
informação rígida|uniforme,193,-1.50057,-0.679775,-0.823007,0.032639
informação rígida|uniforme,194,-1.4885,-0.674282,-0.816285,0.0227007
informação rígida|uniforme,195,-1.47648,-0.668816,-0.809425,0.0136092
informação rígida|uniforme,196,-1.46465,-0.663438,-0.802727,0.00425343
informação rígida|uniforme,197,-1.45296,-0.658118,-0.796131,-0.00531607
informação rígida|uniforme,198,-1.44133,-0.652829,-0.78938,-0.0145076
informação rígida|uniforme,199,-1.42984,-0.647604,-0.782487,-0.024411
informação rígida|uniforme,200,-1.41836,-0.642387,-0.775697,-0.0330404
informação rígida|uniforme,201,-1.40709,-0.637263,-0.768673,-0.0430246
informação rígida|uniforme,202,-1.39581,-0.632132,-0.761708,-0.0513771
informação rígida|uniforme,203,-1.38476,-0.627109,-0.754774,-0.0608493
informação rígida|uniforme,204,-1.37375,-0.622103,-0.747939,-0.0691033
informação rígida|uniforme,205,-1.36295,-0.617197,-0.741086,-0.0773812
informação rígida|uniforme,206,-1.35236,-0.612381,-0.734245,-0.0862877
informação rígida|uniforme,207,-1.34184,-0.607599,-0.727368,-0.094898
informação rígida|uniforme,208,-1.33143,-0.602867,-0.720556,-0.102947
informação rígida|uniforme,209,-1.3212,-0.59822,-0.713584,-0.110576
informação rígida|uniforme,210,-1.31122,-0.593686,-0.706711,-0.118031
informação rígida|uniforme,211,-1.3015,-0.589268,-0.699932,-0.126325
informação rígida|uniforme,212,-1.29186,-0.584888,-0.693222,-0.133967
informação rígida|uniforme,213,-1.2824,-0.580589,-0.686586,-0.141043
informação rígida|uniforme,214,-1.27318,-0.5764,-0.680081,-0.148437
informação rígida|uniforme,215,-1.26413,-0.57229,-0.67342,-0.156224
informação rígida|uniforme,216,-1.25518,-0.568223,-0.666849,-0.163596
informação rígida|uniforme,217,-1.24637,-0.564219,-0.660188,-0.170143
informação rígida|uniforme,218,-1.23781,-0.560334,-0.653892,-0.176507
informação rígida|uniforme,219,-1.2295,-0.556559,-0.647352,-0.183307
informação rígida|uniforme,220,-1.22136,-0.552862,-0.640835,-0.189403
informação rígida|uniforme,221,-1.21348,-0.549284,-0.634531,-0.195921
informação rígida|uniforme,222,-1.20576,-0.545778,-0.628358,-0.202339
informação rígida|uniforme,223,-1.1982,-0.542342,-0.62214,-0.209114
informação rígida|uniforme,224,-1.19071,-0.538939,-0.616154,-0.214756
informação rígida|uniforme,225,-1.18344,-0.53564,-0.609628,-0.220629
informação rígida|uniforme,226,-1.17638,-0.532433,-0.603578,-0.22564
informação rígida|uniforme,227,-1.16961,-0.529359,-0.597674,-0.231465
informação rígida|uniforme,228,-1.16296,-0.526342,-0.59191,-0.236809
informação rígida|uniforme,229,-1.15649,-0.523404,-0.585897,-0.241716
informação rígida|uniforme,230,-1.15027,-0.520578,-0.580068,-0.246134
informação rígida|uniforme,231,-1.14433,-0.517884,-0.574278,-0.250748
informação rígida|uniforme,232,-1.13863,-0.515296,-0.568979,-0.254924
informação rígida|uniforme,233,-1.13318,-0.51282,-0.563653,-0.258906
informação rígida|uniforme,234,-1.12798,-0.510461,-0.558354,-0.263356
informação rígida|uniforme,235,-1.12295,-0.508178,-0.55313,-0.267387
informação rígida|uniforme,236,-1.11813,-0.505987,-0.547943,-0.271102
informação rígida|uniforme,237,-1.11353,-0.5039,-0.542762,-0.27457
informação rígida|uniforme,238,-1.10918,-0.501926,-0.537444,-0.278476
informação rígida|uniforme,239,-1.105,-0.500026,-0.532316,-0.281446
informação rígida|uniforme,240,-1.1011,-0.498257,-0.527339,-0.284277
informação rígida|uniforme,241,-1.09747,-0.496611,-0.522357,-0.287377
informação rígida|uniforme,242,-1.09405,-0.495059,-0.517589,-0.290238
informação rígida|uniforme,243,-1.09084,-0.493602,-0.513074,-0.292244
informação rígida|uniforme,244,-1.08794,-0.492284,-0.50842,-0.294932
informação rígida|uniforme,245,-1.08522,-0.49105,-0.504003,-0.297074
informação rígida|uniforme,246,-1.08274,-0.489923,-0.499767,-0.299492
informação rígida|uniforme,247,-1.08041,-0.488867,-0.495547,-0.301422
informação rígida|uniforme,248,-1.07829,-0.487906,-0.491649,-0.302855
informação rígida|uniforme,249,-1.07643,-0.48706,-0.487695,-0.30437
informação rígida|uniforme,250,-1.07478,-0.486311,-0.483717,-0.30597
informação rígida|uniforme,251,-1.07331,-0.485648,-0.480045,-0.307757
informação rígida|uniforme,252,-1.07196,-0.485034,-0.476332,-0.308559
informação rígida|uniforme,253,-1.07087,-0.484538,-0.472856,-0.309472
informação rígida|uniforme,254,-1.06997,-0.484131,-0.469488,-0.31024
informação rígida|uniforme,255,-1.06927,-0.483814,-0.466231,-0.311089
informação rígida|uniforme,256,-1.06873,-0.483566,-0.463143,-0.310989
informação rígida|uniforme,257,-1.06846,-0.483444,-0.460091,-0.310915
informação rígida|uniforme,258,-1.06844,-0.483437,-0.457082,-0.311306
informação rígida|uniforme,259,-1.06858,-0.483498,-0.454253,-0.310763
informação rígida|uniforme,260,-1.06898,-0.483682,-0.451559,-0.310755
informação rígida|uniforme,261,-1.06954,-0.483933,-0.448879,-0.310518
informação rígida|uniforme,262,-1.07026,-0.484261,-0.446418,-0.310028
informação rígida|uniforme,263,-1.07116,-0.484668,-0.444077,-0.309281
informação rígida|uniforme,264,-1.07224,-0.485161,-0.441827,-0.308425
informação rígida|uniforme,265,-1.07352,-0.485739,-0.439754,-0.306977
informação rígida|uniforme,266,-1.07505,-0.486433,-0.437847,-0.306408
informação rígida|uniforme,267,-1.07665,-0.487163,-0.435926,-0.304582
informação rígida|uniforme,268,-1.07853,-0.488013,-0.433989,-0.302589
informação rígida|uniforme,269,-1.08067,-0.488987,-0.432403,-0.301533
informação rígida|uniforme,270,-1.0829,-0.489998,-0.430872,-0.29994
informação rígida|uniforme,271,-1.08528,-0.491076,-0.429478,-0.298189
informação rígida|uniforme,272,-1.08779,-0.492219,-0.428265,-0.296315
informação rígida|uniforme,273,-1.09045,-0.493424,-0.427059,-0.294294
informação rígida|uniforme,274,-1.09326,-0.494701,-0.425853,-0.292054
informação rígida|uniforme,275,-1.09624,-0.496051,-0.424828,-0.289949
informação rígida|uniforme,276,-1.09933,-0.497455,-0.424146,-0.287201
informação rígida|uniforme,277,-1.1026,-0.49894,-0.423351,-0.285217
informação rígida|uniforme,278,-1.10592,-0.500445,-0.422613,-0.282187
informação rígida|uniforme,279,-1.10944,-0.502045,-0.42198,-0.279061
informação rígida|uniforme,280,-1.11316,-0.503734,-0.421503,-0.276034
informação rígida|uniforme,281,-1.11704,-0.505492,-0.421183,-0.272672
informação rígida|uniforme,282,-1.1211,-0.507335,-0.420967,-0.269397
informação rígida|uniforme,283,-1.1253,-0.509244,-0.420939,-0.265919
informação rígida|uniforme,284,-1.12966,-0.511222,-0.420922,-0.262465
informação rígida|uniforme,285,-1.13415,-0.513261,-0.421157,-0.258744
informação rígida|uniforme,286,-1.13879,-0.515368,-0.421355,-0.255266
informação rígida|uniforme,287,-1.14354,-0.517524,-0.421763,-0.252173
informação rígida|uniforme,288,-1.1483,-0.519684,-0.422227,-0.24855
informação rígida|uniforme,289,-1.15314,-0.521881,-0.422706,-0.245601
informação rígida|uniforme,290,-1.15793,-0.524059,-0.423291,-0.24105
informação rígida|uniforme,291,-1.16295,-0.526338,-0.424012,-0.236522
informação rígida|uniforme,292,-1.16815,-0.528698,-0.424925,-0.232508
informação rígida|uniforme,293,-1.17342,-0.531089,-0.425929,-0.22831
informação rígida|uniforme,294,-1.17878,-0.533523,-0.427066,-0.224428
informação rígida|uniforme,295,-1.18416,-0.535965,-0.428295,-0.220105
informação rígida|uniforme,296,-1.18961,-0.538441,-0.429641,-0.21555
informação rígida|uniforme,297,-1.19516,-0.540964,-0.430986,-0.21134
informação rígida|uniforme,298,-1.20075,-0.543502,-0.432464,-0.207278
informação rígida|uniforme,299,-1.20634,-0.546038,-0.434104,-0.202417
informação rígida|uniforme,300,-1.21203,-0.548624,-0.435727,-0.19731
informação rígida|uniforme,301,-1.21787,-0.551278,-0.43747,-0.192481
informação rígida|uniforme,302,-1.2238,-0.553969,-0.439259,-0.188299
informação rígida|uniforme,303,-1.22969,-0.556644,-0.441053,-0.182746
informação rígida|uniforme,304,-1.23578,-0.559409,-0.442946,-0.178148
informação rígida|uniforme,305,-1.24188,-0.562182,-0.444937,-0.173626
informação rígida|uniforme,306,-1.24799,-0.564957,-0.447048,-0.16916
informação rígida|uniforme,307,-1.25407,-0.567719,-0.449247,-0.163815
informação rígida|uniforme,308,-1.26026,-0.57053,-0.45144,-0.158908
informação rígida|uniforme,309,-1.26648,-0.573356,-0.453689,-0.153877
informação rígida|uniforme,310,-1.27275,-0.576203,-0.455972,-0.148865
informação rígida|uniforme,311,-1.27906,-0.57907,-0.45831,-0.143773
informação rígida|uniforme,312,-1.28541,-0.581959,-0.46064,-0.138891
informação rígida|uniforme,313,-1.29179,-0.584855,-0.463099,-0.133613
informação rígida|uniforme,314,-1.29823,-0.58778,-0.465624,-0.128944
informação rígida|uniforme,315,-1.30462,-0.590686,-0.468196,-0.123423
informação rígida|uniforme,316,-1.31111,-0.593633,-0.470753,-0.118628
informação rígida|uniforme,317,-1.31758,-0.596574,-0.473399,-0.113945
informação rígida|uniforme,318,-1.32399,-0.599489,-0.476171,-0.109477
informação rígida|uniforme,319,-1.33031,-0.602359,-0.479025,-0.103878
informação rígida|uniforme,320,-1.33671,-0.605269,-0.482051,-0.0994432
informação rígida|uniforme,321,-1.34299,-0.608122,-0.485176,-0.0935631
informação rígida|uniforme,322,-1.34937,-0.611022,-0.488245,-0.0888254
informação rígida|uniforme,323,-1.35568,-0.613891,-0.491526,-0.0840772
informação rígida|uniforme,324,-1.36191,-0.616721,-0.494804,-0.0791997
informação rígida|uniforme,325,-1.36808,-0.619525,-0.497956,-0.0750373
informação rígida|uniforme,326,-1.37407,-0.622252,-0.501193,-0.0692477
informação rígida|uniforme,327,-1.38018,-0.625027,-0.50447,-0.0642019
informação rígida|uniforme,328,-1.38627,-0.627798,-0.507765,-0.0598765
informação rígida|uniforme,329,-1.39222,-0.630502,-0.511157,-0.054635
informação rígida|uniforme,330,-1.39819,-0.633214,-0.514506,-0.0504407
informação rígida|uniforme,331,-1.404,-0.635858,-0.517802,-0.0452622
informação rígida|uniforme,332,-1.40985,-0.638516,-0.521076,-0.0400805
informação rígida|uniforme,333,-1.41573,-0.641188,-0.524502,-0.0351986
informação rígida|uniforme,334,-1.42158,-0.64385,-0.527864,-0.0315108
informação rígida|uniforme,335,-1.42722,-0.646416,-0.531294,-0.0266659
informação rígida|uniforme,336,-1.43284,-0.648971,-0.534736,-0.0218579
informação rígida|uniforme,337,-1.43845,-0.651519,-0.538043,-0.0175066
informação rígida|uniforme,338,-1.44397,-0.654032,-0.541418,-0.0128461
informação rígida|uniforme,339,-1.44947,-0.656534,-0.544909,-0.00812636
informação rígida|uniforme,340,-1.45495,-0.659023,-0.54822,-0.00463766
informação rígida|uniforme,341,-1.46022,-0.661423,-0.551335,-8.35314e-05
informação rígida|uniforme,342,-1.46551,-0.663825,-0.554728,0.00363692
informação rígida|uniforme,343,-1.47063,-0.666157,-0.557912,0.00752216
informação rígida|uniforme,344,-1.47565,-0.66844,-0.561197,0.0112384
informação rígida|uniforme,345,-1.48054,-0.670664,-0.564486,0.015283
informação rígida|uniforme,346,-1.48537,-0.672859,-0.567739,0.0194064
informação rígida|uniforme,347,-1.49014,-0.675032,-0.570983,0.0233365
informação rígida|uniforme,348,-1.49485,-0.677173,-0.574147,0.0272976
informação rígida|uniforme,349,-1.49951,-0.679292,-0.577364,0.0304127
informação rígida|uniforme,350,-1.50398,-0.681327,-0.580612,0.0349077
informação rígida|uniforme,351,-1.5085,-0.683383,-0.583855,0.0385644
informação rígida|uniforme,352,-1.51293,-0.685398,-0.586989,0.0418172
informação rígida|uniforme,353,-1.51723,-0.687354,-0.590181,0.0449959
informação rígida|uniforme,354,-1.5214,-0.689249,-0.593408,0.0486898
informação rígida|uniforme,355,-1.52552,-0.691126,-0.596571,0.0521563
informação rígida|uniforme,356,-1.52957,-0.692969,-0.599548,0.0553339
informação rígida|uniforme,357,-1.53353,-0.69477,-0.602727,0.0579986
informação rígida|uniforme,358,-1.5373,-0.696485,-0.605745,0.0609088
informação rígida|uniforme,359,-1.54095,-0.698145,-0.608769,0.0642189
informação rígida|uniforme,360,-1.54455,-0.699784,-0.61186,0.0675408
informação rígida|uniforme,361,-1.5481,-0.7014,-0.614867,0.0704988
informação rígida|uniforme,362,-1.55157,-0.702977,-0.617694,0.0735723
informação rígida|uniforme,363,-1.55499,-0.704535,-0.620404,0.0758197
informação rígida|uniforme,364,-1.55826,-0.706023,-0.623175,0.0783657
informação rígida|uniforme,365,-1.56143,-0.707466,-0.62601,0.080604
informação rígida|uniforme,366,-1.56445,-0.708838,-0.628815,0.0832998
informação rígida|uniforme,367,-1.5674,-0.710183,-0.631575,0.0857076
informação rígida|uniforme,368,-1.57026,-0.711482,-0.634211,0.0872813
informação rígida|uniforme,369,-1.57289,-0.712679,-0.636854,0.0898701
informação rígida|uniforme,370,-1.57548,-0.713858,-0.639529,0.0920832
informação rígida|uniforme,371,-1.57798,-0.714994,-0.642114,0.0941588
informação rígida|uniforme,372,-1.58038,-0.716089,-0.644635,0.0959653
informação rígida|uniforme,373,-1.58266,-0.717125,-0.647137,0.0973966
informação rígida|uniforme,374,-1.58476,-0.718081,-0.649627,0.0989245
informação rígida|uniforme,375,-1.58671,-0.718971,-0.651952,0.100906
informação rígida|uniforme,376,-1.58862,-0.719836,-0.654324,0.102632
informação rígida|uniforme,377,-1.59043,-0.720664,-0.656492,0.104936
informação rígida|uniforme,378,-1.59229,-0.721506,-0.658605,0.106472
informação rígida|uniforme,379,-1.59406,-0.722313,-0.660718,0.107538
informação rígida|uniforme,380,-1.59568,-0.723051,-0.662774,0.108296
informação rígida|uniforme,381,-1.59711,-0.723703,-0.664951,0.108921
informação rígida|uniforme,382,-1.59834,-0.724262,-0.666968,0.110507
informação rígida|uniforme,383,-1.59955,-0.724812,-0.669105,0.111959
informação rígida|uniforme,384,-1.60071,-0.72534,-0.671259,0.112991
informação rígida|uniforme,385,-1.60176,-0.72582,-0.67297,0.113911
informação rígida|uniforme,386,-1.60274,-0.726264,-0.675011,0.11455
informação rígida|uniforme,387,-1.60356,-0.726638,-0.676613,0.114823
informação rígida|uniforme,388,-1.60423,-0.726944,-0.678472,0.115738
informação rígida|uniforme,389,-1.60484,-0.727219,-0.680072,0.116513
informação rígida|uniforme,390,-1.60539,-0.72747,-0.681739,0.117479
informação rígida|uniforme,391,-1.60592,-0.727713,-0.683336,0.117682
informação rígida|uniforme,392,-1.60633,-0.727897,-0.684728,0.117505
informação rígida|uniforme,393,-1.60656,-0.728005,-0.686067,0.117843
informação rígida|uniforme,394,-1.60673,-0.728082,-0.687619,0.118148
informação rígida|uniforme,395,-1.60682,-0.728121,-0.688944,0.118543
informação rígida|uniforme,396,-1.60687,-0.728144,-0.690208,0.118718
informação rígida|uniforme,397,-1.60685,-0.728137,-0.69146,0.118503
informação rígida|uniforme,398,-1.60672,-0.728075,-0.692614,0.118713
informação rígida|uniforme,399,-1.60655,-0.727997,-0.693828,0.11843
informação rígida|uniforme,400,-1.60626,-0.727867,-0.69498,0.118451
informação rígida|uniforme,401,-1.60593,-0.727716,-0.696143,0.118976
informação rígida|uniforme,402,-1.60563,-0.72758,-0.697123,0.118175
informação rígida|uniforme,403,-1.60519,-0.727378,-0.697945,0.116816
informação rígida|uniforme,404,-1.60452,-0.727076,-0.698894,0.116015
informação rígida|uniforme,405,-1.60372,-0.72671,-0.699653,0.115228
informação rígida|uniforme,406,-1.60281,-0.726295,-0.700185,0.115309
informação rígida|uniforme,407,-1.60196,-0.725911,-0.700897,0.114011
informação rígida|uniforme,408,-1.60093,-0.725443,-0.701795,0.114023
informação rígida|uniforme,409,-1.59994,-0.724989,-0.702736,0.114013
informação rígida|uniforme,410,-1.59897,-0.724549,-0.703599,0.112309
informação rígida|uniforme,411,-1.59777,-0.724003,-0.704227,0.112671
informação rígida|uniforme,412,-1.59671,-0.723519,-0.705015,0.111356
informação rígida|uniforme,413,-1.5955,-0.72297,-0.705779,0.110085
informação rígida|uniforme,414,-1.59416,-0.722361,-0.706287,0.108411
informação rígida|uniforme,415,-1.59266,-0.721679,-0.706799,0.106714
informação rígida|uniforme,416,-1.59101,-0.720925,-0.707044,0.104788
informação rígida|uniforme,417,-1.58918,-0.720094,-0.70745,0.104436
informação rígida|uniforme,418,-1.58744,-0.7193,-0.707644,0.10313
informação rígida|uniforme,419,-1.58564,-0.718483,-0.70791,0.101677
informação rígida|uniforme,420,-1.58377,-0.717629,-0.708023,0.099706
informação rígida|uniforme,421,-1.58175,-0.716711,-0.708028,0.0976694
informação rígida|uniforme,422,-1.5796,-0.715732,-0.708013,0.0961247
informação rígida|uniforme,423,-1.5774,-0.714732,-0.707976,0.0945456
informação rígida|uniforme,424,-1.57516,-0.713713,-0.707792,0.0924657
informação rígida|uniforme,425,-1.57281,-0.712643,-0.707669,0.0904861
informação rígida|uniforme,426,-1.57037,-0.711532,-0.707517,0.0892147
informação rígida|uniforme,427,-1.56795,-0.710433,-0.707181,0.0872514
informação rígida|uniforme,428,-1.56547,-0.709303,-0.706745,0.0854067
informação rígida|uniforme,429,-1.56296,-0.70816,-0.70636,0.0845487
informação rígida|uniforme,430,-1.56058,-0.707076,-0.705846,0.0819047
informação rígida|uniforme,431,-1.55804,-0.70592,-0.705333,0.0798641
informação rígida|uniforme,432,-1.55545,-0.704744,-0.704545,0.0779677
informação rígida|uniforme,433,-1.55288,-0.703572,-0.703916,0.0762985
informação rígida|uniforme,434,-1.55034,-0.702417,-0.703288,0.0736636
informação rígida|uniforme,435,-1.54768,-0.701206,-0.702618,0.0714181
informação rígida|uniforme,436,-1.54495,-0.699966,-0.701866,0.0695274
informação rígida|uniforme,437,-1.54224,-0.698733,-0.701138,0.0673412
informação rígida|uniforme,438,-1.53949,-0.69748,-0.700381,0.0650237
informação rígida|uniforme,439,-1.53668,-0.696203,-0.699532,0.0628281
informação rígida|uniforme,440,-1.53386,-0.694918,-0.698624,0.0604462
informação rígida|uniforme,441,-1.53099,-0.693613,-0.69771,0.0583705
informação rígida|uniforme,442,-1.52812,-0.69231,-0.696827,0.0560962
informação rígida|uniforme,443,-1.52523,-0.690992,-0.695852,0.0534043
informação rígida|uniforme,444,-1.52224,-0.689635,-0.694932,0.0518658
informação rígida|uniforme,445,-1.51936,-0.688322,-0.693963,0.049566
informação rígida|uniforme,446,-1.51645,-0.686998,-0.692716,0.0468316
informação rígida|uniforme,447,-1.51347,-0.685643,-0.691653,0.0453539
informação rígida|uniforme,448,-1.51061,-0.684342,-0.690576,0.0426784
informação rígida|uniforme,449,-1.50768,-0.68301,-0.689291,0.0406646
informação rígida|uniforme,450,-1.50481,-0.681704,-0.688056,0.0385647
informação rígida|uniforme,451,-1.50197,-0.680411,-0.686766,0.0370965
informação rígida|uniforme,452,-1.49927,-0.679182,-0.685497,0.0349824
informação rígida|uniforme,453,-1.49659,-0.677966,-0.684023,0.0325329
informação rígida|uniforme,454,-1.49392,-0.676749,-0.682676,0.0303153
informação rígida|uniforme,455,-1.49127,-0.675542,-0.681316,0.0276089
informação rígida|uniforme,456,-1.48854,-0.674304,-0.679879,0.0257391
informação rígida|uniforme,457,-1.48591,-0.673106,-0.678576,0.0233771
informação rígida|uniforme,458,-1.48326,-0.671901,-0.677171,0.021859
informação rígida|uniforme,459,-1.48075,-0.670757,-0.675776,0.0198306
informação rígida|uniforme,460,-1.47827,-0.669632,-0.674423,0.0173493
informação rígida|uniforme,461,-1.47576,-0.66849,-0.67311,0.0158483
informação rígida|uniforme,462,-1.47337,-0.667402,-0.671714,0.0140377
informação rígida|uniforme,463,-1.47104,-0.666343,-0.670382,0.0116242
informação rígida|uniforme,464,-1.46868,-0.665268,-0.668954,0.00960417
informação rígida|uniforme,465,-1.46635,-0.664207,-0.667613,0.00784021
informação rígida|uniforme,466,-1.46407,-0.663173,-0.666256,0.00572645
informação rígida|uniforme,467,-1.4618,-0.66214,-0.664964,0.00433462
informação rígida|uniforme,468,-1.45964,-0.661159,-0.663517,0.00273918
informação rígida|uniforme,469,-1.45758,-0.66022,-0.662128,0.000580532
informação rígida|uniforme,470,-1.4555,-0.659273,-0.660615,-0.00201525
informação rígida|uniforme,471,-1.45334,-0.658291,-0.659219,-0.00456336
informação rígida|uniforme,472,-1.4511,-0.657273,-0.657894,-0.0060295
informação rígida|uniforme,473,-1.44895,-0.656296,-0.656637,-0.0075857
informação rígida|uniforme,474,-1.44687,-0.655348,-0.65534,-0.00913572
informação rígida|uniforme,475,-1.44485,-0.654432,-0.654129,-0.0113074
informação rígida|uniforme,476,-1.44279,-0.653494,-0.652875,-0.0126913
informação rígida|uniforme,477,-1.4408,-0.652589,-0.651571,-0.0146153
informação rígida|uniforme,478,-1.4388,-0.651679,-0.650262,-0.0160575
informação rígida|uniforme,479,-1.43687,-0.650801,-0.648911,-0.0181159
informação rígida|uniforme,480,-1.4349,-0.649909,-0.647543,-0.0198508
informação rígida|uniforme,481,-1.43297,-0.649029,-0.646306,-0.0213842
informação rígida|uniforme,482,-1.43108,-0.648169,-0.644942,-0.0232295
informação rígida|uniforme,483,-1.42918,-0.647307,-0.643729,-0.0251121
informação rígida|uniforme,484,-1.42726,-0.646433,-0.642506,-0.026381
informação rígida|uniforme,485,-1.42541,-0.645593,-0.641297,-0.0282814
informação rígida|uniforme,486,-1.42353,-0.644736,-0.640108,-0.0292612
informação rígida|uniforme,487,-1.42175,-0.643928,-0.638843,-0.0309178
informação rígida|uniforme,488,-1.41997,-0.643119,-0.637601,-0.0316492
informação rígida|uniforme,489,-1.41835,-0.64238,-0.636358,-0.0332984
informação rígida|uniforme,490,-1.41671,-0.641634,-0.635252,-0.0350432
informação rígida|uniforme,491,-1.41503,-0.64087,-0.634088,-0.0360179
informação rígida|uniforme,492,-1.41344,-0.64015,-0.632881,-0.0380125
informação rígida|uniforme,493,-1.41178,-0.639393,-0.631737,-0.039485
informação rígida|uniforme,494,-1.41011,-0.638637,-0.630616,-0.0403714
informação rígida|uniforme,495,-1.40854,-0.637923,-0.629543,-0.0414995
informação rígida|uniforme,496,-1.40702,-0.63723,-0.628429,-0.0426352
informação rígida|uniforme,497,-1.40554,-0.636556,-0.627257,-0.043451
informação rígida|uniforme,498,-1.40416,-0.635931,-0.626016,-0.0451928
informação rígida|uniforme,499,-1.40274,-0.635283,-0.624953,-0.0462191
informação rígida|uniforme,500,-1.40136,-0.634655,-0.623761,-0.0470168
informação rígida|uniforme,501,-1.40006,-0.634066,-0.622534,-0.0472516
informação rígida|uniforme,502,-1.39896,-0.633566,-0.621317,-0.0491619
informação rígida|uniforme,503,-1.39776,-0.63302,-0.620189,-0.0500917
informação rígida|uniforme,504,-1.3966,-0.632494,-0.619176,-0.0510997
informação rígida|uniforme,505,-1.39548,-0.631981,-0.618032,-0.0516158
informação rígida|uniforme,506,-1.39446,-0.631521,-0.616981,-0.0522491
informação rígida|uniforme,507,-1.39353,-0.631097,-0.615918,-0.0531443
informação rígida|uniforme,508,-1.39264,-0.630691,-0.61488,-0.054263
informação rígida|uniforme,509,-1.39173,-0.630279,-0.613872,-0.0558169
informação rígida|uniforme,510,-1.39073,-0.629826,-0.61278,-0.0560372
informação rígida|uniforme,511,-1.38988,-0.629437,-0.611835,-0.056998
informação rígida|uniforme,512,-1.38902,-0.629047,-0.610863,-0.0576044
informação rígida|uniforme,513,-1.38823,-0.628685,-0.609752,-0.058293
informação rígida|uniforme,514,-1.38749,-0.628351,-0.608793,-0.0593225
informação rígida|uniforme,515,-1.38673,-0.628003,-0.607816,-0.0597492
informação rígida|uniforme,516,-1.38604,-0.62769,-0.606918,-0.0604373
informação rígida|uniforme,517,-1.38536,-0.627384,-0.606032,-0.0604558
informação rígida|uniforme,518,-1.38481,-0.627134,-0.605105,-0.061598
informação rígida|uniforme,519,-1.3842,-0.626855,-0.604145,-0.0621247
informação rígida|uniforme,520,-1.38363,-0.626594,-0.603377,-0.0628807
informação rígida|uniforme,521,-1.38303,-0.626323,-0.602624,-0.0634798
informação rígida|uniforme,522,-1.38244,-0.626053,-0.601843,-0.0634394
informação rígida|uniforme,523,-1.38195,-0.625832,-0.601074,-0.063525
informação rígida|uniforme,524,-1.38154,-0.625648,-0.600263,-0.0633688
informação rígida|uniforme,525,-1.38126,-0.625521,-0.59955,-0.0637477
informação rígida|uniforme,526,-1.381,-0.625401,-0.598879,-0.0653248
informação rígida|uniforme,527,-1.38056,-0.625199,-0.598268,-0.0648194
informação rígida|uniforme,528,-1.38027,-0.625067,-0.597607,-0.0645735
informação rígida|uniforme,529,-1.38009,-0.624985,-0.597006,-0.064295
informação rígida|uniforme,530,-1.38001,-0.624951,-0.596408,-0.0652671
informação rígida|uniforme,531,-1.37983,-0.624869,-0.595752,-0.0654148
informação rígida|uniforme,532,-1.37968,-0.624802,-0.595182,-0.0653768
informação rígida|uniforme,533,-1.37959,-0.624758,-0.594577,-0.0664661
informação rígida|uniforme,534,-1.37935,-0.624652,-0.594053,-0.0657543
informação rígida|uniforme,535,-1.37928,-0.624619,-0.593659,-0.0659541
informação rígida|uniforme,536,-1.37921,-0.624585,-0.593422,-0.0655715
informação rígida|uniforme,537,-1.3792,-0.624582,-0.593076,-0.0659542
informação rígida|uniforme,538,-1.37915,-0.624559,-0.592873,-0.0656615
informação rígida|uniforme,539,-1.37916,-0.624562,-0.592597,-0.0651676
informação rígida|uniforme,540,-1.37925,-0.624606,-0.592245,-0.0654648
informação rígida|uniforme,541,-1.37932,-0.624635,-0.591902,-0.0651818
informação rígida|uniforme,542,-1.37945,-0.624694,-0.591544,-0.0649494
informação rígida|uniforme,543,-1.37963,-0.624778,-0.591272,-0.0649697
informação rígida|uniforme,544,-1.37981,-0.624859,-0.590937,-0.0648297
informação rígida|uniforme,545,-1.38001,-0.624949,-0.590764,-0.064506
informação rígida|uniforme,546,-1.38024,-0.625057,-0.590466,-0.0645334
informação rígida|uniforme,547,-1.38047,-0.625159,-0.590139,-0.0642332
informação rígida|uniforme,548,-1.38074,-0.625283,-0.589882,-0.0635555
informação rígida|uniforme,549,-1.38112,-0.625453,-0.589688,-0.063388
informação rígida|uniforme,550,-1.3815,-0.625627,-0.589516,-0.0624376
informação rígida|uniforme,551,-1.38201,-0.625862,-0.589308,-0.0630866
informação rígida|uniforme,552,-1.38239,-0.626035,-0.589164,-0.0624853
informação rígida|uniforme,553,-1.38284,-0.626237,-0.588999,-0.0619253
informação rígida|uniforme,554,-1.38335,-0.626468,-0.588838,-0.0612781
informação rígida|uniforme,555,-1.38392,-0.62673,-0.588732,-0.0614106
informação rígida|uniforme,556,-1.38443,-0.626962,-0.588528,-0.0610805
informação rígida|uniforme,557,-1.38497,-0.627205,-0.58836,-0.0614459
informação rígida|uniforme,558,-1.3854,-0.627401,-0.588242,-0.0607285
informação rígida|uniforme,559,-1.38591,-0.627631,-0.588178,-0.0604046
informação rígida|uniforme,560,-1.38641,-0.62786,-0.588113,-0.0602062
informação rígida|uniforme,561,-1.3869,-0.628081,-0.588026,-0.0597633
informação rígida|uniforme,562,-1.3874,-0.62831,-0.587906,-0.0589168
informação rígida|uniforme,563,-1.38799,-0.628579,-0.587816,-0.0587533
informação rígida|uniforme,564,-1.38856,-0.628836,-0.587814,-0.0573689
informação rígida|uniforme,565,-1.38928,-0.629166,-0.587788,-0.057112
informação rígida|uniforme,566,-1.38999,-0.629487,-0.587809,-0.0565004
informação rígida|uniforme,567,-1.39072,-0.629819,-0.587962,-0.0561553
informação rígida|uniforme,568,-1.39141,-0.630134,-0.587816,-0.0551098
informação rígida|uniforme,569,-1.39222,-0.6305,-0.587902,-0.0548246
informação rígida|uniforme,570,-1.39298,-0.630848,-0.58804,-0.0542685
informação rígida|uniforme,571,-1.39375,-0.631195,-0.588071,-0.0539321
informação rígida|uniforme,572,-1.39448,-0.63153,-0.588225,-0.0531022
informação rígida|uniforme,573,-1.39527,-0.631888,-0.588374,-0.0516197
informação rígida|uniforme,574,-1.3962,-0.632312,-0.588559,-0.0520259
informação rígida|uniforme,575,-1.39697,-0.63266,-0.588751,-0.0511643
informação rígida|uniforme,576,-1.39778,-0.633029,-0.588977,-0.0502556
informação rígida|uniforme,577,-1.39863,-0.633416,-0.589216,-0.0493318
informação rígida|uniforme,578,-1.39953,-0.633826,-0.589437,-0.048592
informação rígida|uniforme,579,-1.40045,-0.634241,-0.589569,-0.0486929
informação rígida|uniforme,580,-1.40126,-0.63461,-0.58973,-0.0477467
informação rígida|uniforme,581,-1.40213,-0.635006,-0.589917,-0.0478097
informação rígida|uniforme,582,-1.40289,-0.63535,-0.590189,-0.046455
informação rígida|uniforme,583,-1.40374,-0.635741,-0.590475,-0.0452203
informação rígida|uniforme,584,-1.40469,-0.63617,-0.590787,-0.0439105
informação rígida|uniforme,585,-1.40572,-0.636641,-0.591039,-0.0429978
informação rígida|uniforme,586,-1.4068,-0.637128,-0.591298,-0.0421309
informação rígida|uniforme,587,-1.40791,-0.637632,-0.591509,-0.0421175
informação rígida|uniforme,588,-1.40891,-0.638091,-0.591927,-0.0415571
informação rígida|uniforme,589,-1.40988,-0.63853,-0.592226,-0.0410201
informação rígida|uniforme,590,-1.41081,-0.638955,-0.592561,-0.0399489
informação rígida|uniforme,591,-1.4118,-0.639404,-0.593021,-0.0389425
informação rígida|uniforme,592,-1.41282,-0.639865,-0.593383,-0.0378792
informação rígida|uniforme,593,-1.41388,-0.640348,-0.593687,-0.0374192
informação rígida|uniforme,594,-1.41488,-0.640805,-0.594073,-0.036369
informação rígida|uniforme,595,-1.41594,-0.641284,-0.594487,-0.0362262
informação rígida|uniforme,596,-1.41688,-0.641713,-0.594909,-0.0355412
informação rígida|uniforme,597,-1.41781,-0.642135,-0.595294,-0.0350455
informação rígida|uniforme,598,-1.41869,-0.642535,-0.595702,-0.0336807
informação rígida|uniforme,599,-1.41966,-0.642979,-0.596051,-0.0324366
informação rígida|isenção,0,0,0,0.260031,-1.15162
informação rígida|isenção,1,-0.0177195,-0.00799432,0.256537,-1.1378
informação rígida|isenção,2,-0.0357157,-0.0161143,0.253604,-1.12376
informação rígida|isenção,3,-0.0540345,-0.0243807,0.251066,-1.10948
informação rígida|isenção,4,-0.0727116,-0.0328096,0.249192,-1.09486
informação rígida|isenção,5,-0.0918088,-0.0414289,0.246878,-1.07993
informação rígida|isenção,6,-0.111305,-0.0502291,0.244721,-1.06471
informação rígida|isenção,7,-0.131221,-0.0592201,0.242276,-1.04914
informação rígida|isenção,8,-0.151552,-0.0683992,0.239725,-1.03323
informação rígida|isenção,9,-0.172306,-0.0777705,0.23664,-1.01709
informação rígida|isenção,10,-0.193438,-0.0873139,0.233198,-1.0006
informação rígida|isenção,11,-0.214946,-0.0970275,0.229415,-0.983753
informação rígida|isenção,12,-0.236821,-0.106909,0.22533,-0.966618
informação rígida|isenção,13,-0.259057,-0.116954,0.220919,-0.949241
informação rígida|isenção,14,-0.28163,-0.127153,0.216007,-0.931513
informação rígida|isenção,15,-0.304531,-0.137501,0.210702,-0.913599
informação rígida|isenção,16,-0.327728,-0.147984,0.205175,-0.895398
informação rígida|isenção,17,-0.35123,-0.158606,0.199464,-0.877113
informação rígida|isenção,18,-0.375004,-0.169353,0.193205,-0.85813
informação rígida|isenção,19,-0.39909,-0.180243,0.186577,-0.83928
informação rígida|isenção,20,-0.423421,-0.191244,0.179423,-0.820139
informação rígida|isenção,21,-0.447978,-0.202349,0.172154,-0.800631
informação rígida|isenção,22,-0.472793,-0.213573,0.164597,-0.781323
informação rígida|isenção,23,-0.497795,-0.224882,0.156683,-0.761644
informação rígida|isenção,24,-0.522996,-0.236283,0.148433,-0.742161
informação rígida|isenção,25,-0.548324,-0.247743,0.139669,-0.722013
informação rígida|isenção,26,-0.573823,-0.259283,0.130613,-0.702186
informação rígida|isenção,27,-0.599409,-0.270863,0.121521,-0.681871
informação rígida|isenção,28,-0.625149,-0.282514,0.112193,-0.661619
informação rígida|isenção,29,-0.650999,-0.294217,0.102388,-0.641442
informação rígida|isenção,30,-0.676905,-0.305947,0.0926583,-0.62125
informação rígida|isenção,31,-0.702865,-0.317703,0.0824183,-0.600469
informação rígida|isenção,32,-0.728923,-0.329505,0.0722045,-0.579629
informação rígida|isenção,33,-0.755092,-0.34136,0.061522,-0.559129
informação rígida|isenção,34,-0.781272,-0.353221,0.0503406,-0.538176
informação rígida|isenção,35,-0.807493,-0.365102,0.0393478,-0.517653
informação rígida|isenção,36,-0.833699,-0.376978,0.0279598,-0.497036
informação rígida|isenção,37,-0.859881,-0.388845,0.0163038,-0.475919
informação rígida|isenção,38,-0.8861,-0.400731,0.00464182,-0.455202
informação rígida|isenção,39,-0.912288,-0.412603,-0.00730999,-0.43388
informação rígida|isenção,40,-0.938525,-0.424501,-0.0196098,-0.412947
informação rígida|isenção,41,-0.964736,-0.436387,-0.0316511,-0.392517
informação rígida|isenção,42,-0.990869,-0.448241,-0.0441622,-0.37181
informação rígida|isenção,43,-1.01694,-0.460067,-0.0567779,-0.351941
informação rígida|isenção,44,-1.04281,-0.471804,-0.0693033,-0.331755
informação rígida|isenção,45,-1.06854,-0.483479,-0.0819934,-0.310954
informação rígida|isenção,46,-1.09422,-0.495135,-0.094823,-0.29041
informação rígida|isenção,47,-1.11982,-0.506754,-0.107884,-0.270539
informação rígida|isenção,48,-1.1452,-0.518277,-0.120936,-0.250243
informação rígida|isenção,49,-1.17047,-0.529751,-0.134447,-0.230277
informação rígida|isenção,50,-1.19554,-0.541134,-0.147651,-0.210391
informação rígida|isenção,51,-1.22044,-0.552443,-0.161279,-0.190156
informação rígida|isenção,52,-1.24521,-0.563693,-0.174715,-0.17002
informação rígida|isenção,53,-1.26987,-0.574896,-0.188261,-0.151357
informação rígida|isenção,54,-1.2942,-0.585949,-0.201728,-0.132203
informação rígida|isenção,55,-1.31828,-0.596895,-0.215122,-0.112939
informação rígida|isenção,56,-1.34219,-0.607758,-0.229034,-0.0939114
informação rígida|isenção,57,-1.36584,-0.618507,-0.242589,-0.0749962
informação rígida|isenção,58,-1.38926,-0.629155,-0.256367,-0.055924
informação rígida|isenção,59,-1.41249,-0.639718,-0.26966,-0.0376856
informação rígida|isenção,60,-1.43548,-0.650169,-0.283357,-0.0193213
informação rígida|isenção,61,-1.45821,-0.660509,-0.297071,-0.00160636
informação rígida|isenção,62,-1.48061,-0.670693,-0.310677,0.0165494
informação rígida|isenção,63,-1.50278,-0.680778,-0.324154,0.0346934
informação rígida|isenção,64,-1.52476,-0.690778,-0.338188,0.0525665
informação rígida|isenção,65,-1.54648,-0.700662,-0.352252,0.0697095
informação rígida|isenção,66,-1.56786,-0.710389,-0.365838,0.0854955
informação rígida|isenção,67,-1.58873,-0.719888,-0.379442,0.103022
informação rígida|isenção,68,-1.60942,-0.729306,-0.393192,0.119112
informação rígida|isenção,69,-1.6297,-0.738538,-0.406489,0.135333
informação rígida|isenção,70,-1.64967,-0.747628,-0.420393,0.152412
informação rígida|isenção,71,-1.66943,-0.756626,-0.433996,0.168303
informação rígida|isenção,72,-1.68887,-0.765477,-0.44753,0.18332
informação rígida|isenção,73,-1.70789,-0.774136,-0.460569,0.197933
informação rígida|isenção,74,-1.72648,-0.782607,-0.473675,0.213476
informação rígida|isenção,75,-1.74485,-0.790972,-0.487184,0.227824
informação rígida|isenção,76,-1.76277,-0.799134,-0.500445,0.24205
informação rígida|isenção,77,-1.78028,-0.807113,-0.514072,0.256085
informação rígida|isenção,78,-1.79736,-0.814895,-0.527093,0.27025
informação rígida|isenção,79,-1.81413,-0.822535,-0.540259,0.282897
informação rígida|isenção,80,-1.83036,-0.829932,-0.553376,0.296617
informação rígida|isenção,81,-1.84626,-0.837178,-0.566095,0.309387
informação rígida|isenção,82,-1.86175,-0.844242,-0.578869,0.321479
informação rígida|isenção,83,-1.87678,-0.851093,-0.591218,0.333863
informação rígida|isenção,84,-1.89146,-0.857784,-0.603827,0.345146
informação rígida|isenção,85,-1.90563,-0.864242,-0.616024,0.356969
informação rígida|isenção,86,-1.91942,-0.870533,-0.628902,0.368611
informação rígida|isenção,87,-1.93283,-0.876644,-0.640386,0.379378
informação rígida|isenção,88,-1.94585,-0.882583,-0.652824,0.390358
informação rígida|isenção,89,-1.95849,-0.88835,-0.664195,0.400508
informação rígida|isenção,90,-1.97075,-0.893937,-0.676232,0.410079
informação rígida|isenção,91,-1.9825,-0.899297,-0.687591,0.418278
informação rígida|isenção,92,-1.99361,-0.904368,-0.698472,0.427874
informação rígida|isenção,93,-2.00442,-0.909295,-0.709606,0.436309
informação rígida|isenção,94,-2.01472,-0.913998,-0.72028,0.444977
informação rígida|isenção,95,-2.02466,-0.918532,-0.730917,0.453013
informação rígida|isenção,96,-2.03417,-0.922871,-0.742164,0.461572
informação rígida|isenção,97,-2.04333,-0.927048,-0.753011,0.469226
informação rígida|isenção,98,-2.05207,-0.931036,-0.762618,0.474926
informação rígida|isenção,99,-2.0602,-0.934748,-0.772822,0.482583
informação rígida|isenção,100,-2.06806,-0.938333,-0.782952,0.489356
informação rígida|isenção,101,-2.07552,-0.94174,-0.792697,0.494147
informação rígida|isenção,102,-2.08235,-0.944857,-0.801847,0.500271
informação rígida|isenção,103,-2.08886,-0.947828,-0.811115,0.504651
informação rígida|isenção,104,-2.09479,-0.950535,-0.820041,0.51017
informação rígida|isenção,105,-2.10041,-0.953097,-0.828393,0.513904
informação rígida|isenção,106,-2.1055,-0.95542,-0.836382,0.517492
informação rígida|isenção,107,-2.11012,-0.957528,-0.84452,0.52096
informação rígida|isenção,108,-2.11425,-0.959415,-0.852405,0.524961
informação rígida|isenção,109,-2.11806,-0.961154,-0.860023,0.528517
informação rígida|isenção,110,-2.12153,-0.962737,-0.867682,0.530887
informação rígida|isenção,111,-2.12449,-0.964088,-0.875303,0.53347
informação rígida|isenção,112,-2.12702,-0.965242,-0.88301,0.535355
informação rígida|isenção,113,-2.12904,-0.966166,-0.889973,0.538137
informação rígida|isenção,114,-2.13082,-0.966981,-0.896493,0.538938
informação rígida|isenção,115,-2.13212,-0.967571,-0.902729,0.539332
informação rígida|isenção,116,-2.13292,-0.967936,-0.908679,0.540337
informação rígida|isenção,117,-2.13337,-0.968144,-0.914749,0.541537
informação rígida|isenção,118,-2.13355,-0.968225,-0.920831,0.541232
informação rígida|isenção,119,-2.13323,-0.968079,-0.926809,0.542034
informação rígida|isenção,120,-2.13264,-0.967809,-0.932277,0.541454
informação rígida|isenção,121,-2.13165,-0.967356,-0.936966,0.539598
informação rígida|isenção,122,-2.13013,-0.966664,-0.941726,0.539294
informação rígida|isenção,123,-2.12838,-0.965865,-0.946452,0.538746
informação rígida|isenção,124,-2.12639,-0.964958,-0.950742,0.536212
informação rígida|isenção,125,-2.12392,-0.963828,-0.955178,0.534879
informação rígida|isenção,126,-2.12116,-0.96257,-0.958847,0.530982
informação rígida|isenção,127,-2.11781,-0.961038,-0.962213,0.529086
informação rígida|isenção,128,-2.11424,-0.959412,-0.96564,0.526516
informação rígida|isenção,129,-2.11038,-0.957647,-0.969063,0.52444
informação rígida|isenção,130,-2.10633,-0.955798,-0.972516,0.521076
informação rígida|isenção,131,-2.1019,-0.953778,-0.97577,0.517953
informação rígida|isenção,132,-2.09719,-0.95163,-0.977952,0.514688
informação rígida|isenção,133,-2.09232,-0.949403,-0.981043,0.509979
informação rígida|isenção,134,-2.08697,-0.946964,-0.983247,0.506283
informação rígida|isenção,135,-2.08143,-0.944437,-0.984823,0.501287
informação rígida|isenção,136,-2.07557,-0.941761,-0.986374,0.496087
informação rígida|isenção,137,-2.06937,-0.938932,-0.988243,0.491573
informação rígida|isenção,138,-2.06296,-0.936006,-0.990065,0.485831
informação rígida|isenção,139,-2.05615,-0.932898,-0.991339,0.480161
informação rígida|isenção,140,-2.04902,-0.929648,-0.991839,0.475012
informação rígida|isenção,141,-2.04175,-0.92633,-0.99236,0.468272
informação rígida|isenção,142,-2.03412,-0.922845,-0.992939,0.462023
informação rígida|isenção,143,-2.02621,-0.919239,-0.992776,0.456452
informação rígida|isenção,144,-2.01822,-0.915594,-0.992951,0.449928
informação rígida|isenção,145,-2.00998,-0.911835,-0.9924,0.443184
informação rígida|isenção,146,-2.00155,-0.907987,-0.992179,0.435801
informação rígida|isenção,147,-1.9928,-0.903997,-0.991543,0.428545
informação rígida|isenção,148,-1.98382,-0.899899,-0.990734,0.421184
informação rígida|isenção,149,-1.97461,-0.895698,-0.989392,0.413342
informação rígida|isenção,150,-1.96516,-0.891391,-0.988326,0.405385
informação rígida|isenção,151,-1.95546,-0.886965,-0.987012,0.396901
informação rígida|isenção,152,-1.94544,-0.882396,-0.985026,0.389915
informação rígida|isenção,153,-1.93543,-0.877833,-0.983211,0.381274
informação rígida|isenção,154,-1.92516,-0.873148,-0.981441,0.373284
informação rígida|isenção,155,-1.91474,-0.868397,-0.979707,0.365302
informação rígida|isenção,156,-1.90418,-0.863582,-0.977526,0.35669
informação rígida|isenção,157,-1.89344,-0.858686,-0.97486,0.348187
informação rígida|isenção,158,-1.88258,-0.853736,-0.972009,0.339101
informação rígida|isenção,159,-1.87154,-0.848704,-0.969205,0.330471
informação rígida|isenção,160,-1.86041,-0.843629,-0.966436,0.321725
informação rígida|isenção,161,-1.84916,-0.838503,-0.963329,0.313035
informação rígida|isenção,162,-1.83785,-0.833349,-0.960313,0.303964
informação rígida|isenção,163,-1.82642,-0.828137,-0.956751,0.294286
informação rígida|isenção,164,-1.81482,-0.822851,-0.953219,0.285305
informação rígida|isenção,165,-1.80317,-0.817544,-0.949579,0.276109
informação rígida|isenção,166,-1.79146,-0.812206,-0.945973,0.266873
informação rígida|isenção,167,-1.77967,-0.806834,-0.94217,0.257911
informação rígida|isenção,168,-1.76788,-0.801463,-0.937782,0.247353
informação rígida|isenção,169,-1.75588,-0.795995,-0.93345,0.237777
informação rígida|isenção,170,-1.74383,-0.790507,-0.929092,0.228664
informação rígida|isenção,171,-1.73181,-0.785035,-0.924272,0.218354
informação rígida|isenção,172,-1.71968,-0.779509,-0.919561,0.208724
informação rígida|isenção,173,-1.70754,-0.773977,-0.914506,0.197941
informação rígida|isenção,174,-1.69522,-0.768367,-0.909414,0.188563
informação rígida|isenção,175,-1.68296,-0.762786,-0.904543,0.178694
informação rígida|isenção,176,-1.67066,-0.757186,-0.899362,0.168492
informação rígida|isenção,177,-1.6583,-0.751559,-0.893708,0.157879
informação rígida|isenção,178,-1.64585,-0.745888,-0.888577,0.148784
informação rígida|isenção,179,-1.63351,-0.740269,-0.883176,0.138727
informação rígida|isenção,180,-1.62113,-0.734637,-0.877869,0.129927
informação rígida|isenção,181,-1.60893,-0.72908,-0.872216,0.120266
informação rígida|isenção,182,-1.59676,-0.723544,-0.866651,0.11119
informação rígida|isenção,183,-1.58474,-0.718073,-0.860958,0.100388
informação rígida|isenção,184,-1.57258,-0.71254,-0.854915,0.0904783
informação rígida|isenção,185,-1.56046,-0.707022,-0.849154,0.0811117
informação rígida|isenção,186,-1.54842,-0.701543,-0.843446,0.0713217
informação rígida|isenção,187,-1.53639,-0.696069,-0.837403,0.0616223
informação rígida|isenção,188,-1.52441,-0.690619,-0.831097,0.0521987
informação rígida|isenção,189,-1.51254,-0.68522,-0.825169,0.0424482
informação rígida|isenção,190,-1.50068,-0.679827,-0.818969,0.0331462
informação rígida|isenção,191,-1.48893,-0.674481,-0.812811,0.0238661
informação rígida|isenção,192,-1.47727,-0.669178,-0.806271,0.0143939
informação rígida|isenção,193,-1.4657,-0.663915,-0.800012,0.00480441
informação rígida|isenção,194,-1.45417,-0.658668,-0.793655,-0.00469272
informação rígida|isenção,195,-1.44268,-0.653443,-0.787155,-0.0133681
informação rígida|isenção,196,-1.43137,-0.648302,-0.780769,-0.0223067
informação rígida|isenção,197,-1.42019,-0.643217,-0.774593,-0.0314569
informação rígida|isenção,198,-1.40906,-0.638156,-0.768042,-0.0402468
informação rígida|isenção,199,-1.39807,-0.63316,-0.761531,-0.0497295
informação rígida|isenção,200,-1.38709,-0.628168,-0.755216,-0.0579736
informação rígida|isenção,201,-1.37629,-0.62326,-0.748533,-0.0675544
informação rígida|isenção,202,-1.36547,-0.618342,-0.741841,-0.0755445
informação rígida|isenção,203,-1.35488,-0.613529,-0.735362,-0.0846314
informação rígida|isenção,204,-1.34432,-0.608726,-0.728904,-0.0925379
informação rígida|isenção,205,-1.33396,-0.604017,-0.722273,-0.100475
informação rígida|isenção,206,-1.32379,-0.599396,-0.71574,-0.109028
informação rígida|isenção,207,-1.31369,-0.594806,-0.709366,-0.117294
informação rígida|isenção,208,-1.30368,-0.590258,-0.702922,-0.125026
informação rígida|isenção,209,-1.29384,-0.585786,-0.696198,-0.132355
informação rígida|isenção,210,-1.28424,-0.581425,-0.689638,-0.139515
informação rígida|isenção,211,-1.27488,-0.577175,-0.683238,-0.147501
informação rígida|isenção,212,-1.2656,-0.572958,-0.676848,-0.154858
informação rígida|isenção,213,-1.25648,-0.568814,-0.670421,-0.161667
informação rígida|isenção,214,-1.2476,-0.56478,-0.66412,-0.168788
informação rígida|isenção,215,-1.23889,-0.560822,-0.65763,-0.176295
informação rígida|isenção,216,-1.23027,-0.556907,-0.651306,-0.183393
informação rígida|isenção,217,-1.22178,-0.553053,-0.645108,-0.189686
informação rígida|isenção,218,-1.21353,-0.549307,-0.639108,-0.195814
informação rígida|isenção,219,-1.20552,-0.545665,-0.632864,-0.202375
informação rígida|isenção,220,-1.19766,-0.542097,-0.626818,-0.208252
informação rígida|isenção,221,-1.19004,-0.538635,-0.620791,-0.214559
informação rígida|isenção,222,-1.18256,-0.535242,-0.614908,-0.220774
informação rígida|isenção,223,-1.17523,-0.531913,-0.60887,-0.227345
informação rígida|isenção,224,-1.16797,-0.528616,-0.603241,-0.232808
informação rígida|isenção,225,-1.16092,-0.525414,-0.596987,-0.238507
informação rígida|isenção,226,-1.15406,-0.522298,-0.591026,-0.243368
informação rígida|isenção,227,-1.14749,-0.519316,-0.585481,-0.249023
informação rígida|isenção,228,-1.14103,-0.516383,-0.580089,-0.254219
informação rígida|isenção,229,-1.13472,-0.513518,-0.57414,-0.258999
informação rígida|isenção,230,-1.12866,-0.510767,-0.568602,-0.263296
informação rígida|isenção,231,-1.12287,-0.50814,-0.563008,-0.267794
informação rígida|isenção,232,-1.11731,-0.505615,-0.557925,-0.271866
informação rígida|isenção,233,-1.11198,-0.503196,-0.552869,-0.275753
informação rígida|isenção,234,-1.10689,-0.500888,-0.54768,-0.280108
informação rígida|isenção,235,-1.10197,-0.498653,-0.542716,-0.284052
informação rígida|isenção,236,-1.09724,-0.496504,-0.53771,-0.287695
informação rígida|isenção,237,-1.09272,-0.494455,-0.532924,-0.2911
informação rígida|isenção,238,-1.08843,-0.492508,-0.527786,-0.29495
informação rígida|isenção,239,-1.08429,-0.49063,-0.522817,-0.297888
informação rígida|isenção,240,-1.08043,-0.488878,-0.518086,-0.300693
informação rígida|isenção,241,-1.07683,-0.487242,-0.513097,-0.30377
informação rígida|isenção,242,-1.07343,-0.4857,-0.508517,-0.30661
informação rígida|isenção,243,-1.07023,-0.484249,-0.504283,-0.308617
informação rígida|isenção,244,-1.06732,-0.482926,-0.499774,-0.311304
informação rígida|isenção,245,-1.06458,-0.481684,-0.495505,-0.313461
informação rígida|isenção,246,-1.06207,-0.480543,-0.491333,-0.315894
informação rígida|isenção,247,-1.05971,-0.479472,-0.487353,-0.317848
informação rígida|isenção,248,-1.05754,-0.478488,-0.483548,-0.319326
informação rígida|isenção,249,-1.05561,-0.477614,-0.479722,-0.320888
informação rígida|isenção,250,-1.05389,-0.476834,-0.475968,-0.322537
informação rígida|isenção,251,-1.05234,-0.476131,-0.472512,-0.324381
informação rígida|isenção,252,-1.05089,-0.475471,-0.468921,-0.325269
informação rígida|isenção,253,-1.04968,-0.474923,-0.465525,-0.326272
informação rígida|isenção,254,-1.04866,-0.47446,-0.462074,-0.327136
informação rígida|isenção,255,-1.04784,-0.474088,-0.458935,-0.328075
informação rígida|isenção,256,-1.04716,-0.47378,-0.455932,-0.328091
informação rígida|isenção,257,-1.04675,-0.473594,-0.452785,-0.328136
informação rígida|isenção,258,-1.04659,-0.473522,-0.44981,-0.328631
informação rígida|isenção,259,-1.04658,-0.473516,-0.447052,-0.328215
informação rígida|isenção,260,-1.04683,-0.473628,-0.444374,-0.328326
informação rígida|isenção,261,-1.04722,-0.473805,-0.441741,-0.328214
informação rígida|isenção,262,-1.04777,-0.474056,-0.439321,-0.327857
informação rígida|isenção,263,-1.04849,-0.474382,-0.436972,-0.327252
informação rígida|isenção,264,-1.04939,-0.474793,-0.434792,-0.326541
informação rígida|isenção,265,-1.05047,-0.475283,-0.432658,-0.325255
informação rígida|isenção,266,-1.05181,-0.475888,-0.430884,-0.324828
informação rígida|isenção,267,-1.05321,-0.476523,-0.428934,-0.32318
informação rígida|isenção,268,-1.05486,-0.477275,-0.427016,-0.32137
informação rígida|isenção,269,-1.05679,-0.478147,-0.425429,-0.320477
informação rígida|isenção,270,-1.05879,-0.479054,-0.42395,-0.319062
informação rígida|isenção,271,-1.06092,-0.480024,-0.422508,-0.317499
informação rígida|isenção,272,-1.0632,-0.481057,-0.421231,-0.315815
informação rígida|isenção,273,-1.06561,-0.482151,-0.419924,-0.313986
informação rígida|isenção,274,-1.06818,-0.483317,-0.418731,-0.311941
informação rígida|isenção,275,-1.0709,-0.484552,-0.417595,-0.310031
informação rígida|isenção,276,-1.07374,-0.485841,-0.416928,-0.307491
informação rígida|isenção,277,-1.07675,-0.487208,-0.416163,-0.305701
informação rígida|isenção,278,-1.0798,-0.488591,-0.415296,-0.302893
informação rígida|isenção,279,-1.08306,-0.490069,-0.414433,-0.29999
informação rígida|isenção,280,-1.08651,-0.491638,-0.413928,-0.297174
informação rígida|isenção,281,-1.09012,-0.493274,-0.41346,-0.294033
informação rígida|isenção,282,-1.09391,-0.494996,-0.413086,-0.290973
informação rígida|isenção,283,-1.09785,-0.496784,-0.413079,-0.287709
informação rígida|isenção,284,-1.10194,-0.498637,-0.41292,-0.284475
informação rígida|isenção,285,-1.10615,-0.500552,-0.413061,-0.280977
informação rígida|isenção,286,-1.11052,-0.502533,-0.413121,-0.277714
informação rígida|isenção,287,-1.11499,-0.504565,-0.413448,-0.274823
informação rígida|isenção,288,-1.11948,-0.5066,-0.414015,-0.271415
informação rígida|isenção,289,-1.12403,-0.508666,-0.414403,-0.268674
informação rígida|isenção,290,-1.12854,-0.510712,-0.414828,-0.264372
informação rígida|isenção,291,-1.13327,-0.51286,-0.415485,-0.260088
informação rígida|isenção,292,-1.13817,-0.515087,-0.416375,-0.256307
informação rígida|isenção,293,-1.14314,-0.517341,-0.417279,-0.252349
informação rígida|isenção,294,-1.14819,-0.519637,-0.418321,-0.2487
informação rígida|isenção,295,-1.15327,-0.52194,-0.419382,-0.244622
informação rígida|isenção,296,-1.15842,-0.52428,-0.420794,-0.240313
informação rígida|isenção,297,-1.16366,-0.526658,-0.421958,-0.23635
informação rígida|isenção,298,-1.16894,-0.529055,-0.423266,-0.232527
informação rígida|isenção,299,-1.17422,-0.531451,-0.424851,-0.227925
informação rígida|isenção,300,-1.1796,-0.533894,-0.426225,-0.223085
informação rígida|isenção,301,-1.18513,-0.536407,-0.427684,-0.218508
informação rígida|isenção,302,-1.19075,-0.538962,-0.429435,-0.214552
informação rígida|isenção,303,-1.19634,-0.541499,-0.431065,-0.209267
informação rígida|isenção,304,-1.20212,-0.544124,-0.432808,-0.204907
informação rígida|isenção,305,-1.20792,-0.546759,-0.434611,-0.200619
informação rígida|isenção,306,-1.21374,-0.549398,-0.436709,-0.196382
informação rígida|isenção,307,-1.21951,-0.552021,-0.438861,-0.191296
informação rígida|isenção,308,-1.22539,-0.55469,-0.440949,-0.186639
informação rígida|isenção,309,-1.23129,-0.557373,-0.443217,-0.181863
informação rígida|isenção,310,-1.23724,-0.560072,-0.445156,-0.177113
informação rígida|isenção,311,-1.24323,-0.562797,-0.44732,-0.172274
informação rígida|isenção,312,-1.24928,-0.565544,-0.449459,-0.167637
informação rígida|isenção,313,-1.25535,-0.5683,-0.451637,-0.162611
informação rígida|isenção,314,-1.26149,-0.57109,-0.453812,-0.158168
informação rígida|isenção,315,-1.26761,-0.573868,-0.456206,-0.152885
informação rígida|isenção,316,-1.27381,-0.576688,-0.458464,-0.148305
informação rígida|isenção,317,-1.28002,-0.579507,-0.460895,-0.143823
informação rígida|isenção,318,-1.28617,-0.582305,-0.463573,-0.139543
informação rígida|isenção,319,-1.29223,-0.585058,-0.466327,-0.134168
informação rígida|isenção,320,-1.29838,-0.587849,-0.469223,-0.129923
informação rígida|isenção,321,-1.3044,-0.590586,-0.472284,-0.124274
informação rígida|isenção,322,-1.31052,-0.593367,-0.47514,-0.119738
informação rígida|isenção,323,-1.31658,-0.59612,-0.478358,-0.115186
informação rígida|isenção,324,-1.32255,-0.598833,-0.481447,-0.110513
informação rígida|isenção,325,-1.32847,-0.601523,-0.484359,-0.10653
informação rígida|isenção,326,-1.33423,-0.604142,-0.487346,-0.100962
informação rígida|isenção,327,-1.3401,-0.606811,-0.490407,-0.0961085
informação rígida|isenção,328,-1.34597,-0.60948,-0.493719,-0.0919492
informação rígida|isenção,329,-1.35169,-0.612079,-0.49693,-0.0869079
informação rígida|isenção,330,-1.35743,-0.614688,-0.500094,-0.0828799
informação rígida|isenção,331,-1.36303,-0.617232,-0.503151,-0.0778934
informação rígida|isenção,332,-1.36867,-0.619794,-0.50634,-0.072897
informação rígida|isenção,333,-1.37433,-0.622369,-0.509581,-0.0681933
informação rígida|isenção,334,-1.37998,-0.624936,-0.512748,-0.0646447
informação rígida|isenção,335,-1.38543,-0.627413,-0.516104,-0.0599688
informação rígida|isenção,336,-1.39085,-0.629878,-0.519459,-0.055331
informação rígida|isenção,337,-1.39625,-0.632334,-0.522622,-0.051138
informação rígida|isenção,338,-1.40158,-0.634758,-0.525876,-0.0466431
informação rígida|isenção,339,-1.40689,-0.637171,-0.529232,-0.0420906
informação rígida|isenção,340,-1.41217,-0.639572,-0.532195,-0.0387316
informação rígida|isenção,341,-1.41728,-0.641895,-0.534942,-0.0343258
informação rígida|isenção,342,-1.42241,-0.644227,-0.538156,-0.0307144
informação rígida|isenção,343,-1.42739,-0.646494,-0.541233,-0.0269387
informação rígida|isenção,344,-1.43228,-0.648715,-0.544312,-0.023326
informação rígida|isenção,345,-1.43704,-0.650881,-0.54738,-0.0193885
informação rígida|isenção,346,-1.44175,-0.653023,-0.55044,-0.0153675
informação rígida|isenção,347,-1.44642,-0.655147,-0.553519,-0.0115282
informação rígida|isenção,348,-1.45103,-0.657242,-0.556477,-0.0076541
informação rígida|isenção,349,-1.4556,-0.659321,-0.559669,-0.00459399
informação rígida|isenção,350,-1.45999,-0.661317,-0.562933,-0.000197427
informação rígida|isenção,351,-1.46441,-0.663329,-0.566005,0.0033806
informação rígida|isenção,352,-1.46876,-0.665306,-0.56893,0.00657182
informação rígida|isenção,353,-1.47299,-0.667228,-0.572039,0.0096984
informação rígida|isenção,354,-1.47709,-0.669093,-0.575009,0.0133257
informação rígida|isenção,355,-1.48116,-0.670945,-0.578199,0.0167425
informação rígida|isenção,356,-1.48515,-0.672762,-0.580989,0.0198739
informação rígida|isenção,357,-1.48906,-0.674541,-0.58416,0.0225144
informação rígida|isenção,358,-1.49279,-0.676235,-0.58713,0.0253902
informação rígida|isenção,359,-1.4964,-0.677876,-0.590026,0.0286537
informação rígida|isenção,360,-1.49996,-0.679499,-0.593163,0.0319321
informação rígida|isenção,361,-1.50348,-0.681096,-0.59611,0.0348517
informação rígida|isenção,362,-1.5069,-0.682654,-0.598832,0.0378834
informação rígida|isenção,363,-1.51029,-0.684197,-0.601431,0.0401157
informação rígida|isenção,364,-1.51354,-0.685673,-0.603965,0.0426412
informação rígida|isenção,365,-1.5167,-0.68711,-0.606786,0.0448781
informação rígida|isenção,366,-1.5197,-0.688479,-0.609552,0.0475575
informação rígida|isenção,367,-1.52265,-0.68982,-0.612283,0.0499568
informação rígida|isenção,368,-1.5255,-0.691116,-0.614886,0.0515453
informação rígida|isenção,369,-1.52813,-0.692314,-0.617619,0.054119
informação rígida|isenção,370,-1.53072,-0.693489,-0.620294,0.0563207
informação rígida|isenção,371,-1.53321,-0.694621,-0.622747,0.0583862
informação rígida|isenção,372,-1.53561,-0.695716,-0.625224,0.0601951
informação rígida|isenção,373,-1.53789,-0.696753,-0.627555,0.0616396
informação rígida|isenção,374,-1.54001,-0.697718,-0.630035,0.0631849
informação rígida|isenção,375,-1.54198,-0.698616,-0.632285,0.0651698
informação rígida|isenção,376,-1.54391,-0.699492,-0.634599,0.0669084
informação rígida|isenção,377,-1.54576,-0.700333,-0.636797,0.0692094
informação rígida|isenção,378,-1.54763,-0.701186,-0.638713,0.0707622
informação rígida|isenção,379,-1.54944,-0.702009,-0.64093,0.0718668
informação rígida|isenção,380,-1.5511,-0.702763,-0.643045,0.0726661
informação rígida|isenção,381,-1.55256,-0.70343,-0.645271,0.0733309
informação rígida|isenção,382,-1.55382,-0.704003,-0.647206,0.0749261
informação rígida|isenção,383,-1.55507,-0.70457,-0.649348,0.076394
informação rígida|isenção,384,-1.55627,-0.705115,-0.651588,0.0774512
informação rígida|isenção,385,-1.55735,-0.705609,-0.653103,0.0783936
informação rígida|isenção,386,-1.55837,-0.706073,-0.655139,0.0790732
informação rígida|isenção,387,-1.55924,-0.70647,-0.656592,0.0793948
informação rígida|isenção,388,-1.55998,-0.706804,-0.658567,0.0803486
informação rígida|isenção,389,-1.56064,-0.707103,-0.66005,0.0811586
informação rígida|isenção,390,-1.56125,-0.707383,-0.661802,0.0821599
informação rígida|isenção,391,-1.56184,-0.707652,-0.663378,0.0824147
informação rígida|isenção,392,-1.56231,-0.707864,-0.664767,0.0823003
informação rígida|isenção,393,-1.56261,-0.708001,-0.666113,0.0826855
informação rígida|isenção,394,-1.56285,-0.708109,-0.667681,0.0830392
informação rígida|isenção,395,-1.563,-0.708178,-0.668993,0.0834788
informação rígida|isenção,396,-1.56312,-0.708232,-0.670235,0.0837041
informação rígida|isenção,397,-1.56317,-0.708257,-0.671482,0.0835518
informação rígida|isenção,398,-1.56311,-0.708229,-0.672665,0.0838133
informação rígida|isenção,399,-1.56301,-0.708184,-0.673862,0.0835925
informação rígida|isenção,400,-1.56281,-0.708091,-0.675046,0.0836695
informação rígida|isenção,401,-1.56255,-0.707974,-0.676213,0.0842344
informação rígida|isenção,402,-1.56233,-0.707872,-0.677163,0.0835092
informação rígida|isenção,403,-1.56196,-0.707707,-0.677899,0.0822422
informação rígida|isenção,404,-1.56139,-0.707448,-0.678975,0.0815241
informação rígida|isenção,405,-1.56068,-0.707123,-0.67966,0.0808134
informação rígida|isenção,406,-1.55987,-0.706753,-0.680011,0.0809505
informação rígida|isenção,407,-1.55913,-0.706418,-0.680801,0.079758
informação rígida|isenção,408,-1.55821,-0.706001,-0.681856,0.0798355
informação rígida|isenção,409,-1.55732,-0.705593,-0.682816,0.0798847
informação rígida|isenção,410,-1.55645,-0.705198,-0.683636,0.0782856
informação rígida|isenção,411,-1.55536,-0.7047,-0.68425,0.0786989
informação rígida|isenção,412,-1.5544,-0.704265,-0.685095,0.0774814
informação rígida|isenção,413,-1.5533,-0.703765,-0.685918,0.0763052
informação rígida|isenção,414,-1.55207,-0.703205,-0.686495,0.0747338
informação rígida|isenção,415,-1.55068,-0.702572,-0.687016,0.0731381
informação rígida|isenção,416,-1.54914,-0.70187,-0.687188,0.0713192
informação rígida|isenção,417,-1.54743,-0.701095,-0.68763,0.0710377
informação rígida|isenção,418,-1.54581,-0.700357,-0.687925,0.0698271
informação rígida|isenção,419,-1.54413,-0.699593,-0.688207,0.0684687
informação rígida|isenção,420,-1.54238,-0.698794,-0.688315,0.0666071
informação rígida|isenção,421,-1.54048,-0.697934,-0.688438,0.0646834
informação rígida|isenção,422,-1.53846,-0.697011,-0.6884,0.0632338
informação rígida|isenção,423,-1.53639,-0.69607,-0.688446,0.0617536
informação rígida|isenção,424,-1.53428,-0.695108,-0.688332,0.059783
informação rígida|isenção,425,-1.53205,-0.694096,-0.688206,0.0579081
informação rígida|isenção,426,-1.52974,-0.693044,-0.688264,0.0567247
informação rígida|isenção,427,-1.52744,-0.691999,-0.687959,0.0548581
informação rígida|isenção,428,-1.52508,-0.690924,-0.687548,0.0531069
informação rígida|isenção,429,-1.52269,-0.689837,-0.687215,0.0523175
informação rígida|isenção,430,-1.52042,-0.688806,-0.686772,0.0497877
informação rígida|isenção,431,-1.518,-0.687705,-0.686288,0.0478436
informação rígida|isenção,432,-1.51554,-0.686584,-0.685342,0.0460405
informação rígida|isenção,433,-1.5131,-0.685474,-0.68476,0.0444697
informação rígida|isenção,434,-1.51069,-0.684379,-0.684129,0.041958
informação rígida|isenção,435,-1.50817,-0.683232,-0.683659,0.0398285
informação rígida|isenção,436,-1.50558,-0.682051,-0.682932,0.0380364
informação rígida|isenção,437,-1.503,-0.680879,-0.682392,0.0359574
informação rígida|isenção,438,-1.50037,-0.679683,-0.681775,0.0337429
informação rígida|isenção,439,-1.49768,-0.67846,-0.68094,0.0316418
informação rígida|isenção,440,-1.49498,-0.67723,-0.680082,0.0293607
informação rígida|isenção,441,-1.49223,-0.67598,-0.679306,0.0273778
informação rígida|isenção,442,-1.48948,-0.674729,-0.678594,0.0251962
informação rígida|isenção,443,-1.48669,-0.673461,-0.677615,0.0226006
informação rígida|isenção,444,-1.48382,-0.672154,-0.676831,0.0211314
informação rígida|isenção,445,-1.48103,-0.670888,-0.67608,0.0189151
informação rígida|isenção,446,-1.47822,-0.669606,-0.674779,0.0162655
informação rígida|isenção,447,-1.47534,-0.668297,-0.673975,0.0148456
informação rígida|isenção,448,-1.47256,-0.667033,-0.673053,0.0122464
informação rígida|isenção,449,-1.46971,-0.665735,-0.671753,0.0102854
informação rígida|isenção,450,-1.46691,-0.664465,-0.670646,0.00824302
informação rígida|isenção,451,-1.46414,-0.663203,-0.669465,0.00681121
informação rígida|isenção,452,-1.4615,-0.662002,-0.668206,0.00474568
informação rígida|isenção,453,-1.45888,-0.660814,-0.666769,0.00235429
informação rígida|isenção,454,-1.45627,-0.659625,-0.665464,0.000188843
informação rígida|isenção,455,-1.45368,-0.658446,-0.664272,-0.00245362
informação rígida|isenção,456,-1.45101,-0.657232,-0.66273,-0.00428809
informação rígida|isenção,457,-1.44843,-0.656061,-0.661543,-0.00659492
informação rígida|isenção,458,-1.44584,-0.654881,-0.660153,-0.00808404
informação rígida|isenção,459,-1.44338,-0.653761,-0.658738,-0.0100698
informação rígida|isenção,460,-1.44096,-0.652661,-0.657452,-0.012494
informação rígida|isenção,461,-1.4385,-0.651542,-0.656182,-0.013965
informação rígida|isenção,462,-1.43615,-0.650476,-0.654876,-0.0157384
informação rígida|isenção,463,-1.43387,-0.649437,-0.653582,-0.0181026
informação rígida|isenção,464,-1.43155,-0.648381,-0.652121,-0.020084
informação rígida|isenção,465,-1.42926,-0.647342,-0.650893,-0.0218125
informação rígida|isenção,466,-1.42702,-0.646326,-0.649662,-0.0238865
informação rígida|isenção,467,-1.42479,-0.645308,-0.648418,-0.0252623
informação rígida|isenção,468,-1.42266,-0.644339,-0.646982,-0.0268381
informação rígida|isenção,469,-1.42062,-0.643412,-0.645737,-0.0289619
informação rígida|isenção,470,-1.41855,-0.642474,-0.644224,-0.0315181
informação rígida|isenção,471,-1.41642,-0.641502,-0.642738,-0.0340265
informação rígida|isenção,472,-1.41421,-0.640499,-0.641523,-0.0354747
informação rígida|isenção,473,-1.41208,-0.639532,-0.640244,-0.0370153
informação rígida|isenção,474,-1.41003,-0.638596,-0.638952,-0.0385478
informação rígida|isenção,475,-1.40803,-0.637691,-0.637833,-0.0406851
informação rígida|isenção,476,-1.40599,-0.636762,-0.636618,-0.0420589
informação rígida|isenção,477,-1.40402,-0.635865,-0.635368,-0.0439599
informação rígida|isenção,478,-1.40203,-0.634962,-0.634176,-0.0453935
informação rígida|isenção,479,-1.40011,-0.634087,-0.632918,-0.0474329
informação rígida|isenção,480,-1.39815,-0.633196,-0.631463,-0.0491612
informação rígida|isenção,481,-1.39622,-0.632319,-0.630217,-0.0506877
informação rígida|isenção,482,-1.39434,-0.631463,-0.62878,-0.0525168
informação rígida|isenção,483,-1.39246,-0.630609,-0.627537,-0.0543773
informação rígida|isenção,484,-1.39055,-0.629743,-0.626265,-0.0556376
informação rígida|isenção,485,-1.38873,-0.628912,-0.625013,-0.0575092
informação rígida|isenção,486,-1.38687,-0.628068,-0.623868,-0.0584808
informação rígida|isenção,487,-1.38511,-0.62727,-0.622656,-0.0601128
informação rígida|isenção,488,-1.38335,-0.62647,-0.621374,-0.0608454
informação rígida|isenção,489,-1.38175,-0.62574,-0.620209,-0.0624686
informação rígida|isenção,490,-1.38012,-0.625002,-0.619161,-0.0641878
informação rígida|isenção,491,-1.37846,-0.624245,-0.618112,-0.0651593
informação rígida|isenção,492,-1.37688,-0.623528,-0.616912,-0.0671293
informação rígida|isenção,493,-1.37522,-0.622775,-0.615831,-0.0685903
informação rígida|isenção,494,-1.37357,-0.622021,-0.614827,-0.0694831
informação rígida|isenção,495,-1.37199,-0.621306,-0.613831,-0.070617
informação rígida|isenção,496,-1.37046,-0.620608,-0.612773,-0.0717622
informação rígida|isenção,497,-1.36896,-0.619928,-0.611526,-0.0725983
informação rígida|isenção,498,-1.36758,-0.619298,-0.610212,-0.0743317
informação rígida|isenção,499,-1.36615,-0.618648,-0.60922,-0.0753637
informação rígida|isenção,500,-1.36476,-0.618016,-0.608029,-0.0761767
informação rígida|isenção,501,-1.36345,-0.617422,-0.60653,-0.0764409
informação rígida|isenção,502,-1.36235,-0.616924,-0.605181,-0.078321
informação rígida|isenção,503,-1.36117,-0.616384,-0.604096,-0.0792381
informação rígida|isenção,504,-1.36002,-0.615865,-0.603127,-0.0802325
informação rígida|isenção,505,-1.35891,-0.615358,-0.601989,-0.0807493
informação rígida|isenção,506,-1.3579,-0.614902,-0.600975,-0.0813794
informação rígida|isenção,507,-1.35698,-0.614481,-0.599864,-0.0822653
informação rígida|isenção,508,-1.35609,-0.614079,-0.598828,-0.0833652
informação rígida|isenção,509,-1.3552,-0.613671,-0.5978,-0.0848876
informação rígida|isenção,510,-1.35422,-0.613226,-0.596781,-0.0851096
informação rígida|isenção,511,-1.35337,-0.612842,-0.595904,-0.0860551
informação rígida|isenção,512,-1.35252,-0.612455,-0.594846,-0.0866583
informação rígida|isenção,513,-1.35174,-0.612099,-0.593451,-0.0873358
informação rígida|isenção,514,-1.35103,-0.611779,-0.592454,-0.0883282
informação rígida|isenção,515,-1.3503,-0.611448,-0.591395,-0.0887302
informação rígida|isenção,516,-1.34966,-0.611153,-0.590546,-0.0893804
informação rígida|isenção,517,-1.34903,-0.610866,-0.589677,-0.0893795
informação rígida|isenção,518,-1.34851,-0.610634,-0.588667,-0.0904718
informação rígida|isenção,519,-1.34795,-0.610377,-0.587629,-0.0909583
informação rígida|isenção,520,-1.34743,-0.610142,-0.586907,-0.0916618
informação rígida|isenção,521,-1.34689,-0.609896,-0.586183,-0.092213
informação rígida|isenção,522,-1.34635,-0.609652,-0.585371,-0.0921412
informação rígida|isenção,523,-1.34593,-0.609457,-0.584502,-0.0921882
informação rígida|isenção,524,-1.34559,-0.609303,-0.583656,-0.0919922
informação rígida|isenção,525,-1.34537,-0.609207,-0.583064,-0.0923128
informação rígida|isenção,526,-1.34517,-0.609116,-0.582423,-0.0938045
informação rígida|isenção,527,-1.3448,-0.608944,-0.582104,-0.0932675
informação rígida|isenção,528,-1.34455,-0.608834,-0.581503,-0.0929969
informação rígida|isenção,529,-1.34441,-0.60877,-0.580931,-0.092696
informação rígida|isenção,530,-1.34438,-0.608754,-0.580258,-0.093613
informação rígida|isenção,531,-1.34425,-0.608695,-0.579683,-0.0937212
informação rígida|isenção,532,-1.34415,-0.608648,-0.57908,-0.093651
informação rígida|isenção,533,-1.3441,-0.608626,-0.578416,-0.0946752
informação rígida|isenção,534,-1.34392,-0.608547,-0.577939,-0.0939402
informação rígida|isenção,535,-1.34391,-0.608539,-0.577582,-0.0940935
informação rígida|isenção,536,-1.34388,-0.608529,-0.577495,-0.0936798
informação rígida|isenção,537,-1.34392,-0.608545,-0.577056,-0.0940182
informação rígida|isenção,538,-1.34392,-0.608547,-0.576885,-0.0936921
informação rígida|isenção,539,-1.34398,-0.608573,-0.57661,-0.0931702
informação rígida|isenção,540,-1.34413,-0.60864,-0.576262,-0.0934176
informação rígida|isenção,541,-1.34424,-0.608693,-0.576049,-0.093098
informação rígida|isenção,542,-1.34442,-0.608773,-0.575731,-0.0928332
informação rígida|isenção,543,-1.34465,-0.608876,-0.575494,-0.0928151
informação rígida|isenção,544,-1.34487,-0.608976,-0.575356,-0.0926412
informação rígida|isenção,545,-1.3451,-0.60908,-0.575403,-0.0922974
informação rígida|isenção,546,-1.34535,-0.609196,-0.575247,-0.0923068
informação rígida|isenção,547,-1.34558,-0.609301,-0.575078,-0.0920036
informação rígida|isenção,548,-1.34585,-0.609424,-0.574812,-0.0913403
informação rígida|isenção,549,-1.34622,-0.609591,-0.574757,-0.0911734
informação rígida|isenção,550,-1.34659,-0.609759,-0.574616,-0.0902507
informação rígida|isenção,551,-1.34709,-0.609985,-0.574497,-0.0908882
informação rígida|isenção,552,-1.34744,-0.610148,-0.574457,-0.090312
informação rígida|isenção,553,-1.34786,-0.610337,-0.574227,-0.0897819
informação rígida|isenção,554,-1.34834,-0.610554,-0.574074,-0.0891634
informação rígida|isenção,555,-1.34888,-0.610802,-0.573997,-0.0893053
informação rígida|isenção,556,-1.34936,-0.61102,-0.5738,-0.0889983
informação rígida|isenção,557,-1.34987,-0.611249,-0.573688,-0.0893695
informação rígida|isenção,558,-1.35026,-0.611429,-0.573505,-0.0886888
informação rígida|isenção,559,-1.35074,-0.611645,-0.573501,-0.0883884
informação rígida|isenção,560,-1.35121,-0.611857,-0.573412,-0.0882139
informação rígida|isenção,561,-1.35166,-0.612062,-0.573333,-0.0878003
informação rígida|isenção,562,-1.35212,-0.612275,-0.57327,-0.0869944
informação rígida|isenção,563,-1.35267,-0.612524,-0.573148,-0.0868575
informação rígida|isenção,564,-1.3532,-0.612762,-0.573157,-0.0855297
informação rígida|isenção,565,-1.35388,-0.613072,-0.573044,-0.0853018
informação rígida|isenção,566,-1.35454,-0.613374,-0.573049,-0.0847242
informação rígida|isenção,567,-1.35523,-0.613687,-0.57323,-0.0844059
informação rígida|isenção,568,-1.35588,-0.613982,-0.573088,-0.0834076
informação rígida|isenção,569,-1.35664,-0.614328,-0.57319,-0.0831505
informação rígida|isenção,570,-1.35736,-0.614654,-0.573443,-0.0826311
informação rígida|isenção,571,-1.35807,-0.614975,-0.573426,-0.0823328
informação rígida|isenção,572,-1.35875,-0.615286,-0.573501,-0.0815522
informação rígida|isenção,573,-1.35948,-0.61562,-0.573739,-0.0801326
informação rígida|isenção,574,-1.36036,-0.616017,-0.574048,-0.0805585
informação rígida|isenção,575,-1.36106,-0.616334,-0.574283,-0.0797574
informação rígida|isenção,576,-1.36179,-0.616669,-0.574492,-0.078914
informação rígida|isenção,577,-1.36257,-0.617022,-0.574632,-0.0780567
informação rígida|isenção,578,-1.3634,-0.6174,-0.574814,-0.0773749
informação rígida|isenção,579,-1.36424,-0.617783,-0.574732,-0.0775111
informação rígida|isenção,580,-1.365,-0.618127,-0.574904,-0.0766172
informação rígida|isenção,581,-1.36581,-0.618496,-0.574949,-0.0767077
informação rígida|isenção,582,-1.36652,-0.618817,-0.575277,-0.075411
informação rígida|isenção,583,-1.36732,-0.619183,-0.5757,-0.0742354
informação rígida|isenção,584,-1.3682,-0.61958,-0.576074,-0.0729953
informação rígida|isenção,585,-1.36916,-0.620017,-0.576303,-0.0721468
informação rígida|isenção,586,-1.37015,-0.620468,-0.57636,-0.0713431
informação rígida|isenção,587,-1.37119,-0.620942,-0.576454,-0.071361
informação rígida|isenção,588,-1.37214,-0.621373,-0.576978,-0.0708412
informação rígida|isenção,589,-1.37304,-0.621782,-0.577231,-0.0703514
informação rígida|isenção,590,-1.37391,-0.622178,-0.577445,-0.0693403
informação rígida|isenção,591,-1.37484,-0.622601,-0.578072,-0.0683871
informação rígida|isenção,592,-1.37578,-0.623028,-0.578388,-0.0673891
informação rígida|isenção,593,-1.37677,-0.623478,-0.578641,-0.0669775
informação rígida|isenção,594,-1.37771,-0.623903,-0.579113,-0.0659901
informação rígida|isenção,595,-1.37868,-0.624346,-0.57942,-0.0658923
informação rígida|isenção,596,-1.37955,-0.624742,-0.579763,-0.0652625
informação rígida|isenção,597,-1.38041,-0.625133,-0.580112,-0.0648146
informação rígida|isenção,598,-1.38123,-0.625503,-0.580436,-0.0635202
informação rígida|isenção,599,-1.38214,-0.625918,-0.580619,-0.0623404
atenção limitada|uniforme,0,0,0,0.431676,-1.15162
atenção limitada|uniforme,1,-0.0294091,-0.0132687,0.409805,-1.12868
atenção limitada|uniforme,2,-0.0581834,-0.026253,0.390212,-1.10621
atenção limitada|uniforme,3,-0.0864699,-0.0390192,0.356471,-1.08418
atenção limitada|uniforme,4,-0.113222,-0.0510947,0.341894,-1.06328
atenção limitada|uniforme,5,-0.139769,-0.0630792,0.325063,-1.04253
atenção limitada|uniforme,6,-0.165944,-0.074898,0.29909,-1.02211
atenção limitada|uniforme,7,-0.191091,-0.0862538,0.291927,-1.00232
atenção limitada|uniforme,8,-0.21655,-0.097752,0.273286,-0.982312
atenção limitada|uniforme,9,-0.241523,-0.109033,0.254769,-0.962825
atenção limitada|uniforme,10,-0.265931,-0.120059,0.236746,-0.943718
atenção limitada|uniforme,11,-0.289815,-0.130851,0.219309,-0.92496
atenção limitada|uniforme,12,-0.31323,-0.141432,0.201814,-0.906642
atenção limitada|uniforme,13,-0.336123,-0.151778,0.184736,-0.888712
atenção limitada|uniforme,14,-0.358511,-0.161898,0.164002,-0.871267
atenção limitada|uniforme,15,-0.380097,-0.171656,0.151968,-0.854218
atenção limitada|uniforme,16,-0.401535,-0.181348,0.136214,-0.837367
atenção limitada|uniforme,17,-0.422536,-0.190844,0.119481,-0.820958
atenção limitada|uniforme,18,-0.442982,-0.20009,0.10224,-0.805046
atenção limitada|uniforme,19,-0.462801,-0.209053,0.0880795,-0.789523
atenção limitada|uniforme,20,-0.482217,-0.217835,0.0741305,-0.774214
atenção limitada|uniforme,21,-0.501265,-0.226452,0.0604194,-0.75935
atenção limitada|uniforme,22,-0.519896,-0.234881,0.0465821,-0.744748
atenção limitada|uniforme,23,-0.538103,-0.243119,0.0367491,-0.729829
atenção limitada|uniforme,24,-0.556357,-0.251378,0.0215439,-0.715566
atenção limitada|uniforme,25,-0.574085,-0.259401,0.00882913,-0.701578
atenção limitada|uniforme,26,-0.591478,-0.267273,-0.00536086,-0.688118
atenção limitada|uniforme,27,-0.608339,-0.274905,-0.0177591,-0.674647
atenção limitada|uniforme,28,-0.624912,-0.282407,-0.0294677,-0.661545
atenção limitada|uniforme,29,-0.641187,-0.289775,-0.0387693,-0.649112
atenção limitada|uniforme,30,-0.65719,-0.29702,-0.0497148,-0.636557
atenção limitada|uniforme,31,-0.67289,-0.304129,-0.0614459,-0.624117
atenção limitada|uniforme,32,-0.688263,-0.311091,-0.0762832,-0.611774
atenção limitada|uniforme,33,-0.703136,-0.317826,-0.0874046,-0.600021
atenção limitada|uniforme,34,-0.717694,-0.324419,-0.09335,-0.588755
atenção limitada|uniforme,35,-0.732215,-0.330997,-0.106076,-0.577147
atenção limitada|uniforme,36,-0.746332,-0.337391,-0.117624,-0.56558
atenção limitada|uniforme,37,-0.760198,-0.343673,-0.127037,-0.554581
atenção limitada|uniforme,38,-0.77386,-0.349862,-0.134809,-0.5443
atenção limitada|uniforme,39,-0.787257,-0.355932,-0.144182,-0.533731
atenção limitada|uniforme,40,-0.800401,-0.361888,-0.157367,-0.523174
atenção limitada|uniforme,41,-0.813079,-0.367633,-0.168289,-0.513055
atenção limitada|uniforme,42,-0.825418,-0.373225,-0.173784,-0.502914
atenção limitada|uniforme,43,-0.837857,-0.378863,-0.188172,-0.493325
atenção limitada|uniforme,44,-0.849628,-0.384197,-0.188185,-0.48447
atenção limitada|uniforme,45,-0.861627,-0.389636,-0.196009,-0.475182
atenção limitada|uniforme,46,-0.873393,-0.39497,-0.204506,-0.465903
atenção limitada|uniforme,47,-0.884913,-0.400192,-0.212711,-0.456678
atenção limitada|uniforme,48,-0.896245,-0.40533,-0.221236,-0.447976
atenção limitada|uniforme,49,-0.907251,-0.41032,-0.229613,-0.439293
atenção limitada|uniforme,50,-0.917998,-0.415193,-0.236612,-0.430484
atenção limitada|uniforme,51,-0.92865,-0.420023,-0.248281,-0.42252
atenção limitada|uniforme,52,-0.938694,-0.424577,-0.252023,-0.41435
atenção limitada|uniforme,53,-0.948822,-0.42917,-0.25904,-0.406146
atenção limitada|uniforme,54,-0.958807,-0.433699,-0.266133,-0.398124
atenção limitada|uniforme,55,-0.968627,-0.438153,-0.273386,-0.390468
atenção limitada|uniforme,56,-0.97821,-0.442499,-0.280507,-0.382918
atenção limitada|uniforme,57,-0.987571,-0.446745,-0.288869,-0.375201
atenção limitada|uniforme,58,-0.996705,-0.450888,-0.293929,-0.36827
atenção limitada|uniforme,59,-1.00568,-0.45496,-0.300555,-0.361163
atenção limitada|uniforme,60,-1.01445,-0.458939,-0.307275,-0.353975
atenção limitada|uniforme,61,-1.02308,-0.462853,-0.320974,-0.346431
atenção limitada|uniforme,62,-1.03121,-0.466541,-0.327445,-0.339905
atenção limitada|uniforme,63,-1.03916,-0.47015,-0.329156,-0.334005
atenção limitada|uniforme,64,-1.04714,-0.473768,-0.338757,-0.327233
atenção limitada|uniforme,65,-1.05481,-0.477251,-0.343347,-0.321231
atenção limitada|uniforme,66,-1.06239,-0.480692,-0.349291,-0.315131
atenção limitada|uniforme,67,-1.06983,-0.484067,-0.35159,-0.309578
atenção limitada|uniforme,68,-1.07725,-0.487433,-0.356348,-0.30375
atenção limitada|uniforme,69,-1.08455,-0.490747,-0.35851,-0.298774
atenção limitada|uniforme,70,-1.09171,-0.493996,-0.362692,-0.292906
atenção limitada|uniforme,71,-1.09883,-0.49723,-0.369707,-0.286882
atenção limitada|uniforme,72,-1.10579,-0.500385,-0.373432,-0.281505
atenção limitada|uniforme,73,-1.11266,-0.503504,-0.37756,-0.276144
atenção limitada|uniforme,74,-1.11943,-0.506576,-0.385649,-0.270397
atenção limitada|uniforme,75,-1.12594,-0.509533,-0.388287,-0.26547
atenção limitada|uniforme,76,-1.1324,-0.512468,-0.393768,-0.260236
atenção limitada|uniforme,77,-1.13871,-0.515332,-0.403972,-0.254368
atenção limitada|uniforme,78,-1.14473,-0.518064,-0.407354,-0.249715
atenção limitada|uniforme,79,-1.15068,-0.520765,-0.411046,-0.245075
atenção limitada|uniforme,80,-1.15654,-0.523425,-0.415425,-0.240381
atenção limitada|uniforme,81,-1.1623,-0.526043,-0.419591,-0.235755
atenção limitada|uniforme,82,-1.16799,-0.528624,-0.420054,-0.231838
atenção limitada|uniforme,83,-1.17368,-0.531209,-0.423031,-0.227488
atenção limitada|uniforme,84,-1.17931,-0.533764,-0.428133,-0.222845
atenção limitada|uniforme,85,-1.18481,-0.536261,-0.430635,-0.219052
atenção limitada|uniforme,86,-1.19016,-0.538693,-0.43823,-0.215131
atenção limitada|uniforme,87,-1.19508,-0.540926,-0.44335,-0.21129
atenção limitada|uniforme,88,-1.19977,-0.543057,-0.449964,-0.207943
atenção limitada|uniforme,89,-1.20405,-0.544999,-0.45344,-0.204665
atenção limitada|uniforme,90,-1.20817,-0.546869,-0.449206,-0.200665
atenção limitada|uniforme,91,-1.21286,-0.549002,-0.453339,-0.197003
atenção limitada|uniforme,92,-1.21739,-0.551059,-0.457173,-0.193443
atenção limitada|uniforme,93,-1.22178,-0.553052,-0.459351,-0.18984
atenção limitada|uniforme,94,-1.22617,-0.555045,-0.465758,-0.186595
atenção limitada|uniforme,95,-1.23018,-0.556867,-0.467635,-0.183315
atenção limitada|uniforme,96,-1.23419,-0.558689,-0.467419,-0.179844
atenção limitada|uniforme,97,-1.2384,-0.560601,-0.469937,-0.176424
atenção limitada|uniforme,98,-1.24258,-0.5625,-0.476844,-0.173455
atenção limitada|uniforme,99,-1.24632,-0.564197,-0.476667,-0.170217
atenção limitada|uniforme,100,-1.25023,-0.565976,-0.477584,-0.166886
atenção limitada|uniforme,101,-1.25424,-0.567797,-0.480548,-0.163648
atenção limitada|uniforme,102,-1.25817,-0.569584,-0.485422,-0.16008
atenção limitada|uniforme,103,-1.262,-0.57132,-0.486498,-0.157547
atenção limitada|uniforme,104,-1.26573,-0.573018,-0.491261,-0.153994
atenção limitada|uniforme,105,-1.2694,-0.574683,-0.493087,-0.151303
atenção limitada|uniforme,106,-1.273,-0.576317,-0.495382,-0.148543
atenção limitada|uniforme,107,-1.27652,-0.577916,-0.497962,-0.145764
atenção limitada|uniforme,108,-1.27996,-0.57948,-0.50216,-0.143472
atenção limitada|uniforme,109,-1.2831,-0.58091,-0.503357,-0.140366
atenção limitada|uniforme,110,-1.28641,-0.58241,-0.505142,-0.137898
atenção limitada|uniforme,111,-1.28965,-0.583884,-0.507938,-0.135174
atenção limitada|uniforme,112,-1.29284,-0.585334,-0.509214,-0.132951
atenção limitada|uniforme,113,-1.29596,-0.586751,-0.516331,-0.131104
atenção limitada|uniforme,114,-1.29853,-0.587919,-0.518482,-0.129085
atenção limitada|uniforme,115,-1.30101,-0.589046,-0.51885,-0.126822
atenção limitada|uniforme,116,-1.3036,-0.590221,-0.51792,-0.124178
atenção limitada|uniforme,117,-1.30646,-0.591521,-0.519648,-0.121966
atenção limitada|uniforme,118,-1.30928,-0.592803,-0.523748,-0.120139
atenção limitada|uniforme,119,-1.3118,-0.593951,-0.524686,-0.118037
atenção limitada|uniforme,120,-1.31435,-0.595108,-0.527632,-0.116107
atenção limitada|uniforme,121,-1.31674,-0.596192,-0.527224,-0.11378
atenção limitada|uniforme,122,-1.31931,-0.597362,-0.529218,-0.111937
atenção limitada|uniforme,123,-1.32176,-0.598477,-0.531694,-0.109545
atenção limitada|uniforme,124,-1.32423,-0.599596,-0.533822,-0.107442
atenção limitada|uniforme,125,-1.32666,-0.6007,-0.535623,-0.105478
atenção limitada|uniforme,126,-1.32904,-0.601785,-0.538258,-0.1031
atenção limitada|uniforme,127,-1.33145,-0.602878,-0.538688,-0.101844
atenção limitada|uniforme,128,-1.33374,-0.60392,-0.540679,-0.0998381
atenção limitada|uniforme,129,-1.33601,-0.604952,-0.542727,-0.097768
atenção limitada|uniforme,130,-1.33828,-0.605984,-0.543431,-0.0964449
atenção limitada|uniforme,131,-1.34046,-0.606973,-0.546051,-0.0952174
atenção limitada|uniforme,132,-1.3424,-0.607854,-0.548434,-0.093924
atenção limitada|uniforme,133,-1.34417,-0.608658,-0.549887,-0.0924509
atenção limitada|uniforme,134,-1.34589,-0.609442,-0.54884,-0.0904465
atenção limitada|uniforme,135,-1.34789,-0.61035,-0.551291,-0.0892858
atenção limitada|uniforme,136,-1.34967,-0.61116,-0.552223,-0.0878233
atenção limitada|uniforme,137,-1.35144,-0.611964,-0.552871,-0.0860522
atenção limitada|uniforme,138,-1.3533,-0.612811,-0.553944,-0.0847238
atenção limitada|uniforme,139,-1.35511,-0.613632,-0.558699,-0.0840013
atenção limitada|uniforme,140,-1.35646,-0.614247,-0.556327,-0.0822016
atenção limitada|uniforme,141,-1.35818,-0.615025,-0.557788,-0.0809806
atenção limitada|uniforme,142,-1.3598,-0.615762,-0.559009,-0.0793857
atenção limitada|uniforme,143,-1.36145,-0.616515,-0.560698,-0.0777749
atenção limitada|uniforme,144,-1.36311,-0.617267,-0.561784,-0.076602
atenção limitada|uniforme,145,-1.36471,-0.617994,-0.563964,-0.0745309
atenção limitada|uniforme,146,-1.36639,-0.618761,-0.563752,-0.074209
atenção limitada|uniforme,147,-1.36791,-0.619451,-0.565188,-0.0727608
atenção limitada|uniforme,148,-1.36943,-0.620139,-0.566416,-0.0714055
atenção limitada|uniforme,149,-1.37095,-0.620831,-0.566982,-0.0706217
atenção limitada|uniforme,150,-1.37237,-0.621478,-0.568104,-0.0693633
atenção limitada|uniforme,151,-1.37379,-0.622122,-0.569339,-0.068163
atenção limitada|uniforme,152,-1.37517,-0.622751,-0.570561,-0.0668314
atenção limitada|uniforme,153,-1.37657,-0.623386,-0.571981,-0.0652481
atenção limitada|uniforme,154,-1.37803,-0.62405,-0.572815,-0.0644164
atenção limitada|uniforme,155,-1.3794,-0.624673,-0.574,-0.062961
atenção limitada|uniforme,156,-1.38083,-0.625322,-0.574974,-0.0619405
atenção limitada|uniforme,157,-1.38222,-0.625953,-0.575988,-0.060686
atenção limitada|uniforme,158,-1.38364,-0.626599,-0.575981,-0.0606265
atenção limitada|uniforme,159,-1.38484,-0.627148,-0.578806,-0.0599296
atenção limitada|uniforme,160,-1.38583,-0.627595,-0.579577,-0.0591785
atenção limitada|uniforme,161,-1.38676,-0.62802,-0.578797,-0.0578604
atenção limitada|uniforme,162,-1.38791,-0.628541,-0.579535,-0.0571346
atenção limitada|uniforme,163,-1.38899,-0.629032,-0.580458,-0.0561664
atenção limitada|uniforme,164,-1.39006,-0.629519,-0.582871,-0.0558116
atenção limitada|uniforme,165,-1.39087,-0.629888,-0.583437,-0.0552371
atenção limitada|uniforme,166,-1.39164,-0.630238,-0.583444,-0.0543607
atenção limitada|uniforme,167,-1.39249,-0.630624,-0.584458,-0.0541023
atenção limitada|uniforme,168,-1.39318,-0.630937,-0.584936,-0.0531637
atenção limitada|uniforme,169,-1.39394,-0.631281,-0.585805,-0.0527389
atenção limitada|uniforme,170,-1.39459,-0.631581,-0.584922,-0.0516974
atenção limitada|uniforme,171,-1.39544,-0.631966,-0.586042,-0.0501747
atenção limitada|uniforme,172,-1.39644,-0.632418,-0.586701,-0.0494613
atenção limitada|uniforme,173,-1.39741,-0.632859,-0.58701,-0.0494586
atenção limitada|uniforme,174,-1.3982,-0.633218,-0.587751,-0.0483766
atenção limitada|uniforme,175,-1.39907,-0.633616,-0.588368,-0.0478102
atenção limitada|uniforme,176,-1.3999,-0.633992,-0.589089,-0.0468799
atenção limitada|uniforme,177,-1.40077,-0.634387,-0.589702,-0.0459153
atenção limitada|uniforme,178,-1.40169,-0.634808,-0.590345,-0.0454354
atenção limitada|uniforme,179,-1.40255,-0.635196,-0.590732,-0.0451902
atenção limitada|uniforme,180,-1.4033,-0.635536,-0.591439,-0.0441806
atenção limitada|uniforme,181,-1.40412,-0.635911,-0.592116,-0.0430316
atenção limitada|uniforme,182,-1.40505,-0.636332,-0.592572,-0.043196
atenção limitada|uniforme,183,-1.40575,-0.636654,-0.593217,-0.0425928
atenção limitada|uniforme,184,-1.40644,-0.636966,-0.593856,-0.0414855
atenção limitada|uniforme,185,-1.40724,-0.637329,-0.594569,-0.040774
atenção limitada|uniforme,186,-1.40804,-0.637691,-0.595091,-0.0400321
atenção limitada|uniforme,187,-1.40886,-0.638066,-0.59569,-0.0393675
atenção limitada|uniforme,188,-1.40968,-0.63844,-0.596161,-0.0384592
atenção limitada|uniforme,189,-1.41058,-0.638848,-0.596681,-0.0378468
atenção limitada|uniforme,190,-1.41147,-0.639253,-0.597182,-0.0380423
atenção limitada|uniforme,191,-1.41215,-0.639563,-0.597614,-0.0374772
atenção limitada|uniforme,192,-1.41284,-0.639875,-0.598034,-0.036805
atenção limitada|uniforme,193,-1.41355,-0.6402,-0.598562,-0.0365454
atenção limitada|uniforme,194,-1.41417,-0.640482,-0.599177,-0.0354232
atenção limitada|uniforme,195,-1.41493,-0.640824,-0.599599,-0.0354354
atenção limitada|uniforme,196,-1.41553,-0.6411,-0.600029,-0.0350766
atenção limitada|uniforme,197,-1.4161,-0.641356,-0.600558,-0.0345421
atenção limitada|uniforme,198,-1.41665,-0.641611,-0.600909,-0.0336125
atenção limitada|uniforme,199,-1.41733,-0.64192,-0.601306,-0.0336162
atenção limitada|uniforme,200,-1.41789,-0.642171,-0.601914,-0.0324038
atenção limitada|uniforme,201,-1.4186,-0.642497,-0.602359,-0.0322464
atenção limitada|uniforme,202,-1.41922,-0.642777,-0.602788,-0.0319866
atenção limitada|uniforme,203,-1.41978,-0.64303,-0.60314,-0.0312362
atenção limitada|uniforme,204,-1.42041,-0.643317,-0.603483,-0.0308196
atenção limitada|uniforme,205,-1.42102,-0.643597,-0.604008,-0.0302132
atenção limitada|uniforme,206,-1.42166,-0.643885,-0.604926,-0.0303825
atenção limitada|uniforme,207,-1.42209,-0.644083,-0.605648,-0.0301413
atenção limitada|uniforme,208,-1.42247,-0.644255,-0.604983,-0.029587
atenção limitada|uniforme,209,-1.42297,-0.644482,-0.606267,-0.029374
atenção limitada|uniforme,210,-1.42335,-0.644655,-0.606532,-0.0293127
atenção limitada|uniforme,211,-1.42367,-0.644801,-0.606746,-0.0289433
atenção limitada|uniforme,212,-1.42401,-0.644956,-0.606969,-0.0288112
atenção limitada|uniforme,213,-1.42431,-0.645092,-0.60698,-0.0283671
atenção limitada|uniforme,214,-1.42468,-0.645259,-0.608476,-0.0287287
atenção limitada|uniforme,215,-1.42479,-0.645311,-0.608549,-0.0286698
atenção limitada|uniforme,216,-1.42489,-0.645353,-0.607372,-0.0281804
atenção limitada|uniforme,217,-1.42516,-0.645476,-0.607602,-0.0278974
atenção limitada|uniforme,218,-1.42542,-0.645597,-0.607667,-0.0277891
atenção limitada|uniforme,219,-1.42567,-0.645708,-0.607829,-0.0276041
atenção limitada|uniforme,220,-1.4259,-0.645812,-0.608047,-0.0271944
atenção limitada|uniforme,221,-1.42616,-0.645932,-0.608323,-0.027067
atenção limitada|uniforme,222,-1.42638,-0.646032,-0.6078,-0.0264721
atenção limitada|uniforme,223,-1.42673,-0.646193,-0.60882,-0.0264784
atenção limitada|uniforme,224,-1.42696,-0.646295,-0.608968,-0.0265465
atenção limitada|uniforme,225,-1.42711,-0.646363,-0.608949,-0.0263415
atenção limitada|uniforme,226,-1.42728,-0.646441,-0.609076,-0.0259655
atenção limitada|uniforme,227,-1.4275,-0.646542,-0.608582,-0.0254499
atenção limitada|uniforme,228,-1.42783,-0.646693,-0.608981,-0.0254284
atenção limitada|uniforme,229,-1.42809,-0.646809,-0.60891,-0.0244405
atenção limitada|uniforme,230,-1.42856,-0.647022,-0.610036,-0.0249649
atenção limitada|uniforme,231,-1.42875,-0.647109,-0.609519,-0.0246037
atenção limitada|uniforme,232,-1.42903,-0.647239,-0.610425,-0.0248269
atenção limitada|uniforme,233,-1.42915,-0.647292,-0.610661,-0.0248653
atenção limitada|uniforme,234,-1.4292,-0.647317,-0.610052,-0.0241379
atenção limitada|uniforme,235,-1.42946,-0.647431,-0.610369,-0.0239944
atenção limitada|uniforme,236,-1.42968,-0.647532,-0.610561,-0.0236572
atenção limitada|uniforme,237,-1.42993,-0.647645,-0.61053,-0.0226532
atenção limitada|uniforme,238,-1.43039,-0.647854,-0.610935,-0.0228837
atenção limitada|uniforme,239,-1.43069,-0.647994,-0.611214,-0.0226959
atenção limitada|uniforme,240,-1.43098,-0.648124,-0.611435,-0.0227943
atenção limitada|uniforme,241,-1.43119,-0.648218,-0.611619,-0.022643
atenção limitada|uniforme,242,-1.43139,-0.648309,-0.613504,-0.0232366
atenção limitada|uniforme,243,-1.43127,-0.648258,-0.611866,-0.0224673
atenção limitada|uniforme,244,-1.43146,-0.648341,-0.611967,-0.0221443
atenção limitada|uniforme,245,-1.43168,-0.648441,-0.612035,-0.0218606
atenção limitada|uniforme,246,-1.43193,-0.648556,-0.612204,-0.0215466
atenção limitada|uniforme,247,-1.43221,-0.648682,-0.612843,-0.0219522
atenção limitada|uniforme,248,-1.43229,-0.648722,-0.61262,-0.0217451
atenção limitada|uniforme,249,-1.43243,-0.648782,-0.612587,-0.0212455
atenção limitada|uniforme,250,-1.43266,-0.64889,-0.612769,-0.0212545
atenção limitada|uniforme,251,-1.43285,-0.648974,-0.612971,-0.0213897
atenção limitada|uniforme,252,-1.43295,-0.649021,-0.613613,-0.0215178
atenção limitada|uniforme,253,-1.43296,-0.649023,-0.613138,-0.0212601
atenção limitada|uniforme,254,-1.43305,-0.649066,-0.613095,-0.0211155
atenção limitada|uniforme,255,-1.43316,-0.649116,-0.613649,-0.02125
atenção limitada|uniforme,256,-1.43318,-0.649123,-0.613457,-0.0211761
atenção limitada|uniforme,257,-1.43321,-0.64914,-0.613903,-0.021316
atenção limitada|uniforme,258,-1.43317,-0.649118,-0.613311,-0.0206385
atenção limitada|uniforme,259,-1.43332,-0.649189,-0.613373,-0.0205007
atenção limitada|uniforme,260,-1.43348,-0.649261,-0.613449,-0.0200439
atenção limitada|uniforme,261,-1.43371,-0.649363,-0.613457,-0.0198817
atenção limitada|uniforme,262,-1.43395,-0.649474,-0.613602,-0.0194961
atenção limitada|uniforme,263,-1.43424,-0.649608,-0.613591,-0.0190422
atenção limitada|uniforme,264,-1.43461,-0.649776,-0.613809,-0.0186965
atenção limitada|uniforme,265,-1.43501,-0.649956,-0.614271,-0.0188239
atenção limitada|uniforme,266,-1.43529,-0.650083,-0.614529,-0.0186145
atenção limitada|uniforme,267,-1.43556,-0.650208,-0.614802,-0.0186145
atenção limitada|uniforme,268,-1.43578,-0.650306,-0.614901,-0.018172
atenção limitada|uniforme,269,-1.43607,-0.650438,-0.615144,-0.017896
atenção limitada|uniforme,270,-1.43637,-0.650577,-0.615347,-0.0179631
atenção limitada|uniforme,271,-1.43661,-0.650686,-0.615505,-0.0180522
atenção limitada|uniforme,272,-1.43679,-0.650767,-0.615649,-0.0182514
atenção limitada|uniforme,273,-1.4369,-0.650814,-0.616015,-0.0182148
atenção limitada|uniforme,274,-1.43696,-0.650845,-0.615615,-0.0178065
atenção limitada|uniforme,275,-1.43715,-0.65093,-0.615802,-0.0177489
atenção limitada|uniforme,276,-1.43731,-0.651002,-0.615919,-0.0174111
atenção limitada|uniforme,277,-1.43751,-0.651095,-0.616058,-0.0173517
atenção limitada|uniforme,278,-1.4377,-0.651178,-0.616216,-0.0174282
atenção limitada|uniforme,279,-1.43782,-0.651237,-0.616304,-0.0172352
atenção limitada|uniforme,280,-1.43797,-0.651303,-0.616299,-0.0168141
atenção limitada|uniforme,281,-1.43819,-0.651401,-0.616164,-0.0165467
atenção limitada|uniforme,282,-1.43845,-0.651523,-0.616435,-0.0168008
atenção limitada|uniforme,283,-1.43861,-0.651596,-0.616864,-0.0169694
atenção limitada|uniforme,284,-1.43868,-0.651626,-0.616866,-0.0167809
atenção limitada|uniforme,285,-1.43877,-0.651668,-0.616471,-0.0159942
atenção limitada|uniforme,286,-1.43907,-0.651805,-0.616692,-0.0158049
atenção limitada|uniforme,287,-1.43937,-0.65194,-0.61693,-0.0156196
atenção limitada|uniforme,288,-1.43967,-0.652075,-0.617277,-0.0155238
atenção limitada|uniforme,289,-1.43992,-0.65219,-0.617959,-0.0157953
atenção limitada|uniforme,290,-1.44002,-0.652235,-0.61767,-0.0154758
atenção limitada|uniforme,291,-1.44021,-0.652319,-0.618292,-0.0158158
atenção limitada|uniforme,292,-1.44024,-0.652333,-0.618312,-0.0157764
atenção limitada|uniforme,293,-1.44027,-0.65235,-0.618402,-0.0159863
atenção limitada|uniforme,294,-1.44024,-0.652336,-0.618321,-0.0156146
atenção limitada|uniforme,295,-1.44031,-0.652365,-0.61764,-0.0144376
atenção limitada|uniforme,296,-1.4407,-0.652546,-0.618174,-0.014795
atenção limitada|uniforme,297,-1.44093,-0.652647,-0.619663,-0.0157113
atenção limitada|uniforme,298,-1.44079,-0.652586,-0.618734,-0.0153015
atenção limitada|uniforme,299,-1.44083,-0.652604,-0.618853,-0.015575
atenção limitada|uniforme,300,-1.44079,-0.652585,-0.619584,-0.0157055
atenção limitada|uniforme,301,-1.44066,-0.652527,-0.618386,-0.0151873
atenção limitada|uniforme,302,-1.44076,-0.65257,-0.6184,-0.0151093
atenção limitada|uniforme,303,-1.44086,-0.652616,-0.618801,-0.0151322
atenção limitada|uniforme,304,-1.44091,-0.652639,-0.618841,-0.0151507
atenção limitada|uniforme,305,-1.44095,-0.652657,-0.61841,-0.014851
atenção limitada|uniforme,306,-1.44109,-0.652721,-0.619741,-0.0155113
atenção limitada|uniforme,307,-1.44095,-0.652659,-0.619625,-0.0157784
atenção limitada|uniforme,308,-1.44077,-0.652578,-0.618632,-0.0151499
atenção limitada|uniforme,309,-1.44083,-0.652602,-0.618428,-0.0150543
atenção limitada|uniforme,310,-1.44091,-0.652638,-0.61826,-0.0146623
atenção limitada|uniforme,311,-1.44108,-0.652715,-0.618074,-0.0138196
atenção limitada|uniforme,312,-1.44144,-0.652881,-0.618479,-0.0141807
atenção limitada|uniforme,313,-1.44166,-0.652979,-0.61897,-0.0145196
atenção limitada|uniforme,314,-1.44173,-0.653012,-0.618733,-0.0142355
atenção limitada|uniforme,315,-1.44187,-0.653077,-0.618776,-0.0139812
atenção limitada|uniforme,316,-1.44205,-0.65316,-0.619237,-0.0141272
atenção limitada|uniforme,317,-1.44214,-0.653198,-0.618731,-0.0135742
atenção limitada|uniforme,318,-1.44239,-0.653312,-0.618861,-0.0132253
atenção limitada|uniforme,319,-1.44269,-0.653451,-0.619231,-0.0135566
atenção limitada|uniforme,320,-1.44286,-0.653528,-0.619548,-0.0135873
atenção limitada|uniforme,321,-1.44298,-0.653579,-0.619967,-0.013873
atenção limitada|uniforme,322,-1.44298,-0.653579,-0.61964,-0.0136194
atenção limitada|uniforme,323,-1.44306,-0.653616,-0.619789,-0.0136467
atenção limitada|uniforme,324,-1.4431,-0.653638,-0.619425,-0.0129451
atenção limitada|uniforme,325,-1.44334,-0.653745,-0.619991,-0.0133255
atenção limitada|uniforme,326,-1.44341,-0.653778,-0.620781,-0.0139589
atenção limitada|uniforme,327,-1.44328,-0.653716,-0.619506,-0.0130727
atenção limitada|uniforme,328,-1.44346,-0.653799,-0.620029,-0.0134681
atenção limitada|uniforme,329,-1.44349,-0.653813,-0.620807,-0.0137089
atenção limitada|uniforme,330,-1.4434,-0.653772,-0.620752,-0.0138117
atenção limitada|uniforme,331,-1.4433,-0.653726,-0.620804,-0.0140475
atenção limitada|uniforme,332,-1.44314,-0.653653,-0.619972,-0.0135861
atenção limitada|uniforme,333,-1.44316,-0.653661,-0.619615,-0.0130755
atenção limitada|uniforme,334,-1.44332,-0.653736,-0.619664,-0.0127018
atenção limitada|uniforme,335,-1.44355,-0.653841,-0.619691,-0.0122825
atenção limitada|uniforme,336,-1.44386,-0.653982,-0.620407,-0.012785
atenção limitada|uniforme,337,-1.44396,-0.654027,-0.620247,-0.0123865
atenção limitada|uniforme,338,-1.44416,-0.654117,-0.620832,-0.0129052
atenção limitada|uniforme,339,-1.44416,-0.65412,-0.62043,-0.0122677
atenção limitada|uniforme,340,-1.44435,-0.654206,-0.620871,-0.012416
atenção limitada|uniforme,341,-1.44445,-0.654251,-0.621793,-0.0127734
atenção limitada|uniforme,342,-1.44439,-0.654223,-0.621702,-0.0131093
atenção limitada|uniforme,343,-1.44426,-0.654165,-0.621494,-0.0129616
atenção limitada|uniforme,344,-1.4442,-0.654136,-0.620633,-0.0126147
atenção limitada|uniforme,345,-1.44429,-0.654176,-0.620683,-0.0125719
atenção limitada|uniforme,346,-1.44437,-0.654211,-0.621475,-0.0129529
atenção limitada|uniforme,347,-1.44429,-0.654176,-0.621549,-0.0133231
atenção limitada|uniforme,348,-1.44412,-0.654101,-0.621354,-0.0131359
atenção limitada|uniforme,349,-1.44403,-0.654061,-0.620577,-0.012915
atenção limitada|uniforme,350,-1.44406,-0.654072,-0.620419,-0.0125359
atenção limitada|uniforme,351,-1.44419,-0.65413,-0.620541,-0.0125742
atenção limitada|uniforme,352,-1.44428,-0.654172,-0.620789,-0.012795
atenção limitada|uniforme,353,-1.44429,-0.654176,-0.621327,-0.0128553
atenção limitada|uniforme,354,-1.44424,-0.654154,-0.621582,-0.0134807
atenção limitada|uniforme,355,-1.44403,-0.654059,-0.620804,-0.0130119
atenção limitada|uniforme,356,-1.444,-0.654046,-0.620653,-0.0126602
atenção limitada|uniforme,357,-1.44407,-0.654077,-0.620513,-0.012456
atenção limitada|uniforme,358,-1.44419,-0.65413,-0.620963,-0.0127781
atenção limitada|uniforme,359,-1.44418,-0.654126,-0.620353,-0.0118366
atenção limitada|uniforme,360,-1.44444,-0.654247,-0.620466,-0.011485
atenção limitada|uniforme,361,-1.44476,-0.654389,-0.620705,-0.0113547
atenção limitada|uniforme,362,-1.44505,-0.654521,-0.621283,-0.0116915
atenção limitada|uniforme,363,-1.44518,-0.654581,-0.621602,-0.0120067
atenção limitada|uniforme,364,-1.44519,-0.654587,-0.62104,-0.0113618
atenção limitada|uniforme,365,-1.44541,-0.654687,-0.621623,-0.0119055
atenção limitada|uniforme,366,-1.44543,-0.654697,-0.622309,-0.012296
atenção limitada|uniforme,367,-1.44531,-0.654641,-0.621948,-0.0120412
atenção limitada|uniforme,368,-1.44529,-0.65463,-0.621631,-0.0120391
atenção limitada|uniforme,369,-1.44529,-0.65463,-0.622221,-0.0123749
atenção limitada|uniforme,370,-1.44516,-0.654573,-0.621341,-0.0116838
atenção limitada|uniforme,371,-1.44527,-0.654622,-0.621449,-0.011669
atenção limitada|uniforme,372,-1.44537,-0.654666,-0.621506,-0.0115624
atenção limitada|uniforme,373,-1.44547,-0.654714,-0.621767,-0.0117539
atenção limitada|uniforme,374,-1.4455,-0.654727,-0.621807,-0.0117388
atenção limitada|uniforme,375,-1.44553,-0.654742,-0.62235,-0.0120853
atenção limitada|uniforme,376,-1.44545,-0.654702,-0.622218,-0.0121313
atenção limitada|uniforme,377,-1.44537,-0.654668,-0.62241,-0.0128278
atenção limitada|uniforme,378,-1.44511,-0.654551,-0.622196,-0.0127044
atenção limitada|uniforme,379,-1.44493,-0.654467,-0.622069,-0.0125763
atenção limitada|uniforme,380,-1.4448,-0.654409,-0.621144,-0.0120028
atenção limitada|uniforme,381,-1.44489,-0.654451,-0.622231,-0.0130067
atenção limitada|uniforme,382,-1.44465,-0.65434,-0.62195,-0.0126131
atenção limitada|uniforme,383,-1.44455,-0.654294,-0.621877,-0.0129645
atenção limitada|uniforme,384,-1.44438,-0.654219,-0.621037,-0.0127301
atenção limitada|uniforme,385,-1.44435,-0.654204,-0.620918,-0.0127392
atenção limitada|uniforme,386,-1.44433,-0.654193,-0.621657,-0.0131343
atenção limitada|uniforme,387,-1.44415,-0.654114,-0.62064,-0.0124616
atenção limitada|uniforme,388,-1.44423,-0.654149,-0.620825,-0.0126638
atenção limitada|uniforme,389,-1.44424,-0.654153,-0.621042,-0.0128162
atenção limitada|uniforme,390,-1.44419,-0.654132,-0.620815,-0.0124726
atenção limitada|uniforme,391,-1.44424,-0.654156,-0.620752,-0.0122696
atenção limitada|uniforme,392,-1.44434,-0.6542,-0.6209,-0.012339
atenção limitada|uniforme,393,-1.4444,-0.654229,-0.620575,-0.0119511
atenção limitada|uniforme,394,-1.44458,-0.654307,-0.621102,-0.0123347
atenção limitada|uniforme,395,-1.44459,-0.654313,-0.621067,-0.0121255
atenção limitada|uniforme,396,-1.44466,-0.654344,-0.62082,-0.0117692
atenção limitada|uniforme,397,-1.44482,-0.65442,-0.621265,-0.0119182
atenção limitada|uniforme,398,-1.4449,-0.654455,-0.621188,-0.0117659
atenção limitada|uniforme,399,-1.44501,-0.654506,-0.621514,-0.0120588
atenção limitada|uniforme,400,-1.44502,-0.654509,-0.621523,-0.0117464
atenção limitada|uniforme,401,-1.4451,-0.654544,-0.621624,-0.0118466
atenção limitada|uniforme,402,-1.44513,-0.654559,-0.622491,-0.0123365
atenção limitada|uniforme,403,-1.44498,-0.654491,-0.621511,-0.0119636
atenção limitada|uniforme,404,-1.44502,-0.654507,-0.622238,-0.0123258
atenção limitada|uniforme,405,-1.44491,-0.654458,-0.621434,-0.0119881
atenção limitada|uniforme,406,-1.44495,-0.654478,-0.622285,-0.0125604
atenção limitada|uniforme,407,-1.44479,-0.654406,-0.621329,-0.0122574
atenção limitada|uniforme,408,-1.44479,-0.654404,-0.621939,-0.0125704
atenção limitada|uniforme,409,-1.44468,-0.654354,-0.621186,-0.0123388
atenção limitada|uniforme,410,-1.44469,-0.654357,-0.621081,-0.0121874
atenção limitada|uniforme,411,-1.44474,-0.65438,-0.621987,-0.0125291
atenção limitada|uniforme,412,-1.44463,-0.654331,-0.621697,-0.0125953
atenção limitada|uniforme,413,-1.44454,-0.65429,-0.620806,-0.0119794
atenção limitada|uniforme,414,-1.44467,-0.654351,-0.621729,-0.0125787
atenção limitada|uniforme,415,-1.44459,-0.654311,-0.620983,-0.0124191
atenção limitada|uniforme,416,-1.4446,-0.654317,-0.621051,-0.012535
atenção limitada|uniforme,417,-1.44457,-0.654304,-0.620676,-0.0120147
atenção limitada|uniforme,418,-1.44469,-0.654361,-0.621112,-0.012384
atenção limitada|uniforme,419,-1.44468,-0.654356,-0.621823,-0.0126872
atenção limitada|uniforme,420,-1.44455,-0.654296,-0.620553,-0.01177
atenção limitada|uniforme,421,-1.44475,-0.654385,-0.620757,-0.0118438
atenção limitada|uniforme,422,-1.44489,-0.654449,-0.621228,-0.0120531
atenção limitada|uniforme,423,-1.44493,-0.654466,-0.622024,-0.0124443
atenção limitada|uniforme,424,-1.44481,-0.654412,-0.621105,-0.0119795
atenção limitada|uniforme,425,-1.44488,-0.654443,-0.621234,-0.0121469
atenção limitada|uniforme,426,-1.44489,-0.654448,-0.621178,-0.0119949
atenção limitada|uniforme,427,-1.44494,-0.65447,-0.621132,-0.011843
atenção limitada|uniforme,428,-1.44502,-0.654508,-0.621,-0.0115903
atenção limitada|uniforme,429,-1.44517,-0.654577,-0.621001,-0.0112501
atenção limitada|uniforme,430,-1.44539,-0.654675,-0.621532,-0.0115106
atenção limitada|uniforme,431,-1.44548,-0.654717,-0.621799,-0.0118247
atenção limitada|uniforme,432,-1.44546,-0.65471,-0.622437,-0.0121325
atenção limitada|uniforme,433,-1.44534,-0.654653,-0.621657,-0.0117943
atenção limitada|uniforme,434,-1.44536,-0.654662,-0.621481,-0.0115624
atenção limitada|uniforme,435,-1.44545,-0.654704,-0.621745,-0.0118945
atenção limitada|uniforme,436,-1.44543,-0.654697,-0.621632,-0.0116342
atenção limitada|uniforme,437,-1.44549,-0.654722,-0.621263,-0.0109708
atenção limitada|uniforme,438,-1.44572,-0.654826,-0.621406,-0.0109251
atenção limitada|uniforme,439,-1.44592,-0.65492,-0.622722,-0.0118518
atenção limitada|uniforme,440,-1.44579,-0.654857,-0.621246,-0.0104788
atenção limitada|uniforme,441,-1.4461,-0.655001,-0.621884,-0.0110203
atenção limitada|uniforme,442,-1.44621,-0.65505,-0.621936,-0.0108466
atenção limitada|uniforme,443,-1.44635,-0.655112,-0.622161,-0.0109541
atenção limitada|uniforme,444,-1.44643,-0.655149,-0.622065,-0.0106538
atenção limitada|uniforme,445,-1.44658,-0.65522,-0.622329,-0.0107931
atenção limitada|uniforme,446,-1.44667,-0.65526,-0.623276,-0.0114868
atenção limitada|uniforme,447,-1.44651,-0.655186,-0.622945,-0.0111737
atenção limitada|uniforme,448,-1.44647,-0.655167,-0.622961,-0.0112941
atenção limitada|uniforme,449,-1.4464,-0.655137,-0.622903,-0.0114151
atenção limitada|uniforme,450,-1.44632,-0.655099,-0.622923,-0.0118229
atenção limitada|uniforme,451,-1.44614,-0.65502,-0.622824,-0.0120895
atenção limitada|uniforme,452,-1.44593,-0.654921,-0.622607,-0.0116804
atenção limitada|uniforme,453,-1.44584,-0.654881,-0.621583,-0.0109615
atenção limitada|uniforme,454,-1.44601,-0.65496,-0.622771,-0.0118279
atenção limitada|uniforme,455,-1.44587,-0.654894,-0.622471,-0.0117933
atenção limitada|uniforme,456,-1.44577,-0.654851,-0.622567,-0.0123717
atenção limitada|uniforme,457,-1.44554,-0.654745,-0.622509,-0.0125172
atenção limitada|uniforme,458,-1.44529,-0.654633,-0.622419,-0.0126601
atenção limitada|uniforme,459,-1.44505,-0.654521,-0.621222,-0.0117601
atenção limitada|uniforme,460,-1.44513,-0.654559,-0.621519,-0.0120565
atenção limitada|uniforme,461,-1.44511,-0.654548,-0.621501,-0.0120556
atenção limitada|uniforme,462,-1.44509,-0.654539,-0.621464,-0.0119567
atenção limitada|uniforme,463,-1.44509,-0.654541,-0.621604,-0.01212
atenção limitada|uniforme,464,-1.44504,-0.654519,-0.621378,-0.011595
atenção limitada|uniforme,465,-1.44514,-0.654562,-0.62156,-0.0115497
atenção limitada|uniforme,466,-1.44522,-0.654602,-0.621238,-0.0108157
atenção limitada|uniforme,467,-1.44551,-0.654731,-0.621659,-0.0113664
atenção limitada|uniforme,468,-1.4456,-0.654773,-0.621986,-0.0117509
atenção limitada|uniforme,469,-1.44557,-0.654757,-0.621848,-0.0114466
atenção limitada|uniforme,470,-1.44561,-0.654778,-0.621988,-0.0116559
atenção limitada|uniforme,471,-1.4456,-0.654774,-0.622698,-0.0121203
atenção limitada|uniforme,472,-1.44543,-0.654697,-0.621972,-0.0119121
atenção limitada|uniforme,473,-1.44537,-0.65467,-0.620901,-0.0108504
atenção limitada|uniforme,474,-1.44566,-0.654801,-0.621237,-0.0109213
atenção limitada|uniforme,475,-1.44588,-0.654899,-0.621269,-0.0105851
atenção limitada|uniforme,476,-1.44615,-0.655024,-0.62264,-0.0114472
atenção limitada|uniforme,477,-1.44608,-0.654992,-0.621964,-0.0112596
atenção limitada|uniforme,478,-1.44611,-0.655006,-0.621813,-0.0109142
atenção limitada|uniforme,479,-1.44623,-0.655061,-0.622647,-0.0113631
atenção limitada|uniforme,480,-1.44618,-0.655035,-0.621615,-0.0106627
atenção limitada|uniforme,481,-1.44637,-0.655124,-0.621776,-0.0104752
atenção limitada|uniforme,482,-1.44658,-0.655219,-0.621918,-0.0103836
atenção limitada|uniforme,483,-1.44678,-0.655311,-0.622151,-0.0107044
atenção limitada|uniforme,484,-1.44688,-0.655352,-0.622104,-0.0104481
atenção limitada|uniforme,485,-1.44703,-0.655421,-0.622928,-0.0108274
atenção limitada|uniforme,486,-1.44702,-0.655419,-0.62218,-0.0103766
atenção limitada|uniforme,487,-1.44718,-0.655489,-0.623015,-0.0110426
atenção limitada|uniforme,488,-1.4471,-0.655456,-0.623073,-0.011244
atenção limitada|uniforme,489,-1.44699,-0.655403,-0.623138,-0.0117265
atenção limitada|uniforme,490,-1.44676,-0.655298,-0.622947,-0.0114175
atenção limitada|uniforme,491,-1.44663,-0.655242,-0.622732,-0.011184
atenção limitada|uniforme,492,-1.44659,-0.655223,-0.62253,-0.0110071
atenção limitada|uniforme,493,-1.44661,-0.655231,-0.622147,-0.0106221
atenção limitada|uniforme,494,-1.44674,-0.655293,-0.622843,-0.0109494
atenção limitada|uniforme,495,-1.44673,-0.655285,-0.622928,-0.0110531
atenção limitada|uniforme,496,-1.44668,-0.655263,-0.622826,-0.0110652
atenção limitada|uniforme,497,-1.44665,-0.65525,-0.622862,-0.0111902
atenção limitada|uniforme,498,-1.44659,-0.655221,-0.622498,-0.0110065
atenção limitada|uniforme,499,-1.4466,-0.655228,-0.62277,-0.0111318
atenção limitada|uniforme,500,-1.44656,-0.655211,-0.622988,-0.011616
atenção limitada|uniforme,501,-1.44639,-0.655133,-0.622692,-0.0115975
atenção limitada|uniforme,502,-1.44627,-0.655076,-0.622819,-0.0125918
atenção limitada|uniforme,503,-1.4459,-0.654911,-0.622481,-0.0120061
atenção limitada|uniforme,504,-1.44573,-0.654833,-0.622261,-0.0118608
atenção limitada|uniforme,505,-1.44563,-0.654787,-0.622269,-0.0120764
atenção limitada|uniforme,506,-1.44549,-0.654724,-0.622026,-0.0120758
atenção limitada|uniforme,507,-1.44539,-0.654676,-0.621127,-0.0116754
atenção limitada|uniforme,508,-1.44546,-0.654708,-0.621238,-0.0115695
atenção limitada|uniforme,509,-1.44554,-0.654744,-0.622022,-0.0125886
atenção limitada|uniforme,510,-1.44531,-0.65464,-0.621895,-0.0125322
atenção limitada|uniforme,511,-1.44512,-0.654553,-0.620889,-0.0116812
atenção limitada|uniforme,512,-1.44522,-0.654599,-0.621113,-0.0117928
atenção limitada|uniforme,513,-1.44526,-0.654618,-0.621272,-0.0118333
atenção limitada|uniforme,514,-1.44526,-0.65462,-0.621079,-0.011506
atenção limitada|uniforme,515,-1.44536,-0.654662,-0.621441,-0.0117501
atenção limitada|uniforme,516,-1.44535,-0.654659,-0.621185,-0.0113906
atenção limitada|uniforme,517,-1.44545,-0.654706,-0.622339,-0.0121602
atenção limitada|uniforme,518,-1.44528,-0.654625,-0.620979,-0.0110601
atenção limitada|uniforme,519,-1.44548,-0.654719,-0.621597,-0.0116527
atenção limitada|uniforme,520,-1.44548,-0.654718,-0.621646,-0.0118514
atenção limitada|uniforme,521,-1.44542,-0.654692,-0.622292,-0.0122338
atenção limitada|uniforme,522,-1.44524,-0.65461,-0.622124,-0.0121313
atenção limitada|uniforme,523,-1.44512,-0.654552,-0.621403,-0.0120607
atenção limitada|uniforme,524,-1.44507,-0.654532,-0.622056,-0.0122757
atenção limitada|uniforme,525,-1.44492,-0.654465,-0.621843,-0.0123496
atenção limitada|uniforme,526,-1.44479,-0.654404,-0.621209,-0.0123319
atenção limitada|uniforme,527,-1.44472,-0.654372,-0.621938,-0.0127428
atenção limitada|uniforme,528,-1.44451,-0.654276,-0.621828,-0.0129445
atenção limitada|uniforme,529,-1.44428,-0.654172,-0.62085,-0.0127393
atenção limitada|uniforme,530,-1.4442,-0.654137,-0.620865,-0.0128635
atenção limitada|uniforme,531,-1.4441,-0.654088,-0.620795,-0.0127044
atenção limitada|uniforme,532,-1.44404,-0.654061,-0.621349,-0.0130682
atenção limitada|uniforme,533,-1.44385,-0.653979,-0.620608,-0.0131037
atenção limitada|uniforme,534,-1.44373,-0.653924,-0.620043,-0.0123075
atenção limitada|uniforme,535,-1.44385,-0.653979,-0.620571,-0.0127254
atenção limitada|uniforme,536,-1.44382,-0.653961,-0.61991,-0.0119113
atenção limitada|uniforme,537,-1.44403,-0.654058,-0.620025,-0.0118309
atenção limitada|uniforme,538,-1.44423,-0.654151,-0.620696,-0.0124176
atenção limitada|uniforme,539,-1.44422,-0.654147,-0.620774,-0.012585
atenção limitada|uniforme,540,-1.44417,-0.654122,-0.620742,-0.0126404
atenção limitada|uniforme,541,-1.44411,-0.654093,-0.620839,-0.0128599
atenção limitada|uniforme,542,-1.44399,-0.654039,-0.620718,-0.0127349
atenção limitada|uniforme,543,-1.44391,-0.654006,-0.62056,-0.0128158
atenção limitada|uniforme,544,-1.44385,-0.653976,-0.62136,-0.0133404
atenção limitada|uniforme,545,-1.4436,-0.653863,-0.619956,-0.0125537
atenção limitada|uniforme,546,-1.44367,-0.653895,-0.619975,-0.0127098
atenção limitada|uniforme,547,-1.4437,-0.653909,-0.620298,-0.0128789
atenção limitada|uniforme,548,-1.44365,-0.653885,-0.620007,-0.0125505
atenção limitada|uniforme,549,-1.4437,-0.653908,-0.619933,-0.0121898
atenção limitada|uniforme,550,-1.44384,-0.653972,-0.620372,-0.0126915
atenção limitada|uniforme,551,-1.4438,-0.653956,-0.619951,-0.012406
atenção limitada|uniforme,552,-1.44387,-0.653987,-0.620211,-0.0126889
atenção limitada|uniforme,553,-1.44385,-0.653976,-0.619765,-0.0120244
atenção limitada|uniforme,554,-1.44401,-0.654051,-0.620544,-0.0129452
atenção limitada|uniforme,555,-1.44388,-0.65399,-0.621265,-0.0134065
atenção limitada|uniforme,556,-1.44359,-0.653858,-0.619886,-0.0125401
atenção limitada|uniforme,557,-1.44364,-0.653881,-0.61992,-0.0126491
atenção limitada|uniforme,558,-1.44366,-0.653889,-0.619784,-0.0123845
atenção limitada|uniforme,559,-1.44374,-0.653929,-0.620006,-0.0125688
atenção limitada|uniforme,560,-1.44376,-0.653936,-0.620003,-0.0124033
atenção limitada|uniforme,561,-1.44382,-0.653961,-0.619977,-0.0122409
atenção limitada|uniforme,562,-1.4439,-0.654001,-0.619977,-0.0119127
atenção limitada|uniforme,563,-1.44406,-0.654074,-0.620279,-0.0121947
atenção limitada|uniforme,564,-1.44411,-0.654094,-0.62006,-0.0116735
atenção limitada|uniforme,565,-1.44429,-0.654175,-0.6202,-0.0116643
atenção limitada|uniforme,566,-1.44444,-0.654245,-0.620149,-0.0113148
atenção limitada|uniforme,567,-1.44467,-0.65435,-0.6203,-0.0111126
atenção limitada|uniforme,568,-1.44492,-0.654463,-0.620089,-0.0105575
atenção limitada|uniforme,569,-1.44529,-0.65463,-0.620438,-0.010495
atenção limitada|uniforme,570,-1.44561,-0.654776,-0.620471,-0.0102373
atenção limitada|uniforme,571,-1.44597,-0.65494,-0.621102,-0.0106253
atenção limitada|uniforme,572,-1.44615,-0.655024,-0.621316,-0.0107921
atenção limitada|uniforme,573,-1.44627,-0.655076,-0.622458,-0.0117604
atenção limitada|uniforme,574,-1.44605,-0.654979,-0.622444,-0.0120238
atenção limitada|uniforme,575,-1.4458,-0.654863,-0.622303,-0.0121745
atenção limitada|uniforme,576,-1.44554,-0.654745,-0.622245,-0.0122674
atenção limitada|uniforme,577,-1.44528,-0.654627,-0.621926,-0.0121327
atenção limitada|uniforme,578,-1.44511,-0.654547,-0.621971,-0.0130808
atenção limitada|uniforme,579,-1.44472,-0.654371,-0.621492,-0.0125538
atenção limitada|uniforme,580,-1.44453,-0.654288,-0.621375,-0.012775
atenção limitada|uniforme,581,-1.44433,-0.654193,-0.621093,-0.0128224
atenção limitada|uniforme,582,-1.44414,-0.654107,-0.620353,-0.0124522
atenção limitada|uniforme,583,-1.44411,-0.654094,-0.620385,-0.0125888
atenção limitada|uniforme,584,-1.44405,-0.654066,-0.620455,-0.0128284
atenção limitada|uniforme,585,-1.44392,-0.654009,-0.62025,-0.0126332
atenção limitada|uniforme,586,-1.44386,-0.653983,-0.619917,-0.0124663
atenção limitada|uniforme,587,-1.44388,-0.653989,-0.620023,-0.0125644
atenção limitada|uniforme,588,-1.44386,-0.65398,-0.619959,-0.0123383
atenção limitada|uniforme,589,-1.44389,-0.653997,-0.619805,-0.0120045
atenção limitada|uniforme,590,-1.44402,-0.654056,-0.620157,-0.0124213
atenção limitada|uniforme,591,-1.444,-0.654047,-0.620709,-0.0130539
atenção limitada|uniforme,592,-1.4438,-0.653952,-0.619933,-0.0123494
atenção limitada|uniforme,593,-1.44384,-0.65397,-0.620157,-0.0126509
atenção limitada|uniforme,594,-1.44378,-0.653943,-0.620204,-0.0126482
atenção limitada|uniforme,595,-1.44372,-0.653915,-0.619767,-0.01215
atenção limitada|uniforme,596,-1.44381,-0.65396,-0.620144,-0.0126697
atenção limitada|uniforme,597,-1.44374,-0.653928,-0.620508,-0.0131
atenção limitada|uniforme,598,-1.44354,-0.653838,-0.619876,-0.0125182
atenção limitada|uniforme,599,-1.44355,-0.653842,-0.619474,-0.0118107
atenção limitada|isenção,0,0,0,0.418207,-1.15162
atenção limitada|isenção,1,-0.0284915,-0.0128546,0.397193,-1.12939
atenção limitada|isenção,2,-0.0563798,-0.0254391,0.378059,-1.10762
atenção limitada|isenção,3,-0.0837856,-0.0378076,0.345328,-1.08628
atenção limitada|isenção,4,-0.109702,-0.0495057,0.331061,-1.06603
atenção limitada|isenção,5,-0.135409,-0.0611111,0.314667,-1.04594
atenção limitada|isenção,6,-0.160751,-0.072553,0.289449,-1.02617
atenção limitada|isenção,7,-0.185092,-0.0835444,0.282448,-1.00701
atenção limitada|isenção,8,-0.209729,-0.0946715,0.264319,-0.987653
atenção limitada|isenção,9,-0.233892,-0.105585,0.246657,-0.968802
atenção limitada|isenção,10,-0.257524,-0.116261,0.229188,-0.950304
atenção limitada|isenção,11,-0.280647,-0.126708,0.21214,-0.932146
atenção limitada|isenção,12,-0.303306,-0.136947,0.195453,-0.914422
atenção limitada|isenção,13,-0.325475,-0.146966,0.178877,-0.897061
atenção limitada|isenção,14,-0.347153,-0.156764,0.158999,-0.880173
atenção limitada|isenção,15,-0.368068,-0.166218,0.147347,-0.863657
atenção limitada|isenção,16,-0.38884,-0.175608,0.132184,-0.847333
atenção limitada|isenção,17,-0.409195,-0.184811,0.116111,-0.831432
atenção limitada|isenção,18,-0.429022,-0.193777,0.0983254,-0.816005
atenção limitada|isenção,19,-0.448168,-0.202435,0.0846576,-0.801012
atenção limitada|isenção,20,-0.466926,-0.210919,0.0713021,-0.786225
atenção limitada|isenção,21,-0.485337,-0.219246,0.0580217,-0.771862
atenção limitada|isenção,22,-0.503342,-0.227392,0.0445405,-0.757754
atenção limitada|isenção,23,-0.52093,-0.235349,0.0358849,-0.743345
atenção limitada|isenção,24,-0.538621,-0.243353,0.0213354,-0.729524
atenção limitada|isenção,25,-0.555816,-0.251133,0.0090009,-0.715962
atenção limitada|isenção,26,-0.572684,-0.258767,-0.00576134,-0.702911
atenção limitada|isenção,27,-0.58897,-0.266138,-0.0166178,-0.689903
atenção limitada|isenção,28,-0.605052,-0.273417,-0.0280494,-0.677193
atenção limitada|isenção,29,-0.620841,-0.280564,-0.0380215,-0.665135
atenção limitada|isenção,30,-0.636302,-0.287563,-0.0486528,-0.653009
atenção limitada|isenção,31,-0.651466,-0.294429,-0.0600905,-0.640998
atenção limitada|isenção,32,-0.666307,-0.301148,-0.0746769,-0.629085
atenção limitada|isenção,33,-0.680647,-0.307642,-0.085464,-0.617756
atenção limitada|isenção,34,-0.694679,-0.313996,-0.0907352,-0.606902
atenção limitada|isenção,35,-0.708706,-0.320349,-0.103204,-0.595693
atenção limitada|isenção,36,-0.722331,-0.32652,-0.113071,-0.584532
atenção limitada|isenção,37,-0.735802,-0.332621,-0.12196,-0.573851
atenção limitada|isenção,38,-0.749091,-0.338641,-0.130687,-0.563852
atenção limitada|isenção,39,-0.762044,-0.344509,-0.139859,-0.553637
atenção limitada|isenção,40,-0.774744,-0.350263,-0.152937,-0.543441
atenção limitada|isenção,41,-0.786972,-0.355803,-0.16358,-0.533685
atenção limitada|isenção,42,-0.798864,-0.361191,-0.167318,-0.523913
atenção limitada|isenção,43,-0.81096,-0.366673,-0.180957,-0.514592
atenção limitada|isenção,44,-0.82243,-0.371871,-0.182419,-0.505964
atenção limitada|isenção,45,-0.834024,-0.377125,-0.189819,-0.496993
atenção limitada|isenção,46,-0.845403,-0.382283,-0.198095,-0.488023
atenção limitada|isenção,47,-0.856541,-0.387331,-0.206141,-0.479108
atenção limitada|isenção,48,-0.86749,-0.392294,-0.214156,-0.470705
atenção limitada|isenção,49,-0.878138,-0.397121,-0.222177,-0.462308
atenção limitada|isenção,50,-0.888542,-0.401837,-0.229315,-0.453784
atenção limitada|isenção,51,-0.898828,-0.406501,-0.240368,-0.446099
atenção limitada|isenção,52,-0.908541,-0.410905,-0.244086,-0.438201
atenção limitada|isenção,53,-0.91833,-0.415343,-0.251042,-0.430275
atenção limitada|isenção,54,-0.927968,-0.419713,-0.257801,-0.422535
atenção limitada|isenção,55,-0.937453,-0.424014,-0.264657,-0.415145
atenção limitada|isenção,56,-0.946719,-0.428216,-0.271461,-0.407848
atenção limitada|isenção,57,-0.955775,-0.432323,-0.279862,-0.400385
atenção limitada|isenção,58,-0.964591,-0.436322,-0.284483,-0.3937
atenção limitada|isenção,59,-0.973272,-0.440259,-0.290828,-0.38683
atenção limitada|isenção,60,-0.981759,-0.444109,-0.297356,-0.379879
atenção limitada|isenção,61,-0.990105,-0.447894,-0.311192,-0.372583
atenção limitada|isenção,62,-0.997929,-0.451443,-0.317597,-0.366305
atenção limitada|isenção,63,-1.00557,-0.45491,-0.318813,-0.360641
atenção limitada|isenção,64,-1.01326,-0.4584,-0.328365,-0.354111
atenção limitada|isenção,65,-1.02065,-0.46175,-0.332738,-0.348341
atenção limitada|isenção,66,-1.02794,-0.46506,-0.338406,-0.342473
atenção limitada|isenção,67,-1.03511,-0.46831,-0.340459,-0.337131
atenção limitada|isenção,68,-1.04226,-0.471555,-0.345113,-0.331514
atenção limitada|isenção,69,-1.0493,-0.474748,-0.346541,-0.326725
atenção limitada|isenção,70,-1.05624,-0.477898,-0.350709,-0.321038
atenção limitada|isenção,71,-1.06314,-0.48103,-0.357804,-0.315206
atenção limitada|isenção,72,-1.06985,-0.484077,-0.36123,-0.310016
atenção limitada|isenção,73,-1.0765,-0.487094,-0.36516,-0.304833
atenção limitada|isenção,74,-1.08305,-0.490067,-0.37341,-0.299273
atenção limitada|isenção,75,-1.08933,-0.492915,-0.375688,-0.294529
atenção limitada|isenção,76,-1.09558,-0.495751,-0.380939,-0.289474
atenção limitada|isenção,77,-1.10168,-0.498519,-0.391415,-0.283803
atenção limitada|isenção,78,-1.10745,-0.501142,-0.394586,-0.27934
atenção limitada|isenção,79,-1.11317,-0.503736,-0.39814,-0.274886
atenção limitada|isenção,80,-1.1188,-0.506291,-0.402402,-0.270378
atenção limitada|isenção,81,-1.12433,-0.508803,-0.406256,-0.265939
atenção limitada|isenção,82,-1.1298,-0.511285,-0.405998,-0.262177
atenção limitada|isenção,83,-1.13532,-0.513793,-0.408628,-0.257959
atenção limitada|isenção,84,-1.1408,-0.51628,-0.413847,-0.253445
atenção limitada|isenção,85,-1.14613,-0.518701,-0.415728,-0.249766
atenção limitada|isenção,86,-1.15137,-0.521076,-0.422928,-0.245935
atenção limitada|isenção,87,-1.15618,-0.523264,-0.427855,-0.242171
atenção limitada|isenção,88,-1.16079,-0.525356,-0.434132,-0.238882
atenção limitada|isenção,89,-1.16501,-0.52727,-0.438062,-0.235652
atenção limitada|isenção,90,-1.16903,-0.529096,-0.433638,-0.231752
atenção limitada|isenção,91,-1.17364,-0.531188,-0.437648,-0.228161
atenção limitada|isenção,92,-1.17808,-0.533208,-0.441315,-0.224668
atenção limitada|isenção,93,-1.1824,-0.535167,-0.443547,-0.221129
atenção limitada|isenção,94,-1.18671,-0.537123,-0.449868,-0.217942
atenção limitada|isenção,95,-1.19064,-0.538911,-0.451647,-0.214725
atenção limitada|isenção,96,-1.19458,-0.5407,-0.451531,-0.211322
atenção limitada|isenção,97,-1.19871,-0.542575,-0.4541,-0.207971
atenção limitada|isenção,98,-1.20281,-0.544434,-0.460741,-0.205062
atenção limitada|isenção,99,-1.20647,-0.5461,-0.460666,-0.201889
atenção limitada|isenção,100,-1.21031,-0.547842,-0.461912,-0.19863
atenção limitada|isenção,101,-1.21421,-0.549614,-0.464712,-0.195481
atenção limitada|isenção,102,-1.21805,-0.551356,-0.469951,-0.192006
atenção limitada|isenção,103,-1.22174,-0.553032,-0.470429,-0.189562
atenção limitada|isenção,104,-1.22539,-0.55469,-0.475539,-0.1861
atenção limitada|isenção,105,-1.22893,-0.5563,-0.477127,-0.183498
atenção limitada|isenção,106,-1.23243,-0.557887,-0.479397,-0.180821
atenção limitada|isenção,107,-1.23584,-0.559437,-0.481737,-0.178126
atenção limitada|isenção,108,-1.23919,-0.560959,-0.485491,-0.175895
atenção limitada|isenção,109,-1.24227,-0.56236,-0.487201,-0.172859
atenção limitada|isenção,110,-1.24547,-0.563813,-0.488706,-0.170469
atenção limitada|isenção,111,-1.24863,-0.565248,-0.491379,-0.167819
atenção limitada|isenção,112,-1.25174,-0.566661,-0.492365,-0.165652
atenção limitada|isenção,113,-1.2548,-0.568051,-0.49891,-0.163835
atenção limitada|isenção,114,-1.25735,-0.56921,-0.500997,-0.161832
atenção limitada|isenção,115,-1.25982,-0.570329,-0.501344,-0.159591
atenção limitada|isenção,116,-1.26239,-0.571497,-0.500967,-0.15698
atenção limitada|isenção,117,-1.26519,-0.572771,-0.502434,-0.154814
atenção limitada|isenção,118,-1.26797,-0.574033,-0.505956,-0.153008
atenção limitada|isenção,119,-1.27049,-0.57518,-0.506998,-0.150911
atenção limitada|isenção,120,-1.27303,-0.576333,-0.509834,-0.148986
atenção limitada|isenção,121,-1.27542,-0.577418,-0.509883,-0.146672
atenção limitada|isenção,122,-1.27796,-0.578572,-0.511768,-0.144852
atenção limitada|isenção,123,-1.28039,-0.579675,-0.51449,-0.142495
atenção limitada|isenção,124,-1.2828,-0.580773,-0.516732,-0.140434
atenção limitada|isenção,125,-1.28518,-0.581851,-0.518657,-0.138518
atenção limitada|isenção,126,-1.2875,-0.582905,-0.521523,-0.136209
atenção limitada|isenção,127,-1.28981,-0.583958,-0.521482,-0.135005
atenção limitada|isenção,128,-1.29205,-0.584974,-0.523506,-0.133049
atenção limitada|isenção,129,-1.29426,-0.585978,-0.525715,-0.131036
atenção limitada|isenção,130,-1.29646,-0.586976,-0.52602,-0.129758
atenção limitada|isenção,131,-1.29859,-0.587944,-0.528065,-0.128553
atenção limitada|isenção,132,-1.30052,-0.588823,-0.530417,-0.127256
atenção limitada|isenção,133,-1.30229,-0.589626,-0.531845,-0.125787
atenção limitada|isenção,134,-1.30401,-0.59041,-0.531095,-0.123803
atenção limitada|isenção,135,-1.30599,-0.591307,-0.533168,-0.122649
atenção limitada|isenção,136,-1.30777,-0.592118,-0.534132,-0.121186
atenção limitada|isenção,137,-1.30954,-0.592923,-0.535017,-0.119425
atenção limitada|isenção,138,-1.31139,-0.593763,-0.535873,-0.118106
atenção limitada|isenção,139,-1.3132,-0.594583,-0.540164,-0.117363
atenção limitada|isenção,140,-1.31459,-0.595215,-0.538258,-0.115558
atenção limitada|isenção,141,-1.3163,-0.595992,-0.539631,-0.114333
atenção limitada|isenção,142,-1.31793,-0.596733,-0.541068,-0.112742
atenção limitada|isenção,143,-1.31957,-0.597481,-0.543091,-0.111149
atenção limitada|isenção,144,-1.3212,-0.598218,-0.544022,-0.109999
atenção limitada|isenção,145,-1.32277,-0.598934,-0.546865,-0.107972
atenção limitada|isenção,146,-1.32438,-0.599666,-0.545694,-0.107679
atenção limitada|isenção,147,-1.3259,-0.600354,-0.547372,-0.106243
atenção limitada|isenção,148,-1.32739,-0.601032,-0.548673,-0.104912
atenção limitada|isenção,149,-1.32888,-0.60171,-0.548962,-0.10414
atenção limitada|isenção,150,-1.33029,-0.602352,-0.550113,-0.102893
atenção limitada|isenção,151,-1.3317,-0.602991,-0.551418,-0.101705
atenção limitada|isenção,152,-1.33306,-0.603611,-0.552807,-0.100396
atenção limitada|isenção,153,-1.33443,-0.604232,-0.554435,-0.0988524
atenção limitada|isenção,154,-1.33584,-0.604874,-0.55514,-0.098051
atenção limitada|isenção,155,-1.33717,-0.605478,-0.556572,-0.0966396
atenção limitada|isenção,156,-1.33854,-0.606099,-0.557264,-0.0956652
atenção limitada|isenção,157,-1.33988,-0.60671,-0.55817,-0.0944506
atenção limitada|isenção,158,-1.34126,-0.607338,-0.557217,-0.0943899
atenção limitada|isenção,159,-1.3425,-0.607901,-0.560043,-0.0936602
atenção limitada|isenção,160,-1.34352,-0.608364,-0.560823,-0.092881
atenção limitada|isenção,161,-1.34449,-0.608805,-0.560323,-0.0915526
atenção limitada|isenção,162,-1.34565,-0.609333,-0.560994,-0.0908105
atenção limitada|isenção,163,-1.34675,-0.609832,-0.562017,-0.08983
atenção limitada|isenção,164,-1.34783,-0.610325,-0.564242,-0.0894498
atenção limitada|isenção,165,-1.34868,-0.610708,-0.564597,-0.0888493
atenção limitada|isenção,166,-1.34949,-0.611079,-0.56464,-0.0879444
atenção limitada|isenção,167,-1.35039,-0.611484,-0.565651,-0.087639
atenção limitada|isenção,168,-1.35112,-0.61182,-0.566224,-0.086674
atenção limitada|isenção,169,-1.35192,-0.612182,-0.567253,-0.0862115
atenção limitada|isenção,170,-1.35261,-0.612497,-0.566711,-0.0851596
atenção limitada|isenção,171,-1.35347,-0.612885,-0.568455,-0.0836569
atenção limitada|isenção,172,-1.35442,-0.613319,-0.568969,-0.0829739
atenção limitada|isenção,173,-1.35536,-0.613746,-0.568755,-0.0829733
atenção limitada|isenção,174,-1.35616,-0.614109,-0.569775,-0.0818986
atenção limitada|isenção,175,-1.35702,-0.614501,-0.57033,-0.0813392
atenção limitada|isenção,176,-1.35784,-0.614872,-0.571192,-0.0804244
atenção limitada|isenção,177,-1.35869,-0.615258,-0.572095,-0.0794849
atenção limitada|isenção,178,-1.35957,-0.615659,-0.572475,-0.0790318
atenção limitada|isenção,179,-1.3604,-0.616036,-0.572293,-0.0787936
atenção limitada|isenção,180,-1.36116,-0.616384,-0.5733,-0.0777838
atenção limitada|isenção,181,-1.36198,-0.616756,-0.574414,-0.0766554
atenção limitada|isenção,182,-1.36287,-0.617158,-0.574318,-0.0768249
atenção limitada|isenção,183,-1.36358,-0.617481,-0.574959,-0.0762212
atenção limitada|isenção,184,-1.36427,-0.617794,-0.57603,-0.075129
atenção limitada|isenção,185,-1.36503,-0.618143,-0.576866,-0.0744445
atenção limitada|isenção,186,-1.36579,-0.618487,-0.577369,-0.0737385
atenção limitada|isenção,187,-1.36657,-0.618843,-0.577924,-0.0731078
atenção limitada|isenção,188,-1.36736,-0.619198,-0.578436,-0.0722396
atenção limitada|isenção,189,-1.36821,-0.619585,-0.578817,-0.0716619
atenção limitada|isenção,190,-1.36906,-0.619973,-0.578663,-0.0718613
atenção limitada|isenção,191,-1.36975,-0.620287,-0.57903,-0.0712886
atenção limitada|isenção,192,-1.37045,-0.620606,-0.579481,-0.0706086
atenção limitada|isenção,193,-1.37118,-0.620936,-0.57984,-0.0703301
atenção limitada|isenção,194,-1.37183,-0.62123,-0.581035,-0.0692061
atenção limitada|isenção,195,-1.37256,-0.621565,-0.580971,-0.0692135
atenção limitada|isenção,196,-1.37319,-0.62185,-0.581341,-0.0688354
atenção limitada|isenção,197,-1.37378,-0.622118,-0.582012,-0.0682834
atenção limitada|isenção,198,-1.37435,-0.622379,-0.582665,-0.0673559
atenção limitada|isenção,199,-1.37503,-0.622685,-0.582496,-0.0673497
atenção limitada|isenção,200,-1.37561,-0.622952,-0.58378,-0.0661336
atenção limitada|isenção,201,-1.37631,-0.62327,-0.583876,-0.0659773
atenção limitada|isenção,202,-1.37694,-0.623555,-0.584334,-0.0657033
atenção limitada|isenção,203,-1.3775,-0.623811,-0.584886,-0.0649552
atenção limitada|isenção,204,-1.37813,-0.624095,-0.585203,-0.0645415
atenção limitada|isenção,205,-1.37874,-0.624373,-0.58584,-0.0639427
atenção limitada|isenção,206,-1.37936,-0.624655,-0.586123,-0.0641029
atenção limitada|isenção,207,-1.37983,-0.624868,-0.587084,-0.0638317
atenção limitada|isenção,208,-1.38023,-0.625049,-0.586294,-0.0632699
atenção limitada|isenção,209,-1.38075,-0.625288,-0.587661,-0.0630306
atenção limitada|isenção,210,-1.38116,-0.625471,-0.587681,-0.0629441
atenção limitada|isenção,211,-1.38152,-0.625636,-0.58802,-0.062545
atenção limitada|isenção,212,-1.38189,-0.625806,-0.588153,-0.062382
atenção limitada|isenção,213,-1.38223,-0.625962,-0.588218,-0.0619108
atenção limitada|isenção,214,-1.38264,-0.626145,-0.590717,-0.0622229
atenção limitada|isenção,215,-1.38273,-0.626186,-0.590691,-0.0621828
atenção limitada|isenção,216,-1.3828,-0.62622,-0.588216,-0.0617203
atenção limitada|isenção,217,-1.38314,-0.626374,-0.58861,-0.0613861
atenção limitada|isenção,218,-1.38346,-0.62652,-0.588494,-0.061229
atenção limitada|isenção,219,-1.38378,-0.626664,-0.588672,-0.0609861
atenção limitada|isenção,220,-1.38408,-0.626802,-0.589281,-0.0605246
atenção limitada|isenção,221,-1.38439,-0.626943,-0.589565,-0.0603565
atenção limitada|isenção,222,-1.38466,-0.627066,-0.589311,-0.0597344
atenção limitada|isenção,223,-1.38505,-0.627241,-0.590307,-0.0597082
atenção limitada|isenção,224,-1.38531,-0.627359,-0.590319,-0.0597413
atenção limitada|isenção,225,-1.38551,-0.627448,-0.590424,-0.0595013
atenção limitada|isenção,226,-1.38572,-0.627545,-0.590833,-0.0591007
atenção limitada|isenção,227,-1.38596,-0.627654,-0.59049,-0.0585793
atenção limitada|isenção,228,-1.3863,-0.627809,-0.59073,-0.058544
atenção limitada|isenção,229,-1.38657,-0.627935,-0.591153,-0.0575623
atenção limitada|isenção,230,-1.38703,-0.62814,-0.59165,-0.0580747
atenção limitada|isenção,231,-1.38725,-0.628241,-0.591155,-0.057695
atenção limitada|isenção,232,-1.38756,-0.628384,-0.591838,-0.0578823
atenção limitada|isenção,233,-1.38773,-0.628459,-0.592057,-0.0578786
atenção limitada|isenção,234,-1.38783,-0.628507,-0.591967,-0.0571297
atenção limitada|isenção,235,-1.3881,-0.628628,-0.592265,-0.0569736
atenção limitada|isenção,236,-1.38834,-0.628736,-0.592668,-0.0566286
atenção limitada|isenção,237,-1.38859,-0.628849,-0.593213,-0.0556473
atenção limitada|isenção,238,-1.389,-0.629039,-0.593181,-0.0558956
atenção limitada|isenção,239,-1.3893,-0.629173,-0.593416,-0.0557154
atenção limitada|isenção,240,-1.38958,-0.629299,-0.593364,-0.0558112
atenção limitada|isenção,241,-1.3898,-0.629399,-0.593509,-0.05565
atenção limitada|isenção,242,-1.39001,-0.629497,-0.595526,-0.0562097
atenção limitada|isenção,243,-1.38991,-0.62945,-0.594091,-0.0554559
atenção limitada|isenção,244,-1.39009,-0.629531,-0.594239,-0.0551437
atenção limitada|isenção,245,-1.39029,-0.629626,-0.59425,-0.0548725
atenção limitada|isenção,246,-1.39054,-0.629736,-0.594538,-0.0545688
atenção limitada|isenção,247,-1.3908,-0.629855,-0.594791,-0.0549706
atenção limitada|isenção,248,-1.3909,-0.6299,-0.594593,-0.0547578
atenção limitada|isenção,249,-1.39104,-0.629964,-0.594882,-0.0542617
atenção limitada|isenção,250,-1.39126,-0.630066,-0.594796,-0.0542766
atenção limitada|isenção,251,-1.39145,-0.630152,-0.594779,-0.0543997
atenção limitada|isenção,252,-1.39158,-0.630209,-0.595408,-0.0545042
atenção limitada|isenção,253,-1.39161,-0.630222,-0.594973,-0.0542339
atenção limitada|isenção,254,-1.39172,-0.630275,-0.594882,-0.0540743
atenção limitada|isenção,255,-1.39186,-0.630337,-0.595525,-0.0541823
atenção limitada|isenção,256,-1.3919,-0.630354,-0.595186,-0.054093
atenção limitada|isenção,257,-1.39196,-0.630385,-0.595665,-0.0542026
atenção limitada|isenção,258,-1.39195,-0.630378,-0.595581,-0.0535201
atenção limitada|isenção,259,-1.3921,-0.630446,-0.59555,-0.0533877
atenção limitada|isenção,260,-1.39226,-0.630517,-0.596111,-0.0529406
atenção limitada|isenção,261,-1.39245,-0.630604,-0.595823,-0.052806
atenção limitada|isenção,262,-1.39267,-0.630708,-0.596155,-0.0524389
atenção limitada|isenção,263,-1.39294,-0.630827,-0.596232,-0.0520163
atenção limitada|isenção,264,-1.39327,-0.630977,-0.596431,-0.051704
atenção limitada|isenção,265,-1.39362,-0.631138,-0.596555,-0.0518511
atenção limitada|isenção,266,-1.39389,-0.631258,-0.596791,-0.0516541
atenção limitada|isenção,267,-1.39414,-0.631376,-0.596935,-0.0516599
atenção limitada|isenção,268,-1.39435,-0.631472,-0.597139,-0.0512296
atenção limitada|isenção,269,-1.39463,-0.631597,-0.597457,-0.0509668
atenção limitada|isenção,270,-1.39492,-0.631726,-0.597436,-0.0510418
atenção limitada|isenção,271,-1.39515,-0.631833,-0.597356,-0.0511265
atenção limitada|isenção,272,-1.39534,-0.631921,-0.597128,-0.0513054
atenção limitada|isenção,273,-1.39549,-0.631986,-0.597418,-0.0512349
atenção limitada|isenção,274,-1.3956,-0.632039,-0.597374,-0.0507991
atenção limitada|isenção,275,-1.39581,-0.632134,-0.597465,-0.0507212
atenção limitada|isenção,276,-1.396,-0.632219,-0.597828,-0.0503657
atenção limitada|isenção,277,-1.39622,-0.632319,-0.597882,-0.0502932
atenção limitada|isenção,278,-1.39642,-0.632411,-0.597782,-0.0503479
atenção limitada|isenção,279,-1.39659,-0.632487,-0.597989,-0.0501265
atenção limitada|isenção,280,-1.39676,-0.632567,-0.598327,-0.0496892
atenção limitada|isenção,281,-1.39699,-0.632668,-0.598156,-0.049419
atenção limitada|isenção,282,-1.39726,-0.632794,-0.597859,-0.0496527
atenção limitada|isenção,283,-1.39747,-0.63289,-0.598279,-0.0497726
atenção limitada|isenção,284,-1.3976,-0.632945,-0.598361,-0.0495445
atenção limitada|isenção,285,-1.39774,-0.633009,-0.598607,-0.0487385
atenção limitada|isenção,286,-1.39804,-0.633148,-0.598753,-0.0485457
atenção limitada|isenção,287,-1.39835,-0.633286,-0.598873,-0.0483527
atenção limitada|isenção,288,-1.39866,-0.633428,-0.599169,-0.0482404
atenção limitada|isenção,289,-1.39893,-0.633553,-0.599472,-0.0484818
atenção limitada|isenção,290,-1.39908,-0.633621,-0.599309,-0.0481292
atenção limitada|isenção,291,-1.39931,-0.633724,-0.599815,-0.0484222
atenção limitada|isenção,292,-1.39939,-0.633763,-0.599965,-0.0483402
atenção limitada|isenção,293,-1.39948,-0.633801,-0.599943,-0.0485062
atenção limitada|isenção,294,-1.3995,-0.633812,-0.600272,-0.0481003
atenção limitada|isenção,295,-1.3996,-0.633855,-0.600207,-0.0469328
atenção limitada|isenção,296,-1.39997,-0.634026,-0.60025,-0.0472877
atenção limitada|isenção,297,-1.40021,-0.634134,-0.602692,-0.0481598
atenção limitada|isenção,298,-1.40004,-0.634054,-0.600629,-0.0477971
atenção limitada|isenção,299,-1.40011,-0.634088,-0.600394,-0.0480364
atenção limitada|isenção,300,-1.40013,-0.634096,-0.60169,-0.0481169
atenção limitada|isenção,301,-1.40002,-0.634048,-0.600257,-0.0475976
atenção limitada|isenção,302,-1.40015,-0.634107,-0.600204,-0.0474908
atenção limitada|isenção,303,-1.4003,-0.634173,-0.600737,-0.0474777
atenção limitada|isenção,304,-1.40038,-0.634211,-0.600645,-0.0474669
atenção limitada|isenção,305,-1.40046,-0.63425,-0.600262,-0.047139
atenção limitada|isenção,306,-1.40065,-0.634332,-0.602143,-0.0477446
atenção limitada|isenção,307,-1.40052,-0.634275,-0.602536,-0.0479992
atenção limitada|isenção,308,-1.40032,-0.634183,-0.600607,-0.0474107
atenção limitada|isenção,309,-1.40041,-0.634224,-0.600377,-0.0472885
atenção limitada|isenção,310,-1.40053,-0.634277,-0.600609,-0.0468758
atenção limitada|isenção,311,-1.4007,-0.634358,-0.600942,-0.0460455
atenção limitada|isenção,312,-1.40104,-0.63451,-0.600828,-0.0464126
atenção limitada|isenção,313,-1.40126,-0.634612,-0.601097,-0.046731
atenção limitada|isenção,314,-1.40136,-0.634657,-0.600842,-0.0464324
atenção limitada|isenção,315,-1.40153,-0.634734,-0.601065,-0.0461607
atenção limitada|isenção,316,-1.40173,-0.634823,-0.601463,-0.0462872
atenção limitada|isenção,317,-1.40183,-0.634871,-0.601111,-0.0457312
atenção limitada|isenção,318,-1.40209,-0.634989,-0.601245,-0.0453806
atenção limitada|isenção,319,-1.4024,-0.63513,-0.601105,-0.0456911
atenção limitada|isenção,320,-1.40261,-0.635227,-0.601587,-0.0456819
atenção limitada|isenção,321,-1.40276,-0.635294,-0.601706,-0.045929
atenção limitada|isenção,322,-1.40282,-0.635321,-0.601535,-0.0456352
atenção limitada|isenção,323,-1.40295,-0.63538,-0.601709,-0.0456212
atenção limitada|isenção,324,-1.40305,-0.635424,-0.601772,-0.0448989
atenção limitada|isenção,325,-1.4033,-0.635539,-0.601969,-0.0452499
atenção limitada|isenção,326,-1.40342,-0.635594,-0.603559,-0.0458269
atenção limitada|isenção,327,-1.40328,-0.635531,-0.601385,-0.0449705
atenção limitada|isenção,328,-1.40352,-0.635637,-0.601721,-0.0453092
atenção limitada|isenção,329,-1.40362,-0.635683,-0.60393,-0.0454869
atenção limitada|isenção,330,-1.4035,-0.635631,-0.60386,-0.0456077
atenção limitada|isenção,331,-1.40338,-0.635574,-0.603834,-0.0458576
atenção limitada|isenção,332,-1.4032,-0.635494,-0.602027,-0.045426
atenção limitada|isenção,333,-1.40326,-0.635522,-0.601918,-0.0448931
atenção limitada|isenção,334,-1.40346,-0.63561,-0.602309,-0.044505
atenção limitada|isenção,335,-1.40369,-0.635716,-0.602507,-0.0440906
atenção limitada|isenção,336,-1.40399,-0.635851,-0.602705,-0.0445813
atenção limitada|isenção,337,-1.40412,-0.63591,-0.602593,-0.044169
atenção limitada|isenção,338,-1.40434,-0.63601,-0.602818,-0.0446502
atenção limitada|isenção,339,-1.4044,-0.636037,-0.602711,-0.0439879
atenção limitada|isenção,340,-1.40462,-0.636137,-0.603021,-0.0441038
atenção limitada|isenção,341,-1.40476,-0.636201,-0.604123,-0.0444156
atenção limitada|isenção,342,-1.40473,-0.636188,-0.604842,-0.0447167
atenção limitada|isenção,343,-1.40458,-0.636122,-0.604196,-0.0445906
atenção limitada|isenção,344,-1.40453,-0.636097,-0.602797,-0.0442474
atenção limitada|isenção,345,-1.40466,-0.636158,-0.602968,-0.044169
atenção limitada|isenção,346,-1.40477,-0.636209,-0.605011,-0.0445084
atenção limitada|isenção,347,-1.40465,-0.636154,-0.604693,-0.0449054
atenção limitada|isenção,348,-1.40447,-0.636071,-0.604847,-0.0447404
atenção limitada|isenção,349,-1.40434,-0.636011,-0.60261,-0.0445618
atenção limitada|isenção,350,-1.40442,-0.636047,-0.602757,-0.04415
atenção limitada|isenção,351,-1.40458,-0.636119,-0.602797,-0.0441591
atenção limitada|isenção,352,-1.40471,-0.636179,-0.602956,-0.0443405
atenção limitada|isenção,353,-1.40477,-0.636205,-0.603496,-0.0443605
atenção limitada|isenção,354,-1.40477,-0.636206,-0.604682,-0.0449297
atenção limitada|isenção,355,-1.40455,-0.636108,-0.603084,-0.0444847
atenção limitada|isenção,356,-1.40457,-0.636115,-0.603274,-0.0441081
atenção limitada|isenção,357,-1.40465,-0.636154,-0.603097,-0.0438924
atenção limitada|isenção,358,-1.40479,-0.636217,-0.603357,-0.0441856
atenção limitada|isenção,359,-1.40482,-0.636231,-0.603323,-0.0432399
atenção limitada|isenção,360,-1.40508,-0.636348,-0.60357,-0.0428973
atenção limitada|isenção,361,-1.40538,-0.636483,-0.603798,-0.0427774
atenção limitada|isenção,362,-1.40565,-0.636608,-0.603997,-0.0431118
atenção limitada|isenção,363,-1.4058,-0.636674,-0.60418,-0.0434054
atenção limitada|isenção,364,-1.40583,-0.63669,-0.603737,-0.0427581
atenção limitada|isenção,365,-1.40607,-0.636796,-0.603805,-0.0432717
atenção limitada|isenção,366,-1.40614,-0.63683,-0.605741,-0.043609
atenção limitada|isenção,367,-1.40599,-0.636762,-0.604173,-0.0433861
atenção limitada|isenção,368,-1.40602,-0.636774,-0.603951,-0.0433437
atenção limitada|isenção,369,-1.40606,-0.636795,-0.605938,-0.0436334
atenção limitada|isenção,370,-1.40589,-0.636717,-0.604185,-0.0429999
atenção limitada|isenção,371,-1.40601,-0.63677,-0.604107,-0.0429769
atenção limitada|isenção,372,-1.40613,-0.636824,-0.604275,-0.0428542
atenção limitada|isenção,373,-1.40625,-0.636878,-0.604308,-0.043027
atenção limitada|isenção,374,-1.40631,-0.636905,-0.604256,-0.0429865
atenção limitada|isenção,375,-1.40638,-0.636938,-0.605791,-0.0432921
atenção limitada|isenção,376,-1.40627,-0.636887,-0.605735,-0.043359
atenção limitada|isenção,377,-1.40616,-0.636838,-0.605122,-0.0440632
atenção limitada|isenção,378,-1.40593,-0.636734,-0.605383,-0.0439274
atenção limitada|isenção,379,-1.40574,-0.636646,-0.60563,-0.0438119
atenção limitada|isenção,380,-1.40557,-0.636573,-0.603667,-0.0432837
atenção limitada|isenção,381,-1.4057,-0.636629,-0.60541,-0.0442329
atenção limitada|isenção,382,-1.40545,-0.636517,-0.60467,-0.0438592
atenção limitada|isenção,383,-1.40537,-0.63648,-0.605468,-0.044185
atenção limitada|isenção,384,-1.40517,-0.63639,-0.603315,-0.0439877
atenção limitada|isenção,385,-1.40519,-0.636399,-0.603179,-0.0439559
atenção limitada|isenção,386,-1.40522,-0.636413,-0.605125,-0.0442969
atenção limitada|isenção,387,-1.40503,-0.636323,-0.603237,-0.043665
atenção limitada|isenção,388,-1.40513,-0.636371,-0.603186,-0.0438357
atenção limitada|isenção,389,-1.40519,-0.636399,-0.603415,-0.0439446
atenção limitada|isenção,390,-1.40519,-0.6364,-0.603462,-0.043571
atenção limitada|isenção,391,-1.40528,-0.636438,-0.603486,-0.0433475
atenção limitada|isenção,392,-1.4054,-0.636494,-0.603539,-0.0433929
atenção limitada|isenção,393,-1.4055,-0.636538,-0.603427,-0.0429877
atenção limitada|isenção,394,-1.40569,-0.636624,-0.603844,-0.0433434
atenção limitada|isenção,395,-1.40573,-0.636643,-0.603853,-0.0431167
atenção limitada|isenção,396,-1.40582,-0.636685,-0.603704,-0.0427486
atenção limitada|isenção,397,-1.40601,-0.636769,-0.604145,-0.0428763
atenção limitada|isenção,398,-1.4061,-0.636813,-0.60408,-0.0427109
atenção limitada|isenção,399,-1.40623,-0.636873,-0.604267,-0.0429786
atenção limitada|isenção,400,-1.40627,-0.63689,-0.604653,-0.0426498
atenção limitada|isenção,401,-1.40635,-0.636926,-0.604653,-0.0427422
atenção limitada|isenção,402,-1.4064,-0.636947,-0.60662,-0.0432083
atenção limitada|isenção,403,-1.40619,-0.636852,-0.604404,-0.0428955
atenção limitada|isenção,404,-1.40625,-0.636878,-0.605367,-0.043231
atenção limitada|isenção,405,-1.40615,-0.636832,-0.60452,-0.0428989
atenção limitada|isenção,406,-1.4062,-0.636856,-0.606328,-0.0434484
atenção limitada|isenção,407,-1.40598,-0.636759,-0.604133,-0.0431994
atenção limitada|isenção,408,-1.40601,-0.63677,-0.605673,-0.0434824
atenção limitada|isenção,409,-1.40586,-0.636704,-0.603895,-0.0432863
atenção limitada|isenção,410,-1.4059,-0.636723,-0.603931,-0.0431123
atenção limitada|isenção,411,-1.40598,-0.636756,-0.604824,-0.0434249
atenção limitada|isenção,412,-1.4059,-0.63672,-0.604084,-0.0434693
atenção limitada|isenção,413,-1.40587,-0.636706,-0.603659,-0.0428247
atenção limitada|isenção,414,-1.40603,-0.636779,-0.604445,-0.0433852
atenção limitada|isenção,415,-1.40598,-0.636756,-0.603626,-0.0432003
atenção limitada|isenção,416,-1.40604,-0.636782,-0.603686,-0.0432778
atenção limitada|isenção,417,-1.40605,-0.636791,-0.603636,-0.0427346
atenção limitada|isenção,418,-1.4062,-0.636858,-0.603772,-0.0430733
atenção limitada|isenção,419,-1.40624,-0.636874,-0.605803,-0.0433314
atenção limitada|isenção,420,-1.40606,-0.636796,-0.603681,-0.0424734
atenção limitada|isenção,421,-1.40627,-0.63689,-0.603686,-0.0425327
atenção limitada|isenção,422,-1.40644,-0.636965,-0.604138,-0.042713
atenção limitada|isenção,423,-1.40651,-0.636996,-0.605712,-0.0430693
atenção limitada|isenção,424,-1.40637,-0.636933,-0.604169,-0.0426353
atenção limitada|isenção,425,-1.40645,-0.636973,-0.60421,-0.0427818
atenção limitada|isenção,426,-1.40649,-0.636989,-0.604211,-0.0426124
atenção limitada|isenção,427,-1.40656,-0.637022,-0.604337,-0.0424455
atenção limitada|isenção,428,-1.40666,-0.637065,-0.604276,-0.0421892
atenção limitada|isenção,429,-1.40681,-0.637136,-0.604556,-0.0418511
atenção limitada|isenção,430,-1.40701,-0.637227,-0.604759,-0.0421126
atenção limitada|isenção,431,-1.40711,-0.637273,-0.604857,-0.0424095
atenção limitada|isenção,432,-1.40712,-0.637276,-0.606657,-0.042691
atenção limitada|isenção,433,-1.40694,-0.637195,-0.604716,-0.0424075
atenção limitada|isenção,434,-1.40698,-0.637214,-0.604634,-0.0421645
atenção limitada|isenção,435,-1.40709,-0.637262,-0.60454,-0.0424747
atenção limitada|isenção,436,-1.40712,-0.637273,-0.604673,-0.042189
atenção limitada|isenção,437,-1.40719,-0.637309,-0.604814,-0.0415233
atenção limitada|isenção,438,-1.40741,-0.637406,-0.60482,-0.0414853
atenção limitada|isenção,439,-1.40761,-0.637498,-0.606878,-0.0423866
atenção limitada|isenção,440,-1.40742,-0.637414,-0.604981,-0.041092
atenção limitada|isenção,441,-1.40771,-0.637543,-0.605176,-0.0416369
atenção limitada|isenção,442,-1.40782,-0.637594,-0.605206,-0.0414631
atenção limitada|isenção,443,-1.40796,-0.637658,-0.605232,-0.0415617
atenção limitada|isenção,444,-1.40806,-0.637703,-0.605212,-0.0412527
atenção limitada|isenção,445,-1.40823,-0.63778,-0.60527,-0.041375
atenção limitada|isenção,446,-1.40835,-0.637833,-0.607079,-0.0420258
atenção limitada|isenção,447,-1.40816,-0.637748,-0.606645,-0.041744
atenção limitada|isenção,448,-1.40809,-0.637719,-0.607087,-0.0418789
atenção limitada|isenção,449,-1.40798,-0.637666,-0.606969,-0.0420379
atenção limitada|isenção,450,-1.40785,-0.637606,-0.606508,-0.0424739
atenção limitada|isenção,451,-1.40766,-0.637521,-0.606265,-0.0427476
atenção limitada|isenção,452,-1.40744,-0.637421,-0.606746,-0.0423563
atenção limitada|isenção,453,-1.4073,-0.637357,-0.604698,-0.0417013
atenção limitada|isenção,454,-1.40748,-0.63744,-0.606709,-0.0425331
atenção limitada|isenção,455,-1.4073,-0.637356,-0.606549,-0.0425342
atenção limitada|isenção,456,-1.40715,-0.63729,-0.605993,-0.04314
atenção limitada|isenção,457,-1.40691,-0.637181,-0.606058,-0.0432905
atenção limitada|isenção,458,-1.40666,-0.637064,-0.606,-0.0434455
atenção limitada|isenção,459,-1.40639,-0.636944,-0.60415,-0.0425877
atenção limitada|isenção,460,-1.4065,-0.636992,-0.604336,-0.0428574
atenção limitada|isenção,461,-1.4065,-0.636996,-0.604362,-0.0428315
atenção limitada|isenção,462,-1.40651,-0.637,-0.604406,-0.042712
atenção limitada|isenção,463,-1.40654,-0.637013,-0.604551,-0.0428513
atenção limitada|isenção,464,-1.40652,-0.637003,-0.604723,-0.0423208
atenção limitada|isenção,465,-1.40661,-0.637045,-0.604846,-0.0422779
atenção limitada|isenção,466,-1.4067,-0.637084,-0.604927,-0.0415617
atenção limitada|isenção,467,-1.40695,-0.637199,-0.604623,-0.0421171
atenção limitada|isenção,468,-1.40706,-0.63725,-0.604629,-0.0424726
atenção limitada|isenção,469,-1.40708,-0.637255,-0.60486,-0.0421402
atenção limitada|isenção,470,-1.40714,-0.637286,-0.604929,-0.0423265
atenção limitada|isenção,471,-1.40716,-0.637295,-0.606904,-0.0427568
atenção limitada|isenção,472,-1.40694,-0.637192,-0.6048,-0.0426017
atenção limitada|isenção,473,-1.40691,-0.637181,-0.604357,-0.0415415
atenção limitada|isenção,474,-1.40719,-0.637306,-0.604507,-0.0416153
atenção limitada|isenção,475,-1.4074,-0.637404,-0.604705,-0.0412835
atenção limitada|isenção,476,-1.40766,-0.637523,-0.606189,-0.0421267
atenção limitada|isenção,477,-1.40758,-0.637485,-0.604921,-0.0419566
atenção limitada|isenção,478,-1.40764,-0.63751,-0.605101,-0.0416002
atenção limitada|isenção,479,-1.40776,-0.637566,-0.606035,-0.0420339
atenção limitada|isenção,480,-1.4077,-0.637539,-0.604804,-0.0413557
atenção limitada|isenção,481,-1.4079,-0.63763,-0.604933,-0.0411644
atenção limitada|isenção,482,-1.40812,-0.637729,-0.604898,-0.0410647
atenção limitada|isenção,483,-1.40834,-0.63783,-0.604831,-0.0413567
atenção limitada|isenção,484,-1.40847,-0.637891,-0.604977,-0.0410703
atenção limitada|isenção,485,-1.40866,-0.637973,-0.60686,-0.0414119
atenção limitada|isenção,486,-1.40861,-0.637954,-0.605054,-0.0410037
atenção limitada|isenção,487,-1.4088,-0.638038,-0.606679,-0.0416245
atenção limitada|isenção,488,-1.40871,-0.637997,-0.606518,-0.0418365
atenção limitada|isenção,489,-1.40859,-0.637942,-0.606065,-0.0423108
atenção limitada|isenção,490,-1.40839,-0.637853,-0.606612,-0.0419869
atenção limitada|isenção,491,-1.40825,-0.63779,-0.60671,-0.0417755
atenção limitada|isenção,492,-1.40817,-0.637752,-0.605148,-0.0416365
atenção limitada|isenção,493,-1.40824,-0.637783,-0.604939,-0.0412217
atenção limitada|isenção,494,-1.40841,-0.637862,-0.60602,-0.0415079
atenção limitada|isenção,495,-1.40841,-0.63786,-0.607079,-0.0415973
atenção limitada|isenção,496,-1.40831,-0.637816,-0.606592,-0.0416503
atenção limitada|isenção,497,-1.40825,-0.637791,-0.60668,-0.0417934
atenção limitada|isenção,498,-1.40816,-0.637748,-0.604977,-0.0416396
atenção limitada|isenção,499,-1.40823,-0.637782,-0.606652,-0.0417139
atenção limitada|isenção,500,-1.40816,-0.63775,-0.606583,-0.0422128
atenção limitada|isenção,501,-1.40798,-0.637666,-0.606375,-0.0422078
atenção limitada|isenção,502,-1.40784,-0.637601,-0.605271,-0.0431933
atenção limitada|isenção,503,-1.40754,-0.637467,-0.606295,-0.0425751
atenção limitada|isenção,504,-1.40735,-0.637379,-0.606454,-0.0424574
atenção limitada|isenção,505,-1.40719,-0.637308,-0.606266,-0.0427119
atenção limitada|isenção,506,-1.40701,-0.637227,-0.606057,-0.0427467
atenção limitada|isenção,507,-1.40686,-0.637158,-0.603876,-0.0423951
atenção limitada|isenção,508,-1.40697,-0.637207,-0.604074,-0.0422602
atenção limitada|isenção,509,-1.40708,-0.637258,-0.605318,-0.043224
atenção limitada|isenção,510,-1.40686,-0.637158,-0.605604,-0.0431665
atenção limitada|isenção,511,-1.40665,-0.637063,-0.603863,-0.0423579
atenção limitada|isenção,512,-1.40678,-0.637119,-0.603962,-0.0424454
atenção limitada|isenção,513,-1.40685,-0.637154,-0.604254,-0.0424565
atenção limitada|isenção,514,-1.40689,-0.637168,-0.604182,-0.0421163
atenção limitada|isenção,515,-1.407,-0.637219,-0.604459,-0.0423377
atenção limitada|isenção,516,-1.40702,-0.637228,-0.60435,-0.0419672
atenção limitada|isenção,517,-1.40713,-0.637281,-0.606461,-0.0427026
atenção limitada|isenção,518,-1.40691,-0.63718,-0.604446,-0.0416717
atenção limitada|isenção,519,-1.40711,-0.637269,-0.604562,-0.0422516
atenção limitada|isenção,520,-1.40713,-0.637281,-0.604443,-0.042422
atenção limitada|isenção,521,-1.40712,-0.637275,-0.606371,-0.0427615
atenção limitada|isenção,522,-1.4069,-0.637174,-0.605305,-0.0426985
atenção limitada|isenção,523,-1.40679,-0.637124,-0.60448,-0.0426187
atenção limitada|isenção,524,-1.40677,-0.637114,-0.605435,-0.0428098
atenção limitada|isenção,525,-1.40663,-0.63705,-0.604906,-0.0428805
atenção limitada|isenção,526,-1.40652,-0.637001,-0.60442,-0.0428445
atenção limitada|isenção,527,-1.40646,-0.636977,-0.606351,-0.0432322
atenção limitada|isenção,528,-1.40619,-0.636853,-0.606122,-0.0434822
atenção limitada|isenção,529,-1.40591,-0.636724,-0.603719,-0.0433311
atenção limitada|isenção,530,-1.40587,-0.636706,-0.603793,-0.0434234
atenção limitada|isenção,531,-1.4058,-0.636674,-0.604109,-0.0432422
atenção limitada|isenção,532,-1.40575,-0.636651,-0.604463,-0.0435902
atenção limitada|isenção,533,-1.40559,-0.63658,-0.603719,-0.0436082
atenção limitada|isenção,534,-1.4055,-0.636537,-0.603669,-0.0428152
atenção limitada|isenção,535,-1.4056,-0.636586,-0.604012,-0.0432304
atenção limitada|isenção,536,-1.40557,-0.636569,-0.603947,-0.0424376
atenção limitada|isenção,537,-1.40573,-0.636645,-0.603902,-0.0423903
atenção limitada|isenção,538,-1.40591,-0.636723,-0.604094,-0.0429846
atenção limitada|isenção,539,-1.4059,-0.636719,-0.603988,-0.0431464
atenção limitada|isenção,540,-1.40586,-0.636701,-0.604017,-0.0431893
atenção limitada|isenção,541,-1.40581,-0.636677,-0.603985,-0.0433948
atenção limitada|isenção,542,-1.40571,-0.636634,-0.604069,-0.0432579
atenção limitada|isenção,543,-1.40564,-0.636604,-0.603747,-0.043332
atenção limitada|isenção,544,-1.4056,-0.636583,-0.605733,-0.0438286
atenção limitada|isenção,545,-1.40529,-0.636444,-0.603408,-0.043114
atenção limitada|isenção,546,-1.40536,-0.636475,-0.603122,-0.0432667
atenção limitada|isenção,547,-1.40541,-0.636497,-0.603599,-0.0434154
atenção limitada|isenção,548,-1.40537,-0.636478,-0.603588,-0.0430883
atenção limitada|isenção,549,-1.40541,-0.636497,-0.603722,-0.0427444
atenção limitada|isenção,550,-1.40552,-0.636549,-0.603702,-0.0432511
atenção limitada|isenção,551,-1.40549,-0.636536,-0.603339,-0.042968
atenção limitada|isenção,552,-1.40556,-0.636567,-0.603399,-0.0432404
atenção limitada|isenção,553,-1.40556,-0.636565,-0.603448,-0.0425803
atenção limitada|isenção,554,-1.4057,-0.636631,-0.603542,-0.0434888
atenção limitada|isenção,555,-1.4056,-0.636584,-0.605491,-0.0439145
atenção limitada|isenção,556,-1.40526,-0.636431,-0.603334,-0.0431148
atenção limitada|isenção,557,-1.40531,-0.636453,-0.603017,-0.0432217
atenção limitada|isenção,558,-1.40535,-0.636471,-0.603054,-0.042946
atenção limitada|isenção,559,-1.40545,-0.636515,-0.603041,-0.0431158
atenção limitada|isenção,560,-1.40549,-0.636536,-0.6033,-0.0429325
atenção limitada|isenção,561,-1.40556,-0.636564,-0.603266,-0.0427657
atenção limitada|isenção,562,-1.40565,-0.636609,-0.603561,-0.0424368
atenção limitada|isenção,563,-1.4058,-0.636676,-0.603642,-0.0427176
atenção limitada|isenção,564,-1.40585,-0.636699,-0.603743,-0.0422052
atenção limitada|isenção,565,-1.40601,-0.636771,-0.603749,-0.0422081
atenção limitada|isenção,566,-1.40615,-0.636836,-0.603824,-0.0418732
atenção limitada|isenção,567,-1.40636,-0.636932,-0.60392,-0.0416884
atenção limitada|isenção,568,-1.40659,-0.637036,-0.603731,-0.0411579
atenção limitada|isenção,569,-1.40694,-0.637192,-0.603923,-0.0411079
atenção limitada|isenção,570,-1.40725,-0.637333,-0.603832,-0.0408604
atenção limitada|isenção,571,-1.4076,-0.637494,-0.603998,-0.0412345
atenção limitada|isenção,572,-1.40782,-0.637592,-0.604018,-0.0413689
atenção limitada|isenção,573,-1.40798,-0.637665,-0.605959,-0.0422721
atenção limitada|isenção,574,-1.40776,-0.637568,-0.605934,-0.0425334
atenção limitada|isenção,575,-1.40751,-0.637452,-0.60584,-0.0426844
atenção limitada|isenção,576,-1.40725,-0.637334,-0.606193,-0.0427816
atenção limitada|isenção,577,-1.40696,-0.637201,-0.605229,-0.0426799
atenção limitada|isenção,578,-1.40679,-0.637127,-0.605031,-0.0435972
atenção limitada|isenção,579,-1.40644,-0.636967,-0.604203,-0.0430657
atenção limitada|isenção,580,-1.40631,-0.636907,-0.604997,-0.0432422
atenção limitada|isenção,581,-1.4061,-0.63681,-0.603641,-0.0432977
atenção limitada|isenção,582,-1.40597,-0.636754,-0.603352,-0.0428883
atenção limitada|isenção,583,-1.40598,-0.636756,-0.603349,-0.0429941
atenção limitada|isenção,584,-1.40596,-0.636746,-0.603311,-0.0431976
atenção limitada|isenção,585,-1.40588,-0.636711,-0.60338,-0.0429711
atenção limitada|isenção,586,-1.40585,-0.636699,-0.603084,-0.0427858
atenção limitada|isenção,587,-1.40589,-0.636718,-0.603104,-0.0428594
atenção limitada|isenção,588,-1.40591,-0.636725,-0.603253,-0.0426121
atenção limitada|isenção,589,-1.40597,-0.63675,-0.603162,-0.0422706
atenção limitada|isenção,590,-1.40611,-0.636816,-0.603235,-0.0426626
atenção limitada|isenção,591,-1.40613,-0.636824,-0.603401,-0.0432495
atenção limitada|isenção,592,-1.40599,-0.63676,-0.603455,-0.0425138
atenção limitada|isenção,593,-1.40603,-0.636781,-0.603407,-0.0428
atenção limitada|isenção,594,-1.406,-0.636768,-0.603563,-0.0427753
atenção limitada|isenção,595,-1.40596,-0.63675,-0.603487,-0.0422735
atenção limitada|isenção,596,-1.40606,-0.636793,-0.603401,-0.0427813
atenção limitada|isenção,597,-1.40602,-0.636775,-0.60372,-0.0431774
atenção limitada|isenção,598,-1.40586,-0.636701,-0.603612,-0.0425856
atenção limitada|isenção,599,-1.40586,-0.636704,-0.603729,-0.0418982
