origem,variavel,h,realizado,Equilíbrio geral,"Equilíbrio geral, tendência trimestral",ABM 1: crenças fixas,ABM 1: aprendizado,ABM 1: heurísticas,ABM 1: informação rígida,ABM 1: atenção limitada,Média,AR(1),VAR(1),Equilíbrio geral com busca,"Equilíbrio geral com busca, tendência trimestral",ABM 2: crenças fixas,ABM 2: aprendizado,ABM 2: heurísticas,ABM 2: informação rígida,ABM 2: atenção limitada
201304,pib,1,0.8395,0.9074,0.7799,0.7664,0.766,0.7261,0.7501,0.7458,0.801,0.7186,0.5452,1.202,1.03,0.6329,0.6743,0.04584,0.9544,-0.04483
201304,pib,2,-0.6457,1.831,1.578,1.592,1.595,1.522,1.569,1.544,1.602,1.503,1.252,2.304,1.971,1.108,1.683,1.103,2.057,0.6627
201304,pib,3,-0.7088,2.756,2.378,2.427,2.434,2.317,2.408,2.349,2.403,2.296,2.028,3.4,2.897,2.166,2.841,2.237,3.016,1.545
201304,pib,4,-0.1824,3.681,3.178,3.258,3.269,3.114,3.249,3.149,3.204,3.089,2.811,4.468,3.793,2.883,3.708,3.222,4.057,2.557
201304,pib,5,-0.9788,4.607,3.979,4.079,4.094,3.906,4.091,3.937,4.005,3.883,3.596,5.516,4.67,3.419,4.748,4.149,5.206,3.691
201304,pib,6,-3.365,5.534,4.781,4.912,4.931,4.697,4.94,4.736,4.806,4.676,4.38,6.548,5.53,4.331,5.546,4.9,5.896,4.042
201304,pib,7,-5.023,6.461,5.582,5.744,5.768,5.486,5.785,5.534,5.607,5.47,5.164,7.566,6.377,5.071,6.295,5.513,6.19,4.587
201304,pib,8,-5.792,7.388,6.384,6.58,6.608,6.27,6.624,6.333,6.408,6.263,5.948,8.573,7.213,5.674,7.08,6.196,6.768,5.399
201304,consumo,1,1.618,0.9149,0.8879,0.6994,0.7238,1.285,0.6874,0.8253,0.8558,0.6836,0.6066,0.9552,0.9053,0.7284,0.7616,-1.716,0.7996,0.08265
201304,consumo,2,1.074,1.83,1.774,1.486,1.544,2.892,1.486,1.674,1.712,1.491,1.426,1.913,1.811,1.459,1.638,-2.335,1.661,1.327
201304,consumo,3,1.183,2.744,2.659,2.291,2.385,4.078,2.301,2.543,2.568,2.32,2.255,2.872,2.717,2.257,2.533,-2.76,2.542,2.195
201304,consumo,4,2.675,3.658,3.543,3.094,3.225,5.174,3.122,3.405,3.423,3.152,3.089,3.833,3.622,3.054,3.429,-2.994,3.433,3.288
201304,consumo,5,0.9487,4.572,4.426,3.899,4.069,6.171,3.95,4.274,4.279,3.985,3.918,4.794,4.527,3.838,4.333,-2.446,4.34,4.317
201304,consumo,6,-0.9856,5.486,5.307,4.7,4.911,6.992,4.779,5.129,5.135,4.817,4.748,5.756,5.43,4.63,5.233,-1.161,5.232,5.183
201304,consumo,7,-2.839,6.4,6.188,5.498,5.751,7.781,5.61,5.979,5.991,5.65,5.577,6.718,6.332,5.415,6.126,-0.2196,6.094,6.153
201304,consumo,8,-3.533,7.313,7.067,6.299,6.595,8.632,6.443,6.823,6.847,6.483,6.406,7.68,7.233,6.187,7.014,0.6327,6.947,7.215
201304,investimento,1,0.3422,0.8119,0.8172,1.193,1.163,-0.5777,1.2,0.7449,0.9889,0.3012,-0.3873,1.919,1.908,0.9471,1.13,-7.276,0.6712,2.49
201304,investimento,2,-4.158,1.675,1.697,2.17,2.076,-2.118,2.139,1.396,1.978,1.04,0.166,3.492,3.469,1.352,2.312,-10.04,1.097,1.712
201304,investimento,3,-6.522,2.544,2.588,3.286,3.136,-2.325,3.264,2.163,2.967,1.924,1.016,5.001,4.924,2.401,3.32,-15.33,1.493,4.012
201304,investimento,4,-6.708,3.416,3.486,4.305,4.09,-2.333,4.302,2.836,3.956,2.855,1.931,6.385,6.244,3.122,4.147,-18.83,2.184,4.158
201304,investimento,5,-9.809,4.292,4.39,5.326,5.041,-2.072,5.376,3.496,4.945,3.803,2.851,7.678,7.467,3.656,4.934,-20.53,3.142,5.145
201304,investimento,6,-17.02,5.171,5.299,6.366,6.009,-1.321,6.434,4.209,5.934,4.755,3.769,8.892,8.609,4.318,5.662,-18.4,3.95,7.636
201304,investimento,7,-22.78,6.053,6.213,7.419,6.985,-0.4378,7.476,4.976,6.923,5.709,4.686,10.04,9.689,4.756,6.566,-17.47,4.331,9.261
201304,investimento,8,-28.24,6.937,7.131,8.495,7.986,0.2175,8.506,5.795,7.911,6.664,5.603,11.14,10.72,5.126,7.451,-16.76,5.045,10.95
201304,governo,1,-1.196,0.991,0.5631,0.3386,0.3386,0.3386,0.3386,0.3386,0.5964,0.3386,0.6819,1.171,0.6764,0.4472,0.2475,0.325,0.3558,0.2827
201304,governo,2,-0.5497,2.011,1.16,1.054,1.054,1.054,1.054,1.054,1.193,1.054,1.262,2.194,1.249,1.075,1.006,1.039,1.068,1.021
201304,governo,3,-0.1322,3.032,1.759,1.569,1.569,1.569,1.569,1.569,1.789,1.569,1.869,3.253,1.847,1.618,1.536,1.518,1.581,1.557
201304,governo,4,-0.9622,4.053,2.359,2.191,2.191,2.191,2.191,2.191,2.385,2.191,2.451,4.3,2.439,2.253,2.159,2.145,2.207,2.185
201304,governo,5,-1.43,5.072,2.959,2.756,2.756,2.756,2.756,2.756,2.982,2.756,3.047,5.348,3.033,2.841,2.716,2.72,2.74,2.718
201304,governo,6,-2.224,6.091,3.559,3.351,3.351,3.351,3.351,3.351,3.578,3.351,3.637,6.394,3.627,3.445,3.295,3.285,3.309,3.29
201304,governo,7,-2.042,7.108,4.158,3.931,3.931,3.931,3.931,3.931,4.175,3.931,4.23,7.438,4.22,4.024,3.873,3.848,3.865,3.849
201304,governo,8,-2.908,8.125,4.758,4.518,4.518,4.518,4.518,4.518,4.771,4.518,4.821,8.48,4.814,4.583,4.437,4.43,4.399,4.439
201304,desemprego,1,-0.09011,,,,,,,,-0.1014,-0.1114,,-0.3165,-0.282,0.3277,0.283,0.3441,0.005175,0.09673
201304,desemprego,2,0.07047,,,,,,,,-0.2028,-0.2368,,-0.5729,-0.4902,0.3388,0.275,0.2554,0.1285,0.2628
201304,desemprego,3,0.158,,,,,,,,-0.3042,-0.3615,,-0.7735,-0.6374,0.3569,0.2754,0.2444,0.1799,0.3338
201304,desemprego,4,0.4,,,,,,,,-0.4057,-0.4861,,-0.9253,-0.7346,0.3315,0.2383,0.2662,0.2177,0.4039
201304,desemprego,5,0.7099,,,,,,,,-0.5071,-0.6108,,-1.037,-0.7922,0.35,0.2422,0.3069,0.2568,0.4143
201304,desemprego,6,1.57,,,,,,,,-0.6085,-0.7355,,-1.115,-0.8187,0.362,0.2497,0.3488,0.2767,0.4132
201304,desemprego,7,2.358,,,,,,,,-0.7099,-0.8601,,-1.167,-0.8211,0.3837,0.2651,0.3753,0.3002,0.4054
201304,desemprego,8,2.9,,,,,,,,-0.8113,-0.9848,,-1.198,-0.8049,0.3952,0.2935,0.3795,0.2964,0.4204
201401,pib,1,-1.485,0.9117,0.8011,0.792,0.7963,0.8767,0.8443,0.7698,0.8016,0.8006,0.9241,1.056,0.8996,0.5714,0.1414,0.3808,0.3907,0.474
201401,pib,2,-1.548,1.831,1.603,1.606,1.615,1.703,1.686,1.555,1.603,1.597,1.762,2.103,1.793,1.485,0.3119,1.534,1.373,1.145
201401,pib,3,-1.022,2.752,2.405,2.433,2.446,2.528,2.542,2.351,2.405,2.392,2.568,3.145,2.678,1.901,1.197,3.006,2.426,2.089
201401,pib,4,-1.818,3.674,3.208,3.268,3.286,3.334,3.389,3.153,3.206,3.188,3.359,4.176,3.55,2.743,1.978,4.215,3.403,3.518
201401,pib,5,-4.205,4.596,4.011,4.112,4.135,4.138,4.245,3.964,4.008,3.983,4.152,5.197,4.411,3.51,2.844,5.459,4.201,4.82
201401,pib,6,-5.862,5.519,4.815,4.952,4.98,4.948,5.106,4.768,4.809,4.778,4.943,6.207,5.261,4.364,3.726,6.458,5.269,5.749
201401,pib,7,-6.632,6.442,5.619,5.799,5.832,5.74,5.956,5.579,5.611,5.574,5.735,7.208,6.101,5.16,4.711,6.763,6.338,6.372
201401,pib,8,-8.079,7.366,6.423,6.633,6.67,6.545,6.818,6.376,6.412,6.369,6.527,8.201,6.934,5.77,5.503,7.285,7.307,7.347
201401,consumo,1,-0.5436,0.9113,0.899,0.7956,0.8304,1.467,0.8162,0.9334,0.8664,0.9709,0.9174,0.9407,0.9099,0.7999,0.6925,1.337,0.9906,0.2692
201401,consumo,2,-0.4346,1.822,1.797,1.601,1.674,2.686,1.643,1.818,1.733,1.839,1.841,1.883,1.82,1.648,1.458,0.8746,1.833,2.426
201401,consumo,3,1.057,2.733,2.693,2.408,2.52,3.878,2.473,2.7,2.599,2.691,2.662,2.827,2.729,2.449,2.254,0.6927,2.646,3.997
201401,consumo,4,-0.669,3.643,3.588,3.216,3.368,4.912,3.306,3.57,3.466,3.54,3.518,3.771,3.638,3.256,3.07,0.5413,3.463,5.675
201401,consumo,5,-2.603,4.553,4.482,4.024,4.218,5.828,4.143,4.436,4.332,4.388,4.357,4.717,4.546,4.061,3.89,0.6543,4.279,7.053
201401,consumo,6,-4.457,5.463,5.374,4.833,5.07,6.67,4.98,5.297,5.199,5.237,5.206,5.663,5.453,4.876,4.719,0.7265,5.102,8.524
201401,consumo,7,-5.15,6.372,6.266,5.648,5.928,7.475,5.817,6.164,6.065,6.085,6.05,6.609,6.359,5.692,5.568,0.5409,5.939,9.769
201401,consumo,8,-6.46,7.281,7.157,6.457,6.782,8.285,6.659,7.032,6.931,6.934,6.896,7.555,7.264,6.491,6.421,0.9039,6.784,10.72
201401,investimento,1,-4.501,0.822,0.8731,0.2632,0.1363,-1.297,0.3882,-0.3213,0.98,0.7532,1.499,1.361,1.33,0.5807,0.5696,5.78,1.038,-6.845
201401,investimento,2,-6.865,1.671,1.754,1.579,1.415,-1.096,1.827,0.6291,1.96,1.642,2.714,2.699,2.638,1.873,0.8128,1.085,1.365,3.131
201401,investimento,3,-7.051,2.527,2.641,2.435,2.188,-1.452,2.736,1.091,2.94,2.576,3.713,4.011,3.9,2.212,1.633,-0.9637,2.172,5.161
201401,investimento,4,-10.15,3.387,3.535,3.587,3.278,-1.122,3.908,1.921,3.92,3.524,4.671,5.272,5.102,2.943,2.586,-5.004,3.065,8.174
201401,investimento,5,-17.36,4.251,4.434,4.644,4.265,-0.603,4.926,2.655,4.9,4.478,5.615,6.481,6.248,3.589,3.548,-8.408,4.071,9.627
201401,investimento,6,-23.13,5.119,5.338,5.746,5.296,0.2307,6.071,3.44,5.88,5.433,6.562,7.641,7.343,4.369,4.638,-11.28,5.167,12.61
201401,investimento,7,-28.58,5.99,6.247,6.818,6.294,1.097,7.126,4.183,6.86,6.389,7.507,8.759,8.397,5.094,5.771,-12.51,6.144,14.98
201401,investimento,8,-30.88,6.864,7.161,7.864,7.258,1.933,8.206,4.882,7.84,7.344,8.454,9.84,9.415,5.781,6.756,-13.48,7.143,16.1
201401,governo,1,0.6462,1.014,0.5771,1.509,1.509,1.509,1.509,1.509,0.5715,1.509,1.211,1.075,0.5791,1.224,2.295,1.899,1.493,1.398
201401,governo,2,1.064,2.041,1.155,1.581,1.581,1.581,1.581,1.581,1.143,1.581,1.448,2.121,1.151,1.508,2.343,2.207,1.574,1.506
201401,governo,3,0.2337,3.068,1.733,2.417,2.417,2.417,2.417,2.417,1.714,2.417,2.171,3.169,1.725,2.322,3.191,3.058,2.357,2.384
201401,governo,4,-0.2342,4.095,2.31,2.847,2.847,2.847,2.847,2.847,2.286,2.847,2.669,4.216,2.298,2.779,3.606,3.491,2.797,2.803
201401,governo,5,-1.028,5.121,2.888,3.492,3.492,3.492,3.492,3.492,2.857,3.492,3.276,5.261,2.871,3.43,4.258,4.125,3.44,3.378
201401,governo,6,-0.8457,6.146,3.466,4.023,4.023,4.023,4.023,4.023,3.429,4.023,3.83,6.304,3.445,3.958,4.789,4.641,3.979,3.87
201401,governo,7,-1.712,7.17,4.043,4.615,4.615,4.615,4.615,4.615,4,4.615,4.41,7.346,4.018,4.534,5.384,5.211,4.554,4.399
201401,governo,8,-0.2677,8.193,4.621,5.174,5.174,5.174,5.174,5.174,4.572,5.174,4.976,8.387,4.591,5.076,5.938,5.774,5.117,4.85
201401,desemprego,1,0.1606,,,,,,,,-0.1,-0.1238,,-0.1632,-0.1228,0.06745,0.2283,-0.2767,0.2597,0.2356
201401,desemprego,2,0.2481,,,,,,,,-0.2,-0.2451,,-0.3199,-0.2299,0.1658,0.1863,-0.3636,0.2266,0.2452
201401,desemprego,3,0.4901,,,,,,,,-0.3,-0.3665,,-0.4556,-0.3122,0.2275,0.1947,-0.423,0.2705,0.2784
201401,desemprego,4,0.8,,,,,,,,-0.4,-0.488,,-0.5666,-0.3684,0.2531,0.1953,-0.451,0.2798,0.2405
201401,desemprego,5,1.661,,,,,,,,-0.5,-0.6094,,-0.6536,-0.4011,0.2519,0.203,-0.4879,0.2807,0.2309
201401,desemprego,6,2.448,,,,,,,,-0.6,-0.7309,,-0.7192,-0.4136,0.2319,0.221,-0.4956,0.269,0.1806
201401,desemprego,7,2.99,,,,,,,,-0.7,-0.8523,,-0.7663,-0.4095,0.2528,0.217,-0.4833,0.2929,0.1077
201401,desemprego,8,3.8,,,,,,,,-0.8,-0.9738,,-0.798,-0.3919,0.2571,0.2409,-0.4357,0.2879,0.03085
201402,pib,1,-0.06308,0.8782,0.7127,0.4187,0.4157,0.6078,0.5511,0.3637,0.7702,0.4979,0.3954,1.061,0.8868,0.741,0.7298,-0.2342,-0.03895,0.5868
201402,pib,2,0.4633,1.802,1.479,1.146,1.15,1.357,1.323,1.012,1.54,1.227,0.926,2.06,1.698,0.9265,0.9352,0.4816,0.6554,1.769
201402,pib,3,-0.3331,2.73,2.252,1.911,1.923,2.089,2.133,1.693,2.311,1.983,1.679,3.1,2.547,1.263,1.655,1.779,1.626,3.233
201402,pib,4,-2.72,3.657,3.026,2.688,2.708,2.789,2.934,2.385,3.081,2.742,2.421,4.135,3.384,1.633,2.136,2.681,2.64,4.561
201402,pib,5,-4.377,4.584,3.8,3.469,3.495,3.483,3.732,3.08,3.851,3.501,3.175,5.162,4.212,2.191,2.309,3.396,3.505,5.364
201402,pib,6,-5.147,5.511,4.573,4.245,4.277,4.184,4.539,3.772,4.621,4.261,3.924,6.178,5.031,2.768,2.895,4.034,4.085,6.179
201402,pib,7,-6.593,6.438,5.347,5.031,5.066,4.895,5.348,4.473,5.392,5.02,4.674,7.185,5.839,3.318,3.544,4.646,4.572,6.957
201402,pib,8,-6.318,7.365,6.12,5.81,5.847,5.596,6.151,5.166,6.162,5.78,5.424,8.183,6.64,3.904,4.175,5.078,5.14,7.905
201402,consumo,1,0.109,0.8723,0.8525,0.384,0.4338,1.262,0.4265,0.6797,0.8471,0.6205,0.1098,0.9011,0.8656,0.5236,0.7367,2.064,0.3638,0.1638
201402,consumo,2,1.601,1.746,1.705,1.09,1.214,3.135,1.182,1.395,1.694,1.414,1.055,1.805,1.732,1.239,1.522,3.539,1.061,-0.02055
201402,consumo,3,-0.1254,2.622,2.557,1.837,2.042,4.369,1.989,2.12,2.541,2.234,1.813,2.713,2.598,1.947,2.353,3.22,1.822,0.1563
201402,consumo,4,-2.06,3.499,3.409,2.589,2.88,5.123,2.807,2.839,3.388,3.057,2.667,3.623,3.466,2.648,3.172,3.527,2.607,0.5794
201402,consumo,5,-3.913,4.377,4.261,3.346,3.723,5.815,3.627,3.555,4.236,3.881,3.469,4.536,4.333,3.342,3.952,4.019,3.39,0.8665
201402,consumo,6,-4.607,5.257,5.113,4.096,4.56,6.498,4.453,4.277,5.083,4.705,4.293,5.451,5.201,4.03,4.736,4.836,4.16,1.332
201402,consumo,7,-5.917,6.138,5.965,4.853,5.401,7.205,5.28,4.994,5.93,5.529,5.105,6.369,6.068,4.705,5.51,6.88,4.921,1.865
201402,consumo,8,-6.514,7.02,6.816,5.609,6.241,7.935,6.112,5.724,6.777,6.353,5.923,7.288,6.935,5.372,6.289,8.955,5.671,2.546
201402,investimento,1,-2.364,0.8561,0.7067,0.4029,0.2528,-1.31,0.8754,-0.8009,0.9049,-0.9417,-2.406,1.346,1.262,1.616,0.5756,7.18,0.1834,-0.3545
201402,investimento,2,-2.55,1.845,1.588,1.279,0.9643,-3.959,1.817,-0.3413,1.81,-0.6933,-2.293,2.607,2.362,2.143,1.512,9.447,1.29,-3.499
201402,investimento,3,-5.651,2.84,2.491,2.201,1.713,-4.797,2.797,0.2139,2.715,-0.04704,-1.654,4.013,3.601,2.704,2.871,7.962,2.743,-5.511
201402,investimento,4,-12.86,3.831,3.396,3.181,2.508,-4.217,3.717,0.8878,3.619,0.7323,-0.841,5.391,4.789,3.146,3.817,7.453,4.17,-8.381
201402,investimento,5,-18.63,4.818,4.302,4.135,3.265,-3.485,4.596,1.511,4.524,1.556,-0.04088,6.727,5.931,3.616,4.181,7.158,5.586,-9.506
201402,investimento,6,-24.08,5.8,5.208,5.096,4.024,-2.674,5.524,2.151,5.429,2.395,0.7664,8.009,7.02,4.047,4.927,7.517,6.778,-10.97
201402,investimento,7,-26.38,6.779,6.114,6.096,4.824,-1.946,6.407,2.877,6.334,3.238,1.567,9.241,8.063,4.435,5.668,11.1,7.867,-11.48
201402,investimento,8,-23.91,7.753,7.019,7.066,5.589,-1.22,7.323,3.521,7.239,4.084,2.37,10.43,9.067,5.069,6.505,15.67,8.946,-12.03
201402,governo,1,0.4175,0.9213,0.4579,0.5187,0.5187,0.5187,0.5187,0.5187,0.5725,0.5187,1.58,1.243,0.7554,0.4777,0.2684,0.584,0.5555,0.5313
201402,governo,2,-0.4126,1.929,1.018,1.105,1.105,1.105,1.105,1.105,1.145,1.105,1.597,2.245,1.278,1.008,0.9818,1.154,1.137,1.532
201402,governo,3,-0.8804,2.944,1.591,1.655,1.655,1.655,1.655,1.655,1.718,1.655,2.485,3.292,1.856,1.612,1.563,1.7,1.685,2.084
201402,governo,4,-1.674,3.959,2.165,2.225,2.225,2.225,2.225,2.225,2.29,2.225,2.896,4.328,2.421,2.203,2.14,2.269,2.245,2.636
201402,governo,5,-1.492,4.973,2.74,2.784,2.784,2.784,2.784,2.784,2.863,2.784,3.552,5.365,2.989,2.73,2.718,2.825,2.787,3.188
201402,governo,6,-2.358,5.986,3.314,3.349,3.349,3.349,3.349,3.349,3.435,3.349,4.088,6.4,3.557,3.303,3.296,3.387,3.337,3.71
201402,governo,7,-0.9139,6.998,3.889,3.91,3.91,3.91,3.91,3.91,4.008,3.91,4.683,7.434,4.125,3.888,3.868,3.941,3.873,4.286
201402,governo,8,-1.196,8.01,4.463,4.474,4.474,4.474,4.474,4.474,4.58,4.474,5.249,8.466,4.692,4.465,4.439,4.469,4.44,4.847
201402,desemprego,1,0.08757,,,,,,,,-0.07105,-0.1045,,-0.07414,-0.03926,0.2175,-0.123,0.0403,0.2891,-0.1572
201402,desemprego,2,0.3295,,,,,,,,-0.1421,-0.1917,,-0.2248,-0.1311,0.2772,-0.08372,0.1075,0.4756,-0.2224
201402,desemprego,3,0.6394,,,,,,,,-0.2131,-0.28,,-0.3871,-0.2242,0.3235,-0.02898,0.08705,0.4808,-0.2395
201402,desemprego,4,1.5,,,,,,,,-0.2842,-0.3683,,-0.5344,-0.2992,0.3538,0.03053,0.08288,0.4995,-0.2296
201402,desemprego,5,2.288,,,,,,,,-0.3552,-0.4565,,-0.6588,-0.3521,0.381,0.05203,0.1117,0.5038,-0.2373
201402,desemprego,6,2.83,,,,,,,,-0.4263,-0.5448,,-0.7598,-0.3841,0.3688,0.06037,0.113,0.494,-0.222
201402,desemprego,7,3.639,,,,,,,,-0.4973,-0.6331,,-0.8396,-0.3983,0.3796,0.06875,0.1232,0.4898,-0.2233
201402,desemprego,8,4.5,,,,,,,,-0.5684,-0.7213,,-0.9012,-0.398,0.3979,0.0697,0.1229,0.482,-0.234
201403,pib,1,0.5264,0.8887,0.727,0.6908,0.6966,0.6049,0.6749,0.616,0.759,0.6457,0.5039,0.9658,0.8136,0.2992,1.101,0.2451,-0.02193,0.08976
201403,pib,2,-0.27,1.813,1.486,1.467,1.481,1.279,1.448,1.303,1.518,1.383,1.179,1.976,1.641,0.5439,2.269,0.6361,0.7312,1.55
201403,pib,3,-2.657,2.741,2.249,2.243,2.266,1.94,2.237,1.987,2.277,2.131,1.916,2.997,2.48,1.194,3.301,1.295,1.915,2.519
201403,pib,4,-4.314,3.67,3.013,3.013,3.043,2.606,3.035,2.666,3.036,2.882,2.657,4.013,3.312,1.991,4.256,1.904,1.83,3.002
201403,pib,5,-5.083,4.598,3.776,3.794,3.829,3.263,3.818,3.355,3.795,3.632,3.399,5.019,4.134,2.66,4.577,2.523,2.447,4.145
201403,pib,6,-6.53,5.525,4.54,4.576,4.615,3.923,4.599,4.046,4.554,4.383,4.141,6.015,4.946,3.181,5.078,3.379,3.2,5.075
201403,pib,7,-6.255,6.452,5.303,5.351,5.391,4.593,5.391,4.729,5.313,5.133,4.884,7.001,5.749,3.907,5.676,4.155,3.899,5.642
201403,pib,8,-6.8,7.379,6.066,6.128,6.169,5.262,6.178,5.415,6.072,5.884,5.626,7.979,6.544,4.699,6.379,5.045,4.506,6.253
201403,consumo,1,1.492,0.8541,0.831,0.6234,0.7034,2.107,0.6268,0.6581,0.8371,0.706,0.6228,0.8728,0.8419,0.6059,0.6131,0.2171,0.4846,0.5845
201403,consumo,2,-0.2344,1.711,1.662,1.351,1.518,3.788,1.408,1.329,1.674,1.505,1.456,1.75,1.685,1.305,1.323,1.489,1.183,1.983
201403,consumo,3,-2.169,2.569,2.494,2.094,2.348,4.521,2.215,2.017,2.511,2.318,2.26,2.63,2.53,2.03,2.063,2.907,1.966,2.533
201403,consumo,4,-4.022,3.431,3.326,2.839,3.181,5.193,3.029,2.715,3.349,3.133,3.08,3.515,3.376,2.753,2.808,4.577,2.697,3.358
201403,consumo,5,-4.716,4.294,4.159,3.585,4.017,5.846,3.851,3.404,4.186,3.948,3.89,4.402,4.224,3.495,3.518,6.462,3.432,4.55
201403,consumo,6,-6.026,5.159,4.992,4.332,4.855,6.522,4.678,4.097,5.023,4.764,4.704,5.292,5.071,4.207,4.229,7.884,4.179,5.615
201403,consumo,7,-6.623,6.027,5.825,5.081,5.694,7.186,5.509,4.802,5.86,5.579,5.515,6.185,5.919,4.932,4.938,8.713,4.933,6.674
201403,consumo,8,-6.979,6.896,6.659,5.832,6.533,7.857,6.336,5.499,6.697,6.395,6.328,7.079,6.768,5.664,5.644,8.956,5.687,7.786
201403,investimento,1,-0.1859,0.9469,0.786,0.8684,0.687,-4.042,0.7925,0.3837,0.8607,-0.2756,-0.5376,1.168,1.089,0.7586,-0.1948,4.779,-0.8524,6.095
201403,investimento,2,-3.287,1.993,1.673,1.938,1.575,-6.587,1.727,1.23,1.721,0.1655,-0.0494,2.542,2.291,1.055,0.6154,6.281,0.2606,2.095
201403,investimento,3,-10.49,3.044,2.573,2.922,2.371,-6.22,2.585,1.953,2.582,0.8526,0.6855,3.954,3.54,1.78,1.513,10.75,1.944,4.247
201403,investimento,4,-16.26,4.088,3.474,3.889,3.141,-5.552,3.505,2.621,3.443,1.624,1.477,5.335,4.751,2.435,2.335,15.36,2.582,5.898
201403,investimento,5,-21.72,5.125,4.372,4.893,3.937,-4.944,4.306,3.355,4.303,2.425,2.268,6.663,5.91,3.057,2.782,19.92,3.647,6.502
201403,investimento,6,-24.02,6.154,5.269,5.903,4.73,-4.415,5.091,4.088,5.164,3.235,3.06,7.935,7.013,3.739,3.51,22.31,4.874,8.33
201403,investimento,7,-21.55,7.176,6.163,6.869,5.47,-3.78,5.903,4.75,6.025,4.049,3.85,9.157,8.068,4.595,4.379,23.81,5.967,10.74
201403,investimento,8,-27.8,8.191,7.056,7.871,6.247,-3.127,6.731,5.485,6.886,4.864,4.641,10.33,9.081,5.525,5.443,22.59,6.872,13.07
201403,governo,1,-0.83,0.9317,0.499,0.6383,0.6383,0.6383,0.6383,0.6383,0.5704,0.6383,0.8531,1.03,0.6072,0.7006,0.6134,0.6053,0.6352,0.6183
201403,governo,2,-1.298,1.932,1.059,1.16,1.16,1.16,1.16,1.16,1.141,1.16,1.294,2.051,1.163,1.079,1.152,1.066,1.145,1.117
201403,governo,3,-2.092,2.941,1.628,1.743,1.743,1.743,1.743,1.743,1.711,1.743,1.924,3.07,1.729,1.896,1.733,1.526,1.69,1.721
201403,governo,4,-1.909,3.95,2.198,2.294,2.294,2.294,2.294,2.294,2.282,2.294,2.459,4.089,2.294,2.422,2.25,2.052,2.246,2.283
201403,governo,5,-2.776,4.958,2.769,2.862,2.862,2.862,2.862,2.862,2.852,2.862,3.041,5.106,2.859,2.969,2.808,2.506,2.806,2.837
201403,governo,6,-1.331,5.966,3.34,3.42,3.42,3.42,3.42,3.42,3.422,3.42,3.601,6.123,3.423,3.561,3.324,3.051,3.354,3.384
201403,governo,7,-1.613,6.974,3.91,3.984,3.984,3.984,3.984,3.984,3.993,3.984,4.171,7.139,3.988,4.134,3.878,3.534,3.933,3.923
201403,governo,8,-2.004,7.98,4.481,4.545,4.545,4.545,4.545,4.545,4.563,4.545,4.737,8.154,4.553,4.674,4.407,4.146,4.496,4.456
201403,desemprego,1,0.242,,,,,,,,-0.05519,-0.0596,,-0.1016,-0.07926,0.03207,-0.08057,0.1528,0.0785,-0.06313
201403,desemprego,2,0.5519,,,,,,,,-0.1104,-0.127,,-0.2595,-0.2024,0.06753,-0.1164,0.08478,0.1135,-0.07715
201403,desemprego,3,1.412,,,,,,,,-0.1656,-0.1949,,-0.4179,-0.3222,0.1044,-0.07405,0.05987,0.2381,-0.06863
201403,desemprego,4,2.2,,,,,,,,-0.2207,-0.2628,,-0.5568,-0.422,0.1365,0.001425,-0.0065,0.2919,-0.05702
201403,desemprego,5,2.742,,,,,,,,-0.2759,-0.3307,,-0.6714,-0.4983,0.1293,0.04105,-0.04027,0.3436,-0.0307
201403,desemprego,6,3.552,,,,,,,,-0.3311,-0.3985,,-0.7627,-0.5525,0.1557,0.07892,-0.07345,0.3757,-0.0112
201403,desemprego,7,4.412,,,,,,,,-0.3863,-0.4664,,-0.8337,-0.5878,0.166,0.07045,-0.1171,0.3718,0.0152
201403,desemprego,8,5.1,,,,,,,,-0.4415,-0.5343,,-0.8877,-0.6075,0.178,0.1154,-0.1586,0.3691,-0.00355
201404,pib,1,-0.7964,0.9154,0.7602,0.7345,0.7419,0.6409,0.7707,0.6575,0.7559,0.7198,0.8414,0.9208,0.7706,0.6555,0.7824,1.425,0.9168,0.6277
201404,pib,2,-3.183,1.843,1.523,1.506,1.521,1.296,1.565,1.339,1.512,1.465,1.609,1.888,1.571,1.307,1.562,3.001,1.757,2.133
201404,pib,3,-4.84,2.773,2.286,2.283,2.306,1.958,2.362,2.025,2.268,2.213,2.367,2.864,2.379,2.047,2.522,4.013,2.623,2.817
201404,pib,4,-5.61,3.702,3.048,3.057,3.085,2.613,3.143,2.706,3.023,2.962,3.111,3.838,3.185,2.429,3.71,4.302,3.378,4.091
201404,pib,5,-7.057,4.631,3.81,3.83,3.862,3.277,3.934,3.388,3.779,3.71,3.858,4.807,3.987,3.18,4.756,4.587,3.702,5.096
201404,pib,6,-6.782,5.559,4.572,4.603,4.637,3.936,4.72,4.069,4.535,4.459,4.602,5.769,4.782,4.048,5.021,5.609,4.108,5.86
201404,pib,7,-7.327,6.487,5.334,5.388,5.423,4.594,5.502,4.763,5.291,5.208,5.348,6.726,5.572,4.807,5.252,6.447,4.781,6.667
201404,pib,8,-7.437,7.414,6.096,6.179,6.213,5.271,6.297,5.462,6.047,5.956,6.093,7.678,6.357,5.483,5.818,7.282,5.541,7.475
201404,consumo,1,-1.726,0.8511,0.8393,0.693,0.7805,1.919,0.7521,0.6999,0.8459,0.9278,0.8212,0.8615,0.8432,0.7869,0.6609,0.6474,0.804,1.36
201404,consumo,2,-3.66,1.705,1.679,1.436,1.613,2.681,1.558,1.389,1.692,1.771,1.726,1.726,1.688,1.502,1.455,1.48,1.609,2.008
201404,consumo,3,-5.513,2.561,2.52,2.182,2.449,3.351,2.371,2.09,2.538,2.601,2.525,2.594,2.534,2.221,2.265,2.433,2.404,2.51
201404,consumo,4,-6.207,3.419,3.36,2.932,3.291,4.015,3.193,2.792,3.383,3.43,3.362,3.465,3.381,2.924,3.121,3.714,3.2,3.031
201404,consumo,5,-7.517,4.28,4.202,3.68,4.133,4.654,4.02,3.496,4.229,4.258,4.18,4.338,4.229,3.643,3.992,4.878,3.954,3.49
201404,consumo,6,-8.115,5.143,5.043,4.427,4.974,5.35,4.856,4.2,5.075,5.086,5.008,5.214,5.077,4.378,4.812,6.118,4.697,3.985
201404,consumo,7,-8.47,6.007,5.885,5.177,5.816,6.001,5.688,4.899,5.921,5.915,5.831,6.092,5.927,5.12,5.606,7.491,5.443,4.536
201404,consumo,8,-8.71,6.874,6.728,5.924,6.654,6.684,6.523,5.592,6.767,6.743,6.656,6.972,6.777,5.857,6.42,8.878,6.196,5.238
201404,investimento,1,-3.101,1.031,0.8938,0.4317,0.2089,-3.998,0.4121,-0.06641,0.8467,0.4735,1.011,1.013,0.9257,0.5636,0.9976,-0.6801,1.971,3.884
201404,investimento,2,-10.31,2.092,1.793,1.682,1.277,-3.388,1.618,0.9598,1.693,1.173,2.001,2.218,2.001,1.601,2.203,0.3262,2.744,1.371
201404,investimento,3,-16.08,3.15,2.69,2.527,1.914,-2.872,2.389,1.467,2.54,1.95,2.839,3.456,3.114,2.586,3.555,1.517,3.495,2.059
201404,investimento,4,-21.53,4.201,3.585,3.568,2.747,-2.172,3.281,2.209,3.387,2.754,3.66,4.676,4.215,3.089,5.007,3.479,4.183,-0.5962
201404,investimento,5,-23.83,5.242,4.478,4.471,3.418,-1.455,4.093,2.764,4.234,3.567,4.464,5.864,5.287,3.854,6.285,5.44,4.383,-1.488
201404,investimento,6,-21.36,6.276,5.367,5.459,4.174,-0.9261,4.912,3.471,5.08,4.383,5.271,7.017,6.327,4.582,6.968,7.309,4.553,-2.213
201404,investimento,7,-27.62,7.302,6.254,6.459,4.94,-0.2551,5.689,4.163,5.927,5.2,6.077,8.138,7.335,5.421,7.659,9.743,5.297,-2.285
201404,investimento,8,-29.47,8.321,7.139,7.504,5.75,0.4342,6.543,4.993,6.774,6.017,6.883,9.233,8.317,6.066,8.599,12.33,6.007,-1.974
201404,governo,1,-0.4679,0.987,0.5474,1.278,1.278,1.278,1.278,1.278,0.5517,1.278,1.143,1.003,0.5566,1.025,1.224,1.151,1.826,1.399
201404,governo,2,-1.262,1.999,1.1,1.441,1.441,1.441,1.441,1.441,1.103,1.441,1.375,2.025,1.109,1.359,1.426,1.463,2.019,1.595
201404,governo,3,-1.079,3.015,1.653,2.194,2.194,2.194,2.194,2.194,1.655,2.194,2.078,3.048,1.661,2.119,2.189,2.18,2.78,2.351
201404,governo,4,-1.946,4.031,2.207,2.635,2.635,2.635,2.635,2.635,2.207,2.635,2.554,4.069,2.213,2.608,2.628,2.61,3.189,2.781
201404,governo,5,-0.5014,5.046,2.76,3.241,3.241,3.241,3.241,3.241,2.759,3.241,3.141,5.09,2.765,3.258,3.189,3.239,3.792,3.368
201404,governo,6,-0.7832,6.061,3.314,3.76,3.76,3.76,3.76,3.76,3.31,3.76,3.674,6.11,3.318,3.796,3.652,3.762,4.296,3.887
201404,governo,7,-1.174,7.075,3.868,4.325,4.325,4.325,4.325,4.325,3.862,4.325,4.232,7.129,3.87,4.353,4.205,4.298,4.877,4.444
201404,governo,8,-1.397,8.088,4.421,4.865,4.865,4.865,4.865,4.865,4.414,4.865,4.779,8.147,4.422,4.886,4.736,4.798,5.419,4.972
201404,desemprego,1,0.3099,,,,,,,,-0.02817,0.01088,,-0.03517,-0.05017,0.00495,-0.316,0.02413,-0.06615,0.4302
201404,desemprego,2,1.17,,,,,,,,-0.05634,-0.01551,,-0.1155,-0.1383,0.0111,-0.3806,-0.05727,-0.1649,0.31
201404,desemprego,3,1.958,,,,,,,,-0.08452,-0.04791,,-0.2006,-0.23,-0.02908,-0.3525,-0.1092,-0.2033,0.2272
201404,desemprego,4,2.5,,,,,,,,-0.1127,-0.08129,,-0.2761,-0.312,-0.04732,-0.3108,-0.1605,-0.2501,0.1911
201404,desemprego,5,3.31,,,,,,,,-0.1409,-0.1148,,-0.3384,-0.3804,-0.06578,-0.2661,-0.1748,-0.2616,0.1561
201404,desemprego,6,4.17,,,,,,,,-0.169,-0.1484,,-0.3878,-0.4351,-0.0679,-0.2025,-0.1684,-0.2629,0.1541
201404,desemprego,7,4.858,,,,,,,,-0.1972,-0.1819,,-0.4261,-0.4775,-0.0677,-0.1783,-0.1926,-0.2529,0.1386
201404,desemprego,8,5.5,,,,,,,,-0.2254,-0.2155,,-0.4551,-0.5093,-0.07218,-0.1875,-0.22,-0.2485,0.191
201501,pib,1,-2.387,0.8506,0.6529,0.495,0.496,0.3738,0.5566,0.4043,0.7354,0.5226,0.02521,0.8761,0.7311,0.9369,2.098,0.3616,0.6961,1.529
201501,pib,2,-4.044,1.765,1.38,1.194,1.202,0.9264,1.293,0.9861,1.471,1.221,0.4889,1.826,1.471,1.122,4.235,0.9961,0.4363,2.597
201501,pib,3,-4.813,2.685,2.116,1.92,1.933,1.512,2.049,1.589,2.206,1.943,1.164,2.799,2.242,2.053,4.072,1.938,0.7221,3.738
201501,pib,4,-6.26,3.605,2.852,2.666,2.683,2.11,2.815,2.212,2.942,2.667,1.864,3.774,3.018,2.901,2.782,3.075,1.403,3.872
201501,pib,5,-5.985,4.524,3.589,3.41,3.429,2.698,3.565,2.834,3.677,3.393,2.575,4.744,3.792,3.401,3.026,3.944,2.26,4.779
201501,pib,6,-6.53,5.442,4.325,4.159,4.176,3.298,4.322,3.461,4.413,4.118,3.284,5.707,4.562,4.019,3.558,4.635,3.02,5.971
201501,pib,7,-6.641,6.36,5.061,4.904,4.918,3.897,5.073,4.085,5.148,4.843,3.994,6.662,5.326,4.642,4.301,5.369,3.637,6.601
201501,pib,8,-5.613,7.277,5.797,5.634,5.641,4.507,5.833,4.694,5.884,5.569,4.704,7.611,6.085,5.29,4.992,6.074,4.062,6.978
201501,consumo,1,-1.934,0.8123,0.7808,0.4286,0.5343,0.9622,0.5116,0.5269,0.812,0.4482,-0.05301,0.8264,0.787,0.7065,0.6959,1.272,1.148,1.337
201501,consumo,2,-3.787,1.628,1.563,1.104,1.328,1.553,1.278,1.135,1.624,1.19,0.7771,1.657,1.576,1.446,1.63,2.482,1.797,4.727
201501,consumo,3,-4.481,2.448,2.346,1.816,2.157,2.114,2.083,1.761,2.436,1.971,1.501,2.493,2.366,2.216,2.462,3.467,2.493,6.009
201501,consumo,4,-5.791,3.272,3.131,2.533,2.988,2.671,2.898,2.37,3.248,2.758,2.309,3.333,3.159,2.997,3.142,4.22,3.218,7.599
201501,consumo,5,-6.389,4.099,3.917,3.252,3.822,3.223,3.718,2.988,4.06,3.546,3.077,4.176,3.953,3.761,3.816,4.785,3.949,8.685
201501,consumo,6,-6.744,4.929,4.704,3.965,4.652,3.774,4.542,3.603,4.872,4.333,3.862,5.024,4.749,4.511,4.492,5.169,4.7,9.681
201501,consumo,7,-6.984,5.763,5.492,4.683,5.486,4.374,5.368,4.23,5.684,5.121,4.639,5.874,5.546,5.264,5.198,5.499,5.458,10.69
201501,consumo,8,-6.342,6.599,6.282,5.404,6.319,4.942,6.189,4.864,6.496,5.909,5.419,6.728,6.344,6.01,5.918,5.78,6.198,11.63
201501,investimento,1,-7.207,0.9413,0.6269,0.2368,-0.05489,-2.303,0.2757,-0.6202,0.7948,-0.5902,-3.069,0.8961,0.7499,0.8299,2.824,0.7057,3.461,-0.4219
201501,investimento,2,-12.98,2.063,1.494,1.297,0.7313,-1.766,1.267,0.09606,1.59,-0.309,-3.447,2.128,1.654,1.123,5.032,4.123,3.717,12.23
201501,investimento,3,-18.43,3.189,2.384,2.057,1.202,-1.29,1.915,0.4562,2.384,0.2746,-3.028,3.454,2.701,2.291,5.724,5.457,3.926,10.46
201501,investimento,4,-20.73,4.303,3.273,3.071,1.937,-0.54,2.756,1.214,3.179,0.9632,-2.373,4.778,3.77,3.365,4.665,5.65,4.836,16.3
201501,investimento,5,-18.26,5.406,4.156,3.946,2.515,0.04587,3.424,1.771,3.974,1.688,-1.7,6.067,4.823,4.134,4.981,5.665,5.606,16.58
201501,investimento,6,-24.52,6.497,5.036,4.973,3.235,0.8315,4.169,2.543,4.769,2.426,-1.018,7.313,5.847,4.977,6.11,5.507,6.505,17.58
201501,investimento,7,-26.37,7.578,5.91,5.876,3.816,1.35,4.834,3.093,5.564,3.168,-0.3387,8.516,6.84,5.92,7.333,4.694,7.205,19.43
201501,investimento,8,-26.01,8.649,6.781,6.76,4.377,2.158,5.582,3.62,6.358,3.911,0.3416,9.683,7.803,6.959,8.589,4.319,7.925,21.45
201501,governo,1,-0.7937,0.8693,0.3767,1.059,1.059,1.059,1.059,1.059,0.5383,1.059,1.827,1.01,0.6424,1.473,1.058,1.384,0.8793,1.055
201501,governo,2,-0.6115,1.861,0.8949,1.317,1.317,1.317,1.317,1.317,1.077,1.317,1.806,2.019,1.168,1.827,1.194,1.842,1.223,1.23
201501,governo,3,-1.478,2.863,1.43,1.995,1.995,1.995,1.995,1.995,1.615,1.995,2.629,3.028,1.704,2.516,1.902,2.629,1.91,1.955
201501,governo,4,-0.0335,3.865,1.967,2.453,2.453,2.453,2.453,2.453,2.153,2.453,3.035,4.036,2.24,2.97,2.218,3.101,2.43,2.411
201501,governo,5,-0.3154,4.866,2.504,3.026,3.026,3.026,3.026,3.026,2.692,3.026,3.644,5.043,2.775,3.509,2.598,3.674,3.009,2.986
201501,governo,6,-0.7059,5.867,3.041,3.539,3.539,3.539,3.539,3.539,3.23,3.539,4.157,6.049,3.311,4.003,3.249,4.163,3.518,3.465
201501,governo,7,-0.9288,6.867,3.579,4.084,4.084,4.084,4.084,4.084,3.768,4.084,4.715,7.054,3.847,4.532,3.926,4.71,4.066,3.964
201501,governo,8,-1.526,7.866,4.116,4.612,4.612,4.612,4.612,4.612,4.307,4.612,5.252,8.059,4.382,5.052,4.485,5.198,4.586,4.444
201501,desemprego,1,0.8606,,,,,,,,0,0.1061,,0.000232,0.03698,-0.07995,-0.07988,0.04555,0.02687,-0.05017
201501,desemprego,2,1.648,,,,,,,,0,0.1449,,-0.09639,-0.02096,-0.05833,-0.08105,0.01875,-0.00115,-0.2031
201501,desemprego,3,2.19,,,,,,,,0,0.1615,,-0.2149,-0.1073,-0.05595,-0.08635,-0.06305,0.00275,-0.2579
201501,desemprego,4,3,,,,,,,,0,0.1707,,-0.3266,-0.194,-0.05085,-0.0659,-0.1319,0.01095,-0.2663
201501,desemprego,5,3.861,,,,,,,,0,0.1776,,-0.4224,-0.2705,-0.04922,-0.06258,-0.2009,0.0124,-0.2839
201501,desemprego,6,4.548,,,,,,,,0,0.1836,,-0.5009,-0.334,-0.03823,-0.1011,-0.2498,-0.0056,-0.2883
201501,desemprego,7,5.19,,,,,,,,0,0.1894,,-0.5635,-0.3846,-0.0483,-0.1131,-0.2825,-0.009325,-0.2767
201501,desemprego,8,5.9,,,,,,,,0,0.1951,,-0.6127,-0.4239,-0.06598,-0.139,-0.3007,0.01915,-0.2937
201502,pib,1,-1.657,0.7865,0.5235,0.08507,0.07695,-0.07625,0.159,-0.02398,0.6949,0.1406,-0.3086,0.7887,0.5461,1.214,0.4734,-0.002642,0.698,0.08824
201502,pib,2,-2.427,1.684,1.182,0.6386,0.6308,0.2615,0.7687,0.3662,1.39,0.7247,-0.1049,1.672,1.169,1.586,1.135,0.4835,0.5892,0.3558
201502,pib,3,-3.874,2.594,1.864,1.29,1.284,0.6811,1.444,0.84,2.085,1.386,0.4807,2.637,1.872,2.174,1.705,1.175,0.8657,0.79
201502,pib,4,-3.599,3.505,2.55,1.949,1.942,1.114,2.123,1.319,2.78,2.062,1.111,3.629,2.6,3.012,2.295,1.409,1.45,1.489
201502,pib,5,-4.144,4.416,3.237,2.627,2.615,1.559,2.806,1.818,3.475,2.74,1.77,4.627,3.336,3.803,3.081,1.563,1.652,2.081
201502,pib,6,-4.254,5.326,3.924,3.301,3.281,2.016,3.494,2.315,4.169,3.418,2.428,5.622,4.071,4.679,3.879,1.92,2.374,2.781
201502,pib,7,-3.227,6.236,4.611,3.977,3.944,2.458,4.162,2.815,4.864,4.096,3.088,6.611,4.801,5.413,4.519,2.364,3.072,3.1
201502,pib,8,-2.397,7.146,5.298,4.655,4.606,2.917,4.839,3.32,5.559,4.775,3.747,7.593,5.526,6.068,5.059,2.901,3.585,3.363
201502,consumo,1,-1.853,0.752,0.7054,-0.04994,0.08919,1.435,0.04642,0.2611,0.7764,0.2507,-0.5895,0.7762,0.7113,0.5351,0.4902,0.6305,0.07925,-0.6776
201502,consumo,2,-2.547,1.51,1.413,0.4712,0.7626,1.76,0.6859,0.6685,1.553,0.9062,0.1705,1.559,1.425,1.179,1.095,1.568,0.6257,0.09929
201502,consumo,3,-3.857,2.275,2.124,1.098,1.551,2.12,1.441,1.104,2.329,1.637,0.7796,2.349,2.142,1.847,1.738,3.118,1.271,0.8978
201502,consumo,4,-4.455,3.045,2.837,1.747,2.363,2.485,2.228,1.554,3.105,2.381,1.557,3.146,2.862,2.527,2.379,4.458,1.947,1.851
201502,consumo,5,-4.81,3.821,3.552,2.402,3.173,2.862,3.024,1.997,3.882,3.128,2.27,3.951,3.586,3.224,3.024,5.921,2.594,2.975
201502,consumo,6,-5.05,4.603,4.271,3.052,3.973,3.234,3.824,2.448,4.658,3.876,3.014,4.762,4.313,3.944,3.676,7.317,3.269,4.192
201502,consumo,7,-4.408,5.39,4.991,3.704,4.774,3.629,4.624,2.903,5.435,4.623,3.743,5.579,5.043,4.655,4.327,8.523,3.937,5.482
201502,consumo,8,-2.776,6.181,5.714,4.359,5.573,4.012,5.429,3.362,6.211,5.371,4.479,6.402,5.775,5.362,4.981,9.583,4.587,6.87
201502,investimento,1,-5.768,0.9147,0.3371,-0.3991,-0.8201,-7.023,-0.3492,-2.25,0.6909,-2.332,-5.103,0.5023,-0.01779,0.5513,-0.6884,-1.647,0.1191,3.223
201502,investimento,2,-11.22,2.143,1.12,0.5121,-0.312,-6.596,0.5046,-1.807,1.382,-2.833,-6.298,1.572,0.5228,0.01482,-1.597,4.243,-0.08557,3.576
201502,investimento,3,-13.52,3.392,1.972,1.16,-0.1003,-6.328,0.9225,-1.543,2.073,-2.645,-6.302,2.991,1.449,0.1128,-2.268,5.83,0.1042,5.138
201502,investimento,4,-11.05,4.627,2.828,2.029,0.3245,-5.81,1.475,-0.9545,2.764,-2.198,-5.86,4.518,2.503,0.9282,-2.432,11.12,0.9739,7.774
201502,investimento,5,-17.31,5.845,3.678,2.814,0.6665,-5.393,1.919,-0.4509,3.454,-1.654,-5.357,6.055,3.586,1.902,-2.045,15.04,1.482,10.96
201502,investimento,6,-19.16,7.047,4.521,3.666,1.073,-4.825,2.422,0.09795,4.145,-1.073,-4.826,7.561,4.653,3.156,-1.229,19.05,2.544,13.79
201502,investimento,7,-18.8,8.233,5.356,4.499,1.445,-4.511,2.789,0.6836,4.836,-0.4788,-4.298,9.021,5.687,4.277,-0.3147,21.72,3.794,18.75
201502,investimento,8,-18.87,9.404,6.185,5.326,1.803,-3.989,3.234,1.218,5.527,0.1206,-3.767,10.43,6.684,5.214,0.6461,24.27,4.76,23.24
201502,governo,1,0.1822,0.7512,0.2052,1.201,1.201,1.201,1.201,1.201,0.521,1.201,2.271,1.15,0.6613,1.175,1.216,1.177,1.314,1.201
201502,governo,2,-0.6844,1.713,0.6681,1.362,1.362,1.362,1.362,1.362,1.042,1.362,1.947,2.142,1.161,1.28,1.377,1.318,1.459,1.352
201502,governo,3,0.7602,2.699,1.175,2.065,2.065,2.065,2.065,2.065,1.563,2.065,2.933,3.146,1.678,2.017,2.061,1.883,2.15,2.057
201502,governo,4,0.4783,3.688,1.689,2.486,2.486,2.486,2.486,2.486,2.084,2.486,3.236,4.148,2.193,2.442,2.481,2.181,2.575,2.467
201502,governo,5,0.08775,4.677,2.205,3.054,3.054,3.054,3.054,3.054,2.605,3.054,3.874,5.149,2.708,3.036,3.059,2.789,3.176,3.02
201502,governo,6,-0.1351,5.665,2.72,3.546,3.546,3.546,3.546,3.546,3.126,3.546,4.352,6.15,3.223,3.513,3.538,3.235,3.679,3.488
201502,governo,7,-0.732,6.653,3.236,4.077,4.077,4.077,4.077,4.077,3.647,4.077,4.906,7.15,3.738,4.031,4.071,3.707,4.199,3.974
201502,governo,8,-0.5553,7.641,3.752,4.588,4.588,4.588,4.588,4.588,4.168,4.588,5.424,8.149,4.253,4.54,4.565,4.153,4.707,4.354
201502,desemprego,1,0.7876,,,,,,,,0.0662,0.6956,,0.1685,0.2359,-0.01692,0.2455,0.1436,-0.02332,-0.0301
201502,desemprego,2,1.33,,,,,,,,0.1324,1.271,,0.0837,0.2352,-0.2036,0.2077,0.1434,-0.1977,-0.0914
201502,desemprego,3,2.139,,,,,,,,0.1986,1.757,,-0.09781,0.1392,-0.3836,0.08585,0.0529,-0.3672,-0.1635
201502,desemprego,4,3,,,,,,,,0.2648,2.18,,-0.3047,0.01337,-0.5056,-0.003575,-0.04265,-0.4682,-0.1983
201502,desemprego,5,3.688,,,,,,,,0.331,2.555,,-0.5059,-0.1131,-0.5616,-0.06763,-0.09273,-0.5242,-0.2228
201502,desemprego,6,4.33,,,,,,,,0.3972,2.896,,-0.6895,-0.2285,-0.599,-0.0898,-0.1654,-0.579,-0.2417
201502,desemprego,7,5.039,,,,,,,,0.4634,3.212,,-0.8517,-0.3286,-0.6157,-0.1145,-0.1874,-0.6089,-0.2838
201502,desemprego,8,4.7,,,,,,,,0.5296,3.51,,-0.9927,-0.4133,-0.6229,-0.1163,-0.2439,-0.5981,-0.305
201503,pib,1,-0.7696,0.7277,0.454,0.06245,0.05486,-0.1738,0.1745,-0.06681,0.6647,0.132,-0.355,0.7644,0.462,0.2396,0.334,0.3621,-2.741,0.7826
201503,pib,2,-2.217,1.593,1.051,0.5394,0.528,0.03475,0.7127,0.2218,1.329,0.6641,-0.1799,1.645,1.051,0.7029,1.166,1.057,-4.106,2.827
201503,pib,3,-1.941,2.485,1.684,1.13,1.114,0.3582,1.344,0.6052,1.994,1.286,0.3179,2.613,1.715,1.205,2.245,2.287,-4.148,4.096
201503,pib,4,-2.486,3.383,2.326,1.747,1.723,0.6985,1.988,1.011,2.659,1.927,0.8954,3.61,2.406,1.418,2.602,2.612,-4.116,4.03
201503,pib,5,-2.597,4.282,2.97,2.374,2.339,1.041,2.615,1.427,3.324,2.573,1.509,4.615,3.105,1.67,3.128,3.481,-4.12,4.895
201503,pib,6,-1.57,5.182,3.615,3.002,2.95,1.399,3.248,1.847,3.988,3.22,2.13,5.617,3.803,2.009,3.567,4.198,-3.922,5.762
201503,pib,7,-0.7394,6.081,4.26,3.623,3.55,1.768,3.882,2.261,4.653,3.867,2.755,6.614,4.496,2.408,3.973,4.695,-3.585,6.673
201503,pib,8,-0.5104,6.981,4.906,4.251,4.153,2.14,4.512,2.686,5.318,4.515,3.381,7.603,5.184,2.815,4.608,5.216,-3.217,7.429
201503,consumo,1,-0.6939,0.7045,0.641,-0.05343,0.119,0.1197,0.09559,0.131,0.7426,0.1209,-0.4034,0.736,0.6475,0.2327,0.296,0.2791,-0.6237,-0.6146
201503,consumo,2,-2.004,1.417,1.285,0.3988,0.7547,0.3376,0.6973,0.4261,1.485,0.6959,0.1192,1.48,1.298,0.6858,0.8239,-0.5894,-0.5227,-1.923
201503,consumo,3,-2.601,2.137,1.932,0.9687,1.506,0.5572,1.425,0.76,2.228,1.375,0.6912,2.234,1.954,1.173,1.434,-1.769,-0.1695,-3.407
201503,consumo,4,-2.957,2.865,2.583,1.568,2.283,0.7904,2.187,1.098,2.971,2.078,1.385,2.998,2.613,1.628,2.021,-3.302,0.2543,-5.258
201503,consumo,5,-3.196,3.6,3.238,2.177,3.069,1.039,2.961,1.448,3.713,2.787,2.066,3.77,3.277,2.075,2.604,-4.946,0.693,-6.825
201503,consumo,6,-2.555,4.342,3.896,2.786,3.846,1.278,3.744,1.796,4.456,3.497,2.766,4.551,3.945,2.538,3.189,-5.808,1.113,-8.014
201503,consumo,7,-0.9225,5.091,4.556,3.394,4.616,1.522,4.52,2.155,5.199,4.208,3.461,5.34,4.617,2.978,3.755,-6.719,1.535,-8.872
201503,consumo,8,0.04534,5.847,5.22,3.996,5.379,1.784,5.293,2.514,5.941,4.918,4.159,6.136,5.293,3.416,4.335,-7.248,1.99,-9.45
201503,investimento,1,-5.454,0.8597,0.1973,-0.1222,-0.6265,-2.453,-0.04111,-1.665,0.6081,-2.019,-4.225,0.5276,-0.2146,-2.253,-0.9698,-1.522,-2.761,-9.077
201503,investimento,2,-7.754,2.109,0.8725,0.4518,-0.5717,-2.65,0.4122,-1.642,1.216,-2.522,-5.533,1.697,0.3104,-2.59,-0.6361,-6.598,-5.229,-15.97
201503,investimento,3,-5.285,3.419,1.656,1.097,-0.4463,-2.271,0.8037,-1.357,1.824,-2.414,-5.723,3.236,1.21,-2.685,0.0693,-14.64,-6.14,-22.14
201503,investimento,4,-11.54,4.724,2.459,1.857,-0.2101,-1.858,1.234,-0.8356,2.432,-2.058,-5.461,4.889,2.243,-3,0.2526,-20.38,-6.481,-28.74
201503,investimento,5,-13.4,6.012,3.26,2.567,-0.04654,-1.567,1.487,-0.4502,3.04,-1.602,-5.076,6.554,3.302,-3.269,0.9131,-27.79,-6.509,-35.48
201503,investimento,6,-13.03,7.281,4.053,3.345,0.1901,-1.165,1.794,0.09988,3.648,-1.106,-4.642,8.185,4.342,-3.067,2.006,-34.56,-6.381,-43.27
201503,investimento,7,-13.1,8.533,4.839,4.049,0.3399,-0.6504,2.092,0.4981,4.256,-0.5936,-4.198,9.766,5.346,-2.756,3.005,-40.88,-5.828,-50.68
201503,investimento,8,-12.7,9.767,5.617,4.819,0.5407,-0.07386,2.414,1.068,4.865,-0.07462,-3.748,11.29,6.308,-2.297,4.417,-44.75,-5.038,-57.63
201503,governo,1,-0.8665,0.6525,0.1464,0.6783,0.6783,0.6783,0.6783,0.6783,0.5167,0.6783,1.325,1.119,0.5749,0.8576,0.6782,1.806,0.6464,1.284
201503,governo,2,0.578,1.566,0.5659,1.099,1.099,1.099,1.099,1.099,1.033,1.099,1.469,2.104,1.078,1.25,1.096,2.48,0.9761,1.935
201503,governo,3,0.2961,2.532,1.052,1.654,1.654,1.654,1.654,1.654,1.55,1.654,2.197,3.101,1.586,1.785,1.645,2.971,1.502,1.89
201503,governo,4,-0.09441,3.508,1.554,2.139,2.139,2.139,2.139,2.139,2.067,2.139,2.612,4.096,2.094,2.27,2.119,3.527,1.981,2.53
201503,governo,5,-0.3173,4.485,2.059,2.66,2.66,2.66,2.66,2.66,2.583,2.66,3.179,5.091,2.601,2.787,2.632,4.068,2.518,3.504
201503,governo,6,-0.9141,5.462,2.566,3.163,3.163,3.163,3.163,3.163,3.1,3.163,3.673,6.085,3.109,3.278,3.109,4.594,3.054,4.185
201503,governo,7,-0.7374,6.439,3.073,3.675,3.675,3.675,3.675,3.675,3.617,3.675,4.201,7.078,3.618,3.79,3.616,5.11,3.616,4.777
201503,governo,8,-0.8393,7.415,3.581,4.182,4.182,4.182,4.182,4.182,4.133,4.182,4.712,8.071,4.126,4.263,4.135,5.628,4.14,5.298
201503,desemprego,1,0.542,,,,,,,,0.1177,0.6909,,0.1306,0.2136,0.4336,0.2798,0.4592,0.4083,0.356
201503,desemprego,2,1.352,,,,,,,,0.2354,1.306,,-0.003561,0.1874,0.816,0.2763,0.657,0.7036,0.3781
201503,desemprego,3,2.212,,,,,,,,0.3532,1.86,,-0.239,0.06567,1.096,0.1824,0.747,0.918,0.2234
201503,desemprego,4,2.9,,,,,,,,0.4709,2.367,,-0.5003,-0.08493,1.347,0.0765,0.7489,1.031,0.1077
201503,desemprego,5,3.542,,,,,,,,0.5886,2.837,,-0.7544,-0.2349,1.546,0.0278,0.7375,1.111,-0.03948
201503,desemprego,6,4.252,,,,,,,,0.7063,3.278,,-0.9882,-0.3722,1.776,-0.03275,0.7343,1.167,-0.1515
201503,desemprego,7,3.912,,,,,,,,0.8241,3.695,,-1.197,-0.4928,1.973,-0.09815,0.7154,1.235,-0.2402
201503,desemprego,8,3.5,,,,,,,,0.9418,4.094,,-1.382,-0.5965,2.184,-0.1261,0.7241,1.306,-0.3108
201504,pib,1,-1.447,0.6728,0.4401,0.2658,0.2601,0.009206,0.2786,0.118,0.6466,0.294,-0.09245,0.8118,0.4801,-0.01553,0.2344,0.2288,0.476,0.005923
201504,pib,2,-1.172,1.472,0.9856,0.7962,0.7845,0.2388,0.8142,0.4466,1.293,0.8443,0.2788,1.726,1.083,0.008658,0.8201,0.8388,0.484,0.4112
201504,pib,3,-1.717,2.323,1.573,1.38,1.36,0.5287,1.412,0.813,1.94,1.456,0.8044,2.713,1.741,0.2366,-0.02607,1.821,1.046,1.145
201504,pib,4,-1.827,3.195,2.177,1.989,1.956,0.839,2.028,1.202,2.586,2.083,1.39,3.722,2.419,0.4697,-0.4478,2.546,1.721,1.906
201504,pib,5,-0.7999,4.077,2.789,2.591,2.541,1.164,2.641,1.584,3.233,2.714,1.995,4.736,3.101,0.5015,-0.305,3.285,2.516,2.586
201504,pib,6,0.03017,4.963,3.403,3.209,3.137,1.486,3.243,1.985,3.88,3.345,2.606,5.746,3.78,0.802,0.1028,3.788,2.79,3.178
201504,pib,7,0.2592,5.851,4.02,3.812,3.712,1.822,3.851,2.373,4.526,3.977,3.219,6.749,4.453,1.131,0.5035,4.304,3.091,3.858
201504,pib,8,0.7995,6.741,4.637,4.415,4.283,2.159,4.45,2.763,5.173,4.608,3.833,7.744,5.12,1.442,0.9118,4.845,3.549,4.504
201504,consumo,1,-1.31,0.6696,0.6012,0.1778,0.3643,0.2049,0.2839,0.1728,0.7245,0.3545,0.1086,0.7132,0.6124,0.03748,0.299,0.7355,0.394,1.308
201504,consumo,2,-1.907,1.347,1.205,0.6695,1.046,0.3988,0.9165,0.4358,1.449,0.9666,0.6742,1.437,1.229,0.3894,0.9057,0.8947,0.8593,2.363
201504,consumo,3,-2.263,2.033,1.814,1.236,1.804,0.6038,1.638,0.7442,2.173,1.642,1.291,2.171,1.852,0.8088,1.418,0.6547,1.353,2.901
201504,consumo,4,-2.503,2.728,2.426,1.827,2.575,0.8128,2.392,1.052,2.898,2.333,1.97,2.916,2.479,1.215,1.869,-0.08418,1.868,3.315
201504,consumo,5,-1.861,3.432,3.042,2.422,3.35,1.023,3.151,1.381,3.622,3.028,2.648,3.671,3.111,1.599,2.327,-0.9427,2.397,3.636
201504,consumo,6,-0.2286,4.143,3.661,3.018,4.118,1.239,3.917,1.697,4.347,3.723,3.335,4.436,3.748,1.966,2.796,-2,2.903,3.911
201504,consumo,7,0.7393,4.863,4.285,3.61,4.876,1.454,4.681,2.033,5.071,4.419,4.021,5.21,4.389,2.337,3.262,-3.013,3.402,4.1
201504,consumo,8,1.045,5.59,4.912,4.206,5.633,1.673,5.452,2.364,5.796,5.115,4.708,5.992,5.034,2.684,3.726,-3.689,3.902,4.251
201504,investimento,1,-2.3,0.7727,0.1866,-0.2436,-0.7795,-2.272,-0.4658,-1.289,0.5313,-2.068,-2.477,0.841,0.003071,-0.9693,-1.051,-1.829,-1.827,5.708
201504,investimento,2,0.1695,1.899,0.7231,0.6951,-0.3883,-2.027,0.09349,-0.6143,1.063,-2.695,-3.152,2.225,0.6673,-0.9403,0.4707,-1.338,-3.194,8.511
201504,investimento,3,-6.086,3.157,1.391,1.215,-0.4373,-1.863,0.2718,-0.4427,1.594,-2.707,-3.13,3.907,1.612,-0.9775,-0.5761,-4.259,-3.152,7.712
201504,investimento,4,-7.942,4.457,2.105,2.009,-0.1996,-1.435,0.6538,0.1282,2.125,-2.457,-2.848,5.668,2.646,-1.12,-1.25,-8.738,-2.514,7.533
201504,investimento,5,-7.575,5.763,2.832,2.666,-0.1266,-1.025,0.8932,0.4108,2.657,-2.096,-2.483,7.423,3.683,-1.205,-0.9618,-13.89,-1.474,6.881
201504,investimento,6,-7.649,7.06,3.558,3.422,0.04479,-0.6946,1.113,0.933,3.188,-1.688,-2.087,9.133,4.689,-1.099,-0.109,-18.46,-0.8513,6.237
201504,investimento,7,-7.246,8.343,4.28,4.104,0.134,-0.3209,1.321,1.296,3.719,-1.259,-1.683,10.79,5.651,-0.7548,0.8603,-23.83,-0.1512,5.249
201504,investimento,8,-4.108,9.611,4.996,4.797,0.2225,0.05485,1.5,1.706,4.251,-0.8223,-1.276,12.38,6.567,-0.4532,1.954,-28.71,0.7849,4.016
201504,governo,1,1.445,0.571,0.1549,1.201,1.201,1.201,1.201,1.201,0.4992,1.201,1.115,1.089,0.5085,1.146,1.207,2.233,1.179,1.187
201504,governo,2,1.163,1.383,0.5114,1.332,1.332,1.332,1.332,1.332,0.9983,1.332,1.35,2.075,0.999,1.309,1.332,3.011,1.229,1.324
201504,governo,3,0.7721,2.294,0.9468,2.017,2.017,2.017,2.017,2.017,1.498,2.017,1.957,3.072,1.49,1.988,1.98,3.87,1.989,2.006
201504,governo,4,0.5492,3.245,1.413,2.415,2.415,2.415,2.415,2.415,1.997,2.415,2.402,4.068,1.981,2.334,2.345,4.295,2.393,2.388
201504,governo,5,-0.0476,4.211,1.892,2.961,2.961,2.961,2.961,2.961,2.496,2.961,2.921,5.062,2.472,2.867,2.903,4.846,2.927,2.93
201504,governo,6,0.1291,5.184,2.376,3.431,3.431,3.431,3.431,3.431,2.995,3.431,3.407,6.057,2.964,3.321,3.385,5.352,3.39,3.37
201504,governo,7,0.02719,6.159,2.861,3.94,3.94,3.94,3.94,3.94,3.494,3.94,3.908,7.05,3.455,3.85,3.896,5.896,3.902,3.84
201504,governo,8,1.089,7.135,3.348,4.429,4.429,4.429,4.429,4.429,3.993,4.429,4.402,8.043,3.947,4.341,4.399,6.42,4.381,4.325
201504,desemprego,1,0.8099,,,,,,,,0.146,0.4624,,0.006181,0.09289,0.221,0.3465,0.08762,0.06277,0.2033
201504,desemprego,2,1.67,,,,,,,,0.292,0.8667,,-0.2025,-0.0004424,0.3992,0.5847,0.127,-0.07675,0.3256
201504,desemprego,3,2.358,,,,,,,,0.438,1.228,,-0.4881,-0.1624,0.5613,0.7288,0.1983,-0.211,0.3751
201504,desemprego,4,3,,,,,,,,0.584,1.559,,-0.7871,-0.3395,0.7199,0.8328,0.2668,-0.317,0.4183
201504,desemprego,5,3.71,,,,,,,,0.73,1.867,,-1.072,-0.5087,0.868,0.8892,0.3157,-0.4142,0.4738
201504,desemprego,6,3.37,,,,,,,,0.876,2.158,,-1.333,-0.6614,0.9792,0.9292,0.3717,-0.4595,0.4816
201504,desemprego,7,2.958,,,,,,,,1.022,2.437,,-1.566,-0.7951,1.141,0.9206,0.362,-0.5293,0.4642
201504,desemprego,8,2.8,,,,,,,,1.168,2.707,,-1.772,-0.9104,1.261,0.9244,0.3754,-0.5659,0.4844
201601,pib,1,0.2752,0.5303,0.286,-0.1038,-0.1167,-0.262,0.03421,-0.2411,0.6204,0.06671,-0.04308,0.7385,0.3804,0.402,-0.2353,-0.1452,-0.623,0.8148
201601,pib,2,-0.2698,1.208,0.7053,0.2578,0.2309,-0.162,0.4665,-0.09138,1.241,0.5285,0.06214,1.557,0.8766,0.2748,-0.2327,-0.05031,-0.7968,0.6272
201601,pib,3,-0.3804,1.964,1.196,0.7413,0.6983,0.03542,0.9944,0.1525,1.861,1.094,0.5155,2.477,1.444,0.8621,0.03266,-0.1421,-0.563,-0.3721
201601,pib,4,0.647,2.762,1.724,1.273,1.21,0.2599,1.543,0.4369,2.482,1.685,1.028,3.43,2.041,1.08,0.1264,-0.1931,-0.2239,-0.1389
201601,pib,5,1.477,3.584,2.274,1.813,1.724,0.5039,2.096,0.7284,3.102,2.284,1.591,4.397,2.649,0.5804,-0.06071,0.08316,0.1133,-0.0527
201601,pib,6,1.706,4.419,2.835,2.363,2.243,0.75,2.645,1.033,3.723,2.885,2.164,5.367,3.261,0.807,0.01049,0.221,0.5656,0.3999
201601,pib,7,2.246,5.261,3.402,2.909,2.752,1.01,3.198,1.335,4.343,3.486,2.745,6.335,3.873,1.106,0.1556,0.08946,0.9668,0.817
201601,pib,8,2.855,6.109,3.974,3.451,3.253,1.261,3.733,1.637,4.963,4.088,3.327,7.3,4.484,1.446,0.3155,0.0743,1.302,1.172
201601,consumo,1,-0.5974,0.6219,0.5536,-0.1644,0.04776,-0.01373,0.04087,0.0213,0.699,0.1469,-0.4101,0.669,0.5634,0.1077,0.2523,2.08,-0.006016,0.4989
201601,consumo,2,-0.9529,1.251,1.109,0.1855,0.6046,0.03808,0.5675,0.197,1.398,0.677,0.06872,1.348,1.131,0.4651,0.6474,4.754,0.2871,1.768
201601,consumo,3,-1.193,1.888,1.668,0.6755,1.303,0.1112,1.235,0.4049,2.097,1.308,0.5452,2.039,1.703,0.8979,1.043,5.977,0.658,2.546
201601,consumo,4,-0.5509,2.535,2.231,1.199,2.028,0.1935,1.945,0.6104,2.796,1.965,1.182,2.741,2.28,1.325,1.425,7.094,1.047,3.093
201601,consumo,5,1.081,3.19,2.797,1.738,2.762,0.2806,2.666,0.8218,3.495,2.629,1.803,3.454,2.862,1.67,1.766,7.234,1.436,3.298
201601,consumo,6,2.049,3.854,3.368,2.278,3.491,0.3725,3.393,1.033,4.194,3.295,2.455,4.178,3.449,2.016,2.101,6.596,1.82,3.185
201601,consumo,7,2.355,4.527,3.943,2.817,4.211,0.4728,4.122,1.25,4.893,3.962,3.101,4.911,4.04,2.351,2.431,6.327,2.201,2.879
201601,consumo,8,3.103,5.208,4.522,3.353,4.924,0.5884,4.846,1.474,5.592,4.628,3.753,5.654,4.636,2.683,2.753,5.912,2.587,2.438
201601,investimento,1,2.469,0.4398,-0.2453,-0.05657,-0.7,-1.938,-0.007998,-1.72,0.4959,-0.7315,-3.407,0.5832,-0.392,0.6846,-0.4293,3.872,-1.872,-2.415
201601,investimento,2,-3.786,1.3,-0.03957,0.00756,-1.274,-2.593,-0.1003,-2.52,0.9919,-0.7931,-4.553,1.69,-0.1031,0.1553,-0.7939,12.89,-3.898,5.132
201601,investimento,3,-5.642,2.374,0.4003,0.551,-1.389,-2.304,0.1336,-2.394,1.488,-0.5684,-4.886,3.215,0.5485,0.4475,-0.8281,12.81,-4.927,7.527
201601,investimento,4,-5.276,3.553,0.9602,1.069,-1.536,-2.036,0.2071,-2.19,1.984,-0.2214,-4.775,4.868,1.343,0.5576,-0.9884,16.58,-5.117,7.484
201601,investimento,5,-5.349,4.78,1.58,1.654,-1.629,-1.516,0.3396,-1.901,2.48,0.1779,-4.531,6.556,2.184,-0.22,-1.659,14,-4.648,7.505
201601,investimento,6,-4.947,6.024,2.228,2.215,-1.76,-1.122,0.3854,-1.671,2.976,0.5995,-4.218,8.229,3.027,-0.1896,-1.893,8.316,-3.893,5.275
201601,investimento,7,-1.808,7.27,2.888,2.808,-1.867,-0.5559,0.487,-1.387,3.472,1.031,-3.886,9.866,3.855,0.205,-2.023,3.933,-2.863,2.482
201601,investimento,8,-1.921,8.511,3.551,3.365,-2.031,-0.2263,0.4604,-1.144,3.968,1.466,-3.542,11.46,4.661,0.8211,-2.034,0.7665,-1.844,-0.74
201601,governo,1,-0.2819,0.3429,-0.05045,0.007266,0.007266,0.007266,0.007266,0.007266,0.511,0.007266,0.9671,1.13,0.5568,-0.06291,0.4282,0.006796,0.0007185,-0.0845
201601,governo,2,-0.6724,0.9686,0.1566,0.7594,0.7594,0.7594,0.7594,0.7594,1.022,0.7594,1.115,2.066,1.049,0.7152,1.349,0.6686,0.7579,0.5849
201601,governo,3,-0.8953,1.744,0.4994,1.125,1.125,1.125,1.125,1.125,1.533,1.125,1.865,3.036,1.547,0.9789,1.722,1.008,1.115,0.9512
201601,governo,4,-1.492,2.597,0.9138,1.692,1.692,1.692,1.692,1.692,2.044,1.692,2.245,3.999,2.044,1.411,2.252,1.637,1.661,1.395
201601,governo,5,-1.315,3.492,1.366,2.154,2.154,2.154,2.154,2.154,2.555,2.154,2.819,4.962,2.542,1.829,2.737,2.013,2.111,2.009
201601,governo,6,-1.417,4.409,1.838,2.67,2.67,2.67,2.67,2.67,3.066,2.67,3.293,5.924,3.04,2.368,3.252,2.455,2.608,2.532
201601,governo,7,-0.3558,5.338,2.321,3.159,3.159,3.159,3.159,3.159,3.577,3.159,3.816,6.886,3.538,2.909,3.751,2.889,3.096,3.02
201601,governo,8,-0.4298,6.272,2.81,3.661,3.661,3.661,3.661,3.661,4.088,3.661,4.315,7.848,4.036,3.486,4.255,3.463,3.612,3.519
201601,desemprego,1,0.8606,,,,,,,,0.1875,0.7292,,0.1137,0.2427,0.2754,0.5489,0.7883,0.4323,0.3672
201601,desemprego,2,1.548,,,,,,,,0.375,1.394,,-0.03101,0.2658,0.4157,1.061,1.451,0.7925,0.7291
201601,desemprego,3,2.19,,,,,,,,0.5625,2.006,,-0.2827,0.1951,0.5202,1.521,1.962,1.071,1.09
201601,desemprego,4,2.9,,,,,,,,0.75,2.576,,-0.5685,0.08932,0.5628,1.962,2.463,1.27,1.422
201601,desemprego,5,2.561,,,,,,,,0.9375,3.113,,-0.8549,-0.02449,0.5723,2.415,2.908,1.488,1.713
201601,desemprego,6,2.148,,,,,,,,1.125,3.623,,-1.127,-0.1347,0.5667,2.797,3.255,1.643,1.998
201601,desemprego,7,1.99,,,,,,,,1.312,4.111,,-1.38,-0.2366,0.6084,3.174,3.622,1.768,2.259
201601,desemprego,8,2.2,,,,,,,,1.5,4.582,,-1.612,-0.3289,0.6235,3.537,4.013,1.891,2.517
201602,pib,1,-0.545,0.552,0.3494,0.3666,0.3578,0.2671,0.4319,0.1944,0.6162,0.52,0.2558,0.5599,0.2511,0.1764,-0.2426,0.2464,-0.349,0.5059
201602,pib,2,-0.6556,1.273,0.8426,0.8542,0.8314,0.5342,0.9717,0.4597,1.232,1.103,0.592,1.214,0.5948,0.8618,0.008319,0.04505,-0.7988,-0.2543
201602,pib,3,0.3718,2.066,1.388,1.392,1.35,0.8072,1.531,0.7625,1.848,1.703,1.096,1.946,1.004,1.154,0.6281,0.3769,-0.7436,-0.05199
201602,pib,4,1.202,2.89,1.954,1.936,1.87,1.07,2.079,1.071,2.465,2.306,1.643,2.723,1.456,1.923,1.181,0.6601,-0.424,0.2234
201602,pib,5,1.431,3.728,2.528,2.477,2.381,1.355,2.637,1.377,3.081,2.911,2.217,3.533,1.939,2.431,1.689,0.7467,-0.5501,0.6451
201602,pib,6,1.971,4.573,3.105,3.029,2.897,1.635,3.182,1.695,3.697,3.516,2.798,4.366,2.445,2.867,2.095,0.9883,-0.6481,1.053
201602,pib,7,2.58,5.42,3.683,3.575,3.402,1.925,3.732,2.012,4.313,4.121,3.384,5.217,2.969,3.309,2.218,1.275,-0.574,1.424
201602,pib,8,2.467,6.27,4.263,4.132,3.912,2.225,4.277,2.341,4.929,4.726,3.97,6.083,3.507,3.76,2.393,1.855,-0.5044,1.849
201602,consumo,1,-0.3555,0.6257,0.5462,0.4252,0.6309,0.1425,0.5699,0.2939,0.683,0.3112,-0.08165,0.6609,0.5429,0.4466,0.5398,1.007,0.5024,1.432
201602,consumo,2,-0.5952,1.259,1.095,0.9422,1.352,0.2832,1.255,0.5612,1.366,0.871,0.4661,1.328,1.086,0.8526,0.971,3.538,0.926,2.479
201602,consumo,3,0.04653,1.901,1.649,1.486,2.096,0.4074,1.973,0.8097,2.049,1.499,0.9899,2.003,1.632,1.213,1.438,4.762,1.33,3.073
201602,consumo,4,1.679,2.552,2.206,2.031,2.829,0.556,2.7,1.058,2.732,2.145,1.625,2.686,2.179,1.616,1.907,5.524,1.74,3.429
201602,consumo,5,2.647,3.212,2.768,2.577,3.563,0.6931,3.432,1.312,3.415,2.797,2.246,3.377,2.73,2.019,2.387,5.583,2.123,3.448
201602,consumo,6,2.952,3.881,3.334,3.122,4.285,0.8506,4.166,1.557,4.098,3.45,2.889,4.077,3.284,2.429,2.863,5.174,2.49,3.281
201602,consumo,7,3.701,4.557,3.904,3.671,5.006,1.009,4.896,1.811,4.781,4.103,3.527,4.785,3.842,2.84,3.309,4.641,2.848,3.039
201602,consumo,8,3.936,5.242,4.478,4.215,5.716,1.166,5.619,2.06,5.464,4.756,4.169,5.501,4.404,3.259,3.736,3.895,3.207,2.711
201602,investimento,1,-6.255,0.4993,-0.004181,-0.2516,-0.8555,-0.0621,-0.35,-1.077,0.5203,1.329,-1.206,-0.1441,-0.994,-0.06221,-1.614,-1.348,-0.4991,5.818
201602,investimento,2,-8.112,1.485,0.4785,0.2875,-0.9494,0.5465,-0.02149,-0.9474,1.041,2.181,-1.591,0.1973,-1.462,0.008918,-2.6,7.51,-1.653,8.89
201602,investimento,3,-7.745,2.665,1.131,0.7436,-1.146,0.8095,0.02975,-0.9178,1.561,2.833,-1.569,0.8771,-1.582,-0.4002,-2.655,7.064,-2.366,8.801
201602,investimento,4,-7.818,3.914,1.84,1.338,-1.203,1.277,0.1531,-0.6484,2.081,3.401,-1.289,1.752,-1.478,-0.02669,-2.48,8.352,-2.668,9.335
201602,investimento,5,-7.416,5.183,2.563,1.878,-1.341,1.684,0.2223,-0.4129,2.602,3.934,-0.9359,2.756,-1.218,0.5504,-2.002,6.836,-3.516,7.192
201602,investimento,6,-4.277,6.448,3.286,2.46,-1.44,2.041,0.2516,-0.1369,3.122,4.453,-0.5388,3.848,-0.8447,1.32,-1.39,2.996,-4.253,5.258
201602,investimento,7,-4.39,7.703,4.003,3.005,-1.59,2.461,0.2951,0.06545,3.642,4.965,-0.1316,5.002,-0.3869,2.085,-1.017,-0.6104,-4.64,2.613
201602,investimento,8,-3.797,8.943,4.713,3.626,-1.682,3.014,0.3308,0.4947,4.162,5.475,0.283,6.199,0.1344,3.069,-0.5748,-4.534,-4.939,-0.5065
201602,governo,1,-0.3905,0.3786,0.05675,0.8987,0.8987,0.8987,0.8987,0.8987,0.5012,0.8987,1.316,1.026,0.5096,1.02,0.902,0.953,0.8867,0.9175
201602,governo,2,-0.6134,1.081,0.3873,1.185,1.185,1.185,1.185,1.185,1.002,1.185,1.411,1.987,0.9941,1.336,1.184,1.244,1.156,1.314
201602,governo,3,-1.21,1.919,0.8172,1.789,1.789,1.789,1.789,1.789,1.504,1.789,2.133,2.956,1.481,1.95,1.779,1.789,1.764,1.864
201602,governo,4,-1.034,2.814,1.283,2.228,2.228,2.228,2.228,2.228,2.005,2.228,2.526,3.923,1.968,2.354,2.22,2.086,2.171,2.41
201602,governo,5,-1.135,3.734,1.762,2.753,2.753,2.753,2.753,2.753,2.506,2.753,3.081,4.889,2.456,2.87,2.747,2.45,2.694,2.895
201602,governo,6,-0.07395,4.663,2.247,3.233,3.233,3.233,3.233,3.233,3.007,3.233,3.555,5.855,2.943,3.336,3.208,2.954,3.174,3.383
201602,governo,7,-0.148,5.597,2.732,3.737,3.737,3.737,3.737,3.737,3.508,3.737,4.069,6.82,3.431,3.835,3.7,3.629,3.678,3.924
201602,governo,8,0.09404,6.532,3.219,4.228,4.228,4.228,4.228,4.228,4.01,4.228,4.563,7.784,3.919,4.282,4.187,4.237,4.146,4.473
201602,desemprego,1,0.6876,,,,,,,,0.2271,0.8017,,0.4673,0.5413,0.3343,0.8285,0.7733,0.9004,0.5644
201602,desemprego,2,1.33,,,,,,,,0.4542,1.554,,0.7273,0.9011,0.4523,1.247,1.269,1.627,0.9764
201602,desemprego,3,2.039,,,,,,,,0.6813,2.265,,0.866,1.147,0.53,1.475,1.665,2.302,1.291
201602,desemprego,4,1.7,,,,,,,,0.9084,2.941,,0.9277,1.315,0.5587,1.57,1.96,2.942,1.543
201602,desemprego,5,1.288,,,,,,,,1.135,3.589,,0.9373,1.428,0.5413,1.668,2.217,3.504,1.794
201602,desemprego,6,1.13,,,,,,,,1.363,4.212,,0.9102,1.501,0.5504,1.766,2.42,4.03,1.974
201602,desemprego,7,1.339,,,,,,,,1.59,4.814,,0.8566,1.542,0.5542,1.84,2.585,4.454,2.12
201602,desemprego,8,1.2,,,,,,,,1.817,5.4,,0.7839,1.56,0.559,1.865,2.696,4.924,2.254
201603,pib,1,-0.1106,0.6229,0.3766,0.2184,0.2031,0.02131,0.2796,0.05702,0.602,0.2922,-0.06712,0.64,0.3161,0.4088,0.1085,0.3984,-0.3686,0.204
201603,pib,2,0.9168,1.329,0.821,0.6552,0.6193,0.2,0.7535,0.2732,1.204,0.8026,0.3548,1.35,0.7039,1.146,0.3341,0.5908,-0.1469,0.3479
201603,pib,3,1.747,2.087,1.306,1.164,1.103,0.4147,1.272,0.5433,1.806,1.37,0.8425,2.132,1.149,0.1677,0.9543,1.309,-0.0552,0.824
201603,pib,4,1.976,2.875,1.816,1.692,1.6,0.6518,1.805,0.8288,2.408,1.952,1.389,2.951,1.626,0.3604,1.388,1.877,-0.6764,1.531
201603,pib,5,2.516,3.684,2.341,2.214,2.085,0.8896,2.33,1.109,3.01,2.538,1.948,3.794,2.125,0.6627,1.299,2.455,-0.7182,2.041
201603,pib,6,3.125,4.504,2.875,2.746,2.575,1.141,2.863,1.401,3.612,3.124,2.515,4.655,2.64,0.9805,1.199,2.894,-0.836,2.51
201603,pib,7,3.012,5.333,3.416,3.281,3.063,1.39,3.381,1.7,4.214,3.712,3.085,5.529,3.167,1.192,1.33,3.245,-0.9171,2.94
201603,pib,8,3.961,6.168,3.961,3.813,3.541,1.649,3.898,1.997,4.816,4.299,3.655,6.413,3.705,1.333,1.267,3.557,-1.195,3.444
201603,consumo,1,-0.2397,0.5938,0.5106,0.2053,0.4189,0.01691,0.3562,0.1545,0.6704,0.3629,0.3418,0.6428,0.516,0.2391,0.3515,-1.991,0.3912,0.5964
201603,consumo,2,0.402,1.196,1.024,0.6509,1.071,0.07529,0.9696,0.3546,1.341,0.9267,0.8087,1.294,1.034,0.5855,0.7614,-4.07,0.824,1.074
201603,consumo,3,2.034,1.809,1.542,1.163,1.787,0.1569,1.655,0.5611,2.011,1.547,1.403,1.955,1.556,0.7979,1.202,-5.656,1.279,1.724
201603,consumo,4,3.002,2.43,2.064,1.691,2.507,0.2381,2.365,0.7656,2.681,2.182,2.01,2.626,2.082,1.026,1.65,-6.817,1.665,2.277
201603,consumo,5,3.308,3.062,2.591,2.218,3.225,0.334,3.083,0.9828,3.352,2.822,2.64,3.306,2.611,1.247,2.059,-7.742,2.054,2.818
201603,consumo,6,4.056,3.703,3.121,2.743,3.929,0.43,3.805,1.196,4.022,3.464,3.27,3.996,3.145,1.463,2.443,-8.017,2.426,3.402
201603,consumo,7,4.291,4.353,3.657,3.272,4.631,0.5429,4.524,1.411,4.693,4.105,3.904,4.696,3.683,1.666,2.826,-6.317,2.79,4.066
201603,consumo,8,4.855,5.012,4.196,3.802,5.33,0.6608,5.239,1.632,5.363,4.747,4.538,5.405,4.225,1.825,3.195,-5.704,3.133,4.751
201603,investimento,1,-1.856,0.7768,0.1044,-0.3628,-1.022,-1.287,-0.4947,-1.449,0.4377,-2.322,-1.681,0.2627,-0.6261,0.04869,-1.681,-9.026,1.221,-1.575
201603,investimento,2,-1.49,1.78,0.4329,0.1907,-1.147,-0.826,-0.2361,-1.358,0.8753,-3.053,-2.116,0.9162,-0.8177,0.1422,-1.236,-17.61,1.445,1.646
201603,investimento,3,-1.563,2.912,0.8903,0.586,-1.45,-0.6778,-0.2818,-1.419,1.313,-3.139,-2.062,1.871,-0.7156,-1.891,-0.02149,-25.57,1.762,0.609
201603,investimento,4,-1.161,4.113,1.421,1.171,-1.562,-0.246,-0.1844,-1.129,1.751,-2.965,-1.845,2.971,-0.4497,-2.692,0.9714,-34.12,0.639,1.188
201603,investimento,5,1.978,5.348,1.992,1.651,-1.808,-0.03948,-0.2512,-1.038,2.188,-2.686,-1.554,4.162,-0.07726,-2.956,1.125,-42,0.08728,1.656
201603,investimento,6,1.865,6.598,2.584,2.239,-1.943,0.4711,-0.194,-0.6544,2.626,-2.364,-1.241,5.408,0.3679,-2.828,1.183,-46.43,-0.3934,3.131
201603,investimento,7,2.458,7.851,3.186,2.805,-2.117,0.6661,-0.2688,-0.3385,3.064,-2.025,-0.9154,6.69,0.865,-2.761,1.371,-41.6,-0.7782,4.384
201603,investimento,8,7.615,9.099,3.791,3.339,-2.348,1.095,-0.3173,-0.1651,3.501,-1.679,-0.5868,7.996,1.4,-2.684,1.328,-39.84,-1.131,6.207
201603,governo,1,-0.2229,0.5431,0.1523,0.9376,0.9376,0.9376,0.9376,0.9376,0.4903,0.9376,0.661,1.051,0.519,0.9409,0.9351,0.7573,0.9404,1.146
201603,governo,2,-0.8197,1.246,0.4348,1.189,1.189,1.189,1.189,1.189,0.9806,1.189,1.17,2.009,0.9891,1.152,1.18,1.206,1.149,1.406
201603,governo,3,-0.643,2.044,0.794,1.795,1.795,1.795,1.795,1.795,1.471,1.795,1.627,2.982,1.466,1.773,1.787,1.823,1.768,2.033
201603,governo,4,-0.7449,2.899,1.199,2.217,2.217,2.217,2.217,2.217,1.961,2.217,2.136,3.952,1.942,2.199,2.195,2.246,2.192,2.441
201603,governo,5,0.3166,3.788,1.63,2.734,2.734,2.734,2.734,2.734,2.452,2.734,2.609,4.921,2.419,2.695,2.694,2.774,2.681,2.933
201603,governo,6,0.2426,4.696,2.077,3.203,3.203,3.203,3.203,3.203,2.942,3.203,3.1,5.89,2.896,3.174,3.151,3.238,3.143,3.401
201603,governo,7,0.4846,5.617,2.534,3.696,3.696,3.696,3.696,3.696,3.432,3.696,3.582,6.858,3.373,3.659,3.631,3.721,3.614,3.871
201603,governo,8,0.9,6.544,2.996,4.177,4.177,4.177,4.177,4.177,3.923,4.177,4.068,7.825,3.85,4.127,4.087,4.173,4.097,4.339
201603,desemprego,1,0.642,,,,,,,,0.2527,0.6379,,0.3118,0.3796,0.7695,0.7601,0.1031,0.3658,0.3088
201603,desemprego,2,1.352,,,,,,,,0.5053,1.235,,0.4415,0.6032,1.367,1.37,0.2562,0.7839,0.3918
201603,desemprego,3,1.012,,,,,,,,0.758,1.8,,0.4737,0.7389,1.886,1.891,0.3679,1.237,0.4115
201603,desemprego,4,0.6,,,,,,,,1.011,2.339,,0.4497,0.8202,2.39,2.36,0.447,1.721,0.3576
201603,desemprego,5,0.442,,,,,,,,1.263,2.855,,0.3907,0.8651,2.844,2.753,0.5325,2.115,0.2886
201603,desemprego,6,0.6519,,,,,,,,1.516,3.354,,0.3087,0.8844,3.275,3.135,0.6845,2.556,0.2691
201603,desemprego,7,0.5124,,,,,,,,1.769,3.839,,0.2113,0.885,3.684,3.481,0.8432,2.98,0.2572
201603,desemprego,8,0.1,,,,,,,,2.021,4.312,,0.1036,0.8717,4.113,3.814,0.9619,3.373,0.1449
201604,pib,1,1.027,0.6273,0.378,0.2129,0.1946,0.08313,0.4208,0.05221,0.5934,0.3979,0.1601,0.6319,0.2996,-0.2089,-0.6766,0.3353,0.422,0.2975
201604,pib,2,1.857,1.327,0.8133,0.6219,0.5781,0.2627,0.938,0.2411,1.187,0.9302,0.5491,1.333,0.6715,0.0381,-0.8197,0.3014,-0.3108,0.638
201604,pib,3,2.087,2.074,1.285,1.104,1.029,0.4819,1.473,0.4848,1.78,1.498,1.043,2.101,1.096,0.6537,-0.8686,0.9638,-0.2719,0.4698
201604,pib,4,2.627,2.851,1.78,1.608,1.497,0.7062,1.998,0.746,2.374,2.075,1.578,2.906,1.554,0.8005,-0.6506,1.527,0.1038,0.9518
201604,pib,5,3.236,3.648,2.289,2.131,1.977,0.9427,2.525,1.027,2.967,2.655,2.131,3.738,2.036,1.315,-0.5574,2.001,0.53,1.62
201604,pib,6,3.123,4.459,2.809,2.65,2.447,1.18,3.039,1.306,3.56,3.235,2.691,4.589,2.534,1.813,-0.1577,2.156,1.043,2.117
201604,pib,7,4.071,5.279,3.335,3.175,2.919,1.431,3.552,1.594,4.154,3.815,3.254,5.455,3.047,2.273,0.2102,2.247,1.51,2.583
201604,pib,8,3.823,6.106,3.867,3.695,3.378,1.687,4.063,1.878,4.747,4.396,3.818,6.333,3.57,2.694,0.604,2.465,1.963,3.049
201604,consumo,1,0.6417,0.5812,0.493,0.2545,0.4687,0.06827,0.5071,0.2132,0.6594,0.384,0.1893,0.6333,0.4988,0.203,0.3593,0.3091,0.3378,0.4964
201604,consumo,2,2.274,1.172,0.9896,0.7008,1.127,0.1501,1.163,0.4429,1.319,0.9452,0.6988,1.275,1,0.395,0.7201,0.4589,0.7136,0.962
201604,consumo,3,3.242,1.772,1.49,1.199,1.822,0.2296,1.862,0.6557,1.978,1.557,1.248,1.927,1.505,0.6449,1.069,-0.1967,1.109,1.153
201604,consumo,4,3.547,2.382,1.995,1.714,2.535,0.3278,2.567,0.8636,2.638,2.182,1.854,2.589,2.013,0.8769,1.415,-1.084,1.503,1.352
201604,consumo,5,4.296,3.002,2.504,2.236,3.243,0.4226,3.278,1.064,3.297,2.812,2.463,3.26,2.525,1.133,1.753,-2.039,1.904,1.513
201604,consumo,6,4.531,3.632,3.018,2.751,3.936,0.5305,3.989,1.272,3.956,3.443,3.083,3.942,3.042,1.393,2.111,-3.032,2.312,1.661
201604,consumo,7,5.094,4.271,3.537,3.272,4.632,0.6327,4.695,1.475,4.616,4.074,3.703,4.633,3.564,1.663,2.491,-3.77,2.727,1.828
201604,consumo,8,5.205,4.92,4.059,3.794,5.319,0.7372,5.398,1.689,5.275,4.705,4.325,5.334,4.089,1.944,2.893,-4.211,3.14,2.091
201604,investimento,1,0.3667,0.814,0.1254,-0.4372,-1.113,-0.928,-0.1768,-1.595,0.41,-0.5299,-1.288,0.2644,-0.6622,-0.8959,0.03433,-4.279,-0.502,-0.4425
201604,investimento,2,0.2935,1.82,0.4391,-0.06038,-1.453,-0.7132,0.1089,-1.835,0.8201,-0.5269,-1.65,0.8967,-0.9056,-2.038,-0.6367,-3.553,-2.268,1.48
201604,investimento,3,0.6956,2.942,0.8666,0.2927,-1.811,-0.4652,0.1281,-1.925,1.23,-0.3099,-1.632,1.811,-0.873,-2.352,-0.6062,-9.896,-3.086,1.347
201604,investimento,4,3.834,4.13,1.362,0.7926,-2.052,-0.09677,0.2062,-1.791,1.64,-0.006788,-1.434,2.875,-0.6729,-3.049,-0.2971,-15.13,-3.179,0.6799
201604,investimento,5,3.721,5.355,1.897,1.322,-2.267,0.4103,0.1991,-1.552,2.05,0.3308,-1.173,4.036,-0.3587,-2.982,-0.1103,-21.86,-2.733,-0.4805
201604,investimento,6,4.314,6.597,2.454,1.856,-2.487,0.8583,0.1886,-1.287,2.46,0.6824,-0.8815,5.261,0.03649,-2.558,0.3779,-27.43,-1.746,-0.3775
201604,investimento,7,9.471,7.845,3.023,2.425,-2.696,1.378,0.1388,-0.9295,2.87,1.039,-0.5802,6.529,0.491,-1.895,1.014,-33.37,-0.7673,-1.061
201604,investimento,8,7.827,9.091,3.596,2.944,-2.963,2,0.1282,-0.7365,3.28,1.399,-0.2737,7.826,0.9893,-1.073,1.878,-37.86,-0.0191,-1.627
201604,governo,1,-0.5968,0.5644,0.1704,0.8355,0.8355,0.8355,0.8355,0.8355,0.4817,0.8355,0.8665,1.037,0.4935,0.8277,0.7266,0.8535,0.7584,0.8276
201604,governo,2,-0.4201,1.267,0.4508,1.126,1.126,1.126,1.126,1.126,0.9635,1.126,1.177,1.998,0.9583,1.097,0.6502,1.378,1.096,0.9614
201604,governo,3,-0.522,2.057,0.7993,1.697,1.697,1.697,1.697,1.697,1.445,1.697,1.738,2.971,1.427,1.656,1.47,1.957,1.647,1.515
201604,governo,4,0.5395,2.901,1.19,2.123,2.123,2.123,2.123,2.123,1.927,2.123,2.177,3.942,1.896,2.101,1.937,2.44,2.073,1.973
201604,governo,5,0.4655,3.781,1.607,2.624,2.624,2.624,2.624,2.624,2.409,2.624,2.673,4.912,2.364,2.59,2.473,2.908,2.59,2.432
201604,governo,6,0.7075,4.682,2.041,3.087,3.087,3.087,3.087,3.087,2.89,3.087,3.142,5.881,2.833,3.049,2.989,3.372,3.055,2.89
201604,governo,7,1.123,5.596,2.484,3.569,3.569,3.569,3.569,3.569,3.372,3.569,3.623,6.849,3.302,3.525,3.505,3.881,3.525,3.363
201604,governo,8,-0.1963,6.519,2.934,4.041,4.041,4.041,4.041,4.041,3.854,4.041,4.098,7.817,3.772,3.968,3.967,4.356,4.002,3.868
201604,desemprego,1,0.7099,,,,,,,,0.2732,0.6013,,0.3095,0.3751,0.7373,0.1998,0.64,0.4354,0.3527
201604,desemprego,2,0.3705,,,,,,,,0.5463,1.17,,0.4507,0.6069,1.196,0.2447,1.179,0.7239,0.3622
201604,desemprego,3,-0.04196,,,,,,,,0.8195,1.711,,0.4965,0.7526,1.447,0.2338,1.713,0.8927,0.3801
201604,desemprego,4,-0.2,,,,,,,,1.093,2.231,,0.4838,0.8421,1.637,0.2274,2.206,1.003,0.3456
201604,desemprego,5,0.00989,,,,,,,,1.366,2.733,,0.4326,0.8924,1.789,0.1903,2.623,1.048,0.1942
201604,desemprego,6,-0.1295,,,,,,,,1.639,3.22,,0.3549,0.9141,1.907,0.119,2.967,1.05,0.09045
201604,desemprego,7,-0.542,,,,,,,,1.912,3.696,,0.2588,0.9147,1.949,0.07817,3.331,1.117,0.07812
201604,desemprego,8,-0.4,,,,,,,,2.185,4.162,,0.1499,0.8996,1.991,0.08545,3.656,1.111,0.00305
201701,pib,1,0.8301,0.6795,0.4683,0.6639,0.6475,0.4598,0.696,0.477,0.5986,0.7046,0.4959,0.4855,0.2238,0.5466,-0.1201,0.2277,-0.08244,0.6604
201701,pib,2,1.059,1.397,0.9631,1.24,1.197,0.7758,1.28,0.8345,1.197,1.325,1.123,1.089,0.5519,1.226,-0.0336,0.5949,-0.2148,1.121
201701,pib,3,1.599,2.139,1.475,1.799,1.721,1.083,1.85,1.172,1.796,1.924,1.698,1.755,0.9372,1.649,0.5638,1.225,0.355,1.21
201701,pib,4,2.208,2.897,1.999,2.351,2.232,1.384,2.406,1.504,2.394,2.516,2.282,2.471,1.368,1.033,1.057,2.077,1.021,1.745
201701,pib,5,2.095,3.666,2.53,2.916,2.751,1.678,2.945,1.853,2.993,3.108,2.861,3.223,1.832,1.334,1.269,2.783,1.661,1.752
201701,pib,6,3.044,4.443,3.067,3.479,3.262,1.986,3.487,2.203,3.591,3.698,3.441,4.002,2.321,1.74,1.605,3.32,1.922,1.597
201701,pib,7,2.796,5.226,3.608,4.03,3.755,2.29,4.015,2.543,4.19,4.289,4.02,4.802,2.83,2.13,2.067,3.717,2.247,1.805
201701,pib,8,3.091,6.013,4.151,4.589,4.251,2.604,4.54,2.894,4.789,4.88,4.599,5.619,3.355,2.435,2.475,4.186,2.589,2.098
201701,consumo,1,1.632,0.5637,0.5018,0.7408,0.9528,0.262,0.8495,0.4029,0.6592,0.6374,0.7029,0.6049,0.5019,0.5698,0.6869,-0.3723,0.5566,-0.7846
201701,consumo,2,2.6,1.136,1.008,1.347,1.75,0.4739,1.618,0.712,1.318,1.274,1.328,1.216,1.005,1.009,1.124,-1.229,0.969,-1.499
201701,consumo,3,2.906,1.718,1.518,1.912,2.509,0.6523,2.365,0.9935,1.978,1.909,1.973,1.835,1.511,1.448,1.535,-2.608,1.425,-2.328
201701,consumo,4,3.654,2.309,2.033,2.466,3.24,0.8326,3.106,1.278,2.637,2.545,2.603,2.463,2.02,1.787,1.936,-4.063,1.9,-2.596
201701,consumo,5,3.889,2.909,2.552,3.014,3.958,1.032,3.838,1.547,3.296,3.181,3.237,3.098,2.533,2.146,2.327,-5.261,2.381,-3.172
201701,consumo,6,4.453,3.518,3.076,3.567,4.682,1.223,4.57,1.821,3.955,3.817,3.868,3.743,3.05,2.51,2.718,-6.14,2.851,-3.562
201701,consumo,7,4.564,4.135,3.604,4.12,5.395,1.428,5.296,2.111,4.614,4.452,4.5,4.396,3.571,2.872,3.112,-6.829,3.316,-3.589
201701,consumo,8,5.976,4.76,4.136,4.671,6.096,1.631,6.021,2.397,5.273,5.088,5.132,5.058,4.097,3.237,3.507,-6.887,3.776,-3.455
201701,investimento,1,-0.07323,0.9943,0.3941,0.1528,-0.5093,0.557,0.001346,0.123,0.4095,0.3741,0.5141,-0.2334,-1.05,0.9086,0.3983,-3.398,2.231,-7.798
201701,investimento,2,0.3289,2.081,0.8676,0.9338,-0.3835,1.278,0.3798,0.7331,0.819,0.7511,0.904,0.046,-1.577,1.479,-0.159,-8.514,1.14,-14.73
201701,investimento,3,3.468,3.219,1.388,1.407,-0.6179,1.585,0.4003,0.8829,1.229,1.129,1.282,0.6143,-1.795,2.015,-0.3356,-14.54,1.13,-20.93
201701,investimento,4,3.355,4.385,1.936,2.057,-0.6576,2.095,0.5553,1.235,1.638,1.508,1.636,1.397,-1.781,1.249,-0.1214,-21.55,1.478,-27.81
201701,investimento,5,3.947,5.563,2.498,2.717,-0.7022,2.365,0.5445,1.714,2.048,1.887,1.988,2.33,-1.597,1.452,-0.07133,-28.52,2.111,-31.55
201701,investimento,6,9.104,6.744,3.067,3.376,-0.7762,2.914,0.622,2.138,2.457,2.266,2.337,3.371,-1.288,1.993,0.3564,-34.64,2.631,-34.68
201701,investimento,7,7.46,7.921,3.639,3.952,-0.941,3.382,0.6161,2.347,2.867,2.645,2.685,4.488,-0.8876,2.515,1.09,-40.25,3.256,-37.02
201701,investimento,8,6.243,9.092,4.209,4.58,-1.053,3.786,0.5903,2.648,3.276,3.024,3.032,5.659,-0.4195,2.769,1.854,-42.45,4.049,-37.87
201701,governo,1,0.1767,0.7022,0.3167,1.009,1.009,1.009,1.009,1.009,0.4689,1.009,0.6735,0.8913,0.4269,1.004,0.9345,1.189,1.035,1.022
201701,governo,2,0.0748,1.474,0.6824,1.194,1.194,1.194,1.194,1.194,0.9378,1.194,1.117,1.822,0.8922,1.109,1.256,1.733,1.21,1.184
201701,governo,3,1.136,2.288,1.079,1.801,1.801,1.801,1.801,1.801,1.407,1.801,1.565,2.744,1.352,1.484,1.855,2.438,1.825,1.79
201701,governo,4,1.062,3.13,1.494,2.192,2.192,2.192,2.192,2.192,1.876,2.192,2.041,3.666,1.813,1.909,2.238,2.867,2.211,2.131
201701,governo,5,1.304,3.989,1.922,2.694,2.694,2.694,2.694,2.694,2.344,2.694,2.495,4.588,2.273,2.524,2.748,3.399,2.698,2.65
201701,governo,6,1.72,4.859,2.358,3.139,3.139,3.139,3.139,3.139,2.813,3.139,2.962,5.508,2.734,3.024,3.182,3.857,3.12,3.096
201701,governo,7,0.4005,5.735,2.798,3.613,3.613,3.613,3.613,3.613,3.282,3.613,3.423,6.428,3.195,3.535,3.675,4.345,3.575,3.587
201701,governo,8,0.813,6.615,3.241,4.072,4.072,4.072,4.072,4.072,3.751,4.072,3.886,7.347,3.656,3.99,4.098,4.817,4.015,4.045
201701,desemprego,1,-0.3394,,,,,,,,0.295,0.6679,,0.4538,0.4902,0.1928,0.3792,0.3405,0.1898,0.6604
201701,desemprego,2,-0.7519,,,,,,,,0.59,1.301,,0.7381,0.8273,0.3173,0.4589,0.4943,0.3392,1.141
201701,desemprego,3,-0.9099,,,,,,,,0.885,1.906,,0.9051,1.055,0.3926,0.3381,0.503,0.3786,1.46
201701,desemprego,4,-0.7,,,,,,,,1.18,2.487,,0.9881,1.202,0.4319,0.228,0.4888,0.4509,1.711
201701,desemprego,5,-0.8394,,,,,,,,1.475,3.048,,1.011,1.29,0.4407,0.09508,0.4397,0.5349,2.02
201701,desemprego,6,-1.252,,,,,,,,1.77,3.593,,0.9892,1.334,0.4338,-0.0231,0.3629,0.6096,2.195
201701,desemprego,7,-1.11,,,,,,,,2.065,4.125,,0.9363,1.346,0.38,-0.09748,0.3274,0.6517,2.442
201701,desemprego,8,-1.1,,,,,,,,2.36,4.646,,0.8611,1.335,0.3726,-0.1134,0.3013,0.7068,2.584
201702,pib,1,0.229,0.8143,0.6099,0.6312,0.6102,0.5154,0.6727,0.4635,0.6013,0.6547,0.8702,0.9212,0.6316,0.466,1.078,-0.5982,-0.1352,1.46
201702,pib,2,0.7694,1.618,1.197,1.203,1.15,0.8906,1.273,0.8348,1.203,1.264,1.617,1.812,1.231,0.5486,2.257,-0.59,0.2679,2.828
201702,pib,3,1.378,2.416,1.77,1.778,1.686,1.233,1.841,1.206,1.804,1.861,2.265,2.697,1.817,0.9533,2.874,-0.4977,1.321,3.83
201702,pib,4,1.265,3.212,2.334,2.351,2.213,1.569,2.39,1.577,2.405,2.455,2.879,3.579,2.397,1.321,3.129,0.03122,2.385,4.078
201702,pib,5,2.214,4.005,2.894,2.915,2.725,1.907,2.936,1.941,3.007,3.048,3.477,4.459,2.975,1.684,3.673,0.8461,3.582,4.764
201702,pib,6,1.966,4.799,3.452,3.486,3.24,2.243,3.467,2.314,3.608,3.641,4.07,5.339,3.552,2.288,4.305,1.439,4.808,5.133
201702,pib,7,2.261,5.594,4.009,4.058,3.749,2.581,3.994,2.692,4.209,4.233,4.661,6.218,4.129,2.827,4.902,1.913,6.076,5.779
201702,pib,8,2.838,6.389,4.565,4.625,4.248,2.917,4.512,3.066,4.81,4.826,5.25,7.097,4.706,3.352,5.527,2.393,6.23,6.48
201702,consumo,1,0.9678,0.5759,0.5242,0.6738,0.8735,0.2581,0.8217,0.3811,0.6706,0.9288,1.01,0.6313,0.539,0.3447,0.475,1.287,0.6829,0.5064
201702,consumo,2,1.273,1.162,1.054,1.266,1.658,0.4888,1.591,0.6984,1.341,1.659,1.774,1.273,1.083,0.7415,0.9446,2.901,1.077,1.083
201702,consumo,3,2.022,1.758,1.589,1.837,2.402,0.7174,2.343,1.007,2.012,2.333,2.48,1.926,1.633,1.14,1.405,4.067,1.561,1.643
201702,consumo,4,2.257,2.363,2.128,2.401,3.137,0.9475,3.086,1.313,2.683,2.992,3.147,2.588,2.187,1.534,1.85,4.768,2.075,1.994
201702,consumo,5,2.82,2.976,2.672,2.96,3.866,1.185,3.827,1.627,3.353,3.646,3.805,3.26,2.745,1.931,2.306,5.08,2.64,2.501
201702,consumo,6,2.931,3.598,3.22,3.521,4.585,1.431,4.564,1.936,4.024,4.298,4.457,3.941,3.308,2.348,2.76,4.969,3.245,3.04
201702,consumo,7,4.344,4.228,3.772,4.08,5.29,1.685,5.292,2.246,4.694,4.951,5.109,4.63,3.874,2.777,3.222,4.617,3.889,3.665
201702,consumo,8,4.737,4.866,4.328,4.639,5.992,1.956,6.01,2.566,5.365,5.603,5.758,5.328,4.445,3.219,3.694,4.042,4.489,4.261
201702,investimento,1,0.4021,1.365,0.832,0.503,-0.1495,1.374,0.281,0.5475,0.4038,0.1928,1.551,1.738,1.029,0.4027,-1.85,3.778,-2.136,-2.735
201702,investimento,2,3.541,2.674,1.571,1.14,-0.1993,2.217,0.5774,0.9918,0.8077,0.492,2.494,3.32,1.862,0.997,-1.917,8.278,-1.48,-2.039
201702,investimento,3,3.428,3.943,2.249,1.774,-0.237,2.645,0.6693,1.369,1.212,0.8338,3.106,4.843,2.603,1.621,-1.659,10.64,-0.1999,-1.536
201702,investimento,4,4.021,5.181,2.887,2.459,-0.2441,3.134,0.7505,1.793,1.615,1.193,3.568,6.321,3.296,2.35,-1.506,11.04,1.461,0.2733
201702,investimento,5,9.177,6.394,3.497,3.102,-0.3265,3.516,0.7862,2.196,2.019,1.558,3.974,7.767,3.963,3.005,-0.9905,9.876,3.388,0.5765
201702,investimento,6,7.533,7.588,4.087,3.762,-0.3887,3.809,0.7618,2.568,2.423,1.926,4.356,9.184,4.61,3.918,0.008962,7.363,5.866,2.089
201702,investimento,7,6.316,8.764,4.664,4.449,-0.4181,4.242,0.739,3.045,2.827,2.296,4.728,10.58,5.244,4.718,0.8247,4.289,8.214,2.488
201702,investimento,8,11.3,9.926,5.229,5.085,-0.518,4.627,0.6985,3.386,3.231,2.666,5.096,11.94,5.866,5.604,1.788,0.4151,9.128,3.721
201702,governo,1,-0.1019,0.9679,0.577,0.6015,0.6015,0.6015,0.6015,0.6015,0.4655,0.6015,0.4253,0.9474,0.4527,0.1663,0.6833,0.5768,0.8527,0.8054
201702,governo,2,0.9596,1.91,1.105,0.9856,0.9856,0.9856,0.9856,0.9856,0.9309,0.9856,0.9075,1.87,0.9089,0.9024,1.003,0.6064,1.524,1.142
201702,governo,3,0.8856,2.834,1.602,1.481,1.481,1.481,1.481,1.481,1.396,1.481,1.343,2.795,1.365,1.394,1.502,1.123,2.048,1.67
201702,governo,4,1.128,3.748,2.08,1.919,1.919,1.919,1.919,1.919,1.862,1.919,1.811,3.719,1.821,1.842,1.942,1.785,2.502,2.029
201702,governo,5,1.543,4.654,2.546,2.387,2.387,2.387,2.387,2.387,2.327,2.387,2.261,4.642,2.277,2.375,2.402,2.291,2.979,2.505
201702,governo,6,0.2238,5.555,3.004,2.839,2.839,2.839,2.839,2.839,2.793,2.839,2.721,5.565,2.734,2.846,2.852,2.762,3.432,2.935
201702,governo,7,0.6363,6.453,3.457,3.3,3.3,3.3,3.3,3.3,3.258,3.3,3.176,6.486,3.19,3.299,3.318,3.212,3.851,3.411
201702,governo,8,0.589,7.348,3.907,3.756,3.756,3.756,3.756,3.756,3.724,3.756,3.634,7.407,3.647,3.776,3.781,3.69,4.295,3.892
201702,desemprego,1,-0.4124,,,,,,,,0.2648,-0.168,,-0.2537,-0.1642,-0.1579,-0.2496,0.3251,-0.1283,-0.7277
201702,desemprego,2,-0.5705,,,,,,,,0.5296,-0.2163,,-0.4705,-0.2741,-0.2564,-0.3825,0.6423,-0.2124,-1.352
201702,desemprego,3,-0.3606,,,,,,,,0.7944,-0.181,,-0.6657,-0.3585,-0.3575,-0.4602,0.976,-0.383,-1.76
201702,desemprego,4,-0.5,,,,,,,,1.059,-0.08729,,-0.846,-0.4296,-0.388,-0.6017,1.3,-0.5227,-1.92
201702,desemprego,5,-0.9124,,,,,,,,1.324,0.04713,,-1.015,-0.4925,-0.4565,-0.7073,1.526,-0.5826,-2.045
201702,desemprego,6,-0.7705,,,,,,,,1.589,0.21,,-1.173,-0.55,-0.523,-0.7631,1.798,-0.5706,-2.059
201702,desemprego,7,-0.7606,,,,,,,,1.854,0.3928,,-1.323,-0.6032,-0.5846,-0.8875,2.051,-0.6013,-2.228
201702,desemprego,8,-1,,,,,,,,2.118,0.5894,,-1.465,-0.6529,-0.6418,-0.9439,2.19,-0.5777,-2.273
201703,pib,1,0.5403,0.7928,0.5849,0.4533,0.426,0.2958,0.4098,0.3056,0.597,0.4931,0.6695,0.9964,0.7146,0.8422,0.9429,0.1469,-0.6171,1.011
201703,pib,2,1.149,1.583,1.156,0.9838,0.918,0.6024,0.8947,0.6475,1.194,1.055,1.219,1.947,1.38,1.425,1.26,0.8863,-0.177,1.567
201703,pib,3,1.036,2.372,1.717,1.546,1.435,0.9233,1.415,1.011,1.791,1.635,1.806,2.884,2.022,1.516,0.913,1.402,0.4683,1.472
201703,pib,4,1.985,3.162,2.274,2.106,1.944,1.24,1.939,1.372,2.388,2.219,2.382,3.807,2.647,2.027,1.502,2.344,0.6654,2.218
201703,pib,5,1.737,3.952,2.828,2.665,2.446,1.559,2.461,1.734,2.985,2.805,2.962,4.719,3.259,2.471,1.907,3.463,0.8378,2.894
201703,pib,6,2.032,4.744,3.38,3.24,2.958,1.886,2.974,2.114,3.582,3.39,3.541,5.622,3.862,2.949,2.538,4.59,1.326,3.702
201703,pib,7,2.609,5.536,3.933,3.79,3.44,2.207,3.475,2.471,4.179,3.976,4.12,6.519,4.458,3.549,3.001,5.397,1.723,4.407
201703,pib,8,2.626,6.331,4.485,4.361,3.937,2.534,3.975,2.853,4.776,4.563,4.699,7.411,5.048,4.095,3.276,6.098,1.899,4.886
201703,consumo,1,0.3055,0.5776,0.5311,0.4558,0.6627,0.214,0.5917,0.2903,0.6741,0.7418,0.493,0.637,0.5511,0.4029,0.4265,0.2746,0.1977,0.2685
201703,consumo,2,1.054,1.165,1.067,0.9815,1.371,0.4256,1.287,0.5742,1.348,1.42,1.209,1.286,1.109,0.9371,0.9137,1.117,0.6379,0.5292
201703,consumo,3,1.289,1.762,1.608,1.526,2.088,0.6415,2.009,0.8643,2.022,2.08,1.82,1.946,1.672,1.395,1.344,2.257,1.126,0.5203
201703,consumo,4,1.852,2.367,2.154,2.074,2.815,0.8643,2.738,1.156,2.696,2.735,2.481,2.615,2.24,1.873,1.793,3.129,1.592,1.057
201703,consumo,5,1.964,2.982,2.704,2.625,3.531,1.099,3.466,1.457,3.37,3.388,3.119,3.295,2.813,2.35,2.24,3.358,2.033,1.607
201703,consumo,6,3.376,3.604,3.258,3.174,4.233,1.33,4.188,1.749,4.045,4.041,3.768,3.983,3.39,2.84,2.699,3.102,2.496,2.401
201703,consumo,7,3.769,4.235,3.815,3.729,4.932,1.576,4.905,2.064,4.719,4.694,4.412,4.68,3.971,3.33,3.159,3.561,2.957,3.059
201703,consumo,8,4.341,4.873,4.377,4.284,5.63,1.819,5.616,2.37,5.393,5.347,5.058,5.385,4.556,3.828,3.625,4.045,3.393,4.052
201703,investimento,1,3.139,1.288,0.7518,0.2008,-0.507,0.01907,-0.3649,-0.1664,0.4038,0.3854,0.2307,2.059,1.452,-0.8485,0.9647,12.54,0.07753,0.5718
201703,investimento,2,3.026,2.546,1.441,0.8999,-0.4974,0.5096,-0.3373,0.3371,0.8076,0.7641,0.6082,3.911,2.638,-0.008853,2.639,13.91,0.6964,-2.996
201703,investimento,3,3.619,3.778,2.088,1.518,-0.5784,0.8511,-0.3991,0.7106,1.211,1.14,0.9255,5.66,3.674,0.5692,2.913,17.07,1.656,-2.367
201703,investimento,4,8.775,4.99,2.705,2.189,-0.6562,1.233,-0.3916,1.147,1.615,1.515,1.274,7.312,4.598,1.516,4.009,17.5,2.438,-3.496
201703,investimento,5,7.131,6.185,3.301,2.837,-0.7493,1.558,-0.4247,1.591,2.019,1.89,1.609,8.885,5.437,2.619,4.963,16.09,3.107,-2.631
201703,investimento,6,5.914,7.363,3.882,3.56,-0.7581,1.986,-0.4792,2.171,2.423,2.264,1.951,10.39,6.211,3.627,6.041,12.39,4.04,-2.362
201703,investimento,7,10.9,8.528,4.451,4.144,-0.9218,2.345,-0.5697,2.415,2.827,2.638,2.29,11.84,6.933,4.648,6.901,11.18,5.262,-0.5022
201703,investimento,8,13.63,9.679,5.011,4.804,-1.035,2.723,-0.6607,2.803,3.231,3.012,2.63,13.25,7.615,5.835,7.857,10.8,6.335,1.467
201703,governo,1,1.062,0.9331,0.5297,0.7357,0.7357,0.7357,0.7357,0.7357,0.4589,0.7357,0.9324,0.9736,0.4692,0.7532,0.3186,0.78,1.182,0.7082
201703,governo,2,0.9875,1.855,1.027,1.043,1.043,1.043,1.043,1.043,0.9177,1.043,1.098,1.896,0.9169,0.963,0.8998,1.06,1.488,1.025
201703,governo,3,1.23,2.77,1.504,1.569,1.569,1.569,1.569,1.569,1.377,1.569,1.706,2.825,1.367,1.516,1.498,1.612,1.989,1.539
201703,governo,4,1.645,3.679,1.968,1.983,1.983,1.983,1.983,1.983,1.835,1.983,2.082,3.751,1.817,1.915,1.952,2.031,2.406,1.95
201703,governo,5,0.3257,4.585,2.423,2.455,2.455,2.455,2.455,2.455,2.294,2.455,2.574,4.677,2.267,2.405,2.452,2.512,2.885,2.423
201703,governo,6,0.7382,5.488,2.873,2.897,2.897,2.897,2.897,2.897,2.753,2.897,3.009,5.602,2.718,2.867,2.882,2.954,3.311,2.863
201703,governo,7,0.6909,6.389,3.319,3.355,3.355,3.355,3.355,3.355,3.212,3.355,3.472,6.527,3.168,3.317,3.341,3.406,3.756,3.315
201703,governo,8,0.4341,7.289,3.762,3.804,3.804,3.804,3.804,3.804,3.671,3.804,3.922,7.45,3.619,3.767,3.787,3.849,4.184,3.757
201703,desemprego,1,-0.158,,,,,,,,0.234,-0.2579,,-0.3623,-0.298,-0.206,-0.2323,-0.164,-0.148,-0.4274
201703,desemprego,2,0.05185,,,,,,,,0.468,-0.4016,,-0.6727,-0.5228,-0.3893,-0.3605,-0.2511,-0.3774,-0.5448
201703,desemprego,3,-0.08757,,,,,,,,0.702,-0.4611,,-0.939,-0.6966,-0.4975,-0.4287,-0.2488,-0.5014,-0.5874
201703,desemprego,4,-0.5,,,,,,,,0.936,-0.4583,,-1.169,-0.833,-0.6498,-0.4965,-0.2647,-0.5892,-0.5991
201703,desemprego,5,-0.358,,,,,,,,1.17,-0.4095,,-1.369,-0.9411,-0.7053,-0.5847,-0.2219,-0.6685,-0.6018
201703,desemprego,6,-0.3481,,,,,,,,1.404,-0.3268,,-1.545,-1.027,-0.7673,-0.6361,-0.2004,-0.7812,-0.5828
201703,desemprego,7,-0.5876,,,,,,,,1.638,-0.219,,-1.701,-1.097,-0.8165,-0.6875,-0.1692,-0.8067,-0.533
201703,desemprego,8,-0.6,,,,,,,,1.872,-0.09264,,-1.842,-1.153,-0.85,-0.7405,-0.1364,-0.8866,-0.5147
201704,pib,1,0.6089,0.7108,0.501,0.573,0.5433,0.4516,0.5212,0.4243,0.5963,0.5747,0.6329,0.8824,0.6037,0.5401,0.8849,1.002,0.1696,0.7144
201704,pib,2,0.4957,1.447,1.018,1.15,1.078,0.8238,1.045,0.8188,1.193,1.158,1.115,1.759,1.196,1.139,0.7542,2.078,0.6136,1.411
201704,pib,3,1.445,2.2,1.547,1.72,1.598,1.172,1.571,1.2,1.789,1.744,1.679,2.639,1.782,1.223,1.121,2.997,1.227,2.134
201704,pib,4,1.196,2.966,2.082,2.293,2.115,1.521,2.096,1.586,2.385,2.331,2.243,3.517,2.364,1.686,1.665,3.531,2.081,2.786
201704,pib,5,1.492,3.74,2.623,2.856,2.616,1.864,2.61,1.964,2.982,2.918,2.817,4.396,2.944,2.297,2.366,2.605,2.723,3.021
201704,pib,6,2.068,4.521,3.168,3.424,3.117,2.213,3.126,2.349,3.578,3.504,3.392,5.274,3.522,2.844,3.073,2.732,3.006,3.404
201704,pib,7,2.086,5.307,3.716,3.995,3.616,2.555,3.624,2.741,4.174,4.091,3.969,6.151,4.1,3.433,3.516,3.02,3.496,3.897
201704,pib,8,2.962,6.096,4.266,4.567,4.11,2.908,4.128,3.135,4.771,4.678,4.545,7.029,4.677,3.917,3.629,3.382,4.161,4.343
201704,consumo,1,0.7484,0.5882,0.5361,0.5652,0.756,0.2058,0.7325,0.3135,0.6699,0.55,0.3759,0.6435,0.5512,0.6445,0.4931,-0.1158,0.4674,-0.5697
201704,consumo,2,0.9836,1.185,1.076,1.122,1.486,0.4317,1.462,0.6143,1.34,1.169,1.016,1.297,1.107,1.124,0.9615,-0.4447,0.9263,-0.724
201704,consumo,3,1.547,1.789,1.62,1.678,2.221,0.6697,2.193,0.9166,2.01,1.807,1.611,1.96,1.668,1.533,1.435,-0.1598,1.379,-0.3621
201704,consumo,4,1.658,2.402,2.167,2.233,2.941,0.9171,2.921,1.225,2.679,2.451,2.253,2.633,2.233,1.955,1.924,0.08756,1.857,-0.01157
201704,consumo,5,3.07,3.023,2.718,2.793,3.65,1.177,3.643,1.546,3.349,3.096,2.884,3.314,2.802,2.399,2.431,0.0315,2.344,0.2454
201704,consumo,6,3.464,3.651,3.273,3.347,4.346,1.44,4.357,1.868,4.019,3.742,3.524,4.004,3.375,2.85,2.957,0.7449,2.81,0.8029
201704,consumo,7,4.035,4.287,3.832,3.904,5.044,1.715,5.07,2.19,4.689,4.387,4.161,4.702,3.951,3.306,3.477,1.472,3.289,1.456
201704,consumo,8,4.603,4.93,4.394,4.461,5.739,1.986,5.778,2.516,5.359,5.033,4.801,5.408,4.531,3.77,3.957,2.23,3.782,2.256
201704,investimento,1,-0.1132,1.016,0.4747,0.893,0.2225,1.664,0.1963,1.057,0.4353,1.512,0.05469,1.517,0.8903,1.467,1.371,-11.26,1.644,-3.464
201704,investimento,2,0.4797,2.089,0.9951,1.485,0.1268,2.258,0.0654,1.517,0.8705,2.373,0.2312,2.997,1.701,1.948,1.544,-12.64,2.246,-4.274
201704,investimento,3,5.636,3.194,1.543,2.223,0.1228,2.852,0.1238,2.096,1.306,2.974,0.4877,4.46,2.46,2.383,2.432,-14.76,3.146,-6.126
201704,investimento,4,3.992,4.317,2.105,2.879,0.04394,3.348,0.08744,2.55,1.741,3.47,0.8206,5.895,3.183,2.874,3.618,-14.96,4.346,-6.77
201704,investimento,5,2.775,5.448,2.676,3.524,-0.03703,3.765,0.05052,2.906,2.176,3.926,1.167,7.302,3.881,3.561,4.989,-10.73,5.586,-5.742
201704,investimento,6,7.759,6.579,3.25,4.186,-0.1052,4.215,0.01566,3.32,2.612,4.364,1.528,8.684,4.557,4.406,6.445,-9.575,6.429,-4.689
201704,investimento,7,10.5,7.708,3.824,4.87,-0.1773,4.564,-0.08621,3.764,3.047,4.796,1.89,10.04,5.216,5.236,7.648,-7.069,7.767,-3.09
201704,investimento,8,4.75,8.83,4.397,5.533,-0.3001,5.005,-0.1392,4.202,3.482,5.226,2.254,11.38,5.861,5.905,8.405,-5.135,9.241,-1.189
201704,governo,1,-0.07401,0.7656,0.3665,0.1441,0.1441,0.1441,0.1441,0.1441,0.4658,0.1441,0.5806,0.9464,0.4552,0.2473,0.1076,0.1741,0.1269,0.1532
201704,governo,2,0.168,1.576,0.7625,0.7578,0.7578,0.7578,0.7578,0.7578,0.9316,0.7578,0.8963,1.87,0.9127,0.5687,0.705,0.7896,0.7469,0.7653
201704,governo,3,0.5834,2.416,1.177,1.131,1.131,1.131,1.131,1.131,1.397,1.131,1.448,2.796,1.37,1.165,1.1,1.131,1.119,1.122
201704,governo,4,-0.7358,3.275,1.604,1.627,1.627,1.627,1.627,1.627,1.863,1.627,1.855,3.721,1.827,1.724,1.604,1.57,1.591,1.572
201704,governo,5,-0.3233,4.147,2.038,2.061,2.061,2.061,2.061,2.061,2.329,2.061,2.34,4.645,2.285,2.201,2.05,1.899,1.99,2.001
201704,governo,6,-0.3706,5.027,2.478,2.526,2.526,2.526,2.526,2.526,2.795,2.526,2.785,5.569,2.743,2.679,2.508,2.305,2.444,2.457
201704,governo,7,-0.6274,5.912,2.921,2.976,2.976,2.976,2.976,2.976,3.26,2.976,3.249,6.491,3.201,3.117,2.895,2.727,2.894,2.909
201704,governo,8,-0.6884,6.8,3.366,3.433,3.433,3.433,3.433,3.433,3.726,3.433,3.704,7.413,3.658,3.56,3.341,3.205,3.369,3.351
201704,desemprego,1,0.2099,,,,,,,,0.217,-0.0593,,-0.1738,-0.1135,0.0609,-0.0047,-0.2743,0.1248,-0.1613
201704,desemprego,2,0.07047,,,,,,,,0.4339,-0.04724,,-0.3441,-0.2024,0.06173,-0.05685,-0.6615,0.1033,-0.224
201704,desemprego,3,-0.342,,,,,,,,0.6509,0.01641,,-0.5058,-0.2758,0.04258,-0.1392,-0.8987,0.04208,-0.3023
201704,desemprego,4,-0.2,,,,,,,,0.8678,0.1173,,-0.658,-0.3384,-0.03633,-0.2623,-1.055,-0.04487,-0.34
201704,desemprego,5,-0.1901,,,,,,,,1.085,0.2452,,-0.801,-0.393,-0.1067,-0.3307,-1.119,-0.07612,-0.4092
201704,desemprego,6,-0.4295,,,,,,,,1.302,0.3926,,-0.9357,-0.4412,-0.15,-0.3344,-1.215,-0.1328,-0.4541
201704,desemprego,7,-0.442,,,,,,,,1.519,0.554,,-1.063,-0.4844,-0.1721,-0.3328,-1.295,-0.1889,-0.4562
201704,desemprego,8,-0.8,,,,,,,,1.736,0.7257,,-1.183,-0.5234,-0.2379,-0.3646,-1.417,-0.2588,-0.4083
201801,pib,1,-0.1131,0.7085,0.5482,0.6433,0.6104,0.359,0.5503,0.5028,0.5965,0.5929,0.5571,0.6549,0.4611,1.101,0.312,1.161,0.03277,0.7182
201801,pib,2,0.8356,1.423,1.097,1.244,1.165,0.7084,1.088,0.9332,1.193,1.182,1.152,1.363,0.963,2.329,1.012,2.386,0.622,1.536
201801,pib,3,0.5875,2.143,1.647,1.816,1.682,1.062,1.619,1.33,1.789,1.769,1.732,2.097,1.484,3.57,1.636,3.648,0.8567,2.439
201801,pib,4,0.8828,2.867,2.197,2.392,2.198,1.407,2.136,1.731,2.386,2.357,2.312,2.85,2.019,2.574,2.22,4.893,0.8726,3.127
201801,pib,5,1.459,3.594,2.749,2.96,2.699,1.755,2.643,2.127,2.982,2.944,2.891,3.616,2.564,2.481,2.992,6.048,1.342,3.4
201801,pib,6,1.477,4.323,3.302,3.534,3.201,2.109,3.146,2.53,3.579,3.531,3.469,4.392,3.118,2.909,3.573,7.122,2.026,3.88
201801,pib,7,2.353,5.055,3.856,4.101,3.692,2.459,3.64,2.931,4.175,4.119,4.047,5.175,3.677,3.445,4.02,7.439,2.515,4.532
201801,pib,8,0.0357,5.789,4.412,4.672,4.181,2.827,4.143,3.336,4.772,4.706,4.626,5.964,4.242,3.927,4.463,7.993,2.592,5.249
201801,consumo,1,0.2352,0.5556,0.5416,0.581,0.7677,0.2702,0.7439,0.2971,0.6707,0.6769,0.6603,0.5938,0.5495,0.4287,0.3795,0.4564,0.5169,0.6239
201801,consumo,2,0.7985,1.119,1.087,1.148,1.519,0.5243,1.482,0.6003,1.341,1.334,1.316,1.195,1.102,1.002,0.7349,1.613,1.092,1.052
201801,consumo,3,0.9097,1.689,1.637,1.702,2.24,0.779,2.218,0.9321,2.012,1.985,1.961,1.803,1.659,1.662,1.122,2.119,1.644,1.801
201801,consumo,4,2.322,2.267,2.191,2.259,2.949,1.053,2.948,1.262,2.683,2.635,2.607,2.419,2.219,2.133,1.52,2.339,2.164,2.554
201801,consumo,5,2.716,2.852,2.749,2.818,3.648,1.33,3.67,1.605,3.354,3.284,3.252,3.042,2.783,2.595,1.954,2.333,2.714,3.2
201801,consumo,6,3.287,3.443,3.31,3.378,4.353,1.608,4.39,1.944,4.024,3.933,3.896,3.672,3.351,3.068,2.392,2.069,3.288,4.113
201801,consumo,7,3.855,4.041,3.875,3.94,5.055,1.904,5.102,2.297,4.695,4.582,4.54,4.309,3.922,3.55,2.828,1.646,3.873,5.131
201801,consumo,8,2.808,4.645,4.443,4.494,5.741,2.195,5.807,2.649,5.366,5.231,5.185,4.953,4.497,4.049,3.266,1.333,4.425,6.142
201801,investimento,1,0.5929,1.076,0.6159,0.7223,0.04962,0.234,-0.1369,1.002,0.429,0.1949,0.3937,0.6583,0.129,1.873,-0.9684,-1.788,1.504,-2.071
201801,investimento,2,5.75,2.154,1.222,1.618,0.2201,0.8654,0.0102,1.916,0.858,0.5117,0.7967,1.546,0.4492,4.279,-0.6854,2.499,2.466,-0.5028
201801,investimento,3,4.105,3.229,1.821,2.253,0.1296,1.248,-0.03933,2.373,1.287,0.8767,1.178,2.546,0.862,6.795,0.2067,2.07,3.672,-0.3101
201801,investimento,4,2.889,4.298,2.413,2.992,0.1564,1.594,-0.06527,2.931,1.716,1.261,1.553,3.614,1.338,6.293,1.155,1.341,4.076,1.603
201801,investimento,5,7.872,5.36,2.998,3.643,0.09329,1.956,-0.1399,3.347,2.145,1.653,1.923,4.726,1.858,6.492,2.543,-0.3683,4.945,4.759
201801,investimento,6,10.61,6.413,3.578,4.328,0.03041,2.225,-0.2451,3.795,2.574,2.047,2.293,5.866,2.407,7.522,3.551,-3.213,6.16,7.209
201801,investimento,7,4.864,7.458,4.152,4.98,-0.09092,2.387,-0.3823,4.148,3.003,2.443,2.662,7.022,2.978,8.534,4.482,-4.819,7.193,9.964
201801,investimento,8,9.63,8.494,4.722,5.65,-0.2,2.83,-0.4702,4.6,3.432,2.84,3.03,8.186,3.564,9.66,5.388,-8.014,7.566,13.26
201801,governo,1,0.242,0.804,0.4472,0.723,0.723,0.723,0.723,0.723,0.4596,0.723,0.6097,0.8452,0.4378,0.7212,0.7085,2.545,0.6933,0.7196
201801,governo,2,0.6574,1.616,0.8925,1.038,1.038,1.038,1.038,1.038,0.9193,1.038,1.009,1.702,0.8925,1.034,0.8757,2.76,0.7556,1.025
201801,governo,3,-0.6618,2.434,1.337,1.562,1.562,1.562,1.562,1.562,1.379,1.562,1.481,2.557,1.345,1.431,1.441,3.459,1.424,1.535
201801,governo,4,-0.2493,3.254,1.78,1.978,1.978,1.978,1.978,1.978,1.839,1.978,1.926,3.41,1.798,1.757,1.898,3.916,1.912,1.89
201801,governo,5,-0.2966,4.077,2.223,2.45,2.45,2.45,2.45,2.45,2.298,2.45,2.382,4.263,2.251,2.184,2.362,4.37,2.396,2.338
201801,governo,6,-0.5534,4.9,2.667,2.894,2.894,2.894,2.894,2.894,2.758,2.894,2.834,5.115,2.704,2.703,2.802,4.731,2.84,2.771
201801,governo,7,-0.6143,5.724,3.11,3.352,3.352,3.352,3.352,3.352,3.218,3.352,3.287,5.966,3.157,3.157,3.232,5.164,3.253,3.242
201801,governo,8,-0.2021,6.549,3.553,3.802,3.802,3.802,3.802,3.802,3.677,3.802,3.74,6.816,3.611,3.64,3.672,5.646,3.712,3.657
201801,desemprego,1,-0.1394,,,,,,,,0.2167,0.2185,,0.07885,0.1116,-0.284,0.1986,-0.08862,-0.07355,0.01438
201801,desemprego,2,-0.5519,,,,,,,,0.4333,0.443,,0.08792,0.1724,-0.3663,0.04395,-0.3649,-0.1076,-0.1408
201801,desemprego,3,-0.4099,,,,,,,,0.65,0.6718,,0.05603,0.2011,-0.3792,-0.1324,-0.6116,-0.112,-0.3561
201801,desemprego,4,-0.4,,,,,,,,0.8667,0.9035,,-0.001857,0.2081,-0.4526,-0.3141,-0.8729,-0.1266,-0.4822
201801,desemprego,5,-0.6394,,,,,,,,1.083,1.137,,-0.07681,0.1997,-0.5587,-0.4439,-1.093,-0.09308,-0.618
201801,desemprego,6,-0.6519,,,,,,,,1.3,1.372,,-0.163,0.1803,-0.5954,-0.6079,-1.228,-0.112,-0.7442
201801,desemprego,7,-1.01,,,,,,,,1.517,1.609,,-0.2563,0.1531,-0.6813,-0.6983,-1.279,-0.1066,-0.8356
201801,desemprego,8,-0.8,,,,,,,,1.733,1.846,,-0.3538,0.1204,-0.7581,-0.7604,-1.388,-0.1465,-0.9211
201802,pib,1,0.9488,0.642,0.4729,0.4785,0.4401,0.2345,0.3012,0.3513,0.5885,0.3971,0.4664,0.8364,0.6028,0.2623,-0.4864,0.1976,0.9698,-0.1616
201802,pib,2,0.7006,1.313,0.9699,1.02,0.9293,0.5367,0.7449,0.727,1.177,0.9269,0.8717,1.636,1.18,0.7678,-0.5883,0.6125,1.679,0.3465
201802,pib,3,0.996,2.003,1.483,1.573,1.423,0.8427,1.208,1.104,1.765,1.491,1.403,2.445,1.757,1.143,-0.1859,1.036,1.834,1.088
201802,pib,4,1.572,2.707,2.006,2.143,1.926,1.174,1.697,1.496,2.354,2.064,1.946,3.251,2.332,1.623,0.3744,1.388,2.335,1.732
201802,pib,5,1.59,3.42,2.537,2.694,2.406,1.502,2.181,1.873,2.942,2.64,2.506,4.056,2.905,2.237,0.6711,1.916,3.231,2.136
201802,pib,6,2.466,4.139,3.073,3.259,2.894,1.837,2.663,2.264,3.531,3.216,3.069,4.86,3.477,2.86,1.054,2.306,4.265,2.313
201802,pib,7,0.1488,4.863,3.613,3.82,3.373,2.187,3.147,2.655,4.119,3.793,3.634,5.663,4.048,3.406,1.474,2.547,5.026,2.648
201802,pib,8,-9.146,5.591,4.156,4.358,3.824,2.528,3.617,3.024,4.708,4.369,4.2,6.465,4.619,3.942,1.884,2.761,5.481,3.053
201802,consumo,1,0.5633,0.5512,0.5355,0.358,0.5556,0.1725,0.4928,0.1687,0.6659,0.5278,0.1803,0.5968,0.5507,0.3532,0.09963,-0.5544,0.3685,-1.236
201802,consumo,2,0.6745,1.109,1.074,0.851,1.23,0.3885,1.151,0.4225,1.332,1.138,0.8038,1.202,1.106,0.7373,0.4913,-0.7748,0.8514,-1.302
201802,consumo,3,2.087,1.675,1.617,1.383,1.926,0.6343,1.852,0.7106,1.998,1.771,1.355,1.816,1.666,1.135,0.9497,-0.7789,1.333,-1.174
201802,consumo,4,2.48,2.247,2.163,1.924,2.617,0.8688,2.559,1.001,2.663,2.41,1.991,2.438,2.229,1.542,1.439,-0.8783,1.825,-0.9514
201802,consumo,5,3.052,2.826,2.712,2.464,3.304,1.116,3.261,1.316,3.329,3.052,2.608,3.068,2.797,1.967,1.919,-0.5983,2.343,-0.5659
201802,consumo,6,3.62,3.411,3.266,3,3.99,1.36,3.965,1.628,3.995,3.693,3.243,3.705,3.369,2.421,2.407,-0.3643,2.866,-0.1615
201802,consumo,7,2.573,4.004,3.822,3.541,4.673,1.619,4.665,1.947,4.661,4.335,3.872,4.348,3.944,2.877,2.898,0.1125,3.405,0.7055
201802,consumo,8,-9.369,4.602,4.383,4.082,5.344,1.895,5.357,2.284,5.327,4.977,4.506,4.999,4.523,3.331,3.383,0.7025,3.952,1.588
201802,investimento,1,5.157,0.8787,0.3916,0.7172,-0.01306,0.02499,-0.4476,0.7767,0.4309,0.4789,-0.7075,1.465,0.8642,-0.3181,0.7986,-5.58,1.882,-6.734
201802,investimento,2,3.513,1.83,0.8559,1.492,0.008972,0.4147,-0.5706,1.502,0.8617,0.9126,-0.7678,2.807,1.62,0.1265,1.822,-5.603,3.088,-11.04
201802,investimento,3,2.296,2.824,1.365,2.14,-0.09077,0.5862,-0.8015,1.978,1.293,1.329,-0.6331,4.154,2.357,0.5272,3.314,-7.62,3.784,-14.5
201802,investimento,4,7.28,3.842,1.9,2.867,-0.1004,1.033,-0.9015,2.599,1.723,1.737,-0.35,5.469,3.066,1.108,5.019,-8.445,4.709,-15.87
201802,investimento,5,10.02,4.872,2.451,3.504,-0.2253,1.452,-1.031,3.014,2.154,2.143,-0.03746,6.756,3.752,1.803,6.783,-9.666,6.247,-16.17
201802,investimento,6,4.271,5.905,3.01,4.209,-0.3209,1.773,-1.185,3.567,2.585,2.548,0.3016,8.016,4.419,2.826,8.319,-8.743,7.812,-13.75
201802,investimento,7,9.037,6.938,3.572,4.897,-0.4395,2.097,-1.325,4.089,3.016,2.953,0.6445,9.25,5.069,3.73,10.02,-8.051,9.153,-11.13
201802,investimento,8,-8.363,7.967,4.134,5.443,-0.7112,2.472,-1.497,4.326,3.447,3.357,0.9922,10.46,5.704,4.599,11.54,-6.538,9.92,-7.181
201802,governo,1,0.4154,0.6793,0.3163,0.5556,0.5556,0.5556,0.5556,0.5556,0.4572,0.5556,0.9617,0.9305,0.4898,0.5886,0.5276,0.385,0.4202,0.6655
201802,governo,2,-0.9038,1.411,0.6772,0.9507,0.9507,0.9507,0.9507,0.9507,0.9144,0.9507,1.084,1.773,0.9349,0.9649,0.8764,0.7443,0.8167,1.057
201802,governo,3,-0.4913,2.177,1.067,1.428,1.428,1.428,1.428,1.428,1.372,1.428,1.723,2.628,1.385,1.481,1.377,1.334,1.401,1.559
201802,governo,4,-0.5386,2.964,1.475,1.863,1.863,1.863,1.863,1.863,1.829,1.863,2.081,3.481,1.835,1.923,1.818,1.825,1.939,1.983
201802,governo,5,-0.7954,3.765,1.895,2.32,2.32,2.32,2.32,2.32,2.286,2.32,2.581,4.332,2.285,2.38,2.271,2.272,2.416,2.414
201802,governo,6,-0.8563,4.575,2.322,2.766,2.766,2.766,2.766,2.766,2.743,2.766,3.01,5.183,2.736,2.83,2.719,2.718,2.859,2.852
201802,governo,7,-0.4441,5.39,2.755,3.217,3.217,3.217,3.217,3.217,3.2,3.217,3.474,6.033,3.186,3.294,3.169,3.186,3.298,3.285
201802,governo,8,-8.854,6.209,3.19,3.665,3.665,3.665,3.665,3.665,3.658,3.665,3.921,6.882,3.636,3.739,3.626,3.605,3.742,3.724
201802,desemprego,1,-0.4124,,,,,,,,0.2024,-0.0408,,-0.1558,-0.09376,-0.064,-0.2178,-0.0244,-0.2185,0.2379
201802,desemprego,2,-0.2705,,,,,,,,0.4048,-0.01259,,-0.3126,-0.177,-0.0603,-0.5041,-0.1656,-0.414,0.2954
201802,desemprego,3,-0.2606,,,,,,,,0.6073,0.06388,,-0.4614,-0.2502,-0.112,-0.81,-0.3311,-0.5676,0.1106
201802,desemprego,4,-0.5,,,,,,,,0.8097,0.1741,,-0.6,-0.3146,-0.1608,-0.9732,-0.4481,-0.7226,0.06425
201802,desemprego,5,-0.5124,,,,,,,,1.012,0.308,,-0.7286,-0.3715,-0.211,-1.106,-0.6074,-0.852,0.03915
201802,desemprego,6,-0.8705,,,,,,,,1.215,0.4584,,-0.8483,-0.4224,-0.2388,-1.18,-0.7073,-0.955,0.1116
201802,desemprego,7,-0.6606,,,,,,,,1.417,0.6204,,-0.9601,-0.4681,-0.2639,-1.225,-0.7269,-1.017,0.1251
201802,desemprego,8,1,,,,,,,,1.619,0.7905,,-1.065,-0.5097,-0.2817,-1.31,-0.7236,-1.011,0.05607
201803,pib,1,-0.2482,0.5711,0.4084,0.7389,0.6999,0.5202,0.6129,0.6015,0.5925,0.6784,0.7595,0.9129,0.689,0.1602,0.9875,0.7629,1.02,0.6616
201803,pib,2,0.0472,1.197,0.867,1.365,1.271,0.9336,1.149,1.067,1.185,1.287,1.284,1.776,1.329,0.6512,1.822,1.284,1.222,1.182
201803,pib,3,0.6236,1.859,1.358,1.952,1.794,1.313,1.665,1.493,1.777,1.878,1.866,2.625,1.947,1.487,2.414,1.429,0.6462,1.881
201803,pib,4,0.6412,2.545,1.871,2.522,2.295,1.689,2.167,1.904,2.37,2.465,2.435,3.461,2.553,1.734,3.263,2.088,0.9116,2.046
201803,pib,5,1.517,3.247,2.399,3.105,2.803,2.076,2.673,2.331,2.962,3.05,3.012,4.289,3.152,2.131,3.528,2.74,1.307,2.392
201803,pib,6,-0.7999,3.959,2.935,3.673,3.291,2.451,3.16,2.745,3.555,3.635,3.587,5.111,3.745,2.642,3.96,3.192,1.745,2.882
201803,pib,7,-10.1,4.679,3.479,4.241,3.772,2.833,3.653,3.161,4.147,4.22,4.163,5.928,4.335,3.149,4.341,3.764,2.085,3.469
201803,pib,8,-2.474,5.404,4.027,4.816,4.256,3.218,4.139,3.586,4.74,4.805,4.739,6.742,4.923,3.643,4.835,4.273,2.623,4.07
201803,consumo,1,0.1112,0.5709,0.5514,0.6742,0.8611,0.3078,0.8727,0.3303,0.6647,0.6203,0.4015,0.6163,0.567,0.4607,0.5456,-0.3319,0.5582,-0.285
201803,consumo,2,1.523,1.147,1.105,1.265,1.611,0.5976,1.64,0.6677,1.329,1.257,1.098,1.241,1.139,0.9273,1.077,-0.4133,1.104,0.495
201803,consumo,3,1.917,1.728,1.66,1.833,2.321,0.8993,2.373,1.018,1.994,1.898,1.692,1.875,1.715,1.422,1.602,-0.6134,1.578,1.23
201803,consumo,4,2.488,2.316,2.219,2.387,3.019,1.211,3.093,1.38,2.659,2.54,2.343,2.516,2.295,1.874,2.156,-0.6034,2.073,2.078
201803,consumo,5,3.056,2.909,2.78,2.946,3.723,1.517,3.806,1.729,3.324,3.182,2.97,3.163,2.879,2.332,2.684,-0.4261,2.578,3.191
201803,consumo,6,2.01,3.508,3.344,3.502,4.415,1.831,4.512,2.098,3.988,3.825,3.609,3.818,3.466,2.802,3.212,-0.09581,3.076,4.44
201803,consumo,7,-9.932,4.113,3.912,4.058,5.095,2.154,5.214,2.471,4.653,4.467,4.243,4.479,4.057,3.275,3.736,0.3445,3.562,5.867
201803,consumo,8,-2.883,4.723,4.482,4.613,5.763,2.515,5.911,2.841,5.318,5.11,4.88,5.145,4.65,3.748,4.261,0.9868,4.067,7.292
201803,investimento,1,-1.644,0.6038,0.1657,1.088,0.3889,1.316,-0.01508,1.672,0.4834,2.34,0.6101,1.829,1.332,0.2323,2.068,-1.146,2.354,3.222
201803,investimento,2,-2.861,1.365,0.4963,1.943,0.5413,2.046,-0.06255,2.566,0.9668,3.565,1.037,3.421,2.391,1.625,4.176,-3.427,2.948,4.117
201803,investimento,3,2.123,2.224,0.9314,2.666,0.5632,2.515,-0.135,3.149,1.45,4.346,1.419,4.909,3.317,2.907,5.736,-4.247,2.806,5.954
201803,investimento,4,4.859,3.142,1.432,3.354,0.5141,2.883,-0.2196,3.64,1.933,4.953,1.842,6.317,4.163,3.714,7.356,-5.817,3.659,10.41
201803,investimento,5,-0.8861,4.095,1.973,4.09,0.4778,3.355,-0.2868,4.239,2.417,5.49,2.259,7.665,4.957,4.476,8.019,-6.699,4.817,14.69
201803,investimento,6,3.88,5.067,2.539,4.737,0.3431,3.78,-0.42,4.609,2.9,5.999,2.684,8.963,5.712,5.179,8.753,-6.726,6.051,18.98
201803,investimento,7,-13.52,6.048,3.118,5.403,0.2342,4.198,-0.5109,5.104,3.384,6.498,3.108,10.22,6.437,5.901,9.399,-6.341,7.175,23.5
201803,investimento,8,-4.19,7.032,3.706,6.107,0.1721,4.493,-0.6232,5.623,3.867,6.992,3.534,11.44,7.139,6.749,10.02,-5.373,8.584,28.23
201803,governo,1,-1.319,0.5371,0.171,0.4653,0.4653,0.4653,0.4653,0.4653,0.4567,0.4653,0.8719,0.8839,0.4597,0.5633,0.3391,0.3469,0.4653,0.4601
201803,governo,2,-0.9067,1.179,0.4391,0.905,0.905,0.905,0.905,0.905,0.9135,0.905,1.042,1.732,0.911,1.375,0.8893,0.8128,0.8977,0.8953
201803,governo,3,-0.954,1.888,0.7696,1.358,1.358,1.358,1.358,1.358,1.37,1.358,1.652,2.584,1.363,1.789,1.407,1.288,1.313,1.319
201803,governo,4,-1.211,2.64,1.14,1.804,1.804,1.804,1.804,1.804,1.827,1.804,2.022,3.434,1.816,2.262,1.792,1.742,1.752,1.709
201803,governo,5,-1.272,3.419,1.537,2.254,2.254,2.254,2.254,2.254,2.284,2.254,2.514,4.284,2.268,2.717,2.271,2.209,2.131,2.162
201803,governo,6,-0.8595,4.216,1.951,2.701,2.701,2.701,2.701,2.701,2.74,2.701,2.946,5.133,2.72,3.165,2.697,2.659,2.598,2.633
201803,governo,7,-9.269,5.024,2.375,3.15,3.15,3.15,3.15,3.15,3.197,3.15,3.407,5.981,3.173,3.648,3.154,3.102,3.014,3.07
201803,governo,8,-5.865,5.839,2.807,3.598,3.598,3.598,3.598,3.598,3.654,3.598,3.854,6.829,3.625,4.093,3.595,3.546,3.506,3.456
201803,desemprego,1,0.142,,,,,,,,0.1788,-0.2645,,-0.3106,-0.2396,-0.1637,-0.1731,-0.1447,-0.08117,-0.3041
201803,desemprego,2,0.1519,,,,,,,,0.3575,-0.4213,,-0.5615,-0.4054,-0.2659,-0.4019,-0.3179,0.2127,-0.5831
201803,desemprego,3,-0.08757,,,,,,,,0.5363,-0.4995,,-0.7732,-0.5308,-0.3879,-0.5286,-0.4647,0.3301,-0.7081
201803,desemprego,4,-0.1,,,,,,,,0.7151,-0.5205,,-0.9565,-0.6312,-0.4263,-0.6708,-0.6161,0.3462,-0.7468
201803,desemprego,5,-0.458,,,,,,,,0.8939,-0.4998,,-1.118,-0.7143,-0.4759,-0.7952,-0.7168,0.2303,-0.9209
201803,desemprego,6,-0.2481,,,,,,,,1.073,-0.4487,,-1.261,-0.7848,-0.532,-0.9156,-0.8038,0.128,-0.9529
201803,desemprego,7,1.412,,,,,,,,1.251,-0.3755,,-1.389,-0.8453,-0.5674,-0.9552,-0.8295,0.04922,-1.004
201803,desemprego,8,2.9,,,,,,,,1.43,-0.2862,,-1.505,-0.8979,-0.5618,-1.02,-0.8975,-0.1032,-1.075
201804,pib,1,0.2954,0.5564,0.3884,0.3713,0.325,0.2288,0.3138,0.2597,0.5833,0.3625,0.2317,0.7572,0.542,0.2328,0.2992,0.9022,-4.199,0.3522
201804,pib,2,0.8718,1.172,0.8298,0.8792,0.7719,0.5364,0.7486,0.6143,1.167,0.8804,0.622,1.517,1.079,0.782,0.5679,2.348,-4.51,0.8869
201804,pib,3,0.8894,1.827,1.306,1.427,1.252,0.8735,1.224,0.9966,1.75,1.438,1.125,2.305,1.635,1.386,0.9906,2.299,-3.933,1.055
201804,pib,4,1.765,2.507,1.804,1.976,1.726,1.217,1.711,1.377,2.333,2.006,1.658,3.102,2.196,1.922,1.756,3.003,-3.353,1.54
201804,pib,5,-0.5517,3.204,2.318,2.528,2.198,1.569,2.198,1.763,2.916,2.576,2.209,3.903,2.761,2.383,1.968,3.775,-2.695,2.117
201804,pib,6,-9.847,3.912,2.842,3.065,2.649,1.921,2.673,2.135,3.5,3.147,2.764,4.706,3.327,2.874,2.452,4.514,-2.082,2.659
201804,pib,7,-2.225,4.629,3.372,3.615,3.108,2.272,3.143,2.523,4.083,3.718,3.322,5.51,3.894,3.334,3.032,5.192,-1.553,3.319
201804,pib,8,1.544,5.351,3.908,4.173,3.57,2.63,3.613,2.922,4.666,4.289,3.88,6.315,4.461,3.877,3.476,5.773,-1.061,4.01
201804,consumo,1,1.412,0.5573,0.5373,0.2758,0.4617,0.1692,0.4988,0.194,0.6586,0.4876,0.08595,0.602,0.55,0.3209,0.4746,2.317,-0.3606,0.9548
201804,consumo,2,1.806,1.12,1.077,0.7429,1.091,0.4019,1.155,0.4616,1.317,1.081,0.6753,1.212,1.104,0.7113,1.005,2.647,-0.1817,1.061
201804,consumo,3,2.377,1.689,1.618,1.264,1.76,0.6574,1.85,0.7586,1.976,1.704,1.206,1.829,1.662,1.173,1.548,3.007,0.1136,1.641
201804,consumo,4,2.945,2.264,2.163,1.799,2.454,0.9248,2.549,1.077,2.635,2.335,1.832,2.455,2.223,1.674,2.129,3.129,0.4312,2.446
201804,consumo,5,1.899,2.845,2.711,2.335,3.143,1.19,3.249,1.402,3.293,2.969,2.439,3.087,2.788,2.153,2.68,3.074,0.7911,3.21
201804,consumo,6,-10.04,3.432,3.262,2.876,3.823,1.47,3.948,1.739,3.952,3.604,3.066,3.727,3.357,2.623,3.243,2.829,1.171,4.175
201804,consumo,7,-2.994,4.025,3.817,3.418,4.491,1.782,4.643,2.07,4.61,4.238,3.687,4.373,3.93,3.106,3.805,2.488,1.565,5.232
201804,consumo,8,0.5043,4.625,4.374,3.95,5.14,2.067,5.327,2.401,5.269,4.873,4.313,5.026,4.506,3.6,4.377,2.265,1.972,6.283
201804,investimento,1,-1.217,0.5885,0.1242,-0.1227,-0.8853,-0.781,-1.003,-0.62,0.46,-0.3644,-1.188,1.054,0.5442,0.682,1.553,6.012,-6.399,-4.328
201804,investimento,2,3.767,1.348,0.4233,0.8806,-0.6079,0.01885,-0.8465,0.3486,0.92,-0.2426,-1.378,2.184,1.121,1.081,3.507,2.136,-7.025,-2.328
201804,investimento,3,6.504,2.212,0.8329,1.395,-0.8469,0.1566,-1.162,0.6837,1.38,0.0639,-1.275,3.418,1.777,1.95,5.216,5.855,-5.888,-0.231
201804,investimento,4,0.7581,3.14,1.312,2.126,-0.9205,0.7023,-1.156,1.212,1.84,0.4406,-0.9844,4.674,2.45,2.844,7.04,4.226,-4.254,0.607
201804,investimento,5,5.525,4.105,1.834,2.753,-1.116,1.122,-1.3,1.653,2.3,0.8439,-0.6546,5.931,3.127,3.64,7.913,3.066,-2.33,3.051
201804,investimento,6,-11.88,5.091,2.381,3.361,-1.329,1.599,-1.423,1.953,2.76,1.257,-0.2933,7.178,3.801,4.535,8.967,1.063,-0.2732,5.281
201804,investimento,7,-2.546,6.086,2.943,3.993,-1.508,1.733,-1.621,2.402,3.22,1.675,0.07247,8.411,4.468,5.443,10.18,-1.486,1.495,7.532
201804,investimento,8,10.53,7.084,3.514,4.691,-1.62,2.234,-1.748,2.929,3.68,2.093,0.4437,9.629,5.128,6.547,11.43,-4.021,2.963,9.869
201804,governo,1,0.4124,0.5196,0.1379,1.333,1.333,1.333,1.333,1.333,0.4372,1.333,1.406,0.9345,0.4953,1.268,1.213,1.3,1.279,1.345
201804,governo,2,0.3652,1.152,0.378,1.309,1.309,1.309,1.309,1.309,0.8744,1.309,1.382,1.779,0.9213,1.274,1.336,1.208,1.222,1.268
201804,governo,3,0.1083,1.858,0.684,1.979,1.979,1.979,1.979,1.979,1.312,1.979,2.052,2.635,1.357,1.947,2.02,1.95,1.942,1.993
201804,governo,4,0.04741,2.609,1.032,2.294,2.294,2.294,2.294,2.294,1.749,2.294,2.379,3.488,1.791,2.253,2.342,2.195,2.238,2.325
201804,governo,5,0.4596,3.389,1.408,2.791,2.791,2.791,2.791,2.791,2.186,2.791,2.87,4.341,2.225,2.728,2.845,2.676,2.749,2.851
201804,governo,6,-7.95,4.188,1.801,3.195,3.195,3.195,3.195,3.195,2.623,3.195,3.281,5.192,2.659,3.135,3.239,3.139,3.182,3.243
201804,governo,7,-4.546,4.999,2.206,3.646,3.646,3.646,3.646,3.646,3.061,3.646,3.73,6.043,3.094,3.576,3.673,3.609,3.624,3.702
201804,governo,8,-2.275,5.817,2.617,4.073,4.073,4.073,4.073,4.073,3.498,4.073,4.161,6.894,3.528,4,4.122,4.052,4.032,4.128
201804,desemprego,1,0.00989,,,,,,,,0.1774,0.157,,-0.0507,0.004377,0.1073,-0.091,-0.2092,-0.0213,-0.2192
201804,desemprego,2,-0.2295,,,,,,,,0.3548,0.3241,,-0.1637,-0.03177,0.1313,-0.2349,-0.4445,-0.05557,-0.3042
201804,desemprego,3,-0.242,,,,,,,,0.5322,0.4981,,-0.2995,-0.0834,0.08703,-0.367,-0.717,-0.232,-0.3813
201804,desemprego,4,-0.6,,,,,,,,0.7096,0.6767,,-0.4411,-0.1396,0.0308,-0.4996,-0.8774,-0.3605,-0.4375
201804,desemprego,5,-0.3901,,,,,,,,0.8871,0.8586,,-0.5814,-0.1961,0.004275,-0.5959,-1.001,-0.4954,-0.5426
201804,desemprego,6,1.27,,,,,,,,1.064,1.043,,-0.7175,-0.251,-0.03218,-0.6683,-1.073,-0.5587,-0.495
201804,desemprego,7,2.758,,,,,,,,1.242,1.228,,-0.8482,-0.3036,-0.08693,-0.7262,-1.17,-0.6783,-0.5375
201804,desemprego,8,2.5,,,,,,,,1.419,1.414,,-0.9731,-0.3539,-0.1676,-0.7745,-1.238,-0.7844,-0.5879
201901,pib,1,0.5764,0.676,0.5445,0.6091,0.5622,0.3079,0.3867,0.4829,0.5801,0.5,0.7678,0.6911,0.538,0.1515,1.16,0.8038,0.1512,0.329
201901,pib,2,0.594,1.352,1.087,1.196,1.085,0.6541,0.8499,0.9149,1.16,1.052,1.418,1.424,1.107,0.5595,1.3,1.303,0.8425,1.102
201901,pib,3,1.47,2.03,1.628,1.772,1.589,1.01,1.343,1.33,1.74,1.618,2.023,2.167,1.68,0.9334,2.084,1.88,1.738,1.384
201901,pib,4,-0.8471,2.708,2.169,2.339,2.078,1.361,1.82,1.737,2.321,2.187,2.603,2.915,2.255,1.562,2.494,2.669,2.708,1.971
201901,pib,5,-10.14,3.387,2.71,2.902,2.556,1.721,2.303,2.142,2.901,2.756,3.175,3.663,2.829,1.952,3.305,3.273,3.147,2.8
201901,pib,6,-2.521,4.067,3.252,3.47,3.034,2.083,2.783,2.554,3.481,3.326,3.744,4.41,3.403,2.261,4.018,3.749,3.423,3.556
201901,pib,7,1.249,4.749,3.795,4.034,3.502,2.448,3.254,2.965,4.061,3.896,4.311,5.157,3.976,2.544,4.558,4.221,3.536,4.09
201901,pib,8,2.119,5.432,4.338,4.587,3.955,2.823,3.728,3.368,4.641,4.466,4.878,5.903,4.547,2.893,4.995,4.723,4.017,4.73
201901,consumo,1,0.3936,0.5298,0.5498,0.4934,0.674,0.2595,0.637,0.2294,0.6668,0.8608,0.8422,0.5629,0.5605,0.4278,0.5436,0.04991,0.509,0.9745
201901,consumo,2,0.9649,1.066,1.103,1.025,1.359,0.5189,1.331,0.5211,1.334,1.569,1.577,1.133,1.125,0.8868,1.122,-2.344,1.005,1.599
201901,consumo,3,1.533,1.609,1.661,1.563,2.055,0.7898,2.031,0.84,2,2.234,2.247,1.71,1.694,1.338,1.713,-2.359,1.534,2.159
201901,consumo,4,0.4863,2.157,2.222,2.108,2.756,1.076,2.735,1.173,2.667,2.887,2.906,2.294,2.268,1.808,2.286,-1.381,2.088,2.587
201901,consumo,5,-11.46,2.712,2.786,2.655,3.445,1.356,3.439,1.518,3.334,3.537,3.554,2.885,2.845,2.265,2.875,-0.6339,2.627,3.086
201901,consumo,6,-4.407,3.272,3.354,3.201,4.12,1.65,4.138,1.862,4.001,4.187,4.201,3.482,3.425,2.713,3.494,0.6903,3.146,3.482
201901,consumo,7,-0.9079,3.837,3.925,3.746,4.783,1.941,4.821,2.215,4.668,4.835,4.847,4.084,4.01,3.152,4.098,2.069,3.64,3.899
201901,consumo,8,-0.9024,4.407,4.498,4.294,5.439,2.236,5.497,2.577,5.335,5.484,5.492,4.693,4.597,3.582,4.69,3.427,4.149,4.287
201901,investimento,1,4.984,1.022,0.6386,1.022,0.3128,0.2821,-0.3613,1.415,0.4418,-0.214,1.015,1,0.5973,1.168,1.531,0.2016,1.022,1.008
201901,investimento,2,7.72,2.028,1.259,1.867,0.4363,0.7531,-0.5186,2.262,0.8835,-0.04554,1.773,2.171,1.321,2.386,1.888,-3.968,1.784,1.919
201901,investimento,3,1.975,3.022,1.866,2.622,0.4116,1.222,-0.5926,2.937,1.325,0.2689,2.315,3.375,2.059,3.148,3.394,-1.444,3.122,4.241
201901,investimento,4,6.741,4.003,2.463,3.338,0.3157,1.65,-0.7199,3.478,1.767,0.6389,2.77,4.58,2.791,4.151,4.632,-0.6712,4.578,4.226
201901,investimento,5,-10.66,4.974,3.052,4.004,0.1723,2.064,-0.8473,3.939,2.209,1.03,3.189,5.768,3.507,4.811,6.224,2.953,5.563,4.988
201901,investimento,6,-1.329,5.934,3.633,4.732,0.1023,2.397,-0.989,4.547,2.651,1.43,3.595,6.936,4.206,5.498,8.082,6.101,6.224,4.742
201901,investimento,7,11.74,6.885,4.209,5.408,-0.01793,3.043,-1.093,5,3.092,1.832,3.995,8.083,4.888,6.192,9.618,10.86,6.805,5.02
201901,investimento,8,17.77,7.827,4.779,6.053,-0.1717,3.628,-1.188,5.411,3.534,2.236,4.394,9.208,5.555,6.855,10.98,14.88,7.874,4.414
201901,governo,1,-0.04724,0.7838,0.4415,0.4368,0.4368,0.4368,0.4368,0.4368,0.437,0.4368,0.4551,0.7793,0.413,0.3602,0.4352,0.4334,0.4327,0.2158
201901,governo,2,-0.3041,1.564,0.8761,0.8612,0.8612,0.8612,0.8612,0.8612,0.8739,0.8612,0.8446,1.577,0.8495,0.8245,0.7933,0.8402,0.8634,0.4597
201901,governo,3,-0.365,2.343,1.306,1.292,1.292,1.292,1.292,1.292,1.311,1.292,1.292,2.372,1.283,1.281,1.239,1.275,1.306,0.8872
201901,governo,4,0.04722,3.12,1.734,1.719,1.719,1.719,1.719,1.719,1.748,1.719,1.71,3.167,1.718,1.683,1.67,1.692,1.72,1.499
201901,governo,5,-8.363,3.895,2.159,2.148,2.148,2.148,2.148,2.148,2.185,2.148,2.144,3.96,2.152,2.107,2.096,2.103,2.105,1.957
201901,governo,6,-4.959,4.67,2.584,2.577,2.577,2.577,2.577,2.577,2.622,2.577,2.57,4.753,2.586,2.533,2.484,2.508,2.471,2.466
201901,governo,7,-2.687,5.443,3.008,3.005,3.005,3.005,3.005,3.005,3.059,3.005,3,5.545,3.021,2.951,2.923,2.918,2.886,2.914
201901,governo,8,-1.797,6.217,3.432,3.434,3.434,3.434,3.434,3.434,3.496,3.434,3.428,6.336,3.455,3.366,3.305,3.319,3.297,3.332
201901,desemprego,1,-0.2394,,,,,,,,0.1714,0.06178,,-0.1011,-0.06258,-0.1793,-0.2263,0.01298,-0.1944,-0.02803
201901,desemprego,2,-0.2519,,,,,,,,0.3429,0.1588,,-0.237,-0.1438,-0.4033,-0.4269,-0.05295,-0.4342,-0.1088
201901,desemprego,3,-0.6099,,,,,,,,0.5143,0.2797,,-0.3802,-0.2269,-0.5416,-0.5432,-0.2538,-0.6045,-0.181
201901,desemprego,4,-0.4,,,,,,,,0.6857,0.4169,,-0.5204,-0.3058,-0.6491,-0.6651,-0.3934,-0.7513,-0.3257
201901,desemprego,5,1.261,,,,,,,,0.8571,0.5651,,-0.6537,-0.3787,-0.7359,-0.7236,-0.4588,-0.7495,-0.4174
201901,desemprego,6,2.748,,,,,,,,1.029,0.7209,,-0.7791,-0.4453,-0.8361,-0.7574,-0.4457,-0.8174,-0.5196
201901,desemprego,7,2.49,,,,,,,,1.2,0.8817,,-0.8967,-0.5063,-0.8973,-0.8276,-0.49,-0.8482,-0.5267
201901,desemprego,8,2.1,,,,,,,,1.371,1.046,,-1.007,-0.562,-0.9124,-0.878,-0.5301,-0.8965,-0.4924
201902,pib,1,0.01759,0.5321,0.4053,0.5419,0.4922,0.4326,0.5599,0.424,0.5801,0.5725,0.6368,0.7901,0.6224,0.2953,0.272,0.07446,0.3463,0.8514
201902,pib,2,0.8934,1.12,0.8622,1.103,0.9863,0.7971,1.065,0.8377,1.16,1.144,1.058,1.546,1.209,1.299,0.2753,0.8644,0.9648,1.25
201902,pib,3,-1.424,1.742,1.352,1.659,1.466,1.171,1.563,1.241,1.74,1.715,1.603,2.301,1.789,2.251,0.7368,0.9816,1.478,1.516
201902,pib,4,-10.72,2.385,1.861,2.214,1.938,1.552,2.064,1.643,2.32,2.287,2.146,3.052,2.365,2.423,1.556,1.456,2.013,1.73
201902,pib,5,-3.097,3.042,2.384,2.786,2.422,1.937,2.554,2.063,2.9,2.858,2.705,3.802,2.938,2.753,2.227,1.826,2.728,2.309
201902,pib,6,0.6722,3.708,2.916,3.356,2.897,2.324,3.042,2.484,3.481,3.429,3.264,4.549,3.511,3.452,2.762,2.077,3.062,2.881
201902,pib,7,1.542,4.38,3.453,3.909,3.351,2.724,3.531,2.891,4.061,4,3.825,5.295,4.083,4.05,3.067,2.372,3.201,3.5
201902,pib,8,0.841,5.056,3.994,4.465,3.803,3.111,4.001,3.303,4.641,4.571,4.386,6.04,4.654,4.496,3.338,2.787,3.603,4.215
201902,consumo,1,0.5713,0.5426,0.5593,0.5121,0.682,0.287,0.7758,0.3289,0.6639,0.5736,0.1509,0.5771,0.571,0.4535,0.4407,0.3545,0.4351,1.141
201902,consumo,2,1.139,1.089,1.12,1.048,1.384,0.6025,1.505,0.6626,1.328,1.197,0.8302,1.161,1.146,1.037,0.8779,0.9448,0.9723,2.423
201902,consumo,3,0.09271,1.641,1.684,1.587,2.082,0.9104,2.222,1.008,1.992,1.833,1.381,1.751,1.725,1.681,1.327,1.498,1.501,3.475
201902,consumo,4,-11.85,2.197,2.249,2.132,2.772,1.215,2.93,1.361,2.656,2.474,2.029,2.348,2.307,2.244,1.789,2.282,2.041,4.221
201902,consumo,5,-4.8,2.758,2.818,2.679,3.449,1.529,3.631,1.711,3.319,3.116,2.646,2.95,2.892,2.809,2.258,7.013,2.603,4.924
201902,consumo,6,-1.302,3.323,3.389,3.225,4.115,1.847,4.328,2.063,3.983,3.757,3.283,3.558,3.481,3.387,2.739,10.52,3.148,5.542
201902,consumo,7,-1.296,3.894,3.964,3.767,4.766,2.159,5.014,2.433,4.647,4.399,3.913,4.171,4.073,3.957,3.199,13.57,3.68,6.119
201902,consumo,8,-2.687,4.469,4.54,4.308,5.412,2.503,5.693,2.804,5.311,5.041,4.547,4.79,4.667,4.533,3.657,16.19,4.221,6.63
201902,investimento,1,2.737,0.5235,0.1804,0.5023,-0.2144,0.6414,-0.1444,0.4612,0.4906,2.173,-0.1087,1.391,1.003,1.089,-0.9696,1.654,1.319,2.754
201902,investimento,2,-3.009,1.212,0.531,1.311,-0.1804,1.101,-0.1299,1.197,0.9812,3.296,0.04171,2.639,1.833,2.957,-0.1933,3.611,3.122,6.997
201902,investimento,3,1.758,1.999,0.9853,1.941,-0.3649,1.51,-0.2486,1.623,1.472,4.026,0.3015,3.857,2.61,4.826,0.7832,5.035,4.83,10.64
201902,investimento,4,-15.64,2.841,1.502,2.623,-0.4869,2.082,-0.2831,2.109,1.962,4.608,0.6864,5.042,3.352,5.535,1.716,7.222,6.109,12.57
201902,investimento,5,-6.313,3.714,2.056,3.316,-0.5917,2.549,-0.3662,2.632,2.453,5.136,1.081,6.199,4.072,6.463,2.461,20.78,7.41,13.95
201902,investimento,6,6.761,4.604,2.631,4.062,-0.6302,3.046,-0.4333,3.253,2.944,5.644,1.499,7.33,4.775,7.662,3.103,30.61,7.931,15.24
201902,investimento,7,12.78,5.499,3.217,4.709,-0.7775,3.639,-0.4892,3.686,3.434,6.143,1.917,8.438,5.465,8.563,3.07,39.83,8.126,15.89
201902,investimento,8,7.85,6.396,3.81,5.36,-0.9409,4.005,-0.6002,4.124,3.925,6.64,2.339,9.526,6.144,9.437,3.104,47.39,8.789,15.97
201902,governo,1,-0.2568,0.5076,0.1596,0.6654,0.6654,0.6654,0.6654,0.6654,0.4317,0.6654,1.145,0.8465,0.4597,0.75,0.1987,0.6429,0.7302,0.5116
201902,governo,2,-0.3178,1.121,0.4184,0.9682,0.9682,0.9682,0.9682,0.9682,0.8635,0.9682,1.123,1.64,0.8878,1.058,0.7997,0.9351,0.8452,0.7839
201902,governo,3,0.09446,1.798,0.7388,1.455,1.455,1.455,1.455,1.455,1.295,1.455,1.8,2.438,1.319,1.501,1.438,1.417,1.463,1.236
201902,governo,4,-8.315,2.514,1.097,1.849,1.849,1.849,1.849,1.849,1.727,1.849,2.105,3.235,1.751,1.886,1.862,1.784,1.894,1.526
201902,governo,5,-4.911,3.254,1.48,2.29,2.29,2.29,2.29,2.29,2.159,2.29,2.595,4.032,2.182,2.336,2.317,2.129,2.313,2.002
201902,governo,6,-2.64,4.007,1.877,2.707,2.707,2.707,2.707,2.707,2.59,2.707,2.994,4.827,2.613,2.744,2.724,2.363,2.698,2.434
201902,governo,7,-1.75,4.77,2.284,3.136,3.136,3.136,3.136,3.136,3.022,3.136,3.437,5.622,3.045,3.155,3.154,2.372,3.138,2.884
201902,governo,8,-0.4669,5.537,2.696,3.559,3.559,3.559,3.559,3.559,3.454,3.559,3.858,6.415,3.476,3.557,3.572,2.356,3.578,3.359
201902,desemprego,1,-0.01243,,,,,,,,0.1573,-0.1225,,-0.1857,-0.1297,-0.062,-0.1409,0.04868,-0.1074,-0.06402
201902,desemprego,2,-0.3705,,,,,,,,0.3145,-0.1643,,-0.3521,-0.2266,-0.07945,-0.2642,-0.0411,-0.2824,-0.08843
201902,desemprego,3,-0.1606,,,,,,,,0.4718,-0.1506,,-0.5041,-0.3061,-0.09828,-0.3524,-0.1008,-0.4879,-0.1321
201902,desemprego,4,1.5,,,,,,,,0.629,-0.09861,,-0.6439,-0.3752,-0.07633,-0.475,-0.1856,-0.4954,-0.193
201902,desemprego,5,2.988,,,,,,,,0.7863,-0.02021,,-0.7733,-0.4372,-0.06463,-0.5027,-0.2387,-0.5278,-0.2299
201902,desemprego,6,2.73,,,,,,,,0.9436,0.07638,,-0.8934,-0.4938,-0.09607,-0.5491,-0.2912,-0.6293,-0.2698
201902,desemprego,7,2.339,,,,,,,,1.101,0.1855,,-1.005,-0.5459,-0.1032,-0.6045,-0.4169,-0.7272,-0.2548
201902,desemprego,8,2.1,,,,,,,,1.258,0.3033,,-1.109,-0.5943,-0.1694,-0.629,-0.5031,-0.7387,-0.2721
201903,pib,1,0.8758,0.4802,0.3501,0.3944,0.3408,0.2167,0.3725,0.2868,0.5741,0.4241,0.5888,0.7172,0.5521,0.9771,-0.5008,-0.2134,-0.2634,-0.4035
201903,pib,2,-1.441,1.037,0.7721,0.9042,0.7793,0.5335,0.8294,0.6527,1.148,0.9519,0.9982,1.429,1.092,1.177,0.1358,0.09414,0.7019,-0.197
201903,pib,3,-10.74,1.64,1.238,1.446,1.241,0.8738,1.305,1.041,1.722,1.506,1.531,2.152,1.637,1.711,1.023,0.7336,1.192,0.4041
201903,pib,4,-3.115,2.271,1.732,1.997,1.704,1.234,1.789,1.436,2.296,2.067,2.068,2.881,2.186,2.3,1.595,1.082,1.601,1.206
201903,pib,5,0.6546,2.92,2.244,2.551,2.166,1.599,2.262,1.836,2.871,2.629,2.619,3.612,2.737,2.85,2.037,1.589,2.186,1.89
201903,pib,6,1.525,3.581,2.766,3.098,2.615,1.966,2.733,2.231,3.445,3.192,3.172,4.345,3.292,3.003,2.69,1.883,2.836,2.228
201903,pib,7,0.8234,4.248,3.295,3.656,3.069,2.341,3.205,2.639,4.019,3.756,3.726,5.08,3.848,3.506,3.536,2.121,3.001,2.5
201903,pib,8,0.9745,4.92,3.829,4.207,3.511,2.715,3.663,3.043,4.593,4.319,4.281,5.815,4.406,3.987,4.165,2.621,3.208,2.97
201903,consumo,1,0.568,0.5457,0.5634,0.3604,0.5354,0.2644,0.5617,0.2759,0.6629,0.6225,0.1184,0.5768,0.5716,0.4299,0.2614,0.6613,0.3445,0.302
201903,consumo,2,-0.4785,1.095,1.128,0.8467,1.196,0.5343,1.231,0.5839,1.326,1.259,0.7914,1.159,1.146,0.7924,0.7456,1.22,0.8218,1.27
201903,consumo,3,-12.42,1.647,1.694,1.368,1.873,0.8201,1.922,0.9096,1.989,1.899,1.337,1.748,1.724,1.196,1.273,1.769,1.296,2.086
201903,consumo,4,-5.371,2.205,2.262,1.895,2.543,1.099,2.62,1.237,2.652,2.541,1.983,2.342,2.305,1.607,1.821,2.294,1.761,2.889
201903,consumo,5,-1.873,2.766,2.833,2.432,3.209,1.382,3.309,1.571,3.314,3.183,2.598,2.942,2.889,2.032,2.367,2.777,2.245,3.682
201903,consumo,6,-1.867,3.333,3.406,2.967,3.861,1.675,3.994,1.916,3.977,3.825,3.234,3.547,3.476,2.432,2.93,3.242,2.73,4.415
201903,consumo,7,-3.259,3.903,3.982,3.502,4.505,1.971,4.672,2.258,4.64,4.467,3.863,4.157,4.066,2.855,3.511,3.795,3.201,5.085
201903,consumo,8,-1.779,4.479,4.56,4.035,5.148,2.28,5.341,2.608,5.303,5.108,4.496,4.772,4.659,3.279,4.102,4.39,3.67,5.698
201903,investimento,1,-5.745,0.342,0.01898,0.1918,-0.5686,-0.6349,-0.4767,-0.2055,0.5145,1.344,-0.2157,1.026,0.6719,-0.4409,0.6267,3.098,2.083,3.498
201903,investimento,2,-0.9789,0.918,0.2797,0.95,-0.632,-0.2418,-0.4716,0.4186,1.029,2.165,-0.08934,2.051,1.299,-0.2252,1.718,3.824,4.496,6.768
201903,investimento,3,-18.38,1.631,0.6867,1.555,-0.8566,0.06639,-0.646,0.8481,1.544,2.788,0.1737,3.114,1.944,0.6431,2.855,4.408,5.823,8.068
201903,investimento,4,-9.05,2.424,1.182,2.281,-0.9473,0.5892,-0.7087,1.462,2.058,3.338,0.5743,4.185,2.597,1.524,3.889,4.871,7.11,9.781
201903,investimento,5,4.024,3.261,1.729,2.954,-1.086,1.107,-0.8374,1.945,2.573,3.859,0.989,5.255,3.256,2.43,5.003,5.763,8.512,11.08
201903,investimento,6,10.05,4.122,2.307,3.609,-1.241,1.626,-0.9427,2.399,3.087,4.37,1.429,6.32,3.918,2.844,6.314,6.934,9.69,13.54
201903,investimento,7,5.113,4.995,2.902,4.295,-1.371,2.009,-1.055,2.887,3.602,4.877,1.868,7.377,4.583,3.625,7.717,8.082,10.7,15.27
201903,investimento,8,5.022,5.871,3.505,4.968,-1.544,2.394,-1.221,3.446,4.116,5.383,2.313,8.424,5.247,4.439,9.019,9.264,11.89,16.07
201903,governo,1,-0.06093,0.4147,0.05677,0.7616,0.7616,0.7616,0.7616,0.7616,0.4244,0.7616,1.241,0.8448,0.4553,0.7684,0.7755,0.7407,0.7606,0.7951
201903,governo,2,0.3513,0.9757,0.2523,1.006,1.006,1.006,1.006,1.006,0.8488,1.006,1.178,1.643,0.8775,1.145,1.009,0.9841,1.002,1.021
201903,governo,3,-8.058,1.624,0.5329,1.513,1.513,1.513,1.513,1.513,1.273,1.513,1.862,2.444,1.303,1.713,1.508,1.492,1.503,1.531
201903,governo,4,-4.655,2.325,0.8658,1.886,1.886,1.886,1.886,1.886,1.698,1.886,2.155,3.244,1.729,2.056,1.855,1.861,1.856,1.919
201903,governo,5,-2.383,3.058,1.231,2.328,2.328,2.328,2.328,2.328,2.122,2.328,2.641,4.044,2.154,2.44,2.308,2.289,2.294,2.329
201903,governo,6,-1.493,3.809,1.615,2.735,2.735,2.735,2.735,2.735,2.547,2.735,3.033,4.842,2.579,2.836,2.728,2.688,2.704,2.699
201903,governo,7,-0.21,4.571,2.012,3.159,3.159,3.159,3.159,3.159,2.971,3.159,3.47,5.64,3.005,3.296,3.148,3.097,3.112,3.108
201903,governo,8,1.104,5.339,2.416,3.574,3.574,3.574,3.574,3.574,3.395,3.574,3.885,6.437,3.43,3.713,3.556,3.504,3.526,3.534
201903,desemprego,1,-0.358,,,,,,,,0.1516,0.03929,,-0.07363,-0.02282,-0.11,-0.01432,0.2244,0.1232,-0.122
201903,desemprego,2,-0.1481,,,,,,,,0.3032,0.1138,,-0.1689,-0.05121,-0.235,-0.1303,0.3827,0.0781,-0.2017
201903,desemprego,3,1.512,,,,,,,,0.4548,0.2122,,-0.2726,-0.08406,-0.3216,-0.2834,0.4419,0.02832,-0.3748
201903,desemprego,4,3,,,,,,,,0.6064,0.3269,,-0.3784,-0.1201,-0.3734,-0.3378,0.5432,-0.01137,-0.4924
201903,desemprego,5,2.742,,,,,,,,0.758,0.4527,,-0.4835,-0.1585,-0.4132,-0.4173,0.6191,-0.06148,-0.4951
201903,desemprego,6,2.352,,,,,,,,0.9096,0.586,,-0.5863,-0.1983,-0.439,-0.4736,0.8473,-0.1071,-0.6357
201903,desemprego,7,2.112,,,,,,,,1.061,0.7245,,-0.6861,-0.2389,-0.501,-0.5644,1.115,-0.07623,-0.7002
201903,desemprego,8,0.8,,,,,,,,1.213,0.8664,,-0.7824,-0.2798,-0.54,-0.5284,1.037,-0.06617,-0.7129
201904,pib,1,-2.317,0.7228,0.6093,0.6515,0.5971,0.5281,0.5668,0.5326,0.5773,0.6471,0.27,0.8399,0.6851,0.2516,0.374,0.7788,-0.462,1.04
201904,pib,2,-11.61,1.426,1.192,1.25,1.121,0.9583,1.079,0.9913,1.155,1.236,0.9982,1.678,1.358,0.6499,0.5559,1.2,-0.1408,2.008
201904,pib,3,-3.991,2.119,1.758,1.823,1.61,1.372,1.579,1.423,1.732,1.811,1.556,2.501,2.012,1.322,0.986,1.688,0.4792,2.243
201904,pib,4,-0.2211,2.806,2.315,2.398,2.094,1.779,2.072,1.859,2.309,2.382,2.134,3.309,2.649,1.869,1.572,2.146,1.376,2.829
201904,pib,5,0.6489,3.489,2.867,2.961,2.561,2.191,2.558,2.285,2.886,2.952,2.695,4.103,3.273,2.01,2.053,2.642,2.075,2.157
201904,pib,6,-0.05233,4.171,3.416,3.53,3.03,2.601,3.04,2.718,3.464,3.521,3.257,4.884,3.884,2.334,2.621,3.208,2.489,2.409
201904,pib,7,0.09877,4.853,3.964,4.097,3.49,3.014,3.515,3.152,4.041,4.091,3.817,5.656,4.486,2.774,3.113,3.888,2.728,2.609
201904,pib,8,1.42,5.535,4.512,4.672,3.954,3.427,3.982,3.595,4.618,4.661,4.376,6.42,5.081,3.204,3.41,4.539,3.204,2.955
201904,consumo,1,-1.047,0.5395,0.5563,0.644,0.8299,0.361,0.8182,0.4132,0.6619,0.621,1.176,0.5778,0.5711,0.5603,0.5403,0.4208,0.4324,1.328
201904,consumo,2,-12.99,1.085,1.117,1.221,1.561,0.7077,1.561,0.7975,1.324,1.257,1.726,1.164,1.148,1.017,1.063,-0.8367,0.9461,1.841
201904,consumo,3,-5.939,1.637,1.681,1.78,2.256,1.045,2.278,1.183,1.986,1.896,2.461,1.758,1.73,1.498,1.597,-1.134,1.483,2.507
201904,consumo,4,-2.441,2.195,2.249,2.333,2.931,1.396,2.984,1.566,2.648,2.537,3.081,2.359,2.316,1.986,2.131,-0.5821,2.049,3.579
201904,consumo,5,-2.435,2.757,2.82,2.88,3.591,1.747,3.681,1.96,3.309,3.178,3.742,2.966,2.907,2.434,2.655,0.3039,2.626,4.578
201904,consumo,6,-3.827,3.325,3.394,3.435,4.247,2.101,4.368,2.35,3.971,3.819,4.379,3.579,3.501,2.872,3.187,1.349,3.189,5.826
201904,consumo,7,-2.347,3.898,3.971,3.987,4.902,2.488,5.042,2.751,4.633,4.46,5.026,4.198,4.098,3.314,3.722,2.599,3.731,7.069
201904,consumo,8,-1.577,4.475,4.551,4.542,5.559,2.87,5.714,3.15,5.295,5.101,5.667,4.822,4.698,3.771,4.261,3.871,4.285,8.183
201904,investimento,1,4.767,1.135,0.847,0.6464,-0.1407,0.9538,-0.2186,0.789,0.4486,-1.836,0.7613,1.689,1.344,1.21,1.817,0.5458,-1.42,-2.814
201904,investimento,2,-12.63,2.193,1.591,1.507,-0.05334,1.698,-0.2057,1.589,0.8972,-2.256,1.34,3.334,2.593,2.298,2.83,-1.994,-0.8331,-0.2319
201904,investimento,3,-3.304,3.202,2.27,2.18,-0.1631,2.208,-0.3237,2.073,1.346,-2.161,1.889,4.882,3.725,3.531,4.297,-0.4805,0.2935,2.944
201904,investimento,4,9.77,4.177,2.908,2.929,-0.1862,2.752,-0.3551,2.644,1.794,-1.88,2.312,6.332,4.753,4.472,5.634,1.292,1.928,5.656
201904,investimento,5,15.79,5.13,3.52,3.62,-0.2678,3.197,-0.4475,3.144,2.243,-1.532,2.739,7.692,5.69,4.619,6.619,2.758,3.596,12.79
201904,investimento,6,10.86,6.065,4.114,4.326,-0.3356,3.695,-0.5182,3.645,2.692,-1.159,3.141,8.975,6.552,4.724,7.816,6.44,4.917,15.9
201904,investimento,7,10.77,6.987,4.696,5.024,-0.4363,4.168,-0.5876,4.14,3.14,-0.7776,3.546,10.19,7.351,4.926,8.96,8.322,5.928,20.27
201904,investimento,8,11.44,7.898,5.269,5.735,-0.5534,4.576,-0.712,4.621,3.589,-0.3927,3.946,11.35,8.099,5.386,9.682,11.76,7.414,23.74
201904,governo,1,0.4122,0.8795,0.5456,0.6528,0.6528,0.6528,0.6528,0.6528,0.4193,0.6528,-0.131,0.7964,0.4148,0.5904,0.6424,0.7449,0.6343,0.6265
201904,governo,2,-7.997,1.718,1.036,0.9438,0.9438,0.9438,0.9438,0.9438,0.8386,0.9438,0.7383,1.601,0.8371,0.8483,0.9203,1.121,0.9447,0.9099
201904,governo,3,-4.594,2.532,1.494,1.418,1.418,1.418,1.418,1.418,1.258,1.418,0.8673,2.404,1.258,1.372,1.38,2.036,1.418,1.31
201904,governo,4,-2.322,3.331,1.931,1.8,1.8,1.8,1.8,1.8,1.677,1.8,1.422,3.207,1.679,1.738,1.756,2.474,1.789,1.645
201904,governo,5,-1.432,4.12,2.357,2.228,2.228,2.228,2.228,2.228,2.097,2.228,1.757,4.008,2.101,2.159,2.176,2.991,2.207,2.049
201904,governo,6,-0.1491,4.904,2.775,2.633,2.633,2.633,2.633,2.633,2.516,2.633,2.201,4.808,2.522,2.605,2.588,3.431,2.582,2.382
201904,governo,7,1.165,5.684,3.189,3.05,3.05,3.05,3.05,3.05,2.935,3.05,2.593,5.608,2.943,3,3.003,3.848,2.961,2.764
201904,governo,8,2.422,6.461,3.6,3.46,3.46,3.46,3.46,3.46,3.354,3.46,3.01,6.407,3.364,3.405,3.389,4.247,3.391,3.129
201904,desemprego,1,0.2099,,,,,,,,0.1352,-0.2158,,-0.3316,-0.2912,-0.07627,-0.1185,-0.1588,-0.246,-0.1046
201904,desemprego,2,1.87,,,,,,,,0.2703,-0.333,,-0.6289,-0.5375,-0.1241,-0.2263,-0.2429,-0.29,-0.07095
201904,desemprego,3,3.358,,,,,,,,0.4055,-0.3817,,-0.8852,-0.7404,-0.1679,-0.3388,-0.3113,-0.3196,-0.0659
201904,desemprego,4,3.1,,,,,,,,0.5407,-0.383,,-1.103,-0.9052,-0.2306,-0.461,-0.3252,-0.2631,-0.113
201904,desemprego,5,2.71,,,,,,,,0.6758,-0.3514,,-1.286,-1.038,-0.2668,-0.4818,-0.3874,-0.241,-0.1424
201904,desemprego,6,2.47,,,,,,,,0.811,-0.297,,-1.44,-1.144,-0.2848,-0.507,-0.404,-0.2072,-0.1886
201904,desemprego,7,1.158,,,,,,,,0.9462,-0.2268,,-1.571,-1.229,-0.3262,-0.5207,-0.4539,-0.1758,-0.1907
201904,desemprego,8,0,,,,,,,,1.081,-0.1456,,-1.681,-1.295,-0.4067,-0.5669,-0.4677,-0.1923,-0.225
202001,pib,1,-9.295,0.2375,0.1252,-0.1994,-0.2609,-0.3752,-0.2261,-0.2628,0.5471,-0.1722,0.5968,0.5411,0.4291,-0.1413,0.2884,-0.307,0.3075,-0.0561
202001,pib,2,-1.674,0.6339,0.405,0.1084,-0.03248,-0.2694,0.03686,-0.09578,1.094,0.1837,0.3361,1.186,0.9353,0.3751,0.889,-1.415,0.4188,0.3384
202001,pib,3,2.096,1.121,0.7751,0.5494,0.3202,-0.06284,0.4117,0.1707,1.641,0.6695,0.8223,1.857,1.463,0.8474,0.8565,-1.022,0.765,0.761
202001,pib,4,2.966,1.661,1.198,1.026,0.7016,0.1792,0.8114,0.4624,2.189,1.187,1.219,2.534,1.997,1.551,1.24,-0.7053,1.3,1.142
202001,pib,5,2.265,2.232,1.652,1.513,1.087,0.4388,1.219,0.7634,2.736,1.713,1.724,3.211,2.532,2.376,1.753,-0.2888,1.394,1.328
202001,pib,6,2.416,2.82,2.125,1.997,1.464,0.7006,1.617,1.063,3.283,2.241,2.224,3.885,3.065,2.827,1.829,0.2267,1.684,1.627
202001,pib,7,3.737,3.42,2.609,2.479,1.832,0.971,2.014,1.363,3.83,2.769,2.739,4.557,3.596,3.098,1.52,0.685,2.355,2.123
202001,pib,8,4.428,4.026,3.1,2.961,2.195,1.238,2.398,1.666,4.377,3.297,3.256,5.227,4.126,3.429,1.813,1.076,3,2.674
202001,consumo,1,-11.94,0.4901,0.5217,-0.3825,-0.1921,-0.01477,-0.1437,-0.1521,0.6441,0.1572,-1.051,0.5191,0.5362,-0.09684,-0.1059,-0.4156,0.1733,0.5218
202001,consumo,2,-4.893,0.9816,1.043,-0.1334,0.2541,0.08091,0.3025,-0.03929,1.288,0.647,-0.3604,1.044,1.076,0.1757,0.3453,0.4957,0.6009,1.216
202001,consumo,3,-1.394,1.476,1.565,0.2856,0.8512,0.2132,0.906,0.1437,1.932,1.229,-0.156,1.575,1.62,0.5731,0.8243,1.401,1.057,2.268
202001,consumo,4,-1.389,1.974,2.09,0.744,1.472,0.3433,1.553,0.3405,2.576,1.836,0.4937,2.111,2.168,1.002,1.317,2.629,1.539,3.375
202001,consumo,5,-2.78,2.477,2.617,1.215,2.091,0.4792,2.195,0.5487,3.221,2.45,1.004,2.653,2.719,1.476,1.822,4.227,1.989,4.557
202001,consumo,6,-1.3,2.984,3.148,1.689,2.7,0.6276,2.831,0.7681,3.865,3.066,1.617,3.2,3.274,1.951,2.288,5.782,2.449,5.846
202001,consumo,7,-0.5302,3.495,3.681,2.159,3.306,0.7798,3.465,0.9983,4.509,3.683,2.196,3.752,3.832,2.398,2.722,7.183,2.935,7.192
202001,consumo,8,0.4134,4.011,4.218,2.632,3.912,0.9418,4.094,1.224,5.153,4.299,2.797,4.309,4.393,2.828,3.146,8.297,3.43,8.504
202001,investimento,1,-17.4,-0.3311,-0.6394,-0.199,-1.032,-2.903,-0.9853,-1.514,0.4936,1.897,-4.616,0.4935,0.261,2.595,0.6655,5.535,0.8144,1.28
202001,investimento,2,-8.071,-0.1515,-0.7455,0.1611,-1.62,-3.258,-1.371,-1.566,0.9872,2.852,-5.106,1.438,0.895,3.435,2.553,10.11,1.653,5.747
202001,investimento,3,5.003,0.3152,-0.5445,0.6572,-2.07,-3.14,-1.709,-1.3,1.481,3.496,-5.631,2.492,1.633,4.16,3.452,12.79,2.617,10.47
202001,investimento,4,11.03,0.9422,-0.1675,1.233,-2.43,-2.871,-2.044,-0.7799,1.974,4.04,-5.435,3.561,2.391,4.91,4.524,17.13,3.992,15.74
202001,investimento,5,6.092,1.657,0.3096,1.777,-2.822,-2.409,-2.348,-0.4097,2.468,4.549,-5.234,4.611,3.139,6.118,5.726,22.12,4.578,21
202001,investimento,6,6.001,2.42,0.8429,2.347,-3.181,-1.93,-2.687,0.0527,2.962,5.048,-4.905,5.634,3.867,6.967,6.386,26.45,5.397,25.95
202001,investimento,7,6.671,3.208,1.407,2.88,-3.618,-1.506,-3.043,0.408,3.455,5.543,-4.572,6.629,4.576,7.545,6.743,30.68,6.74,30.41
202001,investimento,8,4.771,4.006,1.988,3.413,-4.088,-1.124,-3.433,0.8152,3.949,6.037,-4.217,7.597,5.265,8.189,7.3,33.57,8.024,34.52
202001,governo,1,-8.41,0.009013,-0.2987,0.4104,0.4104,0.4104,0.4104,0.4104,0.4192,0.4104,2.088,0.6594,0.3771,1.733,0.41,0.3115,0.4604,0.4004
202001,governo,2,-5.006,0.3226,-0.2994,0.8217,0.8217,0.8217,0.8217,0.8217,0.8385,0.8217,1.17,1.384,0.7884,2.162,0.7915,0.738,0.827,0.7368
202001,governo,3,-2.735,0.8091,-0.1275,1.233,1.233,1.233,1.233,1.233,1.258,1.233,2.504,2.112,1.201,2.591,1.184,1.16,1.269,1.147
202001,governo,4,-1.845,1.394,0.1445,1.644,1.644,1.644,1.644,1.644,1.677,1.644,2.429,2.84,1.613,3.018,1.572,1.571,1.608,1.533
202001,governo,5,-0.5613,2.034,0.4744,2.055,2.055,2.055,2.055,2.055,2.096,2.055,3.122,3.568,2.026,3.4,1.92,1.931,1.984,1.941
202001,governo,6,0.7525,2.705,0.8379,2.466,2.466,2.466,2.466,2.466,2.515,2.466,3.41,4.294,2.438,3.808,2.273,2.319,2.468,2.364
202001,governo,7,2.01,3.394,1.221,2.877,2.877,2.877,2.877,2.877,2.935,2.877,3.899,5.021,2.851,4.204,2.644,2.708,2.908,2.781
202001,governo,8,2.115,4.094,1.615,3.288,3.288,3.288,3.288,3.288,3.354,3.288,4.289,5.747,3.264,4.612,3.089,3.092,3.338,3.169
202001,desemprego,1,1.661,,,,,,,,0.1375,0.1888,,-0.01531,0.02466,-0.05387,-0.01528,-0.03513,0.0053,0.2089
202001,desemprego,2,3.148,,,,,,,,0.275,0.3638,,-0.1151,-0.02493,-0.1642,-0.07898,-0.08313,-0.02975,0.177
202001,desemprego,3,2.89,,,,,,,,0.4125,0.5298,,-0.237,-0.09597,-0.3249,-0.1404,-0.1784,-0.1448,0.04068
202001,desemprego,4,2.5,,,,,,,,0.55,0.6899,,-0.3574,-0.1684,-0.438,-0.2087,-0.2727,-0.2429,-0.1029
202001,desemprego,5,2.261,,,,,,,,0.6875,0.8462,,-0.4687,-0.2352,-0.4839,-0.3177,-0.3578,-0.3294,-0.2213
202001,desemprego,6,0.9481,,,,,,,,0.825,1,,-0.5691,-0.2948,-0.5228,-0.3306,-0.3817,-0.3441,-0.3095
202001,desemprego,7,-0.2099,,,,,,,,0.9625,1.152,,-0.6592,-0.3473,-0.5644,-0.3582,-0.3913,-0.4069,-0.3816
202001,desemprego,8,-1.3,,,,,,,,1.1,1.303,,-0.74,-0.3933,-0.6097,-0.4294,-0.421,-0.4425,-0.4191
202002,pib,1,7.621,1.621,1.436,-3.998,-4.025,-3.714,-4.124,-3.86,0.4457,-3.83,-6.885,0.7685,0.4215,-3.112,-1.756,-1.623,-0.421,-1.328
202002,pib,2,11.39,1.638,1.318,-5.745,-5.827,-5.378,-5.899,-5.604,0.8913,-5.291,-10.63,1.092,0.6233,-3.918,-2.958,-2.656,-0.05794,-1.4
202002,pib,3,12.26,2.222,1.751,-6.426,-6.589,-6.195,-6.622,-6.43,1.337,-5.724,-12.03,1.691,1.024,-3.883,-2.779,-3.344,0.1219,-0.8039
202002,pib,4,11.56,2.614,1.993,-6.633,-6.897,-6.683,-6.899,-6.883,1.783,-5.711,-12.49,2.288,1.441,-4.555,-2.503,-4.126,-0.04537,-0.2074
202002,pib,5,11.71,3.081,2.308,-6.639,-7.018,-7.043,-6.992,-7.192,2.228,-5.505,-12.5,2.892,1.86,-4.665,-2.766,-4.942,0.05263,0.4136
202002,pib,6,13.03,3.529,2.601,-6.551,-7.056,-7.333,-6.992,-7.436,2.674,-5.214,-12.34,3.487,2.271,-4.555,-2.702,-5.897,0.3109,0.7841
202002,pib,7,13.72,3.99,2.906,-6.421,-7.063,-7.59,-6.958,-7.65,3.12,-4.888,-12.11,4.073,2.671,-4.582,-2.625,-6.881,0.5232,1.309
202002,pib,8,14.86,4.454,3.211,-6.274,-7.063,-7.845,-6.934,-7.853,3.565,-4.546,-11.86,4.651,3.063,-4.746,-2.609,-8.108,0.7402,1.399
202002,consumo,1,7.049,0.2926,0.2668,-4.585,-4.015,-1.832,-4.085,-2.35,0.5143,-4.703,-8.951,0.3142,0.2728,-3.614,-2.54,-0.8687,-0.758,-0.888
202002,consumo,2,10.55,0.5858,0.5312,-6.503,-5.522,-2.991,-5.608,-3.538,1.029,-6.414,-11.97,0.6361,0.5507,-4.772,-3.221,-0.792,-0.6312,-1.01
202002,consumo,3,10.55,0.8899,0.8032,-7.261,-5.947,-3.81,-6.042,-4.289,1.543,-6.889,-13.37,0.9693,0.8364,-5.118,-3.292,-0.6587,-0.4058,-0.8399
202002,consumo,4,9.162,1.201,1.079,-7.485,-5.888,-4.494,-5.998,-4.863,2.057,-6.853,-13.61,1.313,1.13,-5.267,-3.18,-0.5677,-0.209,-0.6939
202002,consumo,5,10.64,1.52,1.36,-7.48,-5.624,-5.099,-5.749,-5.343,2.572,-6.606,-13.58,1.668,1.43,-5.309,-3.058,-0.6057,0.0146,-0.5685
202002,consumo,6,11.41,1.847,1.646,-7.377,-5.272,-5.688,-5.402,-5.788,3.086,-6.272,-13.34,2.032,1.737,-5.327,-2.917,-0.484,0.2505,-0.4477
202002,consumo,7,12.36,2.182,1.937,-7.23,-4.898,-6.257,-5.016,-6.206,3.6,-5.902,-13.07,2.405,2.05,-5.34,-2.741,-0.3479,0.4838,-0.2964
202002,consumo,8,14.37,2.523,2.232,-7.062,-4.519,-6.795,-4.628,-6.615,4.115,-5.516,-12.76,2.786,2.369,-5.37,-2.58,-0.3691,0.7042,-0.1457
202002,investimento,1,9.329,3.323,2.995,-9.942,-11.77,-33.29,-11.82,-26.63,0.3091,-4.376,-26.34,0.9745,0.006242,-10.43,-7.093,-3.139,-1.992,-1.798
202002,investimento,2,22.4,2.632,1.836,-11.04,-14.42,-39.94,-14.26,-32.6,0.6182,-5.355,-40.63,1.124,-0.08909,-14.66,-10.44,-4.128,-2.836,-3.368
202002,investimento,3,28.43,3.738,2.665,-13.61,-18.54,-48.49,-18.05,-39.48,0.9274,-5.446,-47.39,2.36,0.7575,-15.63,-10.9,-7.151,-2.558,-2.549
202002,investimento,4,23.49,4.2,2.776,-13.77,-20.17,-49.14,-19.4,-40.52,1.236,-5.307,-50.31,3.618,1.696,-16.53,-10.32,-9.323,-2.105,-3.082
202002,investimento,5,23.4,4.891,3.144,-14.52,-22.47,-51.76,-21.39,-42.95,1.546,-5.107,-51.72,4.869,2.617,-16.25,-9.903,-10.15,-0.8689,-3.797
202002,investimento,6,24.07,5.505,3.423,-14.64,-24.18,-52.16,-22.76,-43.74,1.855,-4.891,-52.44,6.047,3.464,-15.05,-8.91,-11.29,0.5916,-3.969
202002,investimento,7,22.17,6.149,3.734,-14.93,-26.1,-58.97,-24.43,-45.23,2.164,-4.671,-52.92,7.151,4.234,-14.15,-7.374,-11.38,2.459,-5.564
202002,investimento,8,25.39,6.785,4.035,-15.09,-27.91,-58.27,-25.95,-46.45,2.473,-4.45,-53.28,8.188,4.935,-13.42,-6.054,-13.82,4.088,-4.479
202002,governo,1,3.404,4.126,3.87,4.789,4.789,4.789,4.789,4.789,0.3282,4.789,4.026,2.007,1.273,4.875,4.78,4.788,4.789,4.814
202002,governo,2,5.675,3.98,3.414,2.89,2.89,2.89,2.89,2.89,0.6564,2.89,3.062,2.513,1.478,2.983,2.895,2.879,2.885,2.927
202002,governo,3,6.565,4.929,4.009,4.379,4.379,4.379,4.379,4.379,0.9847,4.379,4.532,3.31,1.842,4.438,4.39,4.373,4.368,4.465
202002,governo,4,7.848,5.51,4.243,4.152,4.152,4.152,4.152,4.152,1.313,4.152,4.538,4.046,2.182,4.213,4.157,4.141,4.129,4.241
202002,governo,5,9.162,6.22,4.605,4.795,4.795,4.795,4.795,4.795,1.641,4.795,5.16,4.79,2.524,4.865,4.787,4.774,4.766,4.88
202002,governo,6,10.42,6.885,4.921,4.996,4.996,4.996,4.996,4.996,1.969,4.996,5.419,5.53,2.866,5.064,4.99,4.965,4.969,5.098
202002,governo,7,10.53,7.565,5.253,5.421,5.421,5.421,5.421,5.421,2.298,5.421,5.837,6.267,3.208,5.477,5.407,5.333,5.396,5.504
202002,governo,8,9.65,8.24,5.58,5.733,5.733,5.733,5.733,5.733,2.626,5.733,6.166,7.002,3.548,5.775,5.719,5.667,5.714,5.794
202002,desemprego,1,1.488,,,,,,,,0.1837,1.214,,0.2514,0.29,0.134,0.0584,1.229,-0.1708,-0.1802
202002,desemprego,2,1.23,,,,,,,,0.3673,2.126,,0.07896,0.1569,-0.08052,-0.2293,2.441,-0.2983,-0.5029
202002,desemprego,3,0.8394,,,,,,,,0.551,2.835,,-0.2184,-0.09934,-0.3856,-0.5416,3.384,-0.2918,-0.8233
202002,desemprego,4,0.6,,,,,,,,0.7346,3.408,,-0.5242,-0.3673,-0.5386,-0.706,4.389,-0.351,-1.065
202002,desemprego,5,-0.7124,,,,,,,,0.9183,3.889,,-0.8039,-0.6127,-0.753,-0.8687,5.496,-0.361,-1.217
202002,desemprego,6,-1.87,,,,,,,,1.102,4.308,,-1.049,-0.8274,-0.8205,-0.9661,6.706,-0.3968,-1.289
202002,desemprego,7,-2.961,,,,,,,,1.286,4.685,,-1.262,-1.013,-0.8945,-1.028,7.84,-0.4123,-1.394
202002,desemprego,8,-4.3,,,,,,,,1.469,5.034,,-1.446,-1.173,-0.9467,-1.061,9.251,-0.4,-1.42
202003,pib,1,3.77,0.04267,-0.03488,0.3492,0.2341,-0.2399,0.07798,-0.1861,0.5189,0.2212,0.5367,-0.6991,-0.7897,0.2661,0.1002,0.6676,-0.3275,-0.8964
202003,pib,2,4.64,0.6833,0.5144,0.9011,0.6903,0.0413,0.5164,0.1744,1.038,0.7423,0.6094,-0.3277,-0.5229,0.3089,1.982,0.4369,0.6575,-0.08434
202003,pib,3,3.938,1.142,0.8779,1.426,1.111,0.2814,0.9262,0.4787,1.557,1.251,1.273,-0.1203,-0.4212,0.6499,3.24,1.228,0.06241,0.4291
202003,pib,4,4.089,1.661,1.304,1.948,1.523,0.5413,1.339,0.7868,2.076,1.761,1.808,0.2951,-0.1104,1.197,4.225,2.055,0.5509,0.3971
202003,pib,5,5.411,2.166,1.713,2.465,1.923,0.7957,1.742,1.092,2.594,2.27,2.284,0.7347,0.2221,1.711,4.191,2.567,0.9284,0.8153
202003,pib,6,6.102,2.679,2.13,2.988,2.324,1.052,2.134,1.407,3.113,2.779,2.81,1.232,0.6125,2.263,4.78,2.989,1.429,1.503
202003,pib,7,7.239,3.194,2.547,3.511,2.718,1.324,2.528,1.726,3.632,3.289,3.319,1.754,1.026,2.807,5.175,3.453,1.9,2.074
202003,pib,8,8.286,3.712,2.967,4.017,3.09,1.592,2.911,2.03,4.151,3.798,3.831,2.299,1.461,3.2,5.633,4.002,2.43,2.659
202003,consumo,1,3.499,0.4065,0.4071,0.2481,0.4031,-0.01161,0.3105,-0.1152,0.581,0.1421,2.294,0.4032,0.39,-0.4127,0.01799,0.1339,-0.5811,0.6937
202003,consumo,2,3.504,0.8204,0.8201,0.7502,1.09,0.1253,1.008,0.08271,1.162,0.7321,1.408,0.8107,0.7826,0.04606,0.5495,1.173,0.0243,2.21
202003,consumo,3,2.113,1.238,1.235,1.249,1.754,0.2556,1.688,0.2777,1.743,1.293,2.308,1.22,1.175,0.4409,1.118,1.742,0.3869,3.584
202003,consumo,4,3.593,1.661,1.654,1.742,2.397,0.395,2.357,0.4884,2.324,1.856,2.936,1.634,1.571,0.871,1.721,2.184,0.8233,4.72
202003,consumo,5,4.363,2.089,2.076,2.238,3.029,0.5447,3.017,0.7021,2.905,2.419,3.461,2.054,1.972,1.311,2.278,2.365,1.268,5.313
202003,consumo,6,5.306,2.521,2.5,2.73,3.648,0.6995,3.67,0.922,3.486,2.981,4.044,2.481,2.377,1.74,2.854,2.436,1.713,5.736
202003,consumo,7,7.322,2.957,2.928,3.223,4.271,0.857,4.319,1.146,4.067,3.544,4.625,2.914,2.787,2.198,3.409,2.595,2.167,5.974
202003,consumo,8,8.069,3.398,3.358,3.715,4.891,1.055,4.95,1.387,4.648,4.107,5.196,3.353,3.202,2.653,3.944,2.603,2.634,5.891
202003,investimento,1,13.07,-1.051,-1.374,1.676,0.7699,-0.5184,0.3078,0.3383,0.4012,1.315,6.22,-4.487,-5.076,-2.396,-1.591,-6.171,-1.577,1.825
202003,investimento,2,19.1,0.01397,-0.4974,1.984,0.08929,-0.6094,-0.4451,0.5472,0.8023,1.804,5.33,-4.936,-5.857,-2.831,-0.3824,2.106,-1.37,4.182
202003,investimento,3,14.16,0.4651,-0.2911,2.933,0.1025,0.1387,-0.5038,1.428,1.203,2.208,5.686,-5.676,-6.948,-2.787,0.7717,-0.09686,-2.748,9.302
202003,investimento,4,14.07,1.108,0.1316,3.529,-0.253,0.4652,-0.9192,1.853,1.605,2.604,6.324,-5.569,-7.118,-1.686,2.476,0.9107,-2.62,14.66
202003,investimento,5,14.74,1.694,0.4858,4.259,-0.4553,1.039,-1.156,2.41,2.006,2.998,6.7,-5.281,-7.098,-0.4054,3.421,0.7432,-1.728,16.03
202003,investimento,6,12.84,2.3,0.8634,4.948,-0.7149,1.392,-1.527,2.976,2.407,3.392,7.127,-4.743,-6.805,0.7946,4.743,0.8261,-0.3811,17.21
202003,investimento,7,16.06,2.902,1.235,5.662,-0.9895,1.946,-1.82,3.534,2.808,3.787,7.57,-4.09,-6.392,1.804,6.01,1.137,1.253,18.09
202003,investimento,8,19.17,3.507,1.609,6.273,-1.406,2.496,-2.13,3.907,3.209,4.181,8,-3.348,-5.882,2.807,6.853,0.2527,2.532,17.01
202003,governo,1,2.271,-0.007539,-0.287,-1.156,-1.156,-1.156,-1.156,-1.156,0.3596,-1.156,-0.5762,-0.3688,-0.682,-1.356,-1.189,-1.176,-1.167,-0.8643
202003,governo,2,3.161,0.9253,0.333,-0.08397,-0.08397,-0.08397,-0.08397,-0.08397,0.7192,-0.08397,0.05157,0.7197,0.09078,-0.3247,-0.09251,-0.09592,-0.1132,0.1636
202003,governo,3,4.445,1.52,0.608,-0.1003,-0.1003,-0.1003,-0.1003,-0.1003,1.079,-0.1003,0.1134,1.245,0.2967,-0.268,-0.1139,-0.1189,-0.1425,-0.2527
202003,governo,4,5.758,2.222,0.9949,0.4148,0.4148,0.4148,0.4148,0.4148,1.438,0.4148,0.6517,1.976,0.7129,0.3271,0.3712,0.3803,0.3646,0.2502
202003,governo,5,7.016,2.891,1.346,0.6704,0.6704,0.6704,0.6704,0.6704,1.798,0.6704,0.8932,2.633,1.052,0.6057,0.597,0.5931,0.6126,0.4402
202003,governo,6,7.121,3.57,1.708,1.053,1.053,1.053,1.053,1.053,2.158,1.053,1.28,3.316,1.419,1.002,0.9431,0.944,1.006,0.9026
202003,governo,7,6.246,4.245,2.067,1.373,1.373,1.373,1.373,1.373,2.517,1.373,1.602,3.99,1.776,1.33,1.275,1.207,1.32,1.281
202003,governo,8,8.185,4.922,2.427,1.724,1.724,1.724,1.724,1.724,2.877,1.724,1.954,4.667,2.136,1.679,1.621,1.616,1.668,1.622
202003,desemprego,1,-0.258,,,,,,,,0.222,1.176,,0.8778,0.8772,-0.4302,-0.5893,0.1237,-0.1936,0.3674
202003,desemprego,2,-0.6481,,,,,,,,0.444,2.125,,1.403,1.401,-1.084,-1.149,-0.1371,-0.6873,0.167
202003,desemprego,3,-0.8876,,,,,,,,0.666,2.909,,1.681,1.677,-1.558,-1.643,-0.4869,-1.078,-0.1243
202003,desemprego,4,-2.2,,,,,,,,0.888,3.573,,1.805,1.798,-1.938,-1.851,-0.8005,-1.352,-0.4772
202003,desemprego,5,-3.358,,,,,,,,1.11,4.15,,1.827,1.818,-2.116,-2.027,-1.076,-1.583,-0.8121
202003,desemprego,6,-4.448,,,,,,,,1.332,4.663,,1.786,1.774,-2.215,-2.23,-1.32,-1.788,-1.074
202003,desemprego,7,-5.788,,,,,,,,1.554,5.129,,1.704,1.69,-2.395,-2.378,-1.52,-1.866,-1.293
202003,desemprego,8,-6.2,,,,,,,,1.776,5.562,,1.598,1.581,-2.456,-2.471,-1.692,-1.997,-1.47
202004,pib,1,0.8701,0.2529,0.1104,0.8315,0.7427,0.5335,0.6904,0.6227,0.5517,0.6997,0.2299,0.391,0.2336,0.9529,0.5428,0.9061,0.4879,0.1004
202004,pib,2,0.1688,0.8788,0.6947,1.464,1.273,0.9507,1.202,1.112,1.103,1.254,0.8403,1.16,0.9566,1.229,0.916,1.862,1.785,0.8013
202004,pib,3,0.3199,1.399,1.136,2.072,1.774,1.358,1.677,1.586,1.655,1.8,1.415,1.809,1.52,1.697,1.414,2.575,2.735,1.611
202004,pib,4,1.641,1.953,1.622,2.655,2.244,1.775,2.153,2.039,2.207,2.347,1.958,2.497,2.135,2.174,2.251,3.467,3.655,1.968
202004,pib,5,2.332,2.499,2.097,3.242,2.713,2.194,2.612,2.498,2.759,2.893,2.496,3.171,2.73,2.189,2.997,4.317,4.3,2.338
202004,pib,6,3.47,3.051,2.578,3.811,3.159,2.613,3.063,2.942,3.31,3.44,3.046,3.845,3.326,2.523,3.505,4.906,4.455,3.021
202004,pib,7,4.516,3.604,3.059,4.389,3.608,3.049,3.521,3.397,3.862,3.987,3.589,4.515,3.917,2.921,3.956,5.168,4.809,3.728
202004,pib,8,4.944,4.16,3.541,4.963,4.048,3.457,3.947,3.85,4.414,4.533,4.135,5.182,4.504,3.268,4.486,5.585,5.504,4.097
202004,consumo,1,0.005527,0.4752,0.4866,0.7839,0.9245,0.378,0.9212,0.3606,0.6105,0.5884,-0.1103,0.4962,0.4975,0.3237,0.6198,-0.3812,0.07889,0.7074
202004,consumo,2,-1.386,0.9553,0.9777,1.344,1.601,0.7293,1.642,0.7057,1.221,1.184,0.3431,1.001,1.003,0.7957,1.143,0.2848,0.6747,1.401
202004,consumo,3,0.09393,1.438,1.47,1.901,2.259,1.078,2.341,1.062,1.831,1.78,1.075,1.512,1.514,1.273,1.649,0.9562,1.253,1.975
202004,consumo,4,0.8641,1.925,1.966,2.451,2.919,1.362,3.027,1.453,2.442,2.376,1.632,2.029,2.03,1.74,2.184,1.51,1.876,2.438
202004,consumo,5,1.808,2.414,2.463,2.996,3.575,1.732,3.715,1.843,3.053,2.971,2.223,2.552,2.551,2.174,2.749,2.731,2.496,3.017
202004,consumo,6,3.823,2.907,2.963,3.546,4.226,2.2,4.395,2.251,3.663,3.567,2.816,3.081,3.077,2.585,3.295,4.009,3.046,3.676
202004,consumo,7,4.57,3.403,3.465,4.104,4.873,2.632,5.066,2.659,4.274,4.163,3.408,3.616,3.607,3.024,3.818,5.198,3.617,4.249
202004,consumo,8,5.605,3.902,3.969,4.653,5.501,2.996,5.72,3.074,4.884,4.759,3.999,4.155,4.141,3.464,4.365,6.26,4.223,4.83
202004,investimento,1,6.022,-0.6951,-1.105,1.872,1.133,1.93,0.9068,2.466,0.5292,2.643,1.595,-0.2247,-0.696,0.5626,-1.256,-2.816,-1.256,0.9831
202004,investimento,2,1.089,0.2176,-0.1857,2.577,1.032,2.113,0.6128,3.141,1.058,3.535,1.724,1.365,0.9533,1.024,-2.104,-2.599,-0.2387,3.226
202004,investimento,3,0.9979,0.7415,0.2048,3.597,1.287,2.897,0.6643,4.14,1.587,4.132,2.404,2.469,1.956,1.613,-1.935,-1.747,0.6676,2.596
202004,investimento,4,1.668,1.373,0.7522,4.341,1.193,3.558,0.5221,4.703,2.117,4.68,2.941,3.688,3.128,2.526,-0.6925,-0.6302,1.853,4.848
202004,investimento,5,-0.2327,1.976,1.253,5.197,1.189,4.068,0.4123,5.468,2.646,5.22,3.447,4.835,4.203,3.185,0.5397,0.722,2.906,6.079
202004,investimento,6,2.988,2.588,1.769,5.932,1.052,4.114,0.2092,5.997,3.175,5.758,3.974,5.963,5.262,3.875,1.53,3.282,3.559,7.771
202004,investimento,7,6.091,3.2,2.281,6.684,0.941,4.578,0.1121,6.529,3.704,6.296,4.5,7.052,6.277,4.226,2.713,7.137,4.245,8.578
202004,investimento,8,4.94,3.813,2.795,7.441,0.8354,5.086,-0.1191,7.081,4.233,6.834,5.022,8.11,7.256,4.653,3.639,10.12,5.077,10.41
202004,governo,1,0.8901,0.5062,0.04581,-0.5377,-0.5377,-0.5377,-0.5377,-0.5377,0.3789,-0.5377,-0.8238,0.6805,0.2603,-0.5783,-0.5799,-0.5473,-0.5241,-0.5429
202004,governo,2,2.173,1.306,0.6093,0.2531,0.2531,0.2531,0.2531,0.2531,0.7578,0.2531,-0.134,1.457,0.8021,0.2232,0.1054,0.2562,0.2788,0.2432
202004,governo,3,3.487,1.94,0.9268,0.4156,0.4156,0.4156,0.4156,0.4156,1.137,0.4156,0.08529,2.088,1.113,0.2896,0.3414,0.4198,0.4453,0.3443
202004,governo,4,4.744,2.629,1.325,0.8753,0.8753,0.8753,0.8753,0.8753,1.516,0.8753,0.5276,2.781,1.516,0.7216,0.8744,0.8792,0.8776,0.8014
202004,governo,5,4.85,3.302,1.698,1.194,1.194,1.194,1.194,1.194,1.895,1.194,0.84,3.452,1.887,1.066,1.136,1.197,1.153,1.124
202004,governo,6,3.975,3.979,2.079,1.58,1.58,1.58,1.58,1.58,2.273,1.58,1.224,4.13,2.269,1.46,1.493,1.567,1.495,1.529
202004,governo,7,5.914,4.655,2.457,1.934,1.934,1.934,1.934,1.934,2.652,1.934,1.573,4.806,2.647,1.805,1.831,1.91,1.841,1.861
202004,governo,8,5.054,5.332,2.836,2.303,2.303,2.303,2.303,2.303,3.031,2.303,1.939,5.482,3.026,2.196,2.23,2.273,2.216,2.196
202004,desemprego,1,-0.3901,,,,,,,,0.2083,-0.04118,,-0.2839,-0.292,-0.7541,-0.5279,-0.9231,-0.5105,-0.6158
202004,desemprego,2,-0.6295,,,,,,,,0.4166,0.03231,,-0.5555,-0.5701,-1.219,-1.109,-1.539,-0.8417,-1.043
202004,desemprego,3,-1.942,,,,,,,,0.6249,0.1664,,-0.8177,-0.8399,-1.576,-1.512,-1.892,-1.027,-1.353
202004,desemprego,4,-3.1,,,,,,,,0.8332,0.3326,,-1.064,-1.094,-1.864,-1.835,-1.943,-1.19,-1.606
202004,desemprego,5,-4.19,,,,,,,,1.041,0.5157,,-1.295,-1.331,-2.007,-2.026,-1.883,-1.192,-1.832
202004,desemprego,6,-5.53,,,,,,,,1.25,0.7077,,-1.508,-1.551,-2.148,-2.194,-1.828,-1.259,-2.001
202004,desemprego,7,-5.942,,,,,,,,1.458,0.9046,,-1.705,-1.753,-2.319,-2.348,-1.784,-1.361,-2.113
202004,desemprego,8,-6.3,,,,,,,,1.666,1.104,,-1.886,-1.939,-2.413,-2.501,-1.765,-1.498,-2.146
202101,pib,1,-0.7013,0.4473,0.3665,0.6989,0.6047,0.3495,0.5055,0.5676,0.5549,0.5642,0.3609,0.6605,0.5837,1.037,1.537,0.8334,0.4295,0.5948
202101,pib,2,-0.5502,0.9919,0.8839,1.334,1.134,0.7327,0.9755,1.079,1.11,1.113,1.058,1.36,1.25,2.435,3.027,1.727,1.452,1.767
202101,pib,3,0.7709,1.51,1.358,1.947,1.636,1.145,1.438,1.573,1.665,1.662,1.591,2.032,1.874,2.727,4.456,2.544,2.508,2.821
202101,pib,4,1.462,2.039,1.847,2.531,2.103,1.558,1.886,2.041,2.22,2.21,2.137,2.699,2.499,2.987,5.548,2.897,3.065,4.134
202101,pib,5,2.599,2.566,2.333,3.106,2.556,1.966,2.318,2.503,2.775,2.758,2.688,3.357,3.111,3.603,5.568,3.615,3.675,4.811
202101,pib,6,3.646,3.096,2.822,3.684,3.007,2.399,2.764,2.971,3.329,3.307,3.239,4.008,3.717,4.301,6.086,4.322,4.25,4.985
202101,pib,7,4.074,3.628,3.311,4.258,3.449,2.817,3.188,3.437,3.884,3.855,3.788,4.652,4.315,5.065,6.696,4.407,5.078,5.431
202101,pib,8,5.396,4.162,3.803,4.824,3.877,3.248,3.616,3.897,4.439,4.403,4.339,5.292,4.908,5.857,7.54,4.415,5.922,6.209
202101,consumo,1,-1.391,0.4686,0.4909,0.5749,0.6974,0.4236,0.7248,0.2954,0.6045,0.5942,-0.003511,0.4905,0.5061,0.4892,1.186,0.6014,0.3698,2.172
202101,consumo,2,0.0884,0.9403,0.9848,1.124,1.35,0.8125,1.418,0.638,1.209,1.184,0.7878,0.9878,1.019,1.088,1.907,1.179,0.8662,3.268
202101,consumo,3,0.8586,1.415,1.481,1.669,2.014,1.165,2.105,1.004,1.813,1.774,1.396,1.491,1.537,1.607,2.557,1.814,1.367,4.406
202101,consumo,4,1.802,1.891,1.979,2.219,2.675,1.512,2.789,1.402,2.418,2.364,1.952,2,2.06,2.091,3.204,3.302,1.85,5.258
202101,consumo,5,3.817,2.371,2.479,2.776,3.331,1.894,3.457,1.815,3.022,2.954,2.551,2.514,2.588,2.605,3.799,6.163,2.355,5.911
202101,consumo,6,4.565,2.853,2.981,3.329,3.97,2.29,4.118,2.234,3.627,3.544,3.14,3.032,3.12,3.175,4.407,8.337,2.848,6.388
202101,consumo,7,5.6,3.337,3.485,3.882,4.598,2.676,4.767,2.656,4.231,4.134,3.728,3.555,3.656,3.733,5.026,10.28,3.354,6.625
202101,consumo,8,5.751,3.824,3.992,4.428,5.21,3.117,5.412,3.09,4.836,4.724,4.317,4.082,4.195,4.306,5.64,12.23,3.89,6.804
202101,investimento,1,-4.933,-0.03553,-0.1755,1.389,0.6561,0.1184,0.1281,1.833,0.5841,1.624,-0.05909,0.962,0.8724,-2.488,0.6064,1.487,-0.761,3.181
202101,investimento,2,-5.024,0.6404,0.5357,2.344,0.842,0.2232,-0.06133,2.876,1.168,2.405,0.5917,2.389,2.361,-1.448,1.477,2.759,-0.06761,5.2
202101,investimento,3,-4.354,1.19,1.065,3.316,0.9767,0.7045,-0.17,3.876,1.752,3.024,1.275,3.635,3.621,-1.099,2.778,4.189,0.8427,8.236
202101,investimento,4,-6.255,1.77,1.644,4.1,0.8977,1.145,-0.385,4.539,2.336,3.612,1.807,4.839,4.852,-0.6374,4.542,6.582,1.61,8.53
202101,investimento,5,-3.034,2.344,2.21,4.836,0.7734,1.603,-0.6097,5.019,2.92,4.194,2.371,5.977,6.007,0.4158,4.946,11.95,2.429,9.915
202101,investimento,6,0.06907,2.921,2.78,5.601,0.6869,2.213,-0.7572,5.645,3.505,4.774,2.942,7.066,7.111,1.741,5.568,16.93,3.401,11.79
202101,investimento,7,-1.083,3.498,3.35,6.349,0.5878,2.686,-0.9939,6.211,4.089,5.355,3.507,8.107,8.163,3.238,6.257,23.23,4.396,11.82
202101,investimento,8,-4.915,4.077,3.92,7.067,0.4586,3.073,-1.179,6.733,4.673,5.936,4.073,9.107,9.17,4.929,7.876,29.29,5.906,11.74
202101,governo,1,1.283,0.8612,0.5008,0.132,0.132,0.132,0.132,0.132,0.384,0.132,-0.3506,0.9024,0.5749,0.3016,0.1243,0.3251,0.2358,0.1007
202101,governo,2,2.597,1.508,0.9263,0.6195,0.6195,0.6195,0.6195,0.6195,0.768,0.6195,0.3001,1.523,0.9682,0.7593,0.6103,0.8018,0.7151,0.6134
202101,governo,3,3.854,2.136,1.293,0.9403,0.9403,0.9403,0.9403,0.9403,1.152,0.9403,0.5762,2.158,1.342,1.054,0.9212,1.135,1.004,0.9441
202101,governo,4,3.96,2.776,1.682,1.339,1.339,1.339,1.339,1.339,1.536,1.339,0.9842,2.797,1.73,1.425,1.282,1.533,1.348,1.33
202101,governo,5,3.084,3.413,2.065,1.702,1.702,1.702,1.702,1.702,1.92,1.702,1.332,3.433,2.112,1.761,1.617,1.889,1.684,1.561
202101,governo,6,5.024,4.05,2.449,2.081,2.081,2.081,2.081,2.081,2.304,2.081,1.714,4.071,2.497,2.147,1.94,2.246,2.065,1.783
202101,governo,7,4.164,4.687,2.833,2.453,2.453,2.453,2.453,2.453,2.688,2.453,2.078,4.708,2.881,2.53,2.27,2.55,2.426,2.106
202101,governo,8,5.545,5.325,3.217,2.828,2.828,2.828,2.828,2.828,3.072,2.828,2.45,5.345,3.265,2.918,2.646,2.792,2.806,2.484
202101,desemprego,1,-0.2394,,,,,,,,0.1917,-0.1314,,-0.35,-0.3551,-0.559,-0.4124,-0.3552,-0.2268,-0.4953
202101,desemprego,2,-1.552,,,,,,,,0.3833,-0.1215,,-0.6619,-0.6725,-0.9354,-0.8419,-0.543,-0.5371,-0.8852
202101,desemprego,3,-2.71,,,,,,,,0.575,-0.03447,,-0.9417,-0.9585,-1.204,-1.133,-0.5837,-0.8347,-1.148
202101,desemprego,4,-3.8,,,,,,,,0.7667,0.09473,,-1.193,-1.216,-1.426,-1.309,-0.5925,-1.058,-1.299
202101,desemprego,5,-5.139,,,,,,,,0.9583,0.2469,,-1.419,-1.448,-1.613,-1.45,-0.6073,-1.24,-1.47
202101,desemprego,6,-5.552,,,,,,,,1.15,0.4117,,-1.622,-1.656,-1.763,-1.605,-0.7073,-1.41,-1.624
202101,desemprego,7,-5.91,,,,,,,,1.342,0.5834,,-1.806,-1.845,-1.903,-1.668,-0.6121,-1.58,-1.757
202101,desemprego,8,-6.1,,,,,,,,1.533,0.7588,,-1.971,-2.014,-1.998,-1.818,-0.538,-1.671,-1.921
202102,pib,1,0.1511,0.546,0.4793,0.5208,0.4223,0.2606,0.3579,0.4056,0.5425,0.4756,0.6166,0.683,0.613,0.7934,0.9083,0.2084,0.065,-0.4008
202102,pib,2,1.472,1.045,0.933,1.098,0.8918,0.5838,0.77,0.8451,1.085,1.008,1.211,1.3,1.177,1.871,1.379,0.8598,0.5039,0.3885
202102,pib,3,2.163,1.562,1.397,1.639,1.319,0.9467,1.183,1.249,1.627,1.543,1.697,1.943,1.762,2.873,2.224,1.318,1.012,0.824
202102,pib,4,3.301,2.076,1.86,2.199,1.76,1.318,1.602,1.676,2.17,2.078,2.252,2.577,2.339,2.614,2.972,1.803,1.425,1.735
202102,pib,5,4.348,2.593,2.326,2.743,2.179,1.682,2,2.09,2.712,2.613,2.788,3.211,2.916,2.656,3.303,2.365,1.772,2.419
202102,pib,6,4.775,3.113,2.793,3.291,2.596,2.054,2.403,2.512,3.255,3.148,3.328,3.842,3.489,3.138,3.82,2.721,2.18,2.874
202102,pib,7,6.097,3.634,3.262,3.825,2.995,2.43,2.797,2.922,3.797,3.683,3.866,4.47,4.058,3.754,4.255,2.933,2.706,3.177
202102,pib,8,6.888,4.157,3.732,4.36,3.39,2.808,3.186,3.336,4.34,4.218,4.406,5.094,4.622,4.404,4.854,3.257,3.256,3.616
202102,consumo,1,1.48,0.4481,0.4567,0.4253,0.5518,0.2901,0.6003,0.2105,0.5847,0.5779,1.102,0.4704,0.4709,0.4455,0.517,0.3894,0.5275,1.827
202102,consumo,2,2.25,0.8992,0.9157,0.942,1.183,0.6073,1.259,0.4928,1.169,1.148,1.737,0.9468,0.9471,0.9807,0.9982,1.193,1.075,1.517
202102,consumo,3,3.194,1.354,1.377,1.46,1.831,0.8948,1.924,0.8191,1.754,1.718,2.259,1.429,1.429,1.522,1.506,2.192,1.637,1.665
202102,consumo,4,5.209,1.811,1.841,1.978,2.469,1.195,2.577,1.14,2.339,2.288,2.838,1.918,1.915,1.981,2.035,2.704,2.209,1.509
202102,consumo,5,5.956,2.272,2.308,2.505,3.102,1.527,3.223,1.481,2.923,2.858,3.427,2.412,2.407,2.417,2.544,4.463,2.766,1.356
202102,consumo,6,6.991,2.735,2.776,3.016,3.71,1.8,3.859,1.823,3.508,3.429,4.001,2.911,2.903,2.882,3.072,6.501,3.326,1.181
202102,consumo,7,7.143,3.202,3.247,3.532,4.308,2.17,4.495,2.184,4.093,3.999,4.58,3.415,3.403,3.376,3.59,9.065,3.873,1.091
202102,consumo,8,8.124,3.671,3.721,4.056,4.903,2.521,5.12,2.552,4.678,4.569,5.159,3.923,3.907,3.864,4.113,11.13,4.44,1.224
202102,investimento,1,-0.09078,1.023,0.9957,1.152,0.3655,0.285,-0.05406,1.416,0.5295,-0.4336,-0.02872,1.69,1.69,0.3822,-0.6626,0.7243,-0.4788,10.14
202102,investimento,2,0.579,1.532,1.453,1.865,0.234,0.1975,-0.5034,2.157,1.059,-0.0931,0.7634,2.723,2.685,1.47,-1.07,3.319,0.341,4.02
202102,investimento,3,-1.321,2.121,1.973,2.615,0.06477,0.5704,-0.7614,2.807,1.588,0.3806,1.213,3.878,3.791,2.823,-0.738,6.251,1.075,6.144
202102,investimento,4,1.899,2.695,2.482,3.354,-0.1207,1.046,-1.042,3.479,2.118,0.8773,1.702,4.977,4.846,2.777,-0.07653,8.226,1.762,3.122
202102,investimento,5,5.003,3.274,2.994,4.045,-0.3497,1.3,-1.39,4.003,2.647,1.378,2.229,6.058,5.879,2.943,0.6167,12.25,2.047,1.939
202102,investimento,6,3.851,3.853,3.507,4.767,-0.5432,2.041,-1.656,4.668,3.177,1.879,2.739,7.104,6.874,3.437,1.001,17.65,2.903,0.1529
202102,investimento,7,0.01815,4.434,4.02,5.45,-0.7708,2.172,-2.014,5.183,3.706,2.381,3.25,8.119,7.835,4.73,1.946,25.25,4.114,-1.076
202102,investimento,8,0.2477,5.015,4.534,6.113,-1.011,2.466,-2.382,5.663,4.236,2.882,3.763,9.102,8.761,6.099,2.962,30.68,5.419,-1.53
202102,governo,1,1.314,0.3825,0.0357,-0.04006,-0.04006,-0.04006,-0.04006,-0.04006,0.3929,-0.04006,-0.1418,0.3577,0.02209,-0.04402,-0.1548,-0.05095,-0.1129,-0.2659
202102,governo,2,2.571,1.027,0.4435,0.5393,0.5393,0.5393,0.5393,0.5393,0.7859,0.5393,0.6161,1.007,0.4367,0.515,0.5347,0.5304,0.5228,0.4237
202102,governo,3,2.677,1.668,0.8384,0.8287,0.8287,0.8287,0.8287,0.8287,1.179,0.8287,0.8099,1.65,0.8332,0.776,0.8136,0.8124,0.7952,0.7542
202102,governo,4,1.801,2.304,1.23,1.254,1.254,1.254,1.254,1.254,1.572,1.254,1.272,2.284,1.224,1.141,1.117,1.233,1.198,1.188
202102,governo,5,3.741,2.941,1.624,1.615,1.615,1.615,1.615,1.615,1.965,1.615,1.617,2.922,1.618,1.489,1.413,1.574,1.532,1.551
202102,governo,6,2.881,3.578,2.016,2.007,2.007,2.007,2.007,2.007,2.358,2.007,2.017,3.559,2.01,1.882,1.73,1.938,1.928,1.923
202102,governo,7,4.262,4.216,2.409,2.384,2.384,2.384,2.384,2.384,2.75,2.384,2.388,4.196,2.403,2.261,2.158,2.281,2.288,2.29
202102,governo,8,6.587,4.853,2.802,2.768,2.768,2.768,2.768,2.768,3.143,2.768,2.774,4.834,2.796,2.652,2.584,2.557,2.693,2.692
202102,desemprego,1,-1.312,,,,,,,,0.18,-0.05491,,-0.2409,-0.2447,-0.3275,-0.3735,-0.0711,0.01872,-0.3684
202102,desemprego,2,-2.47,,,,,,,,0.36,-0.00784,,-0.4789,-0.4875,-0.6898,-0.683,-0.0632,-0.0847,-0.7614
202102,desemprego,3,-3.561,,,,,,,,0.54,0.09558,,-0.7061,-0.7203,-0.9863,-0.9708,-0.04022,-0.2185,-1.041
202102,desemprego,4,-4.9,,,,,,,,0.7201,0.2301,,-0.9199,-0.9398,-1.175,-1.174,0.01498,-0.3743,-1.292
202102,desemprego,5,-5.312,,,,,,,,0.9001,0.3819,,-1.119,-1.144,-1.314,-1.323,0.1065,-0.4769,-1.464
202102,desemprego,6,-5.67,,,,,,,,1.08,0.5432,,-1.302,-1.333,-1.483,-1.465,0.1365,-0.6183,-1.652
202102,desemprego,7,-5.861,,,,,,,,1.26,0.7098,,-1.47,-1.505,-1.567,-1.557,0.1845,-0.7516,-1.677
202102,desemprego,8,-6.2,,,,,,,,1.44,0.8792,,-1.624,-1.663,-1.624,-1.634,0.2091,-0.8536,-1.782
202103,pib,1,1.321,0.4992,0.4164,0.5436,0.4443,0.3347,0.3478,0.4125,0.5386,0.5129,0.1881,1.1,1.011,0.5315,1.406,0.8741,0.7522,0.3668
202103,pib,2,2.012,1.011,0.8832,1.086,0.8765,0.6794,0.7314,0.816,1.077,1.044,0.7608,1.963,1.82,1.252,1.635,1.559,1.137,1.249
202103,pib,3,3.15,1.524,1.338,1.626,1.3,1.034,1.126,1.22,1.616,1.575,1.303,2.74,2.531,1.752,1.909,2.117,1.954,2.063
202103,pib,4,4.196,2.038,1.799,2.163,1.714,1.399,1.521,1.624,2.155,2.107,1.827,3.437,3.165,2.149,2.164,2.402,2.364,2.758
202103,pib,5,4.624,2.555,2.26,2.697,2.12,1.758,1.902,2.028,2.693,2.638,2.358,4.089,3.752,2.781,2.566,2.88,2.612,3.312
202103,pib,6,5.946,3.075,2.723,3.233,2.522,2.114,2.274,2.437,3.232,3.17,2.89,4.709,4.308,2.944,2.983,3.282,3.104,3.682
202103,pib,7,6.737,3.596,3.188,3.765,2.916,2.484,2.651,2.847,3.77,3.702,3.421,5.31,4.843,3.149,3.363,3.5,3.793,3.856
202103,pib,8,6.872,4.119,3.654,4.291,3.298,2.855,3.023,3.251,4.309,4.233,3.952,5.898,5.365,3.427,3.733,3.798,4.419,4.224
202103,consumo,1,0.7702,0.4459,0.4643,0.4777,0.6019,0.2392,0.6345,0.2308,0.5935,0.5711,0.02743,0.4833,0.4938,0.4614,0.5472,0.2287,0.5546,-0.3511
202103,consumo,2,1.714,0.8951,0.9313,0.9842,1.238,0.5195,1.281,0.5125,1.187,1.15,0.6585,0.9757,0.9959,0.9959,1.051,0.9071,1.12,-0.433
202103,consumo,3,3.729,1.348,1.401,1.488,1.87,0.7989,1.932,0.8103,1.78,1.729,1.288,1.475,1.504,1.51,1.521,1.493,1.714,-0.6889
202103,consumo,4,4.476,1.804,1.873,1.993,2.489,1.084,2.561,1.117,2.374,2.308,1.843,1.98,2.017,1.996,1.987,2.243,2.285,-1.021
202103,consumo,5,5.511,2.263,2.347,2.504,3.1,1.411,3.194,1.437,2.967,2.887,2.422,2.489,2.533,2.49,2.429,3.026,2.826,-1.295
202103,consumo,6,5.663,2.725,2.824,3.01,3.695,1.714,3.813,1.763,3.561,3.466,3.001,3.002,3.053,2.954,2.888,4.193,3.388,-1.532
202103,consumo,7,6.644,3.19,3.303,3.513,4.275,2.024,4.427,2.097,4.154,4.046,3.578,3.518,3.574,3.383,3.362,5.382,3.962,-1.641
202103,consumo,8,7.56,3.658,3.785,4.021,4.849,2.38,5.037,2.439,4.748,4.625,4.156,4.037,4.098,3.819,3.814,6.709,4.54,-1.638
202103,investimento,1,0.6698,0.8579,0.7998,1.118,0.3174,0.8854,-0.2139,1.411,0.5234,0.4036,-0.2607,3.792,3.863,1.453,1.967,3.159,2.258,0.919
202103,investimento,2,-1.231,1.419,1.316,1.701,-0.03063,1.007,-0.7768,1.927,1.047,0.8917,0.0262,6.064,6.15,3.263,3.041,2.185,3.979,-0.5105
202103,investimento,3,1.99,1.999,1.813,2.496,-0.1715,1.435,-1.095,2.725,1.57,1.394,0.6167,7.861,7.901,4.951,4.232,3.84,5.973,-3.781
202103,investimento,4,5.093,2.58,2.323,3.179,-0.4294,2.074,-1.426,3.382,2.094,1.899,1.108,9.236,9.221,6.161,5.207,7.032,7.29,-6.949
202103,investimento,5,3.942,3.162,2.829,3.879,-0.6589,2.334,-1.84,3.966,2.617,2.405,1.601,10.36,10.27,7.309,5.887,8.629,7.724,-10.76
202103,investimento,6,0.1089,3.745,3.338,4.556,-0.9106,2.752,-2.265,4.585,3.14,2.91,2.104,11.31,11.14,8.451,7.16,11.98,8.912,-13.06
202103,investimento,7,0.3385,4.329,3.846,5.28,-1.098,3.21,-2.651,5.24,3.664,3.416,2.605,12.14,11.89,9.322,8.26,16.25,10.27,-15.42
202103,investimento,8,-2.037,4.915,4.356,5.926,-1.378,3.353,-3.065,5.801,4.187,3.921,3.105,12.9,12.56,10.08,9.256,20.08,11.39,-16.73
202103,governo,1,1.257,0.3115,-0.0768,-0.03934,-0.03934,-0.03934,-0.03934,-0.03934,0.402,-0.03934,0.06719,0.3821,0.002902,-0.0179,-0.01981,-0.0593,-0.1757,-0.04352
202103,governo,2,1.363,0.9765,0.3689,0.5523,0.5523,0.5523,0.5523,0.5523,0.8039,0.5523,0.549,1.023,0.428,0.5498,0.5131,0.5191,0.5162,0.5313
202103,governo,3,0.4874,1.611,0.7638,0.8497,0.8497,0.8497,0.8497,0.8497,1.206,0.8497,0.9228,1.667,0.832,0.8651,0.7317,0.7856,0.7662,0.8252
202103,governo,4,2.427,2.249,1.167,1.284,1.284,1.284,1.284,1.284,1.608,1.284,1.324,2.302,1.232,1.299,1.202,1.209,1.128,1.254
202103,governo,5,1.567,2.886,1.569,1.655,1.655,1.655,1.655,1.655,2.01,1.655,1.706,2.94,1.635,1.649,1.59,1.562,1.525,1.59
202103,governo,6,2.948,3.523,1.971,2.055,2.055,2.055,2.055,2.055,2.412,2.055,2.102,3.577,2.037,2.043,1.982,1.93,1.978,1.974
202103,governo,7,5.273,4.16,2.373,2.442,2.442,2.442,2.442,2.442,2.814,2.442,2.491,4.214,2.439,2.409,2.355,2.293,2.395,2.331
202103,governo,8,5.685,4.797,2.775,2.835,2.835,2.835,2.835,2.835,3.216,2.835,2.882,4.851,2.841,2.796,2.737,2.648,2.792,2.755
202103,desemprego,1,-1.158,,,,,,,,0.1407,-0.7617,,-0.8633,-0.8642,-0.3443,-0.4281,-0.434,-0.1625,-0.2998
202103,desemprego,2,-2.248,,,,,,,,0.2815,-1.19,,-1.433,-1.433,-0.4757,-0.607,-0.5699,-0.2881,-0.3064
202103,desemprego,3,-3.588,,,,,,,,0.4222,-1.415,,-1.806,-1.807,-0.5148,-0.6785,-0.6433,-0.3973,-0.1845
202103,desemprego,4,-4,,,,,,,,0.563,-1.518,,-2.051,-2.05,-0.5671,-0.7481,-0.6315,-0.4842,-0.003025
202103,desemprego,5,-4.358,,,,,,,,0.7037,-1.547,,-2.209,-2.208,-0.5455,-0.7889,-0.683,-0.564,0.1932
202103,desemprego,6,-4.548,,,,,,,,0.8444,-1.53,,-2.31,-2.31,-0.556,-0.8509,-0.6733,-0.6356,0.2737
202103,desemprego,7,-4.888,,,,,,,,0.9852,-1.486,,-2.373,-2.374,-0.5882,-0.8754,-0.6738,-0.6375,0.397
202103,desemprego,8,-5,,,,,,,,1.126,-1.426,,-2.412,-2.413,-0.5981,-0.9031,-0.6781,-0.6907,0.4406
202104,pib,1,0.6911,0.4247,0.3528,0.6085,0.5062,0.5203,0.4656,0.4787,0.5462,0.5777,0.6819,0.9639,0.8927,0.7858,0.7076,0.7983,0.2607,-0.1339
202104,pib,2,1.829,0.9717,0.8582,1.156,0.9387,0.9609,0.8834,0.9081,1.092,1.12,1.185,1.816,1.692,1.106,1.328,1.152,-0.03536,0.6216
202104,pib,3,2.875,1.487,1.322,1.705,1.366,1.38,1.29,1.343,1.639,1.66,1.718,2.553,2.369,1.255,2.194,1.693,0.1218,1.623
202104,pib,4,3.303,2.013,1.799,2.249,1.784,1.798,1.693,1.777,2.185,2.2,2.274,3.227,2.985,1.599,3.057,2.097,0.4703,2.398
202104,pib,5,4.625,2.539,2.274,2.795,2.198,2.206,2.092,2.215,2.731,2.74,2.811,3.856,3.555,1.932,3.931,2.732,0.8197,3.231
202104,pib,6,5.415,3.068,2.752,3.331,2.598,2.613,2.484,2.646,3.277,3.28,3.356,4.459,4.098,2.441,4.52,3.146,1.407,3.832
202104,pib,7,5.551,3.598,3.231,3.863,2.989,3.019,2.868,3.077,3.824,3.82,3.898,5.043,4.622,2.814,4.372,3.47,1.874,3.968
202104,pib,8,5.924,4.13,3.712,4.404,3.384,3.429,3.241,3.516,4.37,4.36,4.441,5.617,5.136,3.113,4.543,3.968,2.06,4.415
202104,consumo,1,0.9436,0.4616,0.4775,0.569,0.7075,0.2332,0.7155,0.3354,0.5952,0.5794,1.074,0.4973,0.5062,0.5437,0.4906,0.2655,0.4416,-0.1609
202104,consumo,2,2.959,0.9266,0.9579,1.087,1.341,0.5279,1.373,0.6785,1.19,1.16,1.471,1.003,1.02,1.047,1.033,0.3542,0.9693,-1.019
202104,consumo,3,3.706,1.395,1.44,1.606,1.961,0.8536,2.019,1.026,1.786,1.741,2.07,1.514,1.538,1.513,1.592,1.079,1.434,-1.506
202104,consumo,4,4.741,1.865,1.925,2.127,2.571,1.3,2.664,1.379,2.381,2.322,2.668,2.029,2.06,1.961,2.139,2.102,1.903,-2.069
202104,consumo,5,4.893,2.339,2.412,2.646,3.167,1.757,3.302,1.741,2.976,2.903,3.253,2.548,2.585,2.415,2.743,3.242,2.375,-2.384
202104,consumo,6,5.874,2.816,2.902,3.15,3.74,2.102,3.91,2.118,3.571,3.484,3.838,3.07,3.112,2.869,3.358,4.258,2.902,-2.519
202104,consumo,7,6.79,3.295,3.393,3.654,4.304,2.467,4.519,2.5,4.166,4.065,4.427,3.594,3.64,3.34,3.937,4.454,3.424,-2.696
202104,consumo,8,7.616,3.777,3.887,4.165,4.864,2.846,5.112,2.875,4.761,4.646,5.013,4.12,4.17,3.755,4.518,4.503,3.925,-2.627
202104,investimento,1,-1.9,0.4311,0.3625,1.132,0.2653,1.87,0.05239,1.336,0.5248,0.5362,1.499,3.198,3.275,1.617,0.8138,0.7272,0.5122,0.935
202104,investimento,2,1.32,1.088,0.9738,1.713,-0.07293,2.545,-0.3778,1.818,1.05,1.05,2,5.318,5.382,3.134,2.476,2.727,3.621,-4.441
202104,investimento,3,4.423,1.645,1.449,2.499,-0.1716,3.195,-0.6446,2.582,1.574,1.559,2.453,6.887,6.891,4.05,4.225,6.01,4.779,-7.265
202104,investimento,4,3.272,2.236,1.969,3.158,-0.4057,3.323,-1.02,3.115,2.099,2.068,2.995,8.104,8.04,4.881,5.312,10.05,5.53,-10.98
202104,investimento,5,-0.5609,2.817,2.477,3.87,-0.5751,3.326,-1.36,3.77,2.624,2.577,3.517,9.08,8.935,6.147,7.673,12.74,6.107,-14.56
202104,investimento,6,-0.3313,3.403,2.989,4.569,-0.7578,3.918,-1.686,4.441,3.149,3.085,4.033,9.905,9.672,7.534,9.455,15.33,6.5,-17.32
202104,investimento,7,-2.707,3.989,3.5,5.256,-0.9527,4.328,-2.017,5.048,3.674,3.594,4.554,10.63,10.31,8.448,11.07,14.62,6.737,-18.92
202104,investimento,8,-0.9912,4.576,4.013,5.945,-1.137,4.706,-2.404,5.653,4.198,4.103,5.074,11.29,10.87,9.121,11.36,12.84,6.579,-20.94
202104,governo,1,0.1057,0.3008,-0.05784,0.001293,0.001293,0.001293,0.001293,0.001293,0.4103,0.001293,0.08361,0.2244,-0.1277,0.2928,-0.02191,-0.02994,-1.438,0.1758
202104,governo,2,-0.7697,0.9995,0.4292,0.586,0.586,0.586,0.586,0.586,0.8205,0.586,0.6578,0.9184,0.3518,0.8528,0.5696,0.4305,0.5186,0.7941
202104,governo,3,1.17,1.622,0.8204,0.8997,0.8997,0.8997,0.8997,0.8997,1.231,0.8997,0.9406,1.546,0.7495,1.147,0.886,0.68,1.063,1.1
202104,governo,4,0.3102,2.263,1.236,1.339,1.339,1.339,1.339,1.339,1.641,1.339,1.402,2.185,1.163,1.551,1.318,1.151,1.539,1.53
202104,governo,5,1.691,2.899,1.645,1.72,1.72,1.72,1.72,1.72,2.051,1.72,1.773,2.822,1.572,1.944,1.674,1.53,1.917,1.894
202104,governo,6,4.016,3.537,2.055,2.129,2.129,2.129,2.129,2.129,2.462,2.129,2.185,3.459,1.983,2.354,2.059,1.938,2.329,2.276
202104,governo,7,4.428,4.174,2.466,2.524,2.524,2.524,2.524,2.524,2.872,2.524,2.579,4.096,2.393,2.698,2.457,2.366,2.699,2.695
202104,governo,8,5.51,4.811,2.876,2.926,2.926,2.926,2.926,2.926,3.282,2.926,2.981,4.734,2.803,3.135,2.806,2.8,3.068,3.08
202104,desemprego,1,-1.09,,,,,,,,0.1074,-0.7407,,-0.7452,-0.7447,-0.1578,-0.5316,-0.3159,-0.2784,-0.1371
202104,desemprego,2,-2.43,,,,,,,,0.2149,-1.208,,-1.216,-1.214,-0.083,-0.598,-0.4047,-0.3171,-0.08455
202104,desemprego,3,-2.842,,,,,,,,0.3223,-1.498,,-1.507,-1.503,-0.01815,-0.7651,-0.3866,-0.2962,-0.07708
202104,desemprego,4,-3.2,,,,,,,,0.4298,-1.67,,-1.681,-1.675,0.0253,-0.8449,-0.3541,-0.2919,-0.0473
202104,desemprego,5,-3.39,,,,,,,,0.5372,-1.767,,-1.778,-1.771,-0.007325,-0.8485,-0.2855,-0.2823,-0.07858
202104,desemprego,6,-3.73,,,,,,,,0.6446,-1.813,,-1.825,-1.817,-0.02138,-0.8217,-0.1621,-0.2514,-0.02587
202104,desemprego,7,-3.842,,,,,,,,0.7521,-1.826,,-1.841,-1.832,0.0037,0.0079,-0.03565,-0.2044,0.003825
202104,desemprego,8,-3.7,,,,,,,,0.8595,-1.819,,-1.837,-1.827,-0.01517,0.4714,0.1198,-0.1557,0.06767
202201,pib,1,1.137,0.5574,0.5314,0.5161,0.4093,0.3512,0.4352,0.4111,0.5476,0.5484,0.7451,1.047,1.021,1.402,0.9787,0.4576,0.7247,0.9641
202201,pib,2,2.184,1.028,0.9932,1.049,0.823,0.7241,0.8282,0.8362,1.095,1.09,1.198,1.789,1.75,1.783,1.842,0.4342,1.185,1.804
202201,pib,3,2.612,1.527,1.478,1.575,1.225,1.145,1.25,1.258,1.643,1.631,1.749,2.48,2.424,1.483,2.498,0.4031,1.592,2.343
202201,pib,4,3.934,2.019,1.958,2.119,1.639,1.539,1.638,1.7,2.19,2.172,2.299,3.09,3.017,1.531,3.036,0.6282,2.159,3.087
202201,pib,5,4.724,2.515,2.441,2.651,2.037,1.958,2.036,2.133,2.738,2.713,2.842,3.663,3.573,1.957,3.425,0.8979,2.616,3.727
202201,pib,6,4.86,3.011,2.925,3.17,2.417,2.368,2.415,2.556,3.286,3.254,3.386,4.208,4.101,2.442,4.112,1.226,2.84,3.867
202201,pib,7,5.233,3.51,3.41,3.7,2.804,2.789,2.808,2.991,3.833,3.796,3.931,4.736,4.613,3.096,4.341,1.574,3.109,4.103
202201,pib,8,5.89,4.009,3.897,4.243,3.198,3.201,3.181,3.441,4.381,4.337,4.475,5.255,5.114,3.589,4.582,1.845,3.217,4.448
202201,consumo,1,2.015,0.446,0.4895,0.5188,0.642,0.3919,0.6744,0.4059,0.5985,0.5816,1.093,0.4764,0.5175,0.6692,0.5919,0.5467,0.7639,-1.05
202201,consumo,2,2.763,0.8938,0.981,1.037,1.263,0.7622,1.325,0.7757,1.197,1.166,1.518,0.9585,1.041,1.29,1.199,1.1,1.423,-1.43
202201,consumo,3,3.798,1.344,1.475,1.555,1.872,1.116,1.969,1.148,1.796,1.751,2.096,1.445,1.568,1.79,1.807,1.612,2.042,-1.714
202201,consumo,4,3.949,1.796,1.97,2.07,2.466,1.498,2.593,1.518,2.394,2.335,2.711,1.934,2.098,2.277,2.42,2.2,2.692,-1.817
202201,consumo,5,4.93,2.25,2.468,2.588,3.052,1.88,3.214,1.9,2.993,2.92,3.295,2.426,2.631,2.778,3.03,2.839,3.319,-1.919
202201,consumo,6,5.846,2.706,2.968,3.104,3.626,2.257,3.819,2.3,3.591,3.504,3.886,2.919,3.164,3.25,3.658,3.686,3.911,-2.158
202201,consumo,7,6.672,3.165,3.47,3.613,4.186,2.572,4.408,2.688,4.19,4.089,4.477,3.413,3.699,3.75,4.254,4.922,4.513,-2.219
202201,consumo,8,8.966,3.625,3.974,4.121,4.735,2.817,4.984,3.076,4.788,4.673,5.068,3.908,4.235,4.282,4.853,6.065,5.108,-2.097
202201,investimento,1,3.221,0.8978,0.8712,0.4644,-0.4441,-0.181,-0.3946,0.1969,0.5015,0.07369,1.291,3.497,3.537,3.192,2.309,2.432,3.129,-4.333
202201,investimento,2,6.324,1.351,1.289,1.163,-0.6245,0.06233,-0.7367,0.778,1.003,0.4845,1.771,5.279,5.297,5.048,3.99,4.446,5.658,-7.056
202201,investimento,3,5.172,1.904,1.794,1.768,-0.9061,0.5028,-1.019,1.253,1.504,0.9528,2.176,6.724,6.7,5.47,5.621,5.404,7.144,-9.636
202201,investimento,4,1.34,2.431,2.277,2.486,-1.053,0.9054,-1.358,1.871,2.006,1.431,2.696,7.756,7.685,6.786,7.679,7.87,9.342,-12.76
202201,investimento,5,1.569,2.967,2.767,3.1,-1.317,1.314,-1.659,2.347,2.507,1.911,3.193,8.578,8.452,8.071,9.599,10.11,11.21,-15.5
202201,investimento,6,-0.8062,3.502,3.255,3.726,-1.559,1.721,-2.027,2.812,3.009,2.391,3.684,9.247,9.064,9.462,11.52,12.39,12.95,-18
202201,investimento,7,0.9092,4.037,3.745,4.356,-1.799,2.533,-2.277,3.285,3.51,2.871,4.179,9.825,9.585,10.84,13.29,15.65,14.95,-19.93
202201,investimento,8,3.789,4.574,4.235,5.085,-1.924,3.638,-2.561,4.017,4.012,3.351,4.674,10.35,10.05,11.77,14.28,18.58,16.74,-21.73
202201,governo,1,-0.8754,0.5806,0.3198,0.5372,0.5372,0.5372,0.5372,0.5372,0.4073,0.5372,0.7791,0.4712,0.2082,0.4793,0.5329,0.5337,0.4242,0.8678
202201,governo,2,1.064,1.142,0.7075,0.874,0.874,0.874,0.874,0.874,0.8147,0.874,1.042,1.027,0.591,0.7887,0.7939,0.8319,0.8001,1.143
202201,governo,3,0.2045,1.742,1.123,1.304,1.304,1.304,1.304,1.304,1.222,1.304,1.476,1.635,1.015,1.221,1.263,1.264,1.238,1.605
202201,governo,4,1.585,2.328,1.528,1.69,1.69,1.69,1.69,1.69,1.629,1.69,1.866,2.217,1.416,1.612,1.642,1.652,1.656,1.961
202201,governo,5,3.911,2.918,1.936,2.097,2.097,2.097,2.097,2.097,2.037,2.097,2.275,2.809,1.826,2.001,2.051,2.055,2.054,2.338
202201,governo,6,4.323,3.507,2.343,2.495,2.495,2.495,2.495,2.495,2.444,2.495,2.672,3.397,2.232,2.436,2.469,2.433,2.471,2.73
202201,governo,7,5.404,4.096,2.751,2.896,2.896,2.896,2.896,2.896,2.851,2.896,3.075,3.987,2.64,2.845,2.855,2.831,2.863,3.167
202201,governo,8,5.041,4.685,3.158,3.296,3.296,3.296,3.296,3.296,3.259,3.296,3.476,4.576,3.047,3.234,3.26,3.21,3.294,3.604
202201,desemprego,1,-1.339,,,,,,,,0.0775,-0.744,,-0.6728,-0.6711,-0.1587,-0.5059,-0.3104,-0.5553,-0.3369
202201,desemprego,2,-1.752,,,,,,,,0.155,-1.25,,-1.081,-1.076,0.01663,-1.037,-0.1355,-1.313,-0.3208
202201,desemprego,3,-2.11,,,,,,,,0.2325,-1.594,,-1.315,-1.306,0.2273,-1.541,0.06177,-1.916,-0.219
202201,desemprego,4,-2.3,,,,,,,,0.31,-1.825,,-1.437,-1.424,0.3798,-1.85,0.3045,-2.37,-0.03943
202201,desemprego,5,-2.639,,,,,,,,0.3875,-1.98,,-1.486,-1.469,0.4794,-1.816,0.5969,-2.617,0.06605
202201,desemprego,6,-2.752,,,,,,,,0.465,-2.082,,-1.49,-1.47,0.5945,-1.77,0.6664,-2.595,0.1988
202201,desemprego,7,-2.61,,,,,,,,0.5425,-2.147,,-1.467,-1.443,0.6788,-1.411,0.8217,-2.381,0.3661
202201,desemprego,8,-3.2,,,,,,,,0.62,-2.188,,-1.426,-1.4,0.7472,-1.389,1.084,-1.957,0.5487
202202,pib,1,1.047,0.5862,0.5632,0.5755,0.4653,0.4953,0.518,0.4786,0.5532,0.576,0.5479,1.174,1.152,0.8225,-0.1773,0.0754,0.6555,0.5714
202202,pib,2,1.475,1.062,1.037,1.135,0.9022,0.9516,0.9559,0.9481,1.106,1.124,1.033,1.973,1.947,1.431,0.4815,0.5051,0.6733,0.6108
202202,pib,3,2.797,1.571,1.538,1.677,1.316,1.409,1.382,1.404,1.66,1.672,1.624,2.699,2.662,2.378,1.147,0.9762,0.6766,0.73
202202,pib,4,3.587,2.072,2.032,2.226,1.733,1.864,1.801,1.868,2.213,2.219,2.158,3.323,3.277,2.368,1.795,1.668,1.226,1.208
202202,pib,5,3.723,2.577,2.53,2.78,2.15,2.318,2.213,2.34,2.766,2.766,2.711,3.898,3.843,2.735,2.317,2.517,1.843,1.731
202202,pib,6,4.096,3.082,3.029,3.333,2.561,2.771,2.618,2.813,3.319,3.313,3.258,4.438,4.373,3.216,2.751,2.819,2.162,2.108
202202,pib,7,4.753,3.588,3.529,3.875,2.958,3.224,3.014,3.277,3.873,3.86,3.807,4.956,4.883,3.653,3.43,3.372,2.22,2.229
202202,pib,8,6.45,4.096,4.03,4.431,3.365,3.684,3.411,3.756,4.426,4.407,4.355,5.462,5.379,4.033,3.973,4.018,2.46,2.457
202202,consumo,1,0.7474,0.463,0.5184,0.5721,0.6754,0.4469,0.71,0.4798,0.612,0.5885,0.2496,0.4963,0.5506,0.6406,0.4085,0.5916,0.6579,-0.832
202202,consumo,2,1.782,0.9272,1.038,1.108,1.293,0.8504,1.368,0.8946,1.224,1.187,0.823,0.998,1.107,1.383,0.9169,1.038,1.205,-1.213
202202,consumo,3,1.934,1.393,1.56,1.641,1.896,1.312,2.012,1.327,1.836,1.785,1.444,1.504,1.667,2.118,1.422,2.504,1.785,-0.8822
202202,consumo,4,2.915,1.861,2.084,2.181,2.496,1.804,2.642,1.758,2.448,2.383,2.048,2.011,2.229,2.736,1.926,3.869,2.395,-0.3203
202202,consumo,5,3.831,2.33,2.61,2.711,3.077,2.292,3.27,2.187,3.06,2.981,2.637,2.519,2.792,3.317,2.422,4.412,3.01,0.5158
202202,consumo,6,4.657,2.801,3.137,3.238,3.647,2.764,3.88,2.626,3.672,3.579,3.239,3.028,3.356,3.914,2.926,3.471,3.626,1.292
202202,consumo,7,6.951,3.274,3.666,3.768,4.211,3.138,4.47,3.074,4.284,4.178,3.836,3.537,3.919,4.471,3.452,3.693,4.215,2.258
202202,consumo,8,8.086,3.748,4.197,4.303,4.777,3.664,5.073,3.52,4.896,4.776,4.434,4.046,4.483,5.019,3.992,4.137,4.788,3.315
202202,investimento,1,3.103,0.4703,0.4305,0.2681,-0.6282,0.1041,-0.4339,-0.08898,0.5274,0.9672,0.8529,3.586,3.623,0.7871,0.9917,1.476,2.094,-8.317
202202,investimento,2,1.951,0.94,0.894,1.181,-0.515,0.8765,-0.4259,0.7524,1.055,1.559,1.188,5.671,5.723,1.437,2.476,4.681,3.073,-9.368
202202,investimento,3,-1.881,1.492,1.429,1.746,-0.7944,1.079,-0.7527,1.083,1.582,2.088,1.733,7.226,7.271,3.091,4.475,10.25,4.09,-10.34
202202,investimento,4,-1.652,2.015,1.939,2.447,-0.9121,1.446,-0.9165,1.594,2.11,2.607,2.265,8.275,8.305,4.192,6.474,12.79,5.597,-9.72
202202,investimento,5,-4.027,2.548,2.458,3.133,-1.046,1.638,-1.194,2.164,2.637,3.124,2.772,9.053,9.061,5.579,8.387,12.58,6.917,-8.963
202202,investimento,6,-2.312,3.079,2.974,3.835,-1.158,1.951,-1.42,2.705,3.164,3.64,3.288,9.642,9.627,7.519,11.55,8.068,8.871,-6.703
202202,investimento,7,0.5682,3.611,3.492,4.504,-1.305,2.726,-1.629,3.225,3.692,4.157,3.804,10.12,10.08,9.574,14.15,5.862,10.62,-3.976
202202,investimento,8,3.316,4.144,4.01,5.171,-1.471,2.761,-1.912,3.623,4.219,4.673,4.32,10.53,10.46,10.97,16.32,4.873,12.09,-0.6713
202202,governo,1,1.939,1.094,0.8409,0.9785,0.9785,0.9785,0.9785,0.9785,0.3951,0.9785,1.098,0.9792,0.716,0.9114,0.9705,0.7492,1.016,0.9743
202202,governo,2,1.08,1.614,1.18,1.097,1.097,1.097,1.097,1.097,0.7902,1.097,1.075,1.474,1.03,1.056,1.041,1.038,1.123,1.09
202202,governo,3,2.461,2.218,1.588,1.615,1.615,1.615,1.615,1.615,1.185,1.615,1.666,2.09,1.449,1.501,1.502,1.641,1.635,1.597
202202,governo,4,4.786,2.803,1.979,1.947,1.947,1.947,1.947,1.947,1.58,1.947,1.966,2.671,1.837,1.859,1.843,2.021,1.967,1.935
202202,governo,5,5.198,3.393,2.376,2.365,2.365,2.365,2.365,2.365,1.976,2.365,2.399,3.263,2.234,2.301,2.294,2.406,2.351,2.346
202202,governo,6,6.28,3.982,2.77,2.744,2.744,2.744,2.744,2.744,2.371,2.744,2.769,3.851,2.629,2.692,2.671,2.819,2.688,2.71
202202,governo,7,5.916,4.571,3.166,3.141,3.141,3.141,3.141,3.141,2.766,3.141,3.17,4.44,3.024,3.102,3.085,3.232,3.044,3.089
202202,governo,8,6.934,5.16,3.561,3.529,3.529,3.529,3.529,3.529,3.161,3.529,3.555,5.03,3.419,3.491,3.476,3.629,3.448,3.462
202202,desemprego,1,-0.4124,,,,,,,,0.04294,-0.9953,,-0.8042,-0.8022,-1.197,-0.2296,-0.1687,-0.1331,-0.03377
202202,desemprego,2,-0.7705,,,,,,,,0.08588,-1.739,,-1.27,-1.264,-1.817,-0.6387,-0.05348,-0.5132,0.3358
202202,desemprego,3,-0.9606,,,,,,,,0.1288,-2.297,,-1.513,-1.503,-2.431,-1.163,0.1573,-0.6814,0.7119
202202,desemprego,4,-1.3,,,,,,,,0.1718,-2.721,,-1.616,-1.6,-2.627,-1.473,0.408,-0.8822,1.043
202202,desemprego,5,-1.412,,,,,,,,0.2147,-3.045,,-1.629,-1.608,-2.642,-1.433,0.6157,-1.042,1.244
202202,desemprego,6,-1.27,,,,,,,,0.2576,-3.297,,-1.587,-1.562,-2.616,-1.276,0.7941,-1.09,1.459
202202,desemprego,7,-1.861,,,,,,,,0.3006,-3.496,,-1.511,-1.483,-2.532,-1.118,1.047,-1.024,1.608
202202,desemprego,8,-2.4,,,,,,,,0.3435,-3.655,,-1.418,-1.386,-2.339,-0.8364,1.282,-0.9451,1.741
202203,pib,1,0.4279,0.3739,0.3444,0.5713,0.4578,0.4599,0.5033,0.4872,0.5579,0.5765,0.3501,0.5867,0.5635,-0.3124,0.5778,-0.5752,0.6741,0.5144
202203,pib,2,1.75,0.919,0.8929,1.147,0.9069,0.9278,0.9563,0.9867,1.116,1.13,0.9772,1.234,1.211,-0.1105,0.9351,-0.5272,0.8351,-0.02642
202203,pib,3,2.54,1.415,1.382,1.71,1.339,1.397,1.389,1.477,1.674,1.681,1.516,1.793,1.762,0.02511,1.575,-0.1663,1.842,0.08821
202203,pib,4,2.676,1.927,1.89,2.271,1.764,1.865,1.804,1.968,2.232,2.233,2.074,2.337,2.301,0.3881,2.328,0.5723,2.607,0.4317
202203,pib,5,3.049,2.436,2.394,2.83,2.183,2.325,2.218,2.458,2.789,2.785,2.622,2.859,2.816,1.119,2.981,1.18,2.939,0.7665
202203,pib,6,3.706,2.947,2.901,3.387,2.597,2.793,2.627,2.948,3.347,3.337,3.177,3.371,3.321,1.879,3.033,1.207,3.167,1.126
202203,pib,7,5.403,3.459,3.408,3.955,3.018,3.265,3.034,3.452,3.905,3.889,3.728,3.877,3.821,2.296,2.899,0.9745,3.683,1.558
202203,pib,8,6.296,3.972,3.917,4.523,3.435,3.737,3.436,3.956,4.463,4.44,4.281,4.38,4.318,2.616,3.035,1.028,4.437,1.918
202203,consumo,1,1.035,0.4711,0.5243,0.5807,0.6664,0.5009,0.698,0.472,0.6133,0.5988,0.3364,0.4947,0.5468,0.5617,0.7446,0.5093,0.5549,-0.276
202203,consumo,2,1.186,0.9445,1.051,1.12,1.27,0.9562,1.345,0.909,1.227,1.198,0.9501,0.9923,1.097,1.021,1.409,1.87,1.061,0.2766
202203,consumo,3,2.168,1.419,1.58,1.661,1.865,1.465,1.981,1.353,1.84,1.798,1.593,1.491,1.648,1.422,2.125,2.938,1.611,1.595
202203,consumo,4,3.083,1.896,2.11,2.194,2.444,2.06,2.604,1.807,2.453,2.398,2.172,1.991,2.201,1.832,2.86,3.085,2.162,3.144
202203,consumo,5,3.909,2.373,2.642,2.73,3.016,2.573,3.218,2.267,3.067,2.997,2.777,2.492,2.754,2.287,3.611,6.012,2.721,4.553
202203,consumo,6,6.204,2.853,3.175,3.268,3.583,2.979,3.815,2.73,3.68,3.597,3.377,2.993,3.308,2.764,4.345,8.035,3.239,5.651
202203,consumo,7,7.339,3.333,3.71,3.799,4.138,3.478,4.41,3.185,4.293,4.197,3.978,3.494,3.863,3.252,5.011,9.566,3.758,6.534
202203,consumo,8,8.679,3.815,4.247,4.332,4.691,3.809,4.987,3.648,4.906,4.796,4.578,3.996,4.418,3.71,5.666,10.92,4.302,7.138
202203,investimento,1,-1.152,0.1142,0.07808,1.148,0.4019,0.8663,0.5373,1.124,0.5517,0.976,0.3592,1.3,1.314,0.0797,1.001,2.685,0.3155,-1.296
202203,investimento,2,-4.984,0.7735,0.7731,1.691,0.1163,0.9484,0.1611,1.536,1.103,1.591,0.8237,2.408,2.454,1.933,2.543,7.668,0.6924,1.289
202203,investimento,3,-4.755,1.267,1.264,2.518,0.1662,1.352,0.105,2.284,1.655,2.144,1.419,3.159,3.204,3.359,5.012,9.371,2.333,5.933
202203,investimento,4,-7.13,1.81,1.818,3.189,0.03864,1.212,-0.1921,2.813,2.207,2.688,1.948,3.793,3.844,4.086,7.101,10.16,4.134,10.67
202203,investimento,5,-5.415,2.34,2.354,3.928,-0.007095,1.416,-0.3838,3.455,2.758,3.229,2.481,4.317,4.367,4.994,9.575,14.77,6.084,14.04
202203,investimento,6,-2.535,2.875,2.896,4.619,-0.1018,2.025,-0.6051,3.975,3.31,3.77,3.019,4.787,4.836,5.695,11.22,20,7.903,16.22
202203,investimento,7,0.2127,3.409,3.437,5.374,-0.1342,2.342,-0.797,4.684,3.862,4.311,3.555,5.221,5.27,6.17,11.79,24.6,10.11,17.69
202203,investimento,8,2.528,3.944,3.979,6.15,-0.1441,3.329,-0.9745,5.394,4.413,4.852,4.091,5.639,5.687,6.577,12.81,27.7,12.14,17.97
202203,governo,1,-0.8595,0.3172,0.04673,-0.3207,-0.3207,-0.3207,-0.3207,-0.3207,0.4097,-0.3207,-0.44,0.1822,-0.08219,-0.349,-0.196,-0.3193,-0.5786,-0.5303
202203,governo,2,0.5213,0.9796,0.5472,0.4109,0.4109,0.4109,0.4109,0.4109,0.8194,0.4109,0.31,0.8558,0.4274,0.388,0.5754,0.4009,0.2704,0.2519
202203,governo,3,2.847,1.548,0.9307,0.6526,0.6526,0.6526,0.6526,0.6526,1.229,0.6526,0.5481,1.424,0.8114,0.6391,0.8223,0.6413,0.5774,0.5544
202203,governo,4,3.259,2.143,1.348,1.122,1.122,1.122,1.122,1.122,1.639,1.122,1.021,2.019,1.229,1.118,1.308,1.11,0.9669,1.026
202203,governo,5,4.34,2.73,1.756,1.486,1.486,1.486,1.486,1.486,2.048,1.486,1.377,2.606,1.636,1.485,1.653,1.444,1.176,1.394
202203,governo,6,3.977,3.32,2.166,1.899,1.899,1.899,1.899,1.899,2.458,1.899,1.793,3.196,2.046,1.883,2.057,1.825,1.671,1.834
202203,governo,7,4.995,3.909,2.575,2.289,2.289,2.289,2.289,2.289,2.868,2.289,2.179,3.785,2.456,2.268,2.456,2.145,2.105,2.24
202203,governo,8,5.479,4.498,2.985,2.69,2.69,2.69,2.69,2.69,3.277,2.69,2.579,4.374,2.866,2.652,2.837,2.524,2.565,2.629
202203,desemprego,1,-0.358,,,,,,,,0.0321,-0.2806,,-0.2302,-0.2292,0.549,-0.2969,0.2339,-0.2998,0.1186
202203,desemprego,2,-0.5481,,,,,,,,0.0642,-0.4708,,-0.3362,-0.3324,1.13,-0.5923,0.6873,-1.124,0.2156
202203,desemprego,3,-0.8876,,,,,,,,0.0963,-0.5992,,-0.3658,-0.3589,1.629,-0.6696,1.079,-1.782,0.4398
202203,desemprego,4,-1,,,,,,,,0.1284,-0.6852,,-0.3473,-0.3369,1.856,-0.5734,1.344,-2.141,0.7276
202203,desemprego,5,-0.858,,,,,,,,0.1605,-0.7421,,-0.3,-0.2862,2.077,-0.2786,1.578,-2.331,0.9697
202203,desemprego,6,-1.448,,,,,,,,0.1926,-0.7791,,-0.236,-0.2191,2.234,0.1107,1.758,-2.407,1.18
202203,desemprego,7,-1.988,,,,,,,,0.2247,-0.8024,,-0.1635,-0.1438,2.373,0.5529,1.888,-2.357,1.39
202203,desemprego,8,-2.3,,,,,,,,0.2568,-0.8165,,-0.08749,-0.06528,2.564,0.8374,2.045,-2.26,1.599
202204,pib,1,1.322,0.6695,0.6553,0.4982,0.3816,0.4265,0.4255,0.4326,0.5567,0.5443,0.7194,0.8255,0.8112,0.6945,0.4131,0.518,1.294,0.09833
202204,pib,2,2.112,1.131,1.114,1.034,0.7901,0.8695,0.8404,0.896,1.113,1.094,1.185,1.37,1.353,1.293,1.272,0.231,2.211,0.06485
202204,pib,3,2.248,1.655,1.635,1.589,1.213,1.329,1.253,1.379,1.67,1.645,1.76,1.944,1.921,1.801,1.764,0.1751,2.803,1.202
202204,pib,4,2.621,2.162,2.138,2.135,1.622,1.8,1.667,1.855,2.227,2.195,2.308,2.47,2.441,2.432,2.387,0.7863,3.566,2.242
202204,pib,5,3.278,2.675,2.647,2.675,2.021,2.279,2.086,2.328,2.783,2.745,2.865,2.988,2.953,3.165,2.831,1.385,4.174,3.122
202204,pib,6,4.975,3.188,3.156,3.233,2.434,2.746,2.495,2.818,3.34,3.296,3.416,3.494,3.453,3.542,3.186,1.975,4.354,3.531
202204,pib,7,5.868,3.702,3.667,3.783,2.836,3.208,2.885,3.304,3.897,3.846,3.971,3.996,3.95,3.866,3.523,2.276,4.448,3.842
202204,pib,8,5.947,4.217,4.178,4.332,3.233,3.68,3.275,3.789,4.453,4.396,4.523,4.495,4.444,4.377,3.956,2.185,4.715,4.241
202204,consumo,1,0.1514,0.4773,0.5365,0.516,0.5922,0.5131,0.6368,0.486,0.6172,0.6011,0.8087,0.4987,0.5569,0.6075,0.622,0.5715,0.7101,0.01184
202204,consumo,2,1.133,0.955,1.074,1.05,1.186,0.9823,1.27,0.9467,1.234,1.205,1.351,0.9984,1.115,1.283,1.267,1.13,1.382,0.8851
202204,consumo,3,2.048,1.434,1.613,1.585,1.771,1.494,1.899,1.399,1.852,1.809,1.939,1.499,1.675,1.919,1.914,1.638,2.033,1.808
202204,consumo,4,2.875,1.915,2.154,2.123,2.35,2.021,2.501,1.863,2.469,2.412,2.567,2.001,2.235,2.542,2.57,2.071,2.688,2.678
202204,consumo,5,5.169,2.397,2.696,2.662,2.921,2.522,3.104,2.341,3.086,3.016,3.168,2.503,2.796,3.186,3.219,2.25,3.34,3.79
202204,consumo,6,6.304,2.881,3.24,3.195,3.481,2.854,3.691,2.801,3.703,3.62,3.777,3.006,3.358,3.776,3.844,3.117,3.958,5.056
202204,consumo,7,7.644,3.365,3.785,3.727,4.037,3.338,4.275,3.269,4.321,4.224,4.385,3.508,3.919,4.364,4.441,4.02,4.578,6.572
202204,consumo,8,7.027,3.851,4.332,4.255,4.588,3.813,4.858,3.733,4.938,4.827,4.993,4.011,4.482,4.919,5.058,4.734,5.161,7.56
202204,investimento,1,-3.833,0.9615,0.9643,0.091,-0.7867,-0.53,-0.6738,-0.335,0.5358,0.2386,0.9475,1.816,1.842,0.9417,1.828,0.9296,2.522,-0.4895
202204,investimento,2,-3.603,1.336,1.335,0.8963,-0.7564,-0.05975,-0.7126,0.2895,1.072,0.7092,1.449,2.564,2.589,2.323,3.639,1.382,4.397,4.887
202204,investimento,3,-5.978,1.914,1.908,1.496,-0.9641,-0.05177,-1.082,0.704,1.607,1.218,1.925,3.328,3.346,3.077,5.475,1.759,6.338,5.083
202204,investimento,4,-4.263,2.43,2.419,2.2,-1.043,0.3798,-1.201,1.222,2.143,1.734,2.466,3.879,3.886,5.48,7.367,2.798,8.836,7.485
202204,investimento,5,-1.383,2.965,2.95,2.783,-1.266,0.7766,-1.366,1.541,2.679,2.251,2.993,4.371,4.364,7.763,8.923,4.601,10.49,10.59
202204,investimento,6,1.364,3.496,3.475,3.509,-1.321,1.721,-1.501,2.154,3.215,2.768,3.517,4.805,4.785,9.511,10.65,6.239,12.1,14.68
202204,investimento,7,3.68,4.029,4.002,4.169,-1.471,2.058,-1.76,2.64,3.75,3.285,4.043,5.216,5.181,10.71,11.59,7.947,13.34,20.16
202204,investimento,8,4.929,4.562,4.529,4.899,-1.55,2.373,-2.032,3.294,4.286,3.802,4.569,5.612,5.563,11.49,12.6,8.995,14.35,23.22
202204,governo,1,1.381,0.9986,0.7552,0.9789,0.9789,0.9789,0.9789,0.9789,0.3978,0.9789,1.161,0.9012,0.6508,0.9398,0.92,1.018,1.097,0.9848
202204,governo,2,3.706,1.491,1.064,1.1,1.1,1.1,1.1,1.1,0.7956,1.1,1.205,1.392,0.9584,0.8682,1.038,1.189,1.234,1.086
202204,governo,3,4.118,2.108,1.488,1.621,1.621,1.621,1.621,1.621,1.193,1.621,1.752,2.012,1.387,1.554,1.569,1.739,1.751,1.624
202204,governo,4,5.2,2.689,1.878,1.955,1.955,1.955,1.955,1.955,1.591,1.955,2.074,2.591,1.774,1.899,1.823,2.089,2.082,1.954
202204,governo,5,4.836,3.28,2.278,2.377,2.377,2.377,2.377,2.377,1.989,2.377,2.505,3.184,2.175,2.339,2.269,2.51,2.47,2.364
202204,governo,6,5.854,3.869,2.675,2.758,2.758,2.758,2.758,2.758,2.387,2.758,2.881,3.772,2.572,2.713,2.668,2.867,2.818,2.736
202204,governo,7,6.338,4.458,3.073,3.158,3.158,3.158,3.158,3.158,2.785,3.158,3.284,4.361,2.97,3.115,3.1,3.228,3.17,3.114
202204,governo,8,5.344,5.047,3.471,3.549,3.549,3.549,3.549,3.549,3.183,3.549,3.674,4.95,3.368,3.51,3.487,3.597,3.58,3.483
202204,desemprego,1,-0.1901,,,,,,,,0.02303,-0.2459,,-0.1759,-0.1742,-0.2386,-0.5391,-0.09002,-0.9101,0.6855
202204,desemprego,2,-0.5295,,,,,,,,0.04605,-0.4149,,-0.2481,-0.2431,-0.5747,-1.114,0.2429,-1.31,0.2591
202204,desemprego,3,-0.642,,,,,,,,0.06908,-0.5308,,-0.2515,-0.2425,-1.134,-1.761,0.4807,-1.49,-0.1931
202204,desemprego,4,-0.5,,,,,,,,0.0921,-0.6105,,-0.2139,-0.2008,-1.315,-2.196,0.7063,-1.525,-0.4987
202204,desemprego,5,-1.09,,,,,,,,0.1151,-0.6651,,-0.1518,-0.1347,-1.471,-2.518,1.071,-1.47,-0.6885
202204,desemprego,6,-1.63,,,,,,,,0.1382,-0.7026,,-0.07633,-0.05556,-1.481,-2.644,1.405,-1.301,-0.7446
202204,desemprego,7,-1.942,,,,,,,,0.1612,-0.7282,,0.00551,0.02961,-1.301,-2.657,1.736,-1.061,-0.7672
202204,desemprego,8,-1.7,,,,,,,,0.1842,-0.7458,,0.08929,0.1163,-1.123,-2.682,2.009,-0.8314,-0.7702
202301,pib,1,0.7903,0.4341,0.4468,0.6185,0.5,0.5269,0.5123,0.5506,0.5638,0.5956,1.065,0.5137,0.5299,1.194,0.8767,0.8254,1.101,0.1381
202301,pib,2,0.9259,0.9443,0.9827,1.179,0.9287,1.03,0.9423,1.056,1.128,1.155,1.508,1.073,1.118,1.574,1.852,1.708,1.734,0.4323
202301,pib,3,1.299,1.433,1.494,1.746,1.359,1.526,1.36,1.571,1.691,1.714,2.035,1.578,1.647,2.123,2.862,2.92,2.696,1.047
202301,pib,4,1.956,1.929,2.014,2.33,1.803,2.031,1.782,2.104,2.255,2.271,2.63,2.075,2.17,3.044,3.973,3.642,3.653,1.822
202301,pib,5,3.653,2.424,2.532,2.895,2.226,2.53,2.198,2.622,2.819,2.829,3.184,2.56,2.68,3.916,3.823,4.016,4.573,2.824
202301,pib,6,4.546,2.92,3.052,3.454,2.638,3.043,2.618,3.133,3.383,3.387,3.749,3.04,3.186,4.635,3.723,4.601,5.379,3.035
202301,pib,7,4.625,3.416,3.573,4.017,3.051,3.542,3.02,3.65,3.946,3.945,4.311,3.517,3.689,5.015,4.214,5.433,5.934,2.806
202301,pib,8,5.876,3.913,4.095,4.583,3.463,4.061,3.433,4.169,4.51,4.503,4.875,3.993,4.191,5.479,4.812,6.22,6.426,3.02
202301,consumo,1,0.9814,0.4704,0.5379,0.6056,0.6648,0.5219,0.6987,0.4923,0.6129,0.6025,2.121,0.4857,0.5552,0.7303,0.4649,2.964,0.7261,0.55
202301,consumo,2,1.897,0.9419,1.078,1.16,1.256,1.047,1.332,1.006,1.226,1.202,2.338,0.9725,1.112,1.338,1.008,3.731,1.398,1.164
202301,consumo,3,2.723,1.414,1.619,1.706,1.831,1.684,1.952,1.511,1.839,1.802,2.916,1.459,1.67,1.975,1.557,5.211,2.091,1.919
202301,consumo,4,5.017,1.887,2.161,2.26,2.405,2.401,2.559,2.001,2.452,2.401,3.569,1.946,2.228,2.652,2.14,6.49,2.8,2.715
202301,consumo,5,6.152,2.361,2.705,2.808,2.968,2.919,3.154,2.521,3.065,3.001,4.18,2.433,2.787,3.326,2.68,7.578,3.531,3.59
202301,consumo,6,7.493,2.835,3.251,3.352,3.527,3.39,3.743,3.033,3.678,3.6,4.787,2.919,3.346,3.971,3.188,6.921,4.244,4.277
202301,consumo,7,6.876,3.311,3.797,3.897,4.085,3.76,4.322,3.548,4.29,4.2,5.403,3.405,3.905,4.617,3.681,7.224,4.959,5.001
202301,consumo,8,7.11,3.787,4.345,4.458,4.654,4.189,4.904,4.07,4.903,4.8,6.015,3.891,4.465,5.233,4.19,6.968,5.686,5.971
202301,investimento,1,0.2296,0.6369,0.6201,1.093,0.4031,0.9047,0.364,1.152,0.4953,-0.2629,2.514,1.134,1.133,1.271,1.09,13.16,2.833,-2.511
202301,investimento,2,-2.146,1.171,1.153,1.609,0.1438,1.055,0.01031,1.404,0.9906,0.08303,3.174,1.84,1.845,1.891,2.144,10.85,4.124,-0.4019
202301,investimento,3,-0.4303,1.654,1.617,2.398,0.2083,1.151,-0.1099,2.061,1.486,0.5327,3.454,2.368,2.358,2.782,2.782,16.09,6.483,-0.6868
202301,investimento,4,2.449,2.158,2.107,3.133,0.2148,0.9332,-0.3053,2.679,1.981,1,3.995,2.831,2.811,4.905,3.496,19.31,9.079,-0.9434
202301,investimento,5,5.197,2.656,2.589,3.848,0.1952,1.432,-0.4153,3.211,2.477,1.471,4.509,3.233,3.201,7.073,3.085,22.58,11.64,-2.005
202301,investimento,6,7.513,3.157,3.074,4.521,0.1049,2.053,-0.5457,3.758,2.972,1.941,5.001,3.61,3.565,8.279,2.519,17.84,13.71,-0.1192
202301,investimento,7,8.762,3.657,3.559,5.232,0.04957,2.953,-0.7355,4.297,3.467,2.412,5.503,3.972,3.914,9.874,2.713,16.68,14.98,2.296
202301,investimento,8,10.94,4.158,4.045,5.889,-0.08042,3.762,-0.8758,4.711,3.963,2.884,6.004,4.33,4.259,11.63,3.098,14.46,16.63,4.53
202301,governo,1,2.325,0.1203,-0.07986,-0.06383,-0.06383,-0.06383,-0.06383,-0.06383,0.4069,-0.06383,0.1941,0.001426,-0.2037,-0.214,-0.06769,0.4573,-0.07399,-0.1735
202301,governo,2,2.737,0.7316,0.3815,0.5478,0.5478,0.5478,0.5478,0.5478,0.8138,0.5478,0.8458,0.6499,0.2978,0.4842,0.5446,1.048,0.514,0.4681
202301,governo,3,3.819,1.281,0.7764,0.8436,0.8436,0.8436,0.8436,0.8436,1.221,0.8436,1.038,1.192,0.6849,0.8258,0.8457,1.221,0.8232,0.9318
202301,governo,4,3.456,1.844,1.187,1.287,1.287,1.287,1.287,1.287,1.628,1.287,1.54,1.756,1.097,1.265,1.187,1.556,1.275,1.414
202301,governo,5,4.474,2.403,1.593,1.661,1.661,1.661,1.661,1.661,2.035,1.661,1.894,2.315,1.502,1.623,1.461,1.808,1.648,1.74
202301,governo,6,4.957,2.963,2,2.068,2.068,2.068,2.068,2.068,2.442,2.068,2.311,2.875,1.91,2.009,1.8,2.232,2.033,2.116
202301,governo,7,3.963,3.523,2.407,2.46,2.46,2.46,2.46,2.46,2.848,2.46,2.7,3.435,2.317,2.399,2.194,2.734,2.425,2.456
202301,governo,8,5.42,4.083,2.814,2.858,2.858,2.858,2.858,2.858,3.255,2.858,3.103,3.995,2.724,2.786,2.613,3.269,2.783,2.779
202301,desemprego,1,-0.3394,,,,,,,,0.01818,-0.129,,-0.08255,-0.08068,-0.4914,0.3379,-1.046,-1.19,0.4278
202301,desemprego,2,-0.4519,,,,,,,,0.03636,-0.2161,,-0.09307,-0.08762,-0.9786,0.6803,-1.642,-1.817,0.6753
202301,desemprego,3,-0.3099,,,,,,,,0.05455,-0.2744,,-0.06093,-0.05128,-1.64,1.02,-2.259,-2.304,0.9794
202301,desemprego,4,-0.9,,,,,,,,0.07273,-0.313,,-0.003107,0.01103,-1.977,1.307,-2.626,-2.673,1.291
202301,desemprego,5,-1.439,,,,,,,,0.09091,-0.3381,,0.06885,0.08742,-2.259,1.53,-2.9,-2.883,1.463
202301,desemprego,6,-1.752,,,,,,,,0.1091,-0.3539,,0.1478,0.1706,-2.384,1.665,-3.112,-2.958,1.743
202301,desemprego,7,-1.51,,,,,,,,0.1273,-0.3633,,0.229,0.2558,-2.459,1.816,-3.289,-2.984,1.96
202301,desemprego,8,-1.8,,,,,,,,0.1455,-0.3684,,0.3098,0.3401,-2.493,1.88,-3.428,-3.011,2.098
202302,pib,1,0.1356,0.3529,0.3528,0.6085,0.4866,0.5128,0.489,0.5557,0.5658,0.5713,0.3774,0.5245,0.5339,0.7301,0.8099,0.9152,1.316,-0.1501
202302,pib,2,0.509,0.8913,0.921,1.173,0.9171,1.015,0.9206,1.074,1.132,1.132,0.9791,1.139,1.18,0.9073,1.867,1.493,1.339,0.6953
202302,pib,3,1.166,1.377,1.427,1.731,1.337,1.525,1.344,1.587,1.698,1.692,1.524,1.663,1.727,0.5661,3.141,2.703,0.967,0.8049
202302,pib,4,2.863,1.879,1.953,2.302,1.766,2.027,1.759,2.114,2.263,2.252,2.094,2.176,2.266,0.9067,4.223,3.019,1.722,0.1579
202302,pib,5,3.756,2.377,2.474,2.879,2.198,2.528,2.165,2.649,2.829,2.811,2.649,2.668,2.783,1.141,4.941,3.392,2.64,0.2939
202302,pib,6,3.834,2.877,2.998,3.441,2.612,3.019,2.561,3.171,3.395,3.371,3.212,3.152,3.292,1.574,5.545,3.741,3.064,0.53
202302,pib,7,5.086,3.377,3.523,3.991,3.011,3.54,2.98,3.682,3.961,3.931,3.771,3.63,3.796,2.063,6.08,4.401,3.349,0.8555
202302,pib,8,5.441,3.878,4.048,4.559,3.423,4.044,3.371,4.212,4.527,4.491,4.332,4.105,4.299,2.429,6.602,5.122,3.802,1.29
202302,consumo,1,0.9156,0.4751,0.5433,0.5681,0.6131,0.4885,0.6493,0.4495,0.6163,0.6004,0.5764,0.4922,0.5626,0.8245,0.6415,1.134,0.6433,0.5679
202302,consumo,2,1.742,0.9517,1.089,1.106,1.178,1.023,1.265,0.9506,1.233,1.204,1.112,0.986,1.128,1.468,1.302,2.986,1.23,1.868
202302,consumo,3,4.036,1.429,1.636,1.647,1.738,1.718,1.866,1.454,1.849,1.807,1.76,1.48,1.693,2.031,2.029,3.625,1.752,3.098
202302,consumo,4,5.171,1.907,2.184,2.191,2.293,2.326,2.457,1.952,2.465,2.41,2.351,1.974,2.26,2.574,2.778,4.816,2.323,4.948
202302,consumo,5,6.511,2.386,2.734,2.736,2.846,2.919,3.037,2.453,3.082,3.013,2.961,2.467,2.826,3.054,3.534,7.393,2.916,6.708
202302,consumo,6,5.895,2.865,3.285,3.281,3.4,3.379,3.611,2.967,3.698,3.616,3.564,2.96,3.393,3.504,4.27,9.426,3.498,8.064
202302,consumo,7,6.128,3.345,3.837,3.825,3.951,3.75,4.187,3.49,4.314,4.219,4.17,3.453,3.959,3.98,5.013,11.11,4.052,8.721
202302,consumo,8,6.908,3.826,4.391,4.376,4.502,4.125,4.749,4.008,4.93,4.822,4.775,3.945,4.526,4.411,5.75,12.5,4.624,8.86
202302,investimento,1,-2.375,0.5089,0.4869,1.443,0.8416,1.303,0.7289,1.655,0.4929,0.4347,0.4647,1.306,1.298,2.775,2.384,4.073,1.579,0.3243
202302,investimento,2,-0.6599,1.128,1.114,1.877,0.4915,1.256,0.2606,1.913,0.9858,0.9042,0.8374,2.258,2.256,5.21,5.089,9.592,3.046,5.457
202302,investimento,3,2.22,1.591,1.547,2.691,0.5993,1.344,0.2741,2.605,1.479,1.38,1.335,2.872,2.847,6.981,7.989,10.14,3.675,8.914
202302,investimento,4,4.967,2.106,2.043,3.355,0.531,1.457,0.06146,3.129,1.972,1.856,1.816,3.391,3.352,8.73,10.71,14.43,5.302,16.64
202302,investimento,5,7.283,2.607,2.521,4.123,0.5791,1.637,-0.0975,3.782,2.464,2.332,2.293,3.809,3.751,9.44,12.86,21.02,6.851,21.15
202302,investimento,6,8.532,3.112,3.005,4.799,0.492,2.224,-0.3134,4.291,2.957,2.809,2.771,4.184,4.107,9.615,14.2,25.71,7.704,24.38
202302,investimento,7,10.71,3.616,3.488,5.441,0.3507,3.125,-0.4165,4.76,3.45,3.286,3.25,4.53,4.435,9.786,16.07,28.96,8.586,24.25
202302,investimento,8,8.825,4.122,3.972,6.128,0.2617,4.066,-0.6344,5.271,3.943,3.762,3.728,4.865,4.752,10.17,17.97,32.42,9.452,23.08
202302,governo,1,0.4119,-0.1921,-0.4405,-0.4769,-0.4769,-0.4769,-0.4769,-0.4769,0.4245,-0.4769,-0.4143,-0.1312,-0.3534,-0.6625,-0.2253,-0.4755,-0.4875,-0.5613
202302,governo,2,1.494,0.4664,0.09233,0.347,0.347,0.347,0.347,0.347,0.849,0.347,0.3705,0.5458,0.2005,0.1307,0.6472,0.3462,0.3444,-0.04616
202302,governo,3,1.13,1.003,0.4894,0.5671,0.5671,0.5671,0.5671,0.5671,1.274,0.5671,0.6038,1.079,0.5948,0.4084,0.8608,0.5113,0.5741,-0.1541
202302,governo,4,2.148,1.569,0.922,1.067,1.067,1.067,1.067,1.067,1.698,1.067,1.104,1.646,1.028,0.955,1.336,0.9506,1.076,0.5206
202302,governo,5,2.632,2.127,1.344,1.438,1.438,1.438,1.438,1.438,2.123,1.438,1.471,2.204,1.45,1.375,1.691,1.211,1.428,1.09
202302,governo,6,1.637,2.688,1.769,1.868,1.868,1.868,1.868,1.868,2.547,1.868,1.904,2.765,1.875,1.803,2.114,1.591,1.844,1.477
202302,governo,7,3.095,3.247,2.194,2.271,2.271,2.271,2.271,2.271,2.972,2.271,2.305,3.324,2.299,2.225,2.47,1.898,2.212,1.827
202302,governo,8,3.076,3.807,2.618,2.687,2.687,2.687,2.687,2.687,3.396,2.687,2.721,3.884,2.724,2.629,2.876,2.343,2.6,2.266
202302,desemprego,1,-0.1124,,,,,,,,0.01023,-0.2371,,-0.1715,-0.1701,-0.03157,-0.5927,-0.7306,0.458,-0.7889
202302,desemprego,2,0.02953,,,,,,,,0.02047,-0.4037,,-0.2285,-0.2236,0.05,-1.5,-0.8265,0.7749,-0.8713
202302,desemprego,3,-0.5606,,,,,,,,0.03071,-0.5219,,-0.2171,-0.2082,0.332,-1.817,-0.9721,1.131,-0.602
202302,desemprego,4,-1.1,,,,,,,,0.04094,-0.6066,,-0.1636,-0.1503,0.8165,-1.943,-1.105,1.429,-0.1512
202302,desemprego,5,-1.412,,,,,,,,0.05118,-0.6684,,-0.08591,-0.06822,1.271,-2.136,-1.033,1.696,0.3086
202302,desemprego,6,-1.17,,,,,,,,0.06141,-0.7144,,0.004747,0.02664,1.642,-2.241,-0.9545,1.946,0.7989
202302,desemprego,7,-1.461,,,,,,,,0.07165,-0.7494,,0.1012,0.127,1.783,-2.278,-1,2.132,1.218
202302,desemprego,8,-2.2,,,,,,,,0.08188,-0.777,,0.1989,0.2283,2.183,-2.196,-0.8852,2.237,1.564
202303,pib,1,0.3734,0.5539,0.5588,0.5587,0.4344,0.4311,0.4614,0.5124,0.5619,0.5349,0.5592,0.6236,0.6361,-0.4897,1.167,-0.432,0.7493,-0.3448
202303,pib,2,1.03,1.032,1.061,1.109,0.8497,0.8856,0.8744,1.011,1.124,1.09,1.083,1.118,1.155,-0.595,2.005,0.04106,1.331,-1.211
202303,pib,3,2.727,1.534,1.582,1.67,1.273,1.355,1.283,1.523,1.686,1.645,1.645,1.622,1.681,-0.968,3.167,0.5716,1.716,-0.6981
202303,pib,4,3.62,2.03,2.098,2.224,1.684,1.83,1.68,2.028,2.248,2.201,2.202,2.105,2.186,-0.6801,3.565,0.6366,2.321,-0.3601
202303,pib,5,3.699,2.528,2.618,2.767,2.082,2.32,2.086,2.526,2.81,2.756,2.761,2.584,2.687,-0.05966,4.169,1.066,2.958,0.1065
202303,pib,6,4.95,3.026,3.137,3.319,2.485,2.791,2.473,3.034,3.372,3.312,3.318,3.058,3.184,0.308,5.068,1.651,3.645,0.7974
202303,pib,7,5.305,3.525,3.658,3.872,2.885,3.277,2.866,3.544,3.934,3.868,3.876,3.531,3.68,0.6617,6.005,1.826,4.28,1.226
202303,pib,8,5.413,4.025,4.18,4.417,3.274,3.753,3.242,4.048,4.495,4.423,4.433,4.004,4.176,1.114,6.513,2.119,4.676,1.576
202303,consumo,1,0.8261,0.4733,0.5465,0.5062,0.5476,0.4868,0.5902,0.4153,0.619,0.6039,0.7093,0.4874,0.5624,0.4951,0.5753,0.3562,0.6684,0.7666
202303,consumo,2,3.12,0.947,1.094,1.041,1.109,0.9985,1.181,0.8813,1.238,1.21,1.286,0.9747,1.125,0.9925,1.243,0.8471,1.329,1.929
202303,consumo,3,4.255,1.422,1.643,1.575,1.662,1.599,1.768,1.35,1.857,1.816,1.891,1.462,1.689,1.405,1.934,1.781,1.991,2.847
202303,consumo,4,5.596,1.897,2.194,2.11,2.209,2.179,2.342,1.823,2.476,2.422,2.507,1.949,2.253,1.829,2.579,2.679,2.657,3.708
202303,consumo,5,4.979,2.374,2.746,2.651,2.761,2.794,2.914,2.317,3.095,3.028,3.114,2.436,2.817,2.287,3.213,3.4,3.306,4.183
202303,consumo,6,5.213,2.851,3.3,3.188,3.31,3.2,3.481,2.808,3.714,3.634,3.724,2.922,3.381,2.731,3.882,5,3.961,4.617
202303,consumo,7,5.992,3.329,3.855,3.72,3.849,3.646,4.042,3.301,4.333,4.24,4.333,3.409,3.946,3.176,4.56,6.583,4.641,4.955
202303,consumo,8,5.934,3.808,4.411,4.244,4.375,4.167,4.597,3.785,4.952,4.846,4.942,3.895,4.511,3.627,5.242,8.071,5.293,5.176
202303,investimento,1,1.715,1.031,0.9957,0.7601,0.03828,0.08946,0.05416,0.7903,0.4668,-0.03343,0.394,1.316,1.288,1.279,1.537,0.3572,2.016,5.208
202303,investimento,2,4.595,1.458,1.392,1.42,-0.05215,0.2621,-0.1006,1.327,0.9336,0.3308,0.8063,1.776,1.718,2.929,4.211,1.17,4.183,8.744
202303,investimento,3,7.343,1.981,1.864,2.133,-0.07326,0.1909,-0.3029,1.933,1.4,0.7624,1.237,2.271,2.168,3.169,6.389,3.104,6.822,9.294
202303,investimento,4,9.658,2.48,2.318,2.816,-0.1354,0.3015,-0.4954,2.571,1.867,1.206,1.695,2.663,2.516,3.308,7.192,4.514,9.182,11.09
202303,investimento,5,10.91,2.987,2.778,3.411,-0.3208,0.3151,-0.6804,2.898,2.334,1.651,2.147,3.031,2.838,3.614,8.015,5.027,11.4,10.51
202303,investimento,6,13.08,3.492,3.236,4.068,-0.4475,0.9948,-0.8911,3.365,2.801,2.096,2.599,3.377,3.138,3.659,10.08,7.548,13.65,9.885
202303,investimento,7,11.2,3.998,3.695,4.752,-0.5549,1.497,-1.11,3.955,3.268,2.542,3.051,3.718,3.432,3.739,12.18,10.12,15.32,9.578
202303,investimento,8,11.94,4.505,4.155,5.425,-0.677,1.731,-1.389,4.557,3.734,2.987,3.503,4.058,3.727,3.886,14.14,12.94,16.22,8.73
202303,governo,1,1.082,0.3502,0.1272,0.4195,0.4195,0.4195,0.4195,0.4195,0.4244,0.4195,0.6308,0.389,0.1923,0.2438,0.4059,0.4892,0.1768,0.4341
202303,governo,2,0.7183,0.8913,0.5377,0.8354,0.8354,0.8354,0.8354,0.8354,0.8488,0.8354,0.9654,0.9372,0.6116,0.6498,0.8212,1.038,0.6037,0.7498
202303,governo,3,1.736,1.46,0.9697,1.253,1.253,1.253,1.253,1.253,1.273,1.253,1.417,1.508,1.045,1.188,1.219,1.459,1.24,1.194
202303,governo,4,2.22,2.017,1.392,1.67,1.67,1.67,1.67,1.67,1.698,1.67,1.82,2.063,1.466,1.618,1.616,1.896,1.757,1.686
202303,governo,5,1.226,2.578,1.817,2.087,2.087,2.087,2.087,2.087,2.122,2.087,2.246,2.625,1.892,2.031,2.046,2.321,2.2,2.108
202303,governo,6,2.683,3.138,2.241,2.504,2.504,2.504,2.504,2.504,2.546,2.504,2.66,3.184,2.316,2.455,2.444,2.724,2.633,2.526
202303,governo,7,2.664,3.698,2.665,2.921,2.921,2.921,2.921,2.921,2.971,2.921,3.08,3.744,2.74,2.872,2.852,3.119,3.031,2.897
202303,governo,8,3.973,4.257,3.09,3.338,3.338,3.338,3.338,3.338,3.395,3.338,3.497,4.304,3.165,3.304,3.275,3.48,3.434,3.335
202303,desemprego,1,0.142,,,,,,,,0.007568,-0.07775,,-0.01852,-0.0165,0.5435,-1.075,0.1959,-0.8742,0.421
202303,desemprego,2,-0.4481,,,,,,,,0.01514,-0.1317,,0.0149,0.02077,1.032,-0.9365,0.6026,-1.578,0.8331
202303,desemprego,3,-0.9876,,,,,,,,0.02271,-0.1694,,0.08079,0.09123,1.406,-1.553,1.071,-2.149,1.187
202303,desemprego,4,-1.3,,,,,,,,0.03027,-0.1958,,0.1643,0.1796,1.693,-1.79,1.498,-2.47,1.415
202303,desemprego,5,-1.058,,,,,,,,0.03784,-0.2146,,0.2566,0.2768,1.865,-2.114,1.932,-2.644,1.653
202303,desemprego,6,-1.348,,,,,,,,0.04541,-0.2281,,0.3522,0.3771,2.048,-2.365,2.219,-2.691,1.759
202303,desemprego,7,-2.088,,,,,,,,0.05298,-0.238,,0.4475,0.4767,2.217,-2.599,2.613,-2.607,1.834
202303,desemprego,8,-2.1,,,,,,,,0.06055,-0.2454,,0.5405,0.5737,2.311,-2.717,2.819,-2.462,2.022
202304,pib,1,0.6568,0.4344,0.4323,0.5418,0.4173,0.4559,0.3689,0.4932,0.5602,0.5451,0.2996,0.4,0.4062,0.8432,0.8005,0.07152,-0.04499,0.774
202304,pib,2,2.354,0.9475,0.9692,1.082,0.8221,0.9282,0.7571,0.9814,1.12,1.099,0.9213,0.8764,0.9079,1.621,0.9702,0.3893,0.06374,1.478
202304,pib,3,3.247,1.439,1.476,1.627,1.228,1.398,1.148,1.476,1.681,1.653,1.476,1.333,1.383,2.378,1.81,0.9711,0.9337,1.311
202304,pib,4,3.325,1.937,1.994,2.182,1.64,1.874,1.542,1.982,2.241,2.207,2.026,1.8,1.871,2.983,2.685,1.369,1.19,1.708
202304,pib,5,4.577,2.434,2.51,2.72,2.032,2.341,1.925,2.475,2.801,2.761,2.58,2.268,2.358,2.82,3.525,1.715,0.5706,2.367
202304,pib,6,4.932,2.932,3.027,3.26,2.422,2.82,2.32,2.969,3.361,3.315,3.136,2.739,2.849,3.418,4.303,2.011,0.7834,2.682
202304,pib,7,5.04,3.431,3.545,3.797,2.807,3.302,2.706,3.463,3.922,3.869,3.69,3.212,3.343,4.008,4.849,2.2,0.793,3.229
202304,pib,8,5.291,3.931,4.065,4.335,3.187,3.775,3.076,3.958,4.482,4.424,4.244,3.688,3.84,4.615,5.463,2.446,1.056,3.898
202304,consumo,1,2.294,0.4712,0.546,0.5099,0.5492,0.463,0.5849,0.4264,0.6209,0.6065,0.1177,0.4825,0.559,0.6366,0.6195,0.8946,0.5652,1.906
202304,consumo,2,3.429,0.9437,1.094,1.039,1.102,0.9464,1.163,0.8904,1.242,1.214,0.8204,0.9648,1.118,1.324,1.249,1.71,1.144,3.477
202304,consumo,3,4.77,1.417,1.644,1.571,1.648,1.499,1.738,1.357,1.863,1.822,1.46,1.447,1.678,2.031,1.884,3.402,1.752,4.606
202304,consumo,4,4.153,1.891,2.195,2.097,2.187,2.116,2.302,1.817,2.484,2.43,2.046,1.929,2.238,2.691,2.522,2.997,2.339,5.43
202304,consumo,5,4.386,2.367,2.747,2.618,2.724,2.703,2.865,2.291,3.104,3.038,2.657,2.41,2.799,3.255,3.183,2.969,2.839,5.971
202304,consumo,6,5.166,2.843,3.301,3.14,3.259,3.062,3.419,2.778,3.725,3.646,3.265,2.892,3.36,3.879,3.85,3.415,3.384,6.323
202304,consumo,7,5.108,3.32,3.856,3.668,3.792,3.491,3.968,3.264,4.346,4.254,3.872,3.374,3.921,4.485,4.519,3.956,3.901,6.421
202304,consumo,8,5.209,3.798,4.413,4.195,4.319,3.774,4.516,3.744,4.967,4.862,4.479,3.856,4.483,5.1,5.204,4.666,4.395,6.412
202304,investimento,1,2.88,0.4259,0.3742,0.8983,0.2051,0.5591,-0.1414,0.9321,0.4781,0.6737,-0.2385,0.153,0.1133,3.198,1.866,5.599,2.129,5.849
202304,investimento,2,5.627,0.9855,0.9168,1.427,-0.03674,0.7809,-0.5278,1.28,0.9561,1.173,0.128,0.4813,0.4271,5.293,3.053,9.794,3.52,9.806
202304,investimento,3,7.943,1.475,1.362,2.12,-0.07981,0.9438,-0.7148,1.864,1.434,1.644,0.666,0.7602,0.6679,7.068,4.783,15.52,4.56,12.28
202304,investimento,4,9.192,1.987,1.839,2.803,-0.1461,0.861,-0.9467,2.476,1.912,2.109,1.111,1.08,0.9552,8.265,6.484,13.49,4.802,13.16
202304,investimento,5,11.37,2.493,2.307,3.453,-0.28,0.8359,-1.215,3.011,2.39,2.574,1.564,1.407,1.246,8.552,8.839,12.26,4.007,12.89
202304,investimento,6,9.485,3.001,2.779,4.102,-0.4323,1.71,-1.408,3.565,2.868,3.039,2.025,1.751,1.555,10.2,11.14,11.94,3.478,12.87
202304,investimento,7,10.22,3.51,3.25,4.717,-0.6288,2.369,-1.597,4.05,3.346,3.504,2.483,2.107,1.875,11.76,12.87,12.25,3.502,11.27
202304,investimento,8,6.343,4.019,3.721,5.357,-0.7885,3.417,-1.884,4.564,3.824,3.968,2.941,2.476,2.207,13.39,14.83,13.06,3.652,9.476
202304,governo,1,-0.3635,0.324,0.1084,0.1162,0.1162,0.1162,0.1162,0.1162,0.4303,0.1162,0.01014,0.3747,0.1849,0.3037,0.08853,-0.001354,0.1124,0.1473
202304,governo,2,0.6547,0.9226,0.5892,0.6782,0.6782,0.6782,0.6782,0.6782,0.8607,0.6782,0.5756,0.9759,0.6686,0.8458,0.6262,0.5888,0.6727,0.4688
202304,governo,3,1.138,1.473,1.006,1.034,1.034,1.034,1.034,1.034,1.291,1.034,0.9556,1.525,1.084,1.165,1.003,0.9699,1.018,0.97
202304,governo,4,0.1438,2.035,1.44,1.486,1.486,1.486,1.486,1.486,1.721,1.486,1.393,2.088,1.519,1.595,1.46,1.407,1.461,1.477
202304,governo,5,1.601,2.594,1.87,1.893,1.893,1.893,1.893,1.893,2.152,1.893,1.802,2.647,1.948,2.005,1.868,1.786,1.825,1.815
202304,governo,6,1.583,3.154,2.3,2.32,2.32,2.32,2.32,2.32,2.582,2.32,2.228,3.207,2.379,2.435,2.284,2.231,2.229,2.222
202304,governo,7,2.892,3.714,2.731,2.739,2.739,2.739,2.739,2.739,3.012,2.739,2.645,3.767,2.809,2.856,2.708,2.666,2.607,2.684
202304,governo,8,3.847,4.274,3.161,3.161,3.161,3.161,3.161,3.161,3.443,3.161,3.066,4.326,3.239,3.292,3.112,3.086,3.004,3.152
202304,desemprego,1,-0.5901,,,,,,,,0.01043,0.1013,,0.1271,0.1286,-0.4806,-0.2829,-0.333,0.4307,0.4628
202304,desemprego,2,-1.13,,,,,,,,0.02086,0.1748,,0.2462,0.2512,-0.9449,-0.6802,-0.3147,0.8386,0.8475
202304,desemprego,3,-1.442,,,,,,,,0.03128,0.2293,,0.3565,0.3656,-1.333,-1.199,-0.201,1.265,1.129
202304,desemprego,4,-1.2,,,,,,,,0.04171,0.2707,,0.4593,0.4727,-1.614,-1.514,-0.08125,1.738,1.423
202304,desemprego,5,-1.49,,,,,,,,0.05214,0.3033,,0.5551,0.5729,-1.879,-1.794,0.1752,2.186,1.628
202304,desemprego,6,-2.23,,,,,,,,0.06257,0.3297,,0.6444,0.6665,-2.092,-1.871,0.2927,2.338,1.842
202304,desemprego,7,-2.242,,,,,,,,0.073,0.3519,,0.7278,0.7539,-2.237,-1.851,0.6857,2.884,1.977
202304,desemprego,8,-2.3,,,,,,,,0.08342,0.3713,,0.8057,0.8356,-2.27,-1.765,1.222,3.192,2.108
202401,pib,1,1.697,0.5758,0.5972,0.5849,0.4595,0.5095,0.3839,0.5357,0.5611,0.5602,0.3249,0.8323,0.8643,1.797,1.188,0.5794,0.8737,-0.08104
202401,pib,2,2.59,1.037,1.095,1.154,0.8912,1.005,0.7726,1.058,1.122,1.116,0.8616,1.414,1.488,2.218,0.8812,1.26,1.792,-0.06612
202401,pib,3,2.669,1.531,1.624,1.706,1.303,1.494,1.164,1.567,1.683,1.671,1.461,1.976,2.089,2.894,1.551,2.08,1.845,0.01431
202401,pib,4,3.92,2.017,2.144,2.243,1.695,1.992,1.57,2.062,2.244,2.226,1.997,2.482,2.635,3.236,1.497,2.591,1.889,0.3169
202401,pib,5,4.275,2.505,2.669,2.795,2.099,2.477,1.957,2.573,2.805,2.781,2.557,2.968,3.161,3.682,1.625,3.519,1.994,0.4902
202401,pib,6,4.383,2.993,3.193,3.337,2.489,2.966,2.351,3.075,3.367,3.336,3.111,3.436,3.67,4.084,2.07,4.303,2.167,0.7403
202401,pib,7,4.634,3.481,3.718,3.886,2.884,3.445,2.725,3.587,3.928,3.892,3.667,3.896,4.171,4.453,2.302,4.814,2.538,1.012
202401,pib,8,5.699,3.97,4.244,4.44,3.28,3.941,3.103,4.103,4.489,4.447,4.221,4.351,4.667,4.66,2.364,5.347,2.999,1.302
202401,consumo,1,1.135,0.4718,0.5721,0.5422,0.5738,0.4648,0.6015,0.4404,0.6358,0.6137,-0.1369,0.489,0.5933,0.6889,0.6189,0.8169,0.6149,0.2593
202401,consumo,2,2.475,0.9434,1.145,1.076,1.121,0.9882,1.179,0.904,1.272,1.237,0.5455,0.9787,1.188,1.341,1.222,1.451,1.25,0.4433
202401,consumo,3,1.859,1.416,1.72,1.611,1.664,1.637,1.751,1.388,1.908,1.86,1.207,1.469,1.785,2.001,1.852,2.205,1.857,0.3505
202401,consumo,4,2.092,1.888,2.296,2.136,2.204,2.291,2.316,1.885,2.543,2.483,1.82,1.958,2.381,2.636,2.437,3.63,2.44,0.2377
202401,consumo,5,2.872,2.361,2.873,2.673,2.751,2.834,2.877,2.376,3.179,3.106,2.432,2.446,2.978,3.244,3.005,5.847,3.003,0.04657
202401,consumo,6,2.814,2.835,3.451,3.2,3.284,3.19,3.431,2.874,3.815,3.729,3.057,2.934,3.574,3.845,3.569,8.489,3.559,-0.06867
202401,consumo,7,2.915,3.308,4.031,3.725,3.808,3.516,3.979,3.363,4.451,4.352,3.675,3.419,4.169,4.41,4.121,11.54,4.126,-0.07504
202401,consumo,8,3.755,3.782,4.611,4.256,4.329,3.944,4.524,3.855,5.087,4.975,4.295,3.904,4.765,4.915,4.644,14.2,4.671,-0.02636
202401,investimento,1,2.748,0.6241,0.6261,0.529,-0.2189,0.258,-0.6658,0.5185,0.4995,0.8917,0.1101,1.882,1.899,2.332,0.3111,1.771,0.8965,0.3938
202401,investimento,2,5.063,1.024,1.044,1.392,-0.03357,0.739,-0.7762,1.353,0.999,1.448,0.322,2.901,2.942,5.078,0.5444,3.183,2.33,1.223
202401,investimento,3,6.312,1.533,1.56,2.008,-0.1546,0.5999,-1.079,1.818,1.498,1.948,0.8912,3.704,3.764,7.264,1.724,4.56,3.083,-0.8486
202401,investimento,4,8.488,2.009,2.046,2.67,-0.2607,0.6224,-1.183,2.383,1.998,2.439,1.377,4.238,4.32,9.046,2.319,8.917,3.618,-2.99
202401,investimento,5,6.605,2.495,2.542,3.324,-0.3849,0.8516,-1.425,2.907,2.497,2.928,1.848,4.655,4.758,10.47,3.241,15.04,3.509,-5.506
202401,investimento,6,7.343,2.978,3.035,3.978,-0.5128,1.782,-1.594,3.456,2.997,3.416,2.331,4.988,5.112,11.49,4.271,22.23,3.612,-7.735
202401,investimento,7,3.463,3.463,3.53,4.668,-0.5945,2.711,-1.84,4.111,3.496,3.905,2.813,5.279,5.424,12.33,4.988,31.02,3.928,-9.83
202401,investimento,8,6.837,3.948,4.024,5.354,-0.6728,3.371,-2.087,4.725,3.996,4.393,3.294,5.549,5.715,12.69,5.161,38.56,4.032,-11.53
202401,governo,1,1.018,0.8652,0.6923,0.7795,0.7795,0.7795,0.7795,0.7795,0.4232,0.7795,0.8681,0.9267,0.7685,0.7683,0.8215,0.7064,0.7862,1.12
202401,governo,2,1.502,1.35,1.069,1.031,1.031,1.031,1.031,1.031,0.8465,1.031,0.9535,1.383,1.115,1.013,1.061,1.005,0.9393,1.21
202401,governo,3,0.5072,1.904,1.505,1.526,1.526,1.526,1.526,1.526,1.27,1.526,1.56,1.945,1.56,1.507,1.537,1.511,1.413,1.886
202401,governo,4,1.964,2.439,1.924,1.909,1.909,1.909,1.909,1.909,1.693,1.909,1.892,2.478,1.977,1.866,1.89,1.888,1.714,2.352
202401,governo,5,1.946,2.98,2.349,2.343,2.343,2.343,2.343,2.343,2.116,2.343,2.347,3.019,2.402,2.287,2.341,2.307,2.068,2.796
202401,governo,6,3.255,3.519,2.772,2.754,2.754,2.754,2.754,2.754,2.539,2.754,2.747,3.558,2.825,2.676,2.718,2.696,2.545,3.235
202401,governo,7,4.211,4.059,3.195,3.176,3.176,3.176,3.176,3.176,2.963,3.176,3.173,4.098,3.248,3.066,3.117,2.998,3.03,3.667
202401,governo,8,4.577,4.599,3.618,3.592,3.592,3.592,3.592,3.592,3.386,3.592,3.587,4.637,3.671,3.463,3.538,3.347,3.428,4.103
202401,desemprego,1,-0.5394,,,,,,,,-0.002083,-0.4113,,-0.3024,-0.3003,-0.3947,-0.5342,-0.3926,0.1341,0.2749
202401,desemprego,2,-0.8519,,,,,,,,-0.004167,-0.7012,,-0.4321,-0.4262,-0.3373,-0.0753,-0.5141,0.7154,0.5378
202401,desemprego,3,-0.6099,,,,,,,,-0.00625,-0.9087,,-0.4523,-0.4417,-0.2833,0.0828,-0.8699,1.185,0.9038
202401,desemprego,4,-0.9,,,,,,,,-0.008333,-1.06,,-0.4066,-0.3911,-0.08858,0.3976,-1.134,1.669,1.21
202401,desemprego,5,-1.639,,,,,,,,-0.01042,-1.173,,-0.322,-0.3016,0.1273,0.7135,-1.351,1.867,1.496
202401,desemprego,6,-1.652,,,,,,,,-0.0125,-1.261,,-0.216,-0.1908,0.2838,0.9357,-1.608,2.172,1.764
202401,desemprego,7,-1.71,,,,,,,,-0.01458,-1.331,,-0.09944,-0.06972,0.6528,1.234,-1.824,2.494,1.947
202401,desemprego,8,-1.8,,,,,,,,-0.01667,-1.389,,0.02073,0.05466,1.116,1.539,-2.032,2.739,2.095
202402,pib,1,0.8929,0.405,0.4317,0.6551,0.5292,0.6277,0.4822,0.6155,0.5712,0.6224,0.6763,0.6488,0.6866,0.9703,1.224,0.4,0.3653,-0.8512
202402,pib,2,0.9713,0.9317,1.005,1.234,0.9674,1.194,0.9146,1.173,1.142,1.191,1.216,1.285,1.376,0.5011,1.405,0.4959,0.8731,-1.131
202402,pib,3,2.223,1.422,1.536,1.794,1.383,1.739,1.328,1.715,1.713,1.757,1.781,1.829,1.967,1.346,1.656,0.2424,1.758,-1
202402,pib,4,2.578,1.923,2.081,2.356,1.799,2.27,1.735,2.261,2.285,2.323,2.358,2.341,2.529,2.1,1.909,0.193,2.368,-0.3564
202402,pib,5,2.686,2.421,2.623,2.931,2.223,2.802,2.147,2.819,2.856,2.889,2.922,2.827,3.064,2.918,2.207,0.4889,2.595,0.5534
202402,pib,6,2.937,2.92,3.166,3.475,2.614,3.332,2.551,3.347,3.427,3.455,3.491,3.298,3.585,3.042,2.065,0.856,3.512,1.271
202402,pib,7,4.002,3.419,3.71,4.048,3.03,3.879,2.957,3.904,3.998,4.021,4.059,3.76,4.098,3.067,2.515,1.208,4.269,1.43
202402,pib,8,4.483,3.918,4.254,4.621,3.445,4.43,3.355,4.462,4.569,4.586,4.627,4.218,4.607,3.335,2.781,1.368,4.629,1.671
202402,consumo,1,1.34,0.4905,0.5908,0.6294,0.643,0.5597,0.6768,0.5444,0.6403,0.626,0.9197,0.506,0.6111,0.6418,0.8572,0.4651,0.5501,0.3415
202402,consumo,2,0.7236,0.9814,1.183,1.188,1.205,1.232,1.264,1.092,1.281,1.254,1.398,1.013,1.224,1.163,1.567,0.9135,1.05,2.771
202402,consumo,3,0.9572,1.472,1.777,1.745,1.761,2.115,1.845,1.659,1.921,1.881,2.046,1.519,1.838,1.762,2.27,2.096,1.583,3.977
202402,consumo,4,1.737,1.963,2.371,2.295,2.304,2.876,2.416,2.225,2.561,2.509,2.684,2.024,2.451,2.372,2.974,4.831,2.105,4.891
202402,consumo,5,1.679,2.454,2.966,2.84,2.837,3.328,2.982,2.777,3.201,3.137,3.314,2.527,3.064,2.993,3.671,7.038,2.612,5.416
202402,consumo,6,1.78,2.944,3.563,3.391,3.368,3.556,3.536,3.354,3.842,3.764,3.945,3.028,3.676,3.57,4.306,8.755,3.175,5.743
202402,consumo,7,2.62,3.435,4.16,3.938,3.89,3.96,4.084,3.91,4.482,4.392,4.577,3.528,4.287,4.107,4.967,9.825,3.741,5.847
202402,consumo,8,2.175,3.926,4.758,4.486,4.406,4.468,4.626,4.467,5.122,5.02,5.208,4.026,4.897,4.623,5.63,10.19,4.319,5.923
202402,investimento,1,2.316,0.06403,0.07736,1.044,0.439,1.13,0.106,1.115,0.5194,0.8912,1.512,1.386,1.412,0.6747,2.479,0.8582,0.9009,-2.311
202402,investimento,2,3.565,0.6467,0.7053,1.677,0.3585,1.32,-0.0675,1.588,1.039,1.465,2.002,2.51,2.592,-0.3707,3.235,1.909,1.472,9.408
202402,investimento,3,5.74,1.101,1.185,2.368,0.3363,0.8631,-0.1773,2.106,1.558,1.985,2.474,3.198,3.322,1.597,4.702,5.269,2.875,9.92
202402,investimento,4,3.858,1.593,1.71,3.013,0.2668,0.6308,-0.3694,2.529,2.078,2.495,3.006,3.705,3.879,3.752,6.81,13.29,4.268,11.05
202402,investimento,5,4.595,2.074,2.221,3.756,0.3131,1.426,-0.4709,3.207,2.597,3.004,3.521,4.076,4.297,5.598,8.062,18.4,4.661,9.766
202402,investimento,6,0.7152,2.558,2.737,4.35,0.1883,2.875,-0.6176,3.556,3.116,3.513,4.034,4.376,4.646,6.898,8.599,22.57,5.239,8.55
202402,investimento,7,4.09,3.042,3.252,5.054,0.1937,3.854,-0.7128,4.172,3.636,4.021,4.549,4.635,4.953,7.524,8.77,24.1,6.067,7.177
202402,investimento,8,5.279,3.526,3.767,5.789,0.2506,4.5,-0.8615,4.801,4.155,4.53,5.064,4.875,5.242,7.978,9.783,22.63,6.145,5.543
202402,governo,1,0.4836,0.4587,0.2967,0.1429,0.1429,0.1429,0.1429,0.1429,0.4285,0.1429,0.1772,0.3972,0.245,0.1415,0.1506,-0.2345,0.4578,0.1021
202402,governo,2,-0.5109,1.047,0.7847,0.6906,0.6906,0.6906,0.6906,0.6906,0.857,0.6906,0.6918,0.9781,0.7247,0.6848,0.6966,0.2354,1.008,0.5285
202402,governo,3,0.9464,1.571,1.194,1.051,1.051,1.051,1.051,1.051,1.286,1.051,1.04,1.505,1.137,1.042,1.032,0.5221,1.31,0.9579
202402,governo,4,0.9279,2.115,1.629,1.498,1.498,1.498,1.498,1.498,1.714,1.498,1.499,2.048,1.571,1.476,1.436,0.8029,1.791,1.435
202402,governo,5,2.237,2.653,2.055,1.905,1.905,1.905,1.905,1.905,2.143,1.905,1.899,2.587,1.998,1.862,1.827,1.225,2.199,1.867
202402,governo,6,3.193,3.193,2.485,2.331,2.331,2.331,2.331,2.331,2.571,2.331,2.327,3.127,2.427,2.244,2.223,1.693,2.638,2.267
202402,governo,7,3.559,3.733,2.913,2.748,2.748,2.748,2.748,2.748,3,2.748,2.742,3.666,2.855,2.64,2.633,1.871,3.004,2.661
202402,governo,8,3.978,4.272,3.341,3.169,3.169,3.169,3.169,3.169,3.428,3.169,3.163,4.206,3.284,3.033,3.02,1.719,3.337,3.014
202402,desemprego,1,-0.3124,,,,,,,,-0.01305,-0.3818,,-0.2739,-0.2724,-0.42,-0.01183,0.0585,0.059,0.4038
202402,desemprego,2,-0.07047,,,,,,,,-0.0261,-0.656,,-0.3767,-0.372,-0.01295,0.002675,0.4112,0.4409,1.085
202402,desemprego,3,-0.3606,,,,,,,,-0.03915,-0.8565,,-0.3756,-0.3672,0.1062,0.1752,0.7373,0.8622,1.449
202402,desemprego,4,-1.1,,,,,,,,-0.0522,-1.007,,-0.3114,-0.2989,0.3115,0.905,1.171,1.397,1.753
202402,desemprego,5,-1.112,,,,,,,,-0.06525,-1.122,,-0.2109,-0.1941,0.3201,1.457,1.288,1.828,2.096
202402,desemprego,6,-1.17,,,,,,,,-0.0783,-1.215,,-0.09062,-0.06978,0.5897,2.096,1.442,1.992,2.473
202402,desemprego,7,-1.261,,,,,,,,-0.09135,-1.291,,0.03876,0.0635,0.826,2.309,1.87,2.353,2.913
202402,desemprego,8,-1.5,,,,,,,,-0.1044,-1.356,,0.1707,0.1991,1.109,2.659,2.366,2.593,3.032
202403,pib,1,0.0784,0.5088,0.5408,0.6064,0.477,0.5929,0.4149,0.5891,0.574,0.5849,0.4806,0.6548,0.6985,1.196,0.3162,0.3585,-0.4451,0.9561
202403,pib,2,1.33,1.013,1.092,1.181,0.9099,1.172,0.8288,1.152,1.148,1.154,1.05,1.21,1.308,1.865,0.8705,0.4359,-0.06689,1.36
202403,pib,3,1.685,1.517,1.641,1.755,1.338,1.723,1.24,1.714,1.722,1.723,1.632,1.732,1.881,1.802,0.9029,0.6763,0.376,2.011
202403,pib,4,1.793,2.022,2.191,2.316,1.752,2.255,1.641,2.266,2.296,2.291,2.197,2.224,2.425,2.126,1.433,1.008,1.046,1.969
202403,pib,5,2.044,2.526,2.742,2.874,2.159,2.8,2.047,2.814,2.87,2.859,2.767,2.7,2.954,2.568,2.209,1.117,1.351,2.098
202403,pib,6,3.109,3.031,3.293,3.435,2.566,3.362,2.457,3.365,3.444,3.428,3.336,3.166,3.474,2.623,3.054,1.384,1.829,2.052
202403,pib,7,3.59,3.535,3.845,3.991,2.966,3.92,2.859,3.913,4.018,3.996,3.906,3.628,3.989,2.754,3.787,1.249,2.176,2.454
202403,consumo,1,-0.6168,0.501,0.6063,0.5733,0.5894,0.624,0.6123,0.5626,0.6464,0.6323,0.3721,0.5132,0.6236,0.6617,0.6547,-0.4208,0.5917,0.882
202403,consumo,2,-0.3832,1.002,1.214,1.129,1.142,1.436,1.193,1.131,1.293,1.266,1.004,1.026,1.248,1.325,1.423,-0.5306,1.224,2.131
202403,consumo,3,0.3962,1.502,1.822,1.68,1.682,2.302,1.772,1.695,1.939,1.9,1.661,1.537,1.871,1.888,2.144,-0.2994,1.857,3.604
202403,consumo,4,0.3383,2.002,2.43,2.236,2.221,2.757,2.331,2.279,2.586,2.534,2.291,2.046,2.495,2.442,2.854,-2.08,2.502,5.106
202403,consumo,5,0.4396,2.502,3.04,2.792,2.753,3.062,2.883,2.866,3.232,3.168,2.924,2.553,3.117,2.976,3.596,-2.714,3.122,6.536
202403,consumo,6,1.28,3.002,3.651,3.346,3.277,3.497,3.433,3.454,3.878,3.802,3.559,3.059,3.738,3.454,4.359,-2.395,3.755,8.016
202403,consumo,7,0.8341,3.501,4.262,3.897,3.793,4.019,3.969,4.037,4.525,4.436,4.193,3.562,4.359,3.92,5.117,-1.71,4.376,9.326
202403,investimento,1,1.249,0.407,0.4489,0.8144,0.148,0.5276,-0.2374,0.74,0.5352,0.833,0.5508,1.211,1.273,0.9109,3.217,-6.123,0.3474,5.821
202403,investimento,2,3.425,0.8897,0.9896,1.513,0.1587,0.4525,-0.4042,1.304,1.07,1.41,0.9641,1.94,2.077,1.443,5.835,-10.04,1.136,7.063
202403,investimento,3,1.542,1.373,1.518,2.227,0.1933,-0.05141,-0.5909,1.897,1.605,1.943,1.517,2.474,2.677,1.593,7.161,-12.94,1.8,10.13
202403,investimento,4,2.28,1.856,2.05,2.885,0.1632,0.8029,-0.7362,2.372,2.141,2.468,2.042,2.859,3.132,2.072,8.902,-17.44,2.539,14.22
202403,investimento,5,-1.6,2.339,2.581,3.509,0.09471,2.141,-0.8549,2.779,2.676,2.992,2.56,3.166,3.508,2.592,10.66,-20.39,2.556,17.06
202403,investimento,6,1.774,2.822,3.113,4.169,0.07642,3.06,-0.9564,3.257,3.211,3.516,3.083,3.428,3.838,2.609,12.48,-21.12,2.705,21.56
202403,investimento,7,2.963,3.306,3.645,4.822,0.0564,3.781,-1,3.746,3.746,4.04,3.605,3.668,4.147,2.454,13.98,-19.95,2.458,24.27
202403,governo,1,-0.9945,0.6323,0.4704,0.3932,0.3932,0.3932,0.3932,0.3932,0.429,0.3932,0.3975,0.5746,0.4238,0.4292,0.3787,0.3838,-0.05474,0.3842
202403,governo,2,0.4628,1.167,0.9021,0.8281,0.8281,0.8281,0.8281,0.8281,0.858,0.8281,0.7762,1.101,0.847,0.7847,0.7636,0.8668,0.8204,0.8199
202403,governo,3,0.4443,1.707,1.33,1.244,1.244,1.244,1.244,1.244,1.287,1.244,1.226,1.645,1.279,1.234,1.164,1.272,1.312,1.222
202403,governo,4,1.753,2.246,1.759,1.668,1.668,1.668,1.668,1.668,1.716,1.668,1.636,2.183,1.707,1.657,1.606,1.69,1.733,1.626
202403,governo,5,2.709,2.786,2.188,2.089,2.089,2.089,2.089,2.089,2.145,2.089,2.06,2.723,2.136,2.062,2.004,2.113,2.16,1.97
202403,governo,6,3.075,3.325,2.617,2.511,2.511,2.511,2.511,2.511,2.574,2.511,2.48,3.263,2.565,2.458,2.455,2.538,2.599,2.378
202403,governo,7,3.494,3.865,3.046,2.933,2.933,2.933,2.933,2.933,3.003,2.933,2.902,3.802,2.994,2.843,2.889,2.955,2.997,2.744
202403,desemprego,1,0.242,,,,,,,,-0.01904,-0.2247,,-0.1262,-0.1247,0.2183,0.6274,0.3481,0.1388,0.03148
202403,desemprego,2,-0.04815,,,,,,,,-0.03807,-0.3896,,-0.1392,-0.1349,0.05815,0.3397,0.7323,0.4479,0.441
202403,desemprego,3,-0.7876,,,,,,,,-0.05711,-0.5137,,-0.08321,-0.07547,0.2782,-0.06835,1.382,0.8924,0.8659
202403,desemprego,4,-0.8,,,,,,,,-0.07615,-0.61,,0.01274,0.02425,0.4389,-0.5859,1.733,1.348,1.342
202403,desemprego,5,-0.858,,,,,,,,-0.09519,-0.6875,,0.1307,0.146,0.694,-1.069,2.251,1.602,1.719
202403,desemprego,6,-0.9481,,,,,,,,-0.1142,-0.752,,0.2591,0.2782,1.026,-1.484,2.491,1.964,1.96
202403,desemprego,7,-1.188,,,,,,,,-0.1333,-0.8077,,0.391,0.4137,1.289,-1.739,3.155,2.27,2.215
202404,pib,1,1.251,0.5936,0.627,0.5866,0.4556,0.4752,0.4142,0.5732,0.5697,0.5392,0.6675,0.4977,0.5399,0.4305,0.6365,-0.1727,-0.6251,1.058
202404,pib,2,1.607,1.067,1.144,1.165,0.8937,0.9998,0.8255,1.133,1.139,1.102,1.261,0.9002,0.993,0.7191,0.6066,-0.2053,-0.2886,-1.423
202404,pib,3,1.715,1.574,1.693,1.738,1.323,1.526,1.235,1.687,1.709,1.665,1.825,1.346,1.488,0.7174,0.8352,0.1416,0.1115,-2.137
202404,pib,4,1.966,2.071,2.234,2.299,1.737,2.057,1.639,2.231,2.279,2.229,2.385,1.788,1.979,1.247,1.52,0.7123,0.7624,-2.544
202404,pib,5,3.031,2.571,2.778,2.86,2.149,2.606,2.054,2.775,2.848,2.793,2.956,2.238,2.479,1.722,1.872,0.9743,1.309,-2.546
202404,pib,6,3.511,3.071,3.322,3.413,2.55,3.147,2.459,3.311,3.418,3.356,3.522,2.691,2.982,1.79,2.34,1.209,1.786,-2.257
202404,consumo,1,0.2336,0.4935,0.591,0.5187,0.5314,0.5616,0.5588,0.498,0.6354,0.6289,0.5536,0.4989,0.6009,0.4815,0.6968,0.1269,0.659,1.028
202404,consumo,2,1.013,0.9864,1.182,1.071,1.083,1.281,1.133,1.042,1.271,1.252,1.336,0.9951,1.2,1.086,1.334,-0.2302,1.329,1.95
202404,consumo,3,0.9551,1.479,1.775,1.627,1.631,1.86,1.702,1.604,1.906,1.875,1.919,1.489,1.799,1.635,1.951,-0.2017,2.013,3.133
202404,consumo,4,1.056,1.972,2.368,2.185,2.174,2.358,2.262,2.173,2.542,2.498,2.545,1.982,2.397,2.195,2.592,1.276,2.721,4.679
202404,consumo,5,1.896,2.465,2.963,2.735,2.704,3.045,2.815,2.74,3.177,3.121,3.172,2.473,2.994,2.732,3.228,1.812,3.442,6.034
202404,consumo,6,1.451,2.957,3.558,3.277,3.223,3.54,3.359,3.31,3.812,3.744,3.799,2.963,3.591,3.245,3.85,2.287,4.141,7.234
202404,investimento,1,2.176,0.3383,0.3848,0.4042,-0.3356,-0.3563,-0.6115,0.2982,0.5414,0.6528,0.04292,-0.08587,-0.002965,1.578,2.573,1.814,1.833,1.833
202404,investimento,2,0.2932,0.7462,0.8516,1.358,-0.01062,-0.1929,-0.5104,1.194,1.083,1.202,0.7449,-0.0496,0.1198,2.659,3.053,-1.294,3.461,12.79
202404,investimento,3,1.031,1.253,1.414,1.963,-0.1086,0.08696,-0.7587,1.596,1.624,1.734,1.288,0.1168,0.3659,2.586,3.683,-4.465,4.081,14.37
202404,investimento,4,-2.849,1.727,1.943,2.661,-0.08803,0.8357,-0.8366,2.117,2.165,2.263,1.794,0.2933,0.6205,2.772,4.013,-4.958,4.334,20.01
202404,investimento,5,0.525,2.211,2.483,3.299,-0.1352,0.9316,-0.9361,2.538,2.707,2.791,2.323,0.513,0.9165,2.965,3.923,-5.602,4.682,23.79
202404,investimento,6,1.714,2.692,3.02,3.96,-0.1535,1.636,-0.9989,3.024,3.248,3.319,2.85,0.7545,1.233,2.818,3.722,-6.118,4.643,26.4
202404,governo,1,1.457,1.164,1.011,1.064,1.064,1.064,1.064,1.064,0.4166,1.064,0.7833,1.058,0.9073,1.097,0.9956,0.8503,1.325,1.052
202404,governo,2,1.439,1.635,1.367,1.177,1.177,1.177,1.177,1.177,0.8332,1.177,1.057,1.512,1.245,1.222,1.124,1.149,2.375,0.938
202404,governo,3,2.748,2.19,1.798,1.729,1.729,1.729,1.729,1.729,1.25,1.729,1.548,2.071,1.679,1.774,1.7,1.702,3.006,1.518
202404,governo,4,3.703,2.726,2.21,2.078,2.078,2.078,2.078,2.078,1.666,2.078,1.913,2.605,2.091,2.116,2.038,2.033,3.382,1.91
202404,governo,5,4.07,3.266,2.628,2.522,2.522,2.522,2.522,2.522,2.083,2.522,2.347,3.146,2.509,2.542,2.473,2.47,3.824,2.338
202404,governo,6,4.489,3.806,3.044,2.921,2.921,2.921,2.921,2.921,2.5,2.921,2.748,3.685,2.925,2.907,2.876,2.852,4.209,2.709
202404,desemprego,1,-0.2901,,,,,,,,-0.01392,0.1605,,0.2079,0.2093,0.5773,0.6343,0.3742,0.3088,-0.3444
202404,desemprego,2,-1.03,,,,,,,,-0.02784,0.2661,,0.385,0.389,1.123,1.154,0.7669,0.7671,0.01475
202404,desemprego,3,-1.042,,,,,,,,-0.04176,0.3347,,0.5414,0.5487,1.479,1.844,1.13,1.215,0.7891
202404,desemprego,4,-1.1,,,,,,,,-0.05568,0.3783,,0.6815,0.6922,1.847,2.25,1.446,1.4,1.462
202404,desemprego,5,-1.19,,,,,,,,-0.0696,0.4052,,0.8088,0.823,2.175,2.692,1.711,1.782,1.908
202404,desemprego,6,-1.43,,,,,,,,-0.08352,0.4207,,0.9255,0.9432,2.417,3.031,1.981,2.106,2.315
202501,pib,1,0.3554,0.382,0.4237,0.5585,0.4284,0.5645,0.5799,0.545,0.5755,0.6038,0.6172,0.4996,0.5532,0.5952,1.213,0.5926,1.063,0.5892
202501,pib,2,0.4633,0.9126,1.014,1.092,0.8189,1.114,1.047,1.072,1.151,1.176,1.22,1.083,1.205,1.116,2.958,1.199,2.401,1.948
202501,pib,3,0.7146,1.398,1.554,1.657,1.238,1.677,1.483,1.63,1.727,1.746,1.77,1.576,1.76,1.213,3.502,2.193,2.725,2.186
202501,pib,4,1.78,1.897,2.11,2.216,1.648,2.243,1.907,2.183,2.302,2.316,2.355,2.059,2.308,1.063,4.139,3.282,3.391,1.436
202501,pib,5,2.26,2.392,2.661,2.796,2.077,2.809,2.331,2.756,2.878,2.886,2.922,2.521,2.836,1.53,4.945,4.148,4.048,1.592
202501,consumo,1,0.7795,0.4954,0.5927,0.5969,0.5985,0.7679,0.6503,0.6569,0.6319,0.6209,0.8796,0.5038,0.6071,0.5713,0.7277,1.728,0.6278,2.155
202501,consumo,2,0.7216,0.9908,1.187,1.157,1.14,1.444,1.234,1.284,1.264,1.241,1.428,1.007,1.215,1.193,1.541,2.951,1.332,4.336
202501,consumo,3,0.8229,1.486,1.782,1.713,1.672,2.002,1.798,1.878,1.896,1.86,2.062,1.509,1.823,1.754,2.344,4.641,1.988,6.468
202501,consumo,4,1.663,1.98,2.378,2.272,2.201,2.832,2.36,2.479,2.528,2.48,2.681,2.009,2.43,2.258,3.143,1.54,2.65,8.217
202501,consumo,5,1.217,2.474,2.974,2.839,2.731,3.159,2.914,3.07,3.16,3.099,3.309,2.506,3.037,2.761,3.929,2.046,3.313,9.553
202501,investimento,1,-1.883,-0.01254,0.06216,0.8528,0.2382,0.3748,0.8343,0.5799,0.5554,0.8273,1.024,0.6329,0.7352,0.05584,2.046,6.836,-0.05076,5.163
202501,investimento,2,-1.145,0.5766,0.7456,1.248,-0.07963,0.4073,0.7695,0.6332,1.111,1.421,1.635,1.476,1.693,1.12,4.603,9.729,1.712,8.525
202501,investimento,3,-5.025,1.009,1.255,1.985,0.02699,1.137,0.858,1.217,1.666,1.973,2.162,1.928,2.246,0.8176,6.554,14.48,2.971,14.77
202501,investimento,4,-1.651,1.488,1.818,2.579,-0.03904,0.8745,0.7978,1.563,2.222,2.519,2.713,2.3,2.729,0.1371,8.369,3.527,4.362,19.84
202501,investimento,5,-0.4619,1.953,2.365,3.294,0.05371,2.243,0.7758,2.091,2.777,3.063,3.262,2.58,3.117,-0.1833,9.876,3.117,5.473,21.97
202501,governo,1,-0.01847,0.3955,0.2489,-0.06653,-0.06653,-0.06653,-0.06653,-0.06653,0.4256,-0.06653,-0.1813,0.3576,0.2118,-0.06974,-0.06902,-0.2454,-0.05358,-0.06882
202501,governo,2,1.291,0.983,0.7457,0.5726,0.5726,0.5726,0.5726,0.5726,0.8512,0.5726,0.5274,0.9482,0.7126,0.5494,0.5491,-0.5555,0.5795,0.5608
202501,governo,3,2.246,1.49,1.149,0.8849,0.8849,0.8849,0.8849,0.8849,1.277,0.8849,0.7875,1.453,1.113,0.8626,0.8662,-1.268,0.8876,0.8163
202501,governo,4,2.613,2.023,1.581,1.349,1.349,1.349,1.349,1.349,1.702,1.349,1.277,1.987,1.547,1.328,1.309,0.2036,1.339,1.222
202501,governo,5,3.032,2.547,2.005,1.742,1.742,1.742,1.742,1.742,2.128,1.742,1.656,2.511,1.97,1.694,1.642,1.021,1.701,1.456
202501,desemprego,1,-0.7394,,,,,,,,-0.01923,-0.2052,,-0.1188,-0.1178,0.3846,-0.517,-0.4653,-0.3516,0.2552
202501,desemprego,2,-0.7519,,,,,,,,-0.03846,-0.3537,,-0.1242,-0.1208,0.9059,-1.015,-0.8514,-0.4983,0.5972
202501,desemprego,3,-0.8099,,,,,,,,-0.05769,-0.4644,,-0.06459,-0.05835,1.208,-1.017,-1.535,-0.005575,1.061
202501,desemprego,4,-0.9,,,,,,,,-0.07692,-0.5498,,0.03339,0.04282,1.693,-1.174,-1.951,0.2582,1.757
202501,desemprego,5,-1.139,,,,,,,,-0.09615,-0.6183,,0.1517,0.1644,2.05,-1.378,-2.187,0.5604,2.054
202502,pib,1,0.1079,0.601,0.649,0.4764,0.3442,0.5859,0.503,0.4709,0.5737,0.5576,0.6829,0.9089,0.9685,0.243,1.53,1.228,0.6339,-0.4859
202502,pib,2,0.3593,1.065,1.168,1.015,0.7405,1.165,0.9524,0.9982,1.147,1.125,1.197,1.514,1.638,0.9942,0.835,2.832,1.666,-0.002255
202502,pib,3,1.424,1.571,1.729,1.573,1.153,1.735,1.386,1.544,1.721,1.693,1.774,2.092,2.281,0.8733,1.535,0.7656,2.161,0.2511
202502,pib,4,1.905,2.063,2.277,2.136,1.568,2.295,1.8,2.096,2.295,2.261,2.344,2.6,2.854,1.226,1.301,0.5024,2.438,0.8907
202502,consumo,1,-0.05789,0.4962,0.5967,0.5367,0.532,0.5947,0.5651,0.6437,0.6332,0.6205,0.8843,0.5091,0.6158,0.5863,0.7518,-1.147,0.7028,0.7067
202502,consumo,2,0.04339,0.9913,1.194,1.088,1.065,1.175,1.127,1.239,1.266,1.241,1.453,1.018,1.233,1.217,1.392,-0.588,1.588,2.421
202502,consumo,3,0.8834,1.486,1.791,1.644,1.597,1.923,1.684,1.824,1.9,1.862,2.059,1.526,1.85,1.806,2.054,-1.322,2.366,3.948
202502,consumo,4,0.4379,1.98,2.39,2.194,2.118,2.396,2.234,2.399,2.533,2.483,2.698,2.032,2.467,2.374,2.668,-0.8612,3.125,5.115
202502,investimento,1,0.7376,0.8827,0.9385,0.2117,-0.5315,0.4797,0.1708,-0.2724,0.5346,0.1052,0.7824,2.524,2.583,-1.165,0.8107,-12.35,0.6604,-0.4417
202502,investimento,2,-3.143,1.239,1.362,0.8481,-0.5517,1.224,0.3375,0.1357,1.069,0.5508,1.317,3.604,3.743,-0.06643,0.1738,-13.95,2.087,4.634
202502,investimento,3,0.2318,1.739,1.925,1.464,-0.5955,1.283,0.332,0.5458,1.604,1.055,1.794,4.444,4.668,0.8576,1.183,-9.654,2.556,8.062
202502,investimento,4,1.421,2.196,2.445,2.157,-0.5365,2.179,0.2677,1.09,2.138,1.569,2.327,4.948,5.26,2.502,2.015,-10.71,3.021,9.822
202502,governo,1,1.309,0.669,0.5325,0.6172,0.6172,0.6172,0.6172,0.6172,0.4218,0.6172,0.811,0.6468,0.5115,0.5678,0.6048,0.6128,0.6169,0.4021
202502,governo,2,2.265,1.138,0.8987,0.9401,0.9401,0.9401,0.9401,0.9401,0.8436,0.9401,1.068,1.107,0.8686,0.8934,0.913,0.9097,0.9349,0.666
202502,governo,3,2.631,1.682,1.338,1.399,1.399,1.399,1.399,1.399,1.265,1.399,1.546,1.657,1.315,1.326,1.109,1.354,1.391,1.235
202502,governo,4,3.05,2.204,1.755,1.795,1.795,1.795,1.795,1.795,1.687,1.795,1.935,2.176,1.728,1.676,1.426,1.743,1.791,1.581
202502,desemprego,1,-0.01243,,,,,,,,-0.03282,-0.5211,,-0.3697,-0.369,-0.3438,-0.8114,-0.3639,0.1427,0.3343
202502,desemprego,2,-0.07047,,,,,,,,-0.06564,-0.8948,,-0.5199,-0.5178,-0.263,-0.8307,0.0534,0.1737,0.8162
202502,desemprego,3,-0.1606,,,,,,,,-0.09846,-1.169,,-0.5323,-0.5285,-0.2148,-0.6857,0.5251,0.2828,1.177
202502,desemprego,4,-0.4,,,,,,,,-0.1313,-1.376,,-0.4631,-0.4573,-0.2117,-0.718,0.9698,0.7631,1.504
202503,pib,1,0.2513,0.4116,0.4476,0.498,0.3664,0.4969,0.4027,0.4849,0.5697,0.5416,0.3669,0.4464,0.495,0.2548,0.1949,0.4965,0.08322,0.5873
202503,pib,2,1.316,0.9254,1.016,1.037,0.7645,1.035,0.815,1.005,1.139,1.104,1.022,0.9396,1.051,0.1751,0.2796,0.2857,0.3541,1.196
202503,pib,3,1.797,1.408,1.548,1.594,1.177,1.584,1.232,1.541,1.709,1.668,1.566,1.39,1.56,0.654,0.924,0.4615,1.172,1.445
202503,consumo,1,0.1013,0.4852,0.5802,0.5196,0.5167,0.5597,0.5305,0.5544,0.6274,0.6178,0.3424,0.4911,0.592,0.5177,0.6244,1.952,0.5848,0.7366
202503,consumo,2,0.9413,0.9706,1.162,1.06,1.043,1.264,1.083,1.114,1.255,1.233,1.069,0.9807,1.184,0.9877,1.177,3.997,1.202,2.328
202503,consumo,3,0.4958,1.456,1.744,1.602,1.565,1.754,1.634,1.656,1.882,1.848,1.699,1.468,1.775,1.485,1.769,6.175,1.845,3.4
202503,investimento,1,-3.88,0.3228,0.3811,0.7588,0.1417,0.638,0.2762,0.5564,0.5363,0.5592,-0.3021,0.5234,0.6081,-0.1475,2.668,5.764,-0.179,-1.994
202503,investimento,2,-0.5058,0.8691,1.002,1.221,-0.1001,0.5207,0.0261,0.7766,1.073,1.088,0.2422,0.9395,1.127,0.4558,3.314,13.83,0.5248,4.749
202503,investimento,3,0.6832,1.314,1.503,1.96,0.006062,1.383,0.04876,1.405,1.609,1.611,0.8152,1.2,1.474,1.061,3.713,18.83,1.528,6.529
202503,governo,1,0.9556,0.259,0.09868,0.008104,0.008104,0.008104,0.008104,0.008104,0.4293,0.008104,-0.1932,0.2277,0.08399,-0.2946,1.363,-0.02576,-0.01657,0.09699
202503,governo,2,1.322,0.8333,0.5845,0.6191,0.6191,0.6191,0.6191,0.6191,0.8586,0.6191,0.5222,0.8068,0.5746,0.5089,2.213,1.005,0.6094,0.6027
202503,governo,3,1.741,1.346,0.9973,0.9507,0.9507,0.9507,0.9507,0.9507,1.288,0.9507,0.8228,1.32,0.9883,0.8455,2.549,1.398,0.9343,0.9719
202503,desemprego,1,-0.05804,,,,,,,,-0.03244,-0.02081,,0.06167,0.0623,0.3947,0.6279,-0.1081,0.3584,0.08178
202503,desemprego,2,-0.1481,,,,,,,,-0.06488,-0.04712,,0.1704,0.1728,0.5662,1.318,0.1035,0.6919,0.1683
202503,desemprego,3,-0.3876,,,,,,,,-0.09733,-0.07705,,0.3035,0.308,0.8114,2.125,0.3042,1.068,0.513
202504,pib,1,1.065,0.5068,0.5444,0.4539,0.3236,0.5347,0.4031,0.436,0.567,0.546,0.7173,0.5321,0.5812,0.4262,0.3844,0.3191,0.9459,0.4733
202504,pib,2,1.545,0.9868,1.075,0.9717,0.7014,1.068,0.7995,0.9285,1.134,1.107,1.239,1.009,1.117,0.6498,-0.09095,0.03618,1.623,-0.5591
202504,consumo,1,0.84,0.48,0.5722,0.5098,0.5096,0.5871,0.5378,0.5592,0.6229,0.6123,1.254,0.485,0.5828,0.5022,0.5179,0.3372,0.7971,2.272
202504,consumo,2,0.3945,0.9598,1.145,1.048,1.035,1.094,1.078,1.106,1.246,1.223,1.754,0.9685,1.165,0.9593,1.025,1.548,1.44,3.134
202504,investimento,1,3.374,0.9261,0.9388,0.4783,-0.2116,0.6091,0.1112,0.1562,0.4992,-0.2635,0.8767,1.053,1.094,-0.559,2.121,0.06255,4.169,7.901
202504,investimento,2,4.563,1.361,1.409,0.9111,-0.4956,1.186,-0.1124,0.2955,0.9984,0.08779,1.468,1.429,1.529,-0.1049,4.481,4.331,6.937,9.987
202504,governo,1,0.3665,0.1895,0.04665,0.1806,0.1806,0.1806,0.1806,0.1806,0.4337,0.1806,0.4011,0.1822,0.05195,0.04577,0.1405,0.1619,0.3277,0.09851
202504,governo,2,0.7854,0.7137,0.4806,0.7194,0.7194,0.7194,0.7194,0.7194,0.8675,0.7194,0.9198,0.733,0.514,0.6247,0.6524,0.6829,0.7201,0.6962
202504,desemprego,1,-0.09011,,,,,,,,-0.03291,-0.05144,,0.03757,0.03844,0.2095,0.6513,0.2727,-0.584,-0.2877
202504,desemprego,2,-0.3295,,,,,,,,-0.06581,-0.09855,,0.1301,0.1328,0.6578,1.173,0.8346,-0.8836,0.0606
202601,pib,1,0.4804,0.4247,0.463,0.5456,0.4165,0.5904,0.4992,0.5236,0.5712,0.5904,0.5393,0.4784,0.5301,-0.0529,0.3947,1.136,-0.2565,0.5543
202601,consumo,1,-0.4455,0.4893,0.5817,0.5804,0.572,0.5666,0.5926,0.5994,0.6247,0.6121,0.4338,0.4936,0.592,0.511,0.6871,-5.129,0.5724,1.299
202601,investimento,1,1.189,0.1096,0.1586,0.493,-0.1816,0.7234,0.1868,0.2535,0.5232,0.9765,0.6031,0.3582,0.4387,1.047,1.318,-18.16,0.8534,3.775
202601,governo,1,0.4189,0.5191,0.3681,0.4544,0.4544,0.4544,0.4544,0.4544,0.4332,0.4544,0.3277,0.5451,0.408,0.4633,0.4982,0.4551,0.5823,0.4462
202601,desemprego,1,-0.2394,,,,,,,,-0.03393,-0.07321,,0.01357,0.01407,0.1224,0.1847,-0.1148,0.1153,-0.05588
