caso,ano,K,r,r_e,gini,topo_10,distancia
previsão perfeita|equilíbrio estacionário,1,0.99993,0.00059371,0.00059371,0.51705,0.41523,0.00019692
previsão perfeita|equilíbrio estacionário,2,0.99992,0.00065273,0.00065273,0.51703,0.41522,0.0002266
previsão perfeita|equilíbrio estacionário,3,0.99991,0.00069603,0.00069603,0.51702,0.41522,0.00025542
previsão perfeita|equilíbrio estacionário,4,0.99991,0.00072348,0.00072348,0.51702,0.41522,0.00026503
previsão perfeita|equilíbrio estacionário,5,0.99991,0.00073779,0.00073779,0.51702,0.41522,0.00025403
previsão perfeita|equilíbrio estacionário,6,0.99991,0.00074086,0.00074086,0.51703,0.41522,0.00023398
previsão perfeita|equilíbrio estacionário,7,0.99991,0.00073532,0.00073532,0.51704,0.41522,0.00021738
previsão perfeita|equilíbrio estacionário,8,0.99991,0.0007232,0.0007232,0.51704,0.41522,0.00019997
previsão perfeita|equilíbrio estacionário,9,0.99991,0.00070643,0.00070643,0.51705,0.41523,0.00018513
previsão perfeita|equilíbrio estacionário,10,0.99991,0.00068658,0.00068658,0.51705,0.41523,0.00017192
previsão perfeita|equilíbrio estacionário,11,0.99992,0.00066485,0.00066485,0.51706,0.41523,0.00016089
previsão perfeita|equilíbrio estacionário,12,0.99992,0.00064211,0.00064211,0.51706,0.41523,0.00015187
previsão perfeita|equilíbrio estacionário,13,0.99992,0.000619,0.000619,0.51707,0.41523,0.00014454
previsão perfeita|equilíbrio estacionário,14,0.99993,0.00059592,0.00059592,0.51707,0.41523,0.00013852
previsão perfeita|equilíbrio estacionário,15,0.99993,0.00057314,0.00057314,0.51707,0.41524,0.00013341
previsão perfeita|equilíbrio estacionário,16,0.99993,0.00055083,0.00055083,0.51707,0.41524,0.00012884
previsão perfeita|equilíbrio estacionário,17,0.99993,0.0005291,0.0005291,0.51708,0.41524,0.00012479
previsão perfeita|equilíbrio estacionário,18,0.99994,0.00050802,0.00050802,0.51708,0.41524,0.00012124
previsão perfeita|equilíbrio estacionário,19,0.99994,0.00048762,0.00048762,0.51708,0.41524,0.00011771
previsão perfeita|equilíbrio estacionário,20,0.99994,0.00046792,0.00046792,0.51708,0.41524,0.00011447
previsão perfeita|equilíbrio estacionário,21,0.99994,0.00044893,0.00044893,0.51709,0.41524,0.00011158
previsão perfeita|equilíbrio estacionário,22,0.99995,0.00043065,0.00043065,0.51709,0.41525,0.00010855
previsão perfeita|equilíbrio estacionário,23,0.99995,0.00041308,0.00041308,0.51709,0.41525,0.0001058
previsão perfeita|equilíbrio estacionário,24,0.99995,0.0003962,0.0003962,0.51709,0.41525,0.00010331
previsão perfeita|equilíbrio estacionário,25,0.99995,0.00038001,0.00038001,0.51709,0.41525,0.00010067
previsão perfeita|equilíbrio estacionário,26,0.99996,0.00036447,0.00036447,0.51709,0.41525,9.8158e-05
previsão perfeita|equilíbrio estacionário,27,0.99996,0.00034959,0.00034959,0.5171,0.41525,9.6006e-05
previsão perfeita|equilíbrio estacionário,28,0.99996,0.00033533,0.00033533,0.5171,0.41525,9.3722e-05
previsão perfeita|equilíbrio estacionário,29,0.99996,0.00032169,0.00032169,0.5171,0.41525,9.1353e-05
previsão perfeita|equilíbrio estacionário,30,0.99996,0.00030863,0.00030863,0.5171,0.41525,8.9523e-05
previsão perfeita|equilíbrio estacionário,31,0.99996,0.00029615,0.00029615,0.5171,0.41525,8.7588e-05
previsão perfeita|equilíbrio estacionário,32,0.99997,0.00028421,0.00028421,0.5171,0.41526,8.5559e-05
previsão perfeita|equilíbrio estacionário,33,0.99997,0.0002728,0.0002728,0.5171,0.41526,8.3638e-05
previsão perfeita|equilíbrio estacionário,34,0.99997,0.0002619,0.0002619,0.5171,0.41526,8.2032e-05
previsão perfeita|equilíbrio estacionário,35,0.99997,0.00025149,0.00025149,0.5171,0.41526,8.0351e-05
previsão perfeita|equilíbrio estacionário,36,0.99997,0.00024155,0.00024155,0.51711,0.41526,7.8609e-05
previsão perfeita|equilíbrio estacionário,37,0.99997,0.00023206,0.00023206,0.51711,0.41526,7.6907e-05
previsão perfeita|equilíbrio estacionário,38,0.99997,0.000223,0.000223,0.51711,0.41526,7.5544e-05
previsão perfeita|equilíbrio estacionário,39,0.99997,0.00021435,0.00021435,0.51711,0.41526,7.4128e-05
previsão perfeita|equilíbrio estacionário,40,0.99997,0.0002061,0.0002061,0.51711,0.41526,7.2671e-05
previsão perfeita|equilíbrio estacionário,41,0.99998,0.00019822,0.00019822,0.51711,0.41526,7.1183e-05
previsão perfeita|equilíbrio estacionário,42,0.99998,0.00019071,0.00019071,0.51711,0.41526,6.9894e-05
previsão perfeita|equilíbrio estacionário,43,0.99998,0.00018355,0.00018355,0.51711,0.41526,6.873e-05
previsão perfeita|equilíbrio estacionário,44,0.99998,0.00017672,0.00017672,0.51711,0.41526,6.7537e-05
previsão perfeita|equilíbrio estacionário,45,0.99998,0.0001702,0.0001702,0.51711,0.41526,6.632e-05
previsão perfeita|equilíbrio estacionário,46,0.99998,0.00016398,0.00016398,0.51711,0.41527,6.5087e-05
previsão perfeita|equilíbrio estacionário,47,0.99998,0.00015805,0.00015805,0.51711,0.41527,6.3994e-05
previsão perfeita|equilíbrio estacionário,48,0.99998,0.00015239,0.00015239,0.51711,0.41527,6.3035e-05
previsão perfeita|equilíbrio estacionário,49,0.99998,0.000147,0.000147,0.51711,0.41527,6.2057e-05
previsão perfeita|equilíbrio estacionário,50,0.99998,0.00014185,0.00014185,0.51711,0.41527,6.1065e-05
previsão perfeita|equilíbrio estacionário,51,0.99998,0.00013694,0.00013694,0.51711,0.41527,6.0064e-05
previsão perfeita|equilíbrio estacionário,52,0.99998,0.00013226,0.00013226,0.51712,0.41527,5.9059e-05
previsão perfeita|equilíbrio estacionário,53,0.99998,0.0001278,0.0001278,0.51712,0.41527,5.8261e-05
previsão perfeita|equilíbrio estacionário,54,0.99998,0.00012353,0.00012353,0.51712,0.41527,5.7477e-05
previsão perfeita|equilíbrio estacionário,55,0.99999,0.00011947,0.00011947,0.51712,0.41527,5.6683e-05
previsão perfeita|equilíbrio estacionário,56,0.99999,0.00011559,0.00011559,0.51712,0.41527,5.5882e-05
previsão perfeita|equilíbrio estacionário,57,0.99999,0.00011189,0.00011189,0.51712,0.41527,5.5082e-05
previsão perfeita|equilíbrio estacionário,58,0.99999,0.00010835,0.00010835,0.51712,0.41527,5.5082e-05
previsão perfeita|equilíbrio estacionário,59,0.99999,0.00010498,0.00010498,0.51712,0.41527,5.504e-05
previsão perfeita|equilíbrio estacionário,60,0.99999,0.00010176,0.00010176,0.51712,0.41527,5.4959e-05
previsão perfeita|equilíbrio estacionário,61,0.99999,9.8678e-05,9.8678e-05,0.51712,0.41527,5.4958e-05
previsão perfeita|equilíbrio estacionário,62,0.99999,9.5739e-05,9.5739e-05,0.51712,0.41527,5.4931e-05
previsão perfeita|equilíbrio estacionário,63,0.99999,9.2931e-05,9.2931e-05,0.51712,0.41527,5.487e-05
previsão perfeita|equilíbrio estacionário,64,0.99999,9.0248e-05,9.0248e-05,0.51712,0.41527,5.4778e-05
previsão perfeita|equilíbrio estacionário,65,0.99999,8.7684e-05,8.7684e-05,0.51712,0.41527,5.4686e-05
previsão perfeita|equilíbrio estacionário,66,0.99999,8.5232e-05,8.5232e-05,0.51712,0.41527,5.4645e-05
previsão perfeita|equilíbrio estacionário,67,0.99999,8.2887e-05,8.2887e-05,0.51712,0.41527,5.4576e-05
previsão perfeita|equilíbrio estacionário,68,0.99999,8.0645e-05,8.0645e-05,0.51712,0.41527,5.4482e-05
previsão perfeita|equilíbrio estacionário,69,0.99999,7.8499e-05,7.8499e-05,0.51712,0.41527,5.4365e-05
previsão perfeita|equilíbrio estacionário,70,0.99999,7.6445e-05,7.6445e-05,0.51712,0.41527,5.4228e-05
previsão perfeita|equilíbrio estacionário,71,0.99999,7.448e-05,7.448e-05,0.51712,0.41527,5.4148e-05
previsão perfeita|equilíbrio estacionário,72,0.99999,7.2597e-05,7.2597e-05,0.51712,0.41527,5.4058e-05
previsão perfeita|equilíbrio estacionário,73,0.99999,7.0794e-05,7.0794e-05,0.51712,0.41527,5.3948e-05
previsão perfeita|equilíbrio estacionário,74,0.99999,6.9065e-05,6.9065e-05,0.51712,0.41527,5.3821e-05
previsão perfeita|equilíbrio estacionário,75,0.99999,6.7409e-05,6.7409e-05,0.51712,0.41527,5.368e-05
previsão perfeita|equilíbrio estacionário,76,0.99999,6.5821e-05,6.5821e-05,0.51712,0.41527,5.3524e-05
previsão perfeita|equilíbrio estacionário,77,0.99999,6.4297e-05,6.4297e-05,0.51712,0.41527,5.3391e-05
previsão perfeita|equilíbrio estacionário,78,0.99999,6.2835e-05,6.2835e-05,0.51712,0.41527,5.3276e-05
previsão perfeita|equilíbrio estacionário,79,0.99999,6.1432e-05,6.1432e-05,0.51712,0.41527,5.3148e-05
previsão perfeita|equilíbrio estacionário,80,0.99999,6.0084e-05,6.0084e-05,0.51712,0.41527,5.3008e-05
previsão perfeita|equilíbrio estacionário,81,0.99999,5.879e-05,5.879e-05,0.51712,0.41527,5.2858e-05
previsão perfeita|equilíbrio estacionário,82,0.99999,5.7546e-05,5.7546e-05,0.51712,0.41527,5.2698e-05
previsão perfeita|equilíbrio estacionário,83,0.99999,5.635e-05,5.635e-05,0.51712,0.41527,5.2529e-05
previsão perfeita|equilíbrio estacionário,84,0.99999,5.52e-05,5.52e-05,0.51712,0.41527,5.2353e-05
previsão perfeita|equilíbrio estacionário,85,0.99999,5.4094e-05,5.4094e-05,0.51712,0.41527,5.2207e-05
previsão perfeita|equilíbrio estacionário,86,0.99999,5.3029e-05,5.3029e-05,0.51712,0.41527,5.2065e-05
previsão perfeita|equilíbrio estacionário,87,0.99999,5.2003e-05,5.2003e-05,0.51712,0.41527,5.1915e-05
previsão perfeita|equilíbrio estacionário,88,0.99999,5.1016e-05,5.1016e-05,0.51713,0.41527,5.1758e-05
previsão perfeita|equilíbrio estacionário,89,0.99999,5.0064e-05,5.0064e-05,0.51713,0.41527,5.1595e-05
previsão perfeita|equilíbrio estacionário,90,0.99999,4.9146e-05,4.9146e-05,0.51713,0.41528,5.1427e-05
previsão perfeita|equilíbrio estacionário,91,0.99999,4.8262e-05,4.8262e-05,0.51713,0.41528,5.1254e-05
previsão perfeita|equilíbrio estacionário,92,0.99999,4.7408e-05,4.7408e-05,0.51713,0.41528,5.1076e-05
previsão perfeita|equilíbrio estacionário,93,0.99999,4.6584e-05,4.6584e-05,0.51713,0.41528,5.0895e-05
previsão perfeita|equilíbrio estacionário,94,0.99999,4.5789e-05,4.5789e-05,0.51713,0.41528,5.0711e-05
previsão perfeita|equilíbrio estacionário,95,0.99999,4.502e-05,4.502e-05,0.51713,0.41528,5.0552e-05
previsão perfeita|equilíbrio estacionário,96,0.99999,4.4278e-05,4.4278e-05,0.51713,0.41528,5.0394e-05
previsão perfeita|equilíbrio estacionário,97,0.99999,4.356e-05,4.356e-05,0.51713,0.41528,5.0232e-05
previsão perfeita|equilíbrio estacionário,98,0.99999,4.2866e-05,4.2866e-05,0.51713,0.41528,5.0067e-05
previsão perfeita|equilíbrio estacionário,99,0.99999,4.2195e-05,4.2195e-05,0.51713,0.41528,4.9899e-05
previsão perfeita|equilíbrio estacionário,100,0.99999,4.1545e-05,4.1545e-05,0.51713,0.41528,4.9728e-05
previsão perfeita|equilíbrio estacionário,110,1,3.6052e-05,3.6052e-05,0.51713,0.41528,4.7992e-05
previsão perfeita|equilíbrio estacionário,120,1,3.1941e-05,3.1941e-05,0.51713,0.41528,4.6337e-05
previsão perfeita|equilíbrio estacionário,130,1,2.877e-05,2.877e-05,0.51713,0.41528,4.4713e-05
previsão perfeita|equilíbrio estacionário,140,1,2.626e-05,2.626e-05,0.51713,0.41528,4.3219e-05
previsão perfeita|equilíbrio estacionário,150,1,2.4224e-05,2.4224e-05,0.51713,0.41528,4.1801e-05
previsão perfeita|equilíbrio estacionário,160,1,2.2535e-05,2.2535e-05,0.51713,0.41528,4.0468e-05
previsão perfeita|equilíbrio estacionário,170,1,2.1098e-05,2.1098e-05,0.51713,0.41528,3.9218e-05
previsão perfeita|equilíbrio estacionário,180,1,1.9849e-05,1.9849e-05,0.51713,0.41528,3.8047e-05
previsão perfeita|equilíbrio estacionário,190,1,1.8738e-05,1.8738e-05,0.51714,0.41528,3.6954e-05
previsão perfeita|equilíbrio estacionário,200,1,1.7734e-05,1.7734e-05,0.51714,0.41528,3.5948e-05
previsão perfeita|equilíbrio estacionário,210,1,1.6813e-05,1.6813e-05,0.51714,0.41529,3.5006e-05
previsão perfeita|equilíbrio estacionário,220,1,1.5961e-05,1.5961e-05,0.51714,0.41529,3.4575e-05
previsão perfeita|equilíbrio estacionário,230,1,1.517e-05,1.517e-05,0.51714,0.41529,3.4369e-05
previsão perfeita|equilíbrio estacionário,240,1,1.4433e-05,1.4433e-05,0.51714,0.41529,3.4114e-05
previsão perfeita|equilíbrio estacionário,250,1,1.3745e-05,1.3745e-05,0.51714,0.41529,3.3823e-05
previsão perfeita|equilíbrio estacionário,260,1,1.3104e-05,1.3104e-05,0.51714,0.41529,3.3506e-05
previsão perfeita|equilíbrio estacionário,270,1,1.2506e-05,1.2506e-05,0.51714,0.41529,3.3158e-05
previsão perfeita|equilíbrio estacionário,280,1,1.1947e-05,1.1947e-05,0.51714,0.41529,3.2783e-05
previsão perfeita|equilíbrio estacionário,290,1,1.1423e-05,1.1423e-05,0.51714,0.41529,3.2385e-05
previsão perfeita|equilíbrio estacionário,300,1,1.0931e-05,1.0931e-05,0.51714,0.41529,3.1967e-05
previsão perfeita|equilíbrio estacionário,310,1,1.0466e-05,1.0466e-05,0.51714,0.41529,3.1533e-05
previsão perfeita|equilíbrio estacionário,320,1,1.0024e-05,1.0024e-05,0.51714,0.41529,3.1086e-05
previsão perfeita|equilíbrio estacionário,330,1,9.6028e-06,9.6028e-06,0.51714,0.4153,3.0626e-05
previsão perfeita|equilíbrio estacionário,340,1,9.1995e-06,9.1995e-06,0.51715,0.4153,3.0157e-05
previsão perfeita|equilíbrio estacionário,350,1,8.8121e-06,8.8121e-06,0.51715,0.4153,2.9679e-05
previsão perfeita|equilíbrio estacionário,360,1,8.4395e-06,8.4395e-06,0.51715,0.4153,2.9194e-05
previsão perfeita|equilíbrio estacionário,370,1,8.0806e-06,8.0806e-06,0.51715,0.4153,2.8704e-05
previsão perfeita|equilíbrio estacionário,380,1,7.7353e-06,7.7353e-06,0.51715,0.4153,2.8209e-05
previsão perfeita|equilíbrio estacionário,390,1,7.4035e-06,7.4035e-06,0.51715,0.4153,2.7711e-05
previsão perfeita|equilíbrio estacionário,400,1,7.0852e-06,7.0852e-06,0.51715,0.4153,2.7211e-05
previsão perfeita|equilíbrio estacionário,410,1,6.7805e-06,6.7805e-06,0.51715,0.4153,2.671e-05
previsão perfeita|equilíbrio estacionário,420,1,6.4896e-06,6.4896e-06,0.51715,0.4153,2.621e-05
previsão perfeita|equilíbrio estacionário,430,1,6.2124e-06,6.2124e-06,0.51715,0.4153,2.571e-05
previsão perfeita|equilíbrio estacionário,440,1,5.9486e-06,5.9486e-06,0.51715,0.4153,2.5212e-05
previsão perfeita|equilíbrio estacionário,450,1,5.6977e-06,5.6977e-06,0.51715,0.4153,2.4716e-05
previsão perfeita|equilíbrio estacionário,460,1,5.4591e-06,5.4591e-06,0.51715,0.4153,2.4224e-05
previsão perfeita|equilíbrio estacionário,470,1,5.232e-06,5.232e-06,0.51715,0.41531,2.3736e-05
previsão perfeita|equilíbrio estacionário,480,1,5.0156e-06,5.0156e-06,0.51715,0.41531,2.3251e-05
previsão perfeita|equilíbrio estacionário,490,1,4.8087e-06,4.8087e-06,0.51715,0.41531,2.2772e-05
previsão perfeita|equilíbrio estacionário,500,1,4.6105e-06,4.6105e-06,0.51715,0.41531,2.2297e-05
previsão perfeita|equilíbrio estacionário,510,1,4.42e-06,4.42e-06,0.51715,0.41531,2.1828e-05
previsão perfeita|equilíbrio estacionário,520,1,4.2365e-06,4.2365e-06,0.51715,0.41531,2.1364e-05
previsão perfeita|equilíbrio estacionário,530,1,4.0592e-06,4.0592e-06,0.51716,0.41531,2.0906e-05
previsão perfeita|equilíbrio estacionário,540,1,3.8877e-06,3.8877e-06,0.51716,0.41531,2.0453e-05
previsão perfeita|equilíbrio estacionário,550,1,3.7216e-06,3.7216e-06,0.51716,0.41531,2.0006e-05
previsão perfeita|equilíbrio estacionário,560,1,3.5607e-06,3.5607e-06,0.51716,0.41531,1.9565e-05
previsão perfeita|equilíbrio estacionário,570,1,3.405e-06,3.405e-06,0.51716,0.41531,1.913e-05
previsão perfeita|equilíbrio estacionário,580,1,3.2544e-06,3.2544e-06,0.51716,0.41531,1.8701e-05
previsão perfeita|equilíbrio estacionário,590,1,3.1093e-06,3.1093e-06,0.51716,0.41531,1.8279e-05
previsão perfeita|equilíbrio estacionário,600,1,2.9697e-06,2.9697e-06,0.51716,0.41531,1.7863e-05
previsão perfeita|equilíbrio estacionário,610,1,2.8358e-06,2.8358e-06,0.51716,0.41531,1.7453e-05
previsão perfeita|equilíbrio estacionário,620,1,2.7079e-06,2.7079e-06,0.51716,0.41531,1.705e-05
previsão perfeita|equilíbrio estacionário,630,1,2.586e-06,2.586e-06,0.51716,0.41531,1.6654e-05
previsão perfeita|equilíbrio estacionário,640,1,2.4703e-06,2.4703e-06,0.51716,0.41531,1.6265e-05
previsão perfeita|equilíbrio estacionário,650,1,2.3607e-06,2.3607e-06,0.51716,0.41531,1.5882e-05
previsão perfeita|equilíbrio estacionário,660,1,2.2571e-06,2.2571e-06,0.51716,0.41531,1.5508e-05
previsão perfeita|equilíbrio estacionário,670,1,2.1592e-06,2.1592e-06,0.51716,0.41531,1.514e-05
previsão perfeita|equilíbrio estacionário,680,1,2.0669e-06,2.0669e-06,0.51716,0.41532,1.478e-05
previsão perfeita|equilíbrio estacionário,690,1,1.9795e-06,1.9795e-06,0.51716,0.41532,1.4427e-05
previsão perfeita|equilíbrio estacionário,700,1,1.8968e-06,1.8968e-06,0.51716,0.41532,1.4081e-05
previsão perfeita|equilíbrio estacionário,710,1,1.8182e-06,1.8182e-06,0.51716,0.41532,1.3742e-05
previsão perfeita|equilíbrio estacionário,720,1,1.7431e-06,1.7431e-06,0.51716,0.41532,1.3411e-05
previsão perfeita|equilíbrio estacionário,730,1,1.6711e-06,1.6711e-06,0.51716,0.41532,1.3087e-05
previsão perfeita|equilíbrio estacionário,740,1,1.6016e-06,1.6016e-06,0.51716,0.41532,1.2769e-05
previsão perfeita|equilíbrio estacionário,750,1,1.5343e-06,1.5343e-06,0.51716,0.41532,1.2458e-05
previsão perfeita|equilíbrio estacionário,760,1,1.4687e-06,1.4687e-06,0.51716,0.41532,1.2154e-05
previsão perfeita|equilíbrio estacionário,770,1,1.4045e-06,1.4045e-06,0.51716,0.41532,1.1856e-05
previsão perfeita|equilíbrio estacionário,780,1,1.3416e-06,1.3416e-06,0.51716,0.41532,1.1564e-05
previsão perfeita|equilíbrio estacionário,790,1,1.2797e-06,1.2797e-06,0.51716,0.41532,1.1279e-05
previsão perfeita|equilíbrio estacionário,800,1,1.219e-06,1.219e-06,0.51716,0.41532,1.0999e-05
previsão perfeita|equilíbrio estacionário,810,1,1.1594e-06,1.1594e-06,0.51716,0.41532,1.0725e-05
previsão perfeita|equilíbrio estacionário,820,1,1.1011e-06,1.1011e-06,0.51716,0.41532,1.0456e-05
previsão perfeita|equilíbrio estacionário,830,1,1.0443e-06,1.0443e-06,0.51716,0.41532,1.0193e-05
previsão perfeita|equilíbrio estacionário,840,1,9.8918e-07,9.8918e-07,0.51716,0.41532,9.9357e-06
previsão perfeita|equilíbrio estacionário,850,1,9.3612e-07,9.3612e-07,0.51716,0.41532,9.6836e-06
previsão perfeita|equilíbrio estacionário,860,1,8.8538e-07,8.8538e-07,0.51716,0.41532,9.4369e-06
previsão perfeita|equilíbrio estacionário,870,1,8.3723e-07,8.3723e-07,0.51716,0.41532,9.1956e-06
previsão perfeita|equilíbrio estacionário,880,1,7.9193e-07,7.9193e-07,0.51717,0.41532,8.9597e-06
previsão perfeita|equilíbrio estacionário,890,1,7.4967e-07,7.4967e-07,0.51717,0.41532,8.7293e-06
previsão perfeita|equilíbrio estacionário,900,1,7.1061e-07,7.1061e-07,0.51717,0.41532,8.5043e-06
previsão perfeita|equilíbrio estacionário,910,1,6.7483e-07,6.7483e-07,0.51717,0.41532,8.2848e-06
previsão perfeita|equilíbrio estacionário,920,1,6.4233e-07,6.4233e-07,0.51717,0.41532,8.0708e-06
previsão perfeita|equilíbrio estacionário,930,1,6.1304e-07,6.1304e-07,0.51717,0.41532,7.8623e-06
previsão perfeita|equilíbrio estacionário,940,1,5.868e-07,5.868e-07,0.51717,0.41532,7.6592e-06
previsão perfeita|equilíbrio estacionário,950,1,5.6338e-07,5.6338e-07,0.51717,0.41532,7.4615e-06
previsão perfeita|equilíbrio estacionário,960,1,5.4261e-07,5.4261e-07,0.51717,0.41532,7.2691e-06
previsão perfeita|equilíbrio estacionário,970,1,5.2525e-07,5.2525e-07,0.51717,0.41532,7.0817e-06
previsão perfeita|equilíbrio estacionário,980,1,5.1867e-07,5.1867e-07,0.51717,0.41532,6.8984e-06
previsão perfeita|equilíbrio estacionário,990,1,5.694e-07,5.694e-07,0.51717,0.41532,6.7145e-06
previsão perfeita|equilíbrio estacionário,1000,1,9.3352e-07,9.3352e-07,0.51717,0.41532,6.5049e-06
previsão perfeita|capital 50% abaixo,1,0.51795,6.4007,6.4007,0.52313,0.41949,0.30007
previsão perfeita|capital 50% abaixo,2,0.54129,5.8959,5.8959,0.52854,0.42331,0.28474
previsão perfeita|capital 50% abaixo,3,0.56386,5.4388,5.4388,0.53337,0.42673,0.27086
previsão perfeita|capital 50% abaixo,4,0.58565,5.0238,5.0238,0.53767,0.42981,0.25827
previsão perfeita|capital 50% abaixo,5,0.60663,4.6461,4.6461,0.54148,0.43256,0.24682
previsão perfeita|capital 50% abaixo,6,0.62679,4.3016,4.3016,0.54486,0.43503,0.23654
previsão perfeita|capital 50% abaixo,7,0.64614,3.9869,3.9869,0.54786,0.43724,0.22713
previsão perfeita|capital 50% abaixo,8,0.66468,3.6987,3.6987,0.55052,0.43923,0.21852
previsão perfeita|capital 50% abaixo,9,0.68241,3.4344,3.4344,0.55288,0.44101,0.21062
previsão perfeita|capital 50% abaixo,10,0.69936,3.1917,3.1917,0.55498,0.44261,0.20347
previsão perfeita|capital 50% abaixo,11,0.71553,2.9684,2.9684,0.55685,0.44406,0.19696
previsão perfeita|capital 50% abaixo,12,0.73094,2.7627,2.7627,0.55851,0.44536,0.19096
previsão perfeita|capital 50% abaixo,13,0.74562,2.573,2.573,0.55998,0.44654,0.18542
previsão perfeita|capital 50% abaixo,14,0.75959,2.3977,2.3977,0.5613,0.4476,0.1803
previsão perfeita|capital 50% abaixo,15,0.77287,2.2357,2.2357,0.56247,0.44855,0.17564
previsão perfeita|capital 50% abaixo,16,0.78548,2.0857,2.0857,0.5635,0.44941,0.17135
previsão perfeita|capital 50% abaixo,17,0.79746,1.9467,1.9467,0.56442,0.45018,0.16737
previsão perfeita|capital 50% abaixo,18,0.80882,1.8178,1.8178,0.56524,0.45088,0.16365
previsão perfeita|capital 50% abaixo,19,0.81959,1.6982,1.6982,0.56596,0.45151,0.16018
previsão perfeita|capital 50% abaixo,20,0.8298,1.587,1.587,0.56659,0.45207,0.15694
previsão perfeita|capital 50% abaixo,21,0.83947,1.4837,1.4837,0.56715,0.45258,0.15389
previsão perfeita|capital 50% abaixo,22,0.84862,1.3876,1.3876,0.56763,0.45304,0.15104
previsão perfeita|capital 50% abaixo,23,0.85727,1.2981,1.2981,0.56806,0.45344,0.14834
previsão perfeita|capital 50% abaixo,24,0.86546,1.2148,1.2148,0.56842,0.45381,0.14581
previsão perfeita|capital 50% abaixo,25,0.87321,1.1371,1.1371,0.56873,0.45412,0.14344
previsão perfeita|capital 50% abaixo,26,0.88052,1.0646,1.0646,0.569,0.45442,0.14119
previsão perfeita|capital 50% abaixo,27,0.88744,0.997,0.997,0.56922,0.45466,0.13906
previsão perfeita|capital 50% abaixo,28,0.89397,0.9339,0.9339,0.5694,0.45488,0.13702
previsão perfeita|capital 50% abaixo,29,0.90013,0.87497,0.87497,0.56955,0.45507,0.13509
previsão perfeita|capital 50% abaixo,30,0.90595,0.81991,0.81991,0.56966,0.45524,0.13324
previsão perfeita|capital 50% abaixo,31,0.91144,0.76845,0.76845,0.56974,0.45538,0.13148
previsão perfeita|capital 50% abaixo,32,0.91663,0.72034,0.72034,0.5698,0.4555,0.12979
previsão perfeita|capital 50% abaixo,33,0.92151,0.67534,0.67534,0.56982,0.4556,0.12817
previsão perfeita|capital 50% abaixo,34,0.92612,0.63324,0.63324,0.56983,0.45568,0.12662
previsão perfeita|capital 50% abaixo,35,0.93047,0.59385,0.59385,0.56982,0.45575,0.12513
previsão perfeita|capital 50% abaixo,36,0.93457,0.55697,0.55697,0.56978,0.45579,0.1237
previsão perfeita|capital 50% abaixo,37,0.93843,0.52243,0.52243,0.56973,0.45582,0.12234
previsão perfeita|capital 50% abaixo,38,0.94207,0.49009,0.49009,0.56966,0.45583,0.12104
previsão perfeita|capital 50% abaixo,39,0.94549,0.4598,0.4598,0.56958,0.45584,0.11978
previsão perfeita|capital 50% abaixo,40,0.94873,0.43141,0.43141,0.56948,0.45584,0.11857
previsão perfeita|capital 50% abaixo,41,0.95177,0.4048,0.4048,0.56937,0.45582,0.1174
previsão perfeita|capital 50% abaixo,42,0.95463,0.37987,0.37987,0.56925,0.45579,0.11626
previsão perfeita|capital 50% abaixo,43,0.95733,0.35649,0.35649,0.56912,0.45575,0.11517
previsão perfeita|capital 50% abaixo,44,0.95987,0.33457,0.33457,0.56898,0.45571,0.1141
previsão perfeita|capital 50% abaixo,45,0.96227,0.31401,0.31401,0.56883,0.45565,0.11307
previsão perfeita|capital 50% abaixo,46,0.96452,0.29473,0.29473,0.56868,0.45559,0.11206
previsão perfeita|capital 50% abaixo,47,0.96664,0.27665,0.27665,0.56851,0.45553,0.11108
previsão perfeita|capital 50% abaixo,48,0.96864,0.25968,0.25968,0.56834,0.45546,0.11012
previsão perfeita|capital 50% abaixo,49,0.97052,0.24376,0.24376,0.56817,0.45538,0.10919
previsão perfeita|capital 50% abaixo,50,0.97228,0.22882,0.22882,0.56799,0.45529,0.10828
previsão perfeita|capital 50% abaixo,51,0.97395,0.2148,0.2148,0.5678,0.4552,0.10738
previsão perfeita|capital 50% abaixo,52,0.97551,0.20164,0.20164,0.56761,0.45511,0.10651
previsão perfeita|capital 50% abaixo,53,0.97699,0.18929,0.18929,0.56741,0.45501,0.10565
previsão perfeita|capital 50% abaixo,54,0.97837,0.1777,0.1777,0.56722,0.45491,0.10484
previsão perfeita|capital 50% abaixo,55,0.97968,0.16682,0.16682,0.56701,0.4548,0.10407
previsão perfeita|capital 50% abaixo,56,0.9809,0.1566,0.1566,0.56681,0.45469,0.10331
previsão perfeita|capital 50% abaixo,57,0.98206,0.14701,0.14701,0.5666,0.45458,0.10257
previsão perfeita|capital 50% abaixo,58,0.98314,0.138,0.138,0.56639,0.45447,0.10183
previsão perfeita|capital 50% abaixo,59,0.98416,0.12954,0.12954,0.56618,0.45435,0.10111
previsão perfeita|capital 50% abaixo,60,0.98512,0.1216,0.1216,0.56597,0.45423,0.1004
previsão perfeita|capital 50% abaixo,61,0.98602,0.11414,0.11414,0.56576,0.45411,0.099701
previsão perfeita|capital 50% abaixo,62,0.98687,0.10714,0.10714,0.56554,0.45399,0.099009
previsão perfeita|capital 50% abaixo,63,0.98767,0.10056,0.10056,0.56533,0.45386,0.098326
previsão perfeita|capital 50% abaixo,64,0.98842,0.094384,0.094384,0.56511,0.45374,0.097651
previsão perfeita|capital 50% abaixo,65,0.98913,0.088582,0.088582,0.56489,0.45361,0.096983
previsão perfeita|capital 50% abaixo,66,0.98979,0.083132,0.083132,0.56467,0.45348,0.096322
previsão perfeita|capital 50% abaixo,67,0.99041,0.078014,0.078014,0.56446,0.45335,0.095668
previsão perfeita|capital 50% abaixo,68,0.991,0.073207,0.073207,0.56424,0.45322,0.095072
previsão perfeita|capital 50% abaixo,69,0.99155,0.068691,0.068691,0.56402,0.45309,0.094485
previsão perfeita|capital 50% abaixo,70,0.99207,0.06445,0.06445,0.5638,0.45296,0.093904
previsão perfeita|capital 50% abaixo,71,0.99256,0.060466,0.060466,0.56358,0.45282,0.093328
previsão perfeita|capital 50% abaixo,72,0.99302,0.056724,0.056724,0.56337,0.45269,0.092757
previsão perfeita|capital 50% abaixo,73,0.99345,0.05321,0.05321,0.56315,0.45256,0.09219
previsão perfeita|capital 50% abaixo,74,0.99385,0.049908,0.049908,0.56293,0.45242,0.091627
previsão perfeita|capital 50% abaixo,75,0.99423,0.046807,0.046807,0.56271,0.45229,0.091068
previsão perfeita|capital 50% abaixo,76,0.99459,0.043894,0.043894,0.5625,0.45215,0.090513
previsão perfeita|capital 50% abaixo,77,0.99493,0.041158,0.041158,0.56228,0.45201,0.089962
previsão perfeita|capital 50% abaixo,78,0.99524,0.038588,0.038588,0.56207,0.45188,0.089414
previsão perfeita|capital 50% abaixo,79,0.99554,0.036175,0.036175,0.56185,0.45174,0.088869
previsão perfeita|capital 50% abaixo,80,0.99582,0.033907,0.033907,0.56164,0.45161,0.088328
previsão perfeita|capital 50% abaixo,81,0.99608,0.031778,0.031778,0.56143,0.45147,0.08779
previsão perfeita|capital 50% abaixo,82,0.99632,0.029778,0.029778,0.56122,0.45133,0.087293
previsão perfeita|capital 50% abaixo,83,0.99656,0.0279,0.0279,0.56101,0.4512,0.086809
previsão perfeita|capital 50% abaixo,84,0.99677,0.026135,0.026135,0.5608,0.45106,0.086328
previsão perfeita|capital 50% abaixo,85,0.99698,0.024479,0.024479,0.56059,0.45093,0.085848
previsão perfeita|capital 50% abaixo,86,0.99717,0.022923,0.022923,0.56038,0.45079,0.085371
previsão perfeita|capital 50% abaixo,87,0.99735,0.021461,0.021461,0.56018,0.45065,0.084896
previsão perfeita|capital 50% abaixo,88,0.99752,0.020089,0.020089,0.55997,0.45052,0.084422
previsão perfeita|capital 50% abaixo,89,0.99768,0.018801,0.018801,0.55977,0.45038,0.083951
previsão perfeita|capital 50% abaixo,90,0.99783,0.017591,0.017591,0.55956,0.45025,0.083481
previsão perfeita|capital 50% abaixo,91,0.99797,0.016455,0.016455,0.55936,0.45012,0.083014
previsão perfeita|capital 50% abaixo,92,0.9981,0.015388,0.015388,0.55916,0.44998,0.082548
previsão perfeita|capital 50% abaixo,93,0.99822,0.014387,0.014387,0.55896,0.44985,0.082084
previsão perfeita|capital 50% abaixo,94,0.99834,0.013447,0.013447,0.55876,0.44971,0.081622
previsão perfeita|capital 50% abaixo,95,0.99845,0.012564,0.012564,0.55857,0.44958,0.081162
previsão perfeita|capital 50% abaixo,96,0.99855,0.011736,0.011736,0.55837,0.44945,0.080704
previsão perfeita|capital 50% abaixo,97,0.99864,0.010958,0.010958,0.55818,0.44932,0.08025
previsão perfeita|capital 50% abaixo,98,0.99874,0.010228,0.010228,0.55798,0.44919,0.079835
previsão perfeita|capital 50% abaixo,99,0.99882,0.009543,0.009543,0.55779,0.44905,0.079422
previsão perfeita|capital 50% abaixo,100,0.9989,0.0089001,0.0089001,0.5576,0.44892,0.07901
previsão perfeita|capital 50% abaixo,110,0.99947,0.0042987,0.0042987,0.55575,0.44765,0.074959
previsão perfeita|capital 50% abaixo,120,0.99977,0.0018875,0.0018875,0.55402,0.44642,0.071194
previsão perfeita|capital 50% abaixo,130,0.99992,0.00064605,0.00064605,0.55241,0.44526,0.067711
previsão perfeita|capital 50% abaixo,140,1,2.6214e-05,2.6214e-05,0.55089,0.44415,0.064424
previsão perfeita|capital 50% abaixo,150,1,-0.00026588,-0.00026588,0.54947,0.44309,0.061421
previsão perfeita|capital 50% abaixo,160,1,-0.00038739,-0.00038739,0.54813,0.44208,0.058545
previsão perfeita|capital 50% abaixo,170,1.0001,-0.00042201,-0.00042201,0.54686,0.44112,0.055876
previsão perfeita|capital 50% abaixo,180,1.0001,-0.00041402,-0.00041402,0.54567,0.4402,0.053392
previsão perfeita|capital 50% abaixo,190,1,-0.00038659,-0.00038659,0.54455,0.43932,0.051025
previsão perfeita|capital 50% abaixo,200,1,-0.00035166,-0.00035166,0.54348,0.43848,0.048774
previsão perfeita|capital 50% abaixo,210,1,-0.0003152,-0.0003152,0.54247,0.43768,0.046714
previsão perfeita|capital 50% abaixo,220,1,-0.00028005,-0.00028005,0.54151,0.43691,0.044754
previsão perfeita|capital 50% abaixo,230,1,-0.00024744,-0.00024744,0.5406,0.43617,0.042888
previsão perfeita|capital 50% abaixo,240,1,-0.00021779,-0.00021779,0.53973,0.43546,0.041113
previsão perfeita|capital 50% abaixo,250,1,-0.00019108,-0.00019108,0.5389,0.43478,0.039434
previsão perfeita|capital 50% abaixo,260,1,-0.00016715,-0.00016715,0.53811,0.43413,0.037873
previsão perfeita|capital 50% abaixo,270,1,-0.00014576,-0.00014576,0.53736,0.4335,0.036384
previsão perfeita|capital 50% abaixo,280,1,-0.00012663,-0.00012663,0.53664,0.4329,0.034964
previsão perfeita|capital 50% abaixo,290,1,-0.00010953,-0.00010953,0.53595,0.43232,0.033609
previsão perfeita|capital 50% abaixo,300,1,-9.4224e-05,-9.4224e-05,0.53529,0.43177,0.032317
previsão perfeita|capital 50% abaixo,310,1,-8.0512e-05,-8.0512e-05,0.53466,0.43123,0.031084
previsão perfeita|capital 50% abaixo,320,1,-6.8213e-05,-6.8213e-05,0.53406,0.43072,0.029919
previsão perfeita|capital 50% abaixo,330,1,-5.717e-05,-5.717e-05,0.53348,0.43022,0.028817
previsão perfeita|capital 50% abaixo,340,1,-4.7247e-05,-4.7247e-05,0.53293,0.42974,0.027762
previsão perfeita|capital 50% abaixo,350,1,-3.8323e-05,-3.8323e-05,0.53239,0.42928,0.026753
previsão perfeita|capital 50% abaixo,360,1,-3.0292e-05,-3.0292e-05,0.53188,0.42884,0.025786
previsão perfeita|capital 50% abaixo,370,1,-2.3063e-05,-2.3063e-05,0.53139,0.42841,0.024861
previsão perfeita|capital 50% abaixo,380,1,-1.6553e-05,-1.6553e-05,0.53092,0.428,0.023975
previsão perfeita|capital 50% abaixo,390,1,-1.0691e-05,-1.0691e-05,0.53046,0.4276,0.023125
previsão perfeita|capital 50% abaixo,400,1,-5.4128e-06,-5.4128e-06,0.53003,0.42721,0.022311
previsão perfeita|capital 50% abaixo,410,1,-6.6181e-07,-6.6181e-07,0.52961,0.42684,0.021531
previsão perfeita|capital 50% abaixo,420,1,3.6124e-06,3.6124e-06,0.5292,0.42649,0.020787
previsão perfeita|capital 50% abaixo,430,1,7.4547e-06,7.4547e-06,0.52882,0.42614,0.020078
previsão perfeita|capital 50% abaixo,440,1,1.0905e-05,1.0905e-05,0.52844,0.42581,0.019396
previsão perfeita|capital 50% abaixo,450,1,1.4001e-05,1.4001e-05,0.52808,0.42548,0.018741
previsão perfeita|capital 50% abaixo,460,1,1.6773e-05,1.6773e-05,0.52773,0.42517,0.018111
previsão perfeita|capital 50% abaixo,470,1,1.9251e-05,1.9251e-05,0.5274,0.42487,0.017506
previsão perfeita|capital 50% abaixo,480,1,2.1461e-05,2.1461e-05,0.52707,0.42458,0.016923
previsão perfeita|capital 50% abaixo,490,1,2.3427e-05,2.3427e-05,0.52676,0.4243,0.016363
previsão perfeita|capital 50% abaixo,500,1,2.5171e-05,2.5171e-05,0.52646,0.42403,0.015824
previsão perfeita|capital 50% abaixo,510,1,2.6712e-05,2.6712e-05,0.52617,0.42376,0.015304
previsão perfeita|capital 50% abaixo,520,1,2.8068e-05,2.8068e-05,0.52589,0.42351,0.014805
previsão perfeita|capital 50% abaixo,530,1,2.9254e-05,2.9254e-05,0.52562,0.42326,0.014323
previsão perfeita|capital 50% abaixo,540,1,3.0286e-05,3.0286e-05,0.52536,0.42302,0.013859
previsão perfeita|capital 50% abaixo,550,1,3.1176e-05,3.1176e-05,0.5251,0.42279,0.013413
previsão perfeita|capital 50% abaixo,560,1,3.1938e-05,3.1938e-05,0.52486,0.42257,0.012982
previsão perfeita|capital 50% abaixo,570,1,3.2581e-05,3.2581e-05,0.52463,0.42235,0.012567
previsão perfeita|capital 50% abaixo,580,1,3.3117e-05,3.3117e-05,0.5244,0.42214,0.012166
previsão perfeita|capital 50% abaixo,590,1,3.3554e-05,3.3554e-05,0.52418,0.42194,0.011782
previsão perfeita|capital 50% abaixo,600,1,3.3901e-05,3.3901e-05,0.52396,0.42175,0.011413
previsão perfeita|capital 50% abaixo,610,1,3.4166e-05,3.4166e-05,0.52376,0.42156,0.011056
previsão perfeita|capital 50% abaixo,620,1,3.4355e-05,3.4355e-05,0.52356,0.42137,0.010711
previsão perfeita|capital 50% abaixo,630,1,3.4476e-05,3.4476e-05,0.52337,0.42119,0.010378
previsão perfeita|capital 50% abaixo,640,1,3.4535e-05,3.4535e-05,0.52318,0.42102,0.010056
previsão perfeita|capital 50% abaixo,650,1,3.4537e-05,3.4537e-05,0.523,0.42085,0.0097459
previsão perfeita|capital 50% abaixo,660,1,3.4487e-05,3.4487e-05,0.52283,0.42069,0.0094458
previsão perfeita|capital 50% abaixo,670,1,3.439e-05,3.439e-05,0.52266,0.42054,0.0091558
previsão perfeita|capital 50% abaixo,680,1,3.425e-05,3.425e-05,0.52249,0.42038,0.0088756
previsão perfeita|capital 50% abaixo,690,1,3.4071e-05,3.4071e-05,0.52234,0.42024,0.0086047
previsão perfeita|capital 50% abaixo,700,1,3.3857e-05,3.3857e-05,0.52218,0.42009,0.0083427
previsão perfeita|capital 50% abaixo,710,1,3.3612e-05,3.3612e-05,0.52203,0.41995,0.0080895
previsão perfeita|capital 50% abaixo,720,1,3.3337e-05,3.3337e-05,0.52189,0.41982,0.0078446
previsão perfeita|capital 50% abaixo,730,1,3.3038e-05,3.3038e-05,0.52175,0.41969,0.0076077
previsão perfeita|capital 50% abaixo,740,1,3.2715e-05,3.2715e-05,0.52162,0.41956,0.0073785
previsão perfeita|capital 50% abaixo,750,1,3.2371e-05,3.2371e-05,0.52149,0.41944,0.0071568
previsão perfeita|capital 50% abaixo,760,1,3.2009e-05,3.2009e-05,0.52136,0.41932,0.0069423
previsão perfeita|capital 50% abaixo,770,1,3.1631e-05,3.1631e-05,0.52124,0.41921,0.0067347
previsão perfeita|capital 50% abaixo,780,1,3.1238e-05,3.1238e-05,0.52112,0.41909,0.0065337
previsão perfeita|capital 50% abaixo,790,1,3.0833e-05,3.0833e-05,0.521,0.41899,0.0063392
previsão perfeita|capital 50% abaixo,800,1,3.0417e-05,3.0417e-05,0.52089,0.41888,0.0061509
previsão perfeita|capital 50% abaixo,810,1,2.9991e-05,2.9991e-05,0.52078,0.41878,0.0059686
previsão perfeita|capital 50% abaixo,820,1,2.9558e-05,2.9558e-05,0.52068,0.41868,0.0057921
previsão perfeita|capital 50% abaixo,830,1,2.9117e-05,2.9117e-05,0.52058,0.41858,0.0056211
previsão perfeita|capital 50% abaixo,840,1,2.8671e-05,2.8671e-05,0.52048,0.41849,0.0054556
previsão perfeita|capital 50% abaixo,850,1,2.8221e-05,2.8221e-05,0.52038,0.4184,0.0052952
previsão perfeita|capital 50% abaixo,860,1,2.7767e-05,2.7767e-05,0.52029,0.41831,0.0051398
previsão perfeita|capital 50% abaixo,870,1,2.7311e-05,2.7311e-05,0.5202,0.41823,0.0049893
previsão perfeita|capital 50% abaixo,880,1,2.6853e-05,2.6853e-05,0.52011,0.41814,0.0048434
previsão perfeita|capital 50% abaixo,890,1,2.6394e-05,2.6394e-05,0.52003,0.41806,0.0047021
previsão perfeita|capital 50% abaixo,900,1,2.5934e-05,2.5934e-05,0.51995,0.41799,0.0045651
previsão perfeita|capital 50% abaixo,910,1,2.5476e-05,2.5476e-05,0.51987,0.41791,0.0044324
previsão perfeita|capital 50% abaixo,920,1,2.5018e-05,2.5018e-05,0.51979,0.41784,0.0043037
previsão perfeita|capital 50% abaixo,930,1,2.4562e-05,2.4562e-05,0.51972,0.41777,0.004179
previsão perfeita|capital 50% abaixo,940,1,2.4108e-05,2.4108e-05,0.51964,0.4177,0.004058
previsão perfeita|capital 50% abaixo,950,1,2.366e-05,2.366e-05,0.51957,0.41763,0.0039408
previsão perfeita|capital 50% abaixo,960,1,2.3229e-05,2.3229e-05,0.5195,0.41756,0.0038272
previsão perfeita|capital 50% abaixo,970,1,2.2873e-05,2.2873e-05,0.51944,0.4175,0.0037173
previsão perfeita|capital 50% abaixo,980,1,2.2923e-05,2.2923e-05,0.51937,0.41744,0.0036107
previsão perfeita|capital 50% abaixo,990,1,2.5622e-05,2.5622e-05,0.51931,0.41738,0.0035075
previsão perfeita|capital 50% abaixo,1000,0.99999,4.1951e-05,4.1951e-05,0.51925,0.41732,0.0034088
previsão perfeita|capital 50% acima,1,1.4749,-2.8271,-2.8271,0.51619,0.41456,0.18205
previsão perfeita|capital 50% acima,2,1.4437,-2.6867,-2.6867,0.51527,0.41386,0.17357
previsão perfeita|capital 50% acima,3,1.4147,-2.5519,-2.5519,0.51436,0.41319,0.16559
previsão perfeita|capital 50% acima,4,1.3877,-2.4225,-2.4225,0.51348,0.41253,0.15803
previsão perfeita|capital 50% acima,5,1.3626,-2.2986,-2.2986,0.51262,0.41189,0.15085
previsão perfeita|capital 50% acima,6,1.3392,-2.1801,-2.1801,0.51179,0.41128,0.1441
previsão perfeita|capital 50% acima,7,1.3174,-2.0667,-2.0667,0.51099,0.41069,0.13763
previsão perfeita|capital 50% acima,8,1.2971,-1.9584,-1.9584,0.51022,0.41012,0.13157
previsão perfeita|capital 50% acima,9,1.2782,-1.855,-1.855,0.50948,0.40957,0.12579
previsão perfeita|capital 50% acima,10,1.2605,-1.7564,-1.7564,0.50877,0.40905,0.12038
previsão perfeita|capital 50% acima,11,1.244,-1.6624,-1.6624,0.50808,0.40854,0.11527
previsão perfeita|capital 50% acima,12,1.2287,-1.5729,-1.5729,0.50743,0.40806,0.11044
previsão perfeita|capital 50% acima,13,1.2143,-1.4878,-1.4878,0.50681,0.40761,0.10586
previsão perfeita|capital 50% acima,14,1.2009,-1.4068,-1.4068,0.50622,0.40718,0.10163
previsão perfeita|capital 50% acima,15,1.1883,-1.3299,-1.3299,0.50565,0.40676,0.097733
previsão perfeita|capital 50% acima,16,1.1766,-1.2568,-1.2568,0.50512,0.40637,0.094068
previsão perfeita|capital 50% acima,17,1.1656,-1.1874,-1.1874,0.50461,0.406,0.090582
previsão perfeita|capital 50% acima,18,1.1554,-1.1216,-1.1216,0.50413,0.40564,0.087267
previsão perfeita|capital 50% acima,19,1.1458,-1.0592,-1.0592,0.50368,0.40531,0.084214
previsão perfeita|capital 50% acima,20,1.1368,-1,-1,0.50325,0.40498,0.081316
previsão perfeita|capital 50% acima,21,1.1284,-0.94396,-0.94396,0.50285,0.40469,0.078578
previsão perfeita|capital 50% acima,22,1.1205,-0.89088,-0.89088,0.50247,0.4044,0.076053
previsão perfeita|capital 50% acima,23,1.1131,-0.84063,-0.84063,0.50212,0.40414,0.073657
previsão perfeita|capital 50% acima,24,1.1062,-0.79308,-0.79308,0.50179,0.40388,0.071404
previsão perfeita|capital 50% acima,25,1.0997,-0.7481,-0.7481,0.50148,0.40364,0.069319
previsão perfeita|capital 50% acima,26,1.0936,-0.70556,-0.70556,0.5012,0.40342,0.067342
previsão perfeita|capital 50% acima,27,1.0879,-0.66536,-0.66536,0.50093,0.40321,0.065466
previsão perfeita|capital 50% acima,28,1.0826,-0.62736,-0.62736,0.50068,0.40301,0.063719
previsão perfeita|capital 50% acima,29,1.0776,-0.59146,-0.59146,0.50045,0.40283,0.06209
previsão perfeita|capital 50% acima,30,1.0729,-0.55755,-0.55755,0.50024,0.40265,0.060545
previsão perfeita|capital 50% acima,31,1.0685,-0.52553,-0.52553,0.50005,0.40249,0.059079
previsão perfeita|capital 50% acima,32,1.0644,-0.49529,-0.49529,0.49987,0.40234,0.057688
previsão perfeita|capital 50% acima,33,1.0605,-0.46676,-0.46676,0.49971,0.40221,0.056389
previsão perfeita|capital 50% acima,34,1.0568,-0.43984,-0.43984,0.49956,0.40207,0.055179
previsão perfeita|capital 50% acima,35,1.0534,-0.41443,-0.41443,0.49942,0.40195,0.054029
previsão perfeita|capital 50% acima,36,1.0502,-0.39047,-0.39047,0.4993,0.40184,0.052936
previsão perfeita|capital 50% acima,37,1.0472,-0.36786,-0.36786,0.49919,0.40174,0.051898
previsão perfeita|capital 50% acima,38,1.0444,-0.34655,-0.34655,0.49909,0.40165,0.050911
previsão perfeita|capital 50% acima,39,1.0417,-0.32645,-0.32645,0.49901,0.40157,0.049973
previsão perfeita|capital 50% acima,40,1.0392,-0.30751,-0.30751,0.49893,0.40149,0.04908
previsão perfeita|capital 50% acima,41,1.0369,-0.28965,-0.28965,0.49886,0.40142,0.048233
previsão perfeita|capital 50% acima,42,1.0347,-0.27282,-0.27282,0.4988,0.40136,0.047446
previsão perfeita|capital 50% acima,43,1.0326,-0.25696,-0.25696,0.49876,0.4013,0.046696
previsão perfeita|capital 50% acima,44,1.0307,-0.24202,-0.24202,0.49871,0.40125,0.04598
previsão perfeita|capital 50% acima,45,1.0288,-0.22794,-0.22794,0.49868,0.40121,0.045298
previsão perfeita|capital 50% acima,46,1.0271,-0.21467,-0.21467,0.49865,0.40118,0.044646
previsão perfeita|capital 50% acima,47,1.0255,-0.20217,-0.20217,0.49863,0.40115,0.044024
previsão perfeita|capital 50% acima,48,1.024,-0.19041,-0.19041,0.49862,0.40112,0.04343
previsão perfeita|capital 50% acima,49,1.0226,-0.17932,-0.17932,0.49861,0.4011,0.042861
previsão perfeita|capital 50% acima,50,1.0212,-0.16888,-0.16888,0.49861,0.40108,0.042317
previsão perfeita|capital 50% acima,51,1.02,-0.15905,-0.15905,0.49862,0.40106,0.041797
previsão perfeita|capital 50% acima,52,1.0188,-0.14979,-0.14979,0.49862,0.40105,0.041298
previsão perfeita|capital 50% acima,53,1.0177,-0.14107,-0.14107,0.49864,0.40104,0.04082
previsão perfeita|capital 50% acima,54,1.0167,-0.13287,-0.13287,0.49865,0.40104,0.040362
previsão perfeita|capital 50% acima,55,1.0157,-0.12514,-0.12514,0.49868,0.40104,0.039922
previsão perfeita|capital 50% acima,56,1.0148,-0.11786,-0.11786,0.4987,0.40104,0.039499
previsão perfeita|capital 50% acima,57,1.0139,-0.11102,-0.11102,0.49873,0.40105,0.039092
previsão perfeita|capital 50% acima,58,1.0131,-0.10457,-0.10457,0.49876,0.40106,0.038701
previsão perfeita|capital 50% acima,59,1.0123,-0.0985,-0.0985,0.49879,0.40107,0.038325
previsão perfeita|capital 50% acima,60,1.0116,-0.092787,-0.092787,0.49883,0.40108,0.037962
previsão perfeita|capital 50% acima,61,1.0109,-0.087409,-0.087409,0.49887,0.4011,0.037612
previsão perfeita|capital 50% acima,62,1.0103,-0.082347,-0.082347,0.49891,0.40112,0.037275
previsão perfeita|capital 50% acima,63,1.0097,-0.077583,-0.077583,0.49896,0.40114,0.036948
previsão perfeita|capital 50% acima,64,1.0091,-0.073098,-0.073098,0.49901,0.40116,0.036633
previsão perfeita|capital 50% acima,65,1.0086,-0.068878,-0.068878,0.49906,0.40119,0.036327
previsão perfeita|capital 50% acima,66,1.0081,-0.064905,-0.064905,0.49911,0.40121,0.036032
previsão perfeita|capital 50% acima,67,1.0076,-0.061166,-0.061166,0.49916,0.40124,0.035745
previsão perfeita|capital 50% acima,68,1.0072,-0.057647,-0.057647,0.49921,0.40127,0.035467
previsão perfeita|capital 50% acima,69,1.0068,-0.054335,-0.054335,0.49927,0.4013,0.035197
previsão perfeita|capital 50% acima,70,1.0064,-0.051217,-0.051217,0.49932,0.40133,0.034934
previsão perfeita|capital 50% acima,71,1.006,-0.048284,-0.048284,0.49938,0.40137,0.034679
previsão perfeita|capital 50% acima,72,1.0057,-0.045522,-0.045522,0.49944,0.4014,0.034431
previsão perfeita|capital 50% acima,73,1.0053,-0.042923,-0.042923,0.4995,0.40144,0.034188
previsão perfeita|capital 50% acima,74,1.005,-0.040478,-0.040478,0.49956,0.40147,0.033952
previsão perfeita|capital 50% acima,75,1.0047,-0.038175,-0.038175,0.49962,0.40151,0.033722
previsão perfeita|capital 50% acima,76,1.0045,-0.036009,-0.036009,0.49968,0.40155,0.033497
previsão perfeita|capital 50% acima,77,1.0042,-0.033969,-0.033969,0.49975,0.40158,0.033277
previsão perfeita|capital 50% acima,78,1.004,-0.03205,-0.03205,0.49981,0.40162,0.033061
previsão perfeita|capital 50% acima,79,1.0038,-0.030243,-0.030243,0.49987,0.40166,0.032851
previsão perfeita|capital 50% acima,80,1.0035,-0.028543,-0.028543,0.49994,0.4017,0.032644
previsão perfeita|capital 50% acima,81,1.0033,-0.026942,-0.026942,0.5,0.40174,0.032442
previsão perfeita|capital 50% acima,82,1.0032,-0.025436,-0.025436,0.50007,0.40178,0.032244
previsão perfeita|capital 50% acima,83,1.003,-0.024017,-0.024017,0.50013,0.40182,0.032049
previsão perfeita|capital 50% acima,84,1.0028,-0.022682,-0.022682,0.5002,0.40187,0.031865
previsão perfeita|capital 50% acima,85,1.0027,-0.021426,-0.021426,0.50026,0.40191,0.031685
previsão perfeita|capital 50% acima,86,1.0025,-0.020243,-0.020243,0.50033,0.40195,0.031507
previsão perfeita|capital 50% acima,87,1.0024,-0.019129,-0.019129,0.5004,0.40199,0.031333
previsão perfeita|capital 50% acima,88,1.0022,-0.01808,-0.01808,0.50046,0.40204,0.031162
previsão perfeita|capital 50% acima,89,1.0021,-0.017093,-0.017093,0.50053,0.40208,0.030993
previsão perfeita|capital 50% acima,90,1.002,-0.016164,-0.016164,0.50059,0.40212,0.030827
previsão perfeita|capital 50% acima,91,1.0019,-0.015289,-0.015289,0.50066,0.40217,0.030663
previsão perfeita|capital 50% acima,92,1.0018,-0.014465,-0.014465,0.50073,0.40221,0.030501
previsão perfeita|capital 50% acima,93,1.0017,-0.013689,-0.013689,0.50079,0.40225,0.030342
previsão perfeita|capital 50% acima,94,1.0016,-0.012958,-0.012958,0.50086,0.4023,0.030184
previsão perfeita|capital 50% acima,95,1.0015,-0.01227,-0.01227,0.50093,0.40234,0.030029
previsão perfeita|capital 50% acima,96,1.0014,-0.011622,-0.011622,0.50099,0.40238,0.029875
previsão perfeita|capital 50% acima,97,1.0014,-0.011012,-0.011012,0.50106,0.40243,0.029724
previsão perfeita|capital 50% acima,98,1.0013,-0.010437,-0.010437,0.50112,0.40247,0.029574
previsão perfeita|capital 50% acima,99,1.0012,-0.0098952,-0.0098952,0.50119,0.40252,0.029425
previsão perfeita|capital 50% acima,100,1.0012,-0.0093851,-0.0093851,0.50126,0.40256,0.029278
previsão perfeita|capital 50% acima,110,1.0007,-0.005652,-0.005652,0.5019,0.403,0.027884
previsão perfeita|capital 50% acima,120,1.0004,-0.0035773,-0.0035773,0.50252,0.40343,0.02665
previsão perfeita|capital 50% acima,130,1.0003,-0.0024075,-0.0024075,0.50311,0.40385,0.025499
previsão perfeita|capital 50% acima,140,1.0002,-0.0017338,-0.0017338,0.50367,0.40425,0.024408
previsão perfeita|capital 50% acima,150,1.0002,-0.0013335,-0.0013335,0.5042,0.40464,0.023402
previsão perfeita|capital 50% acima,160,1.0001,-0.0010855,-0.0010855,0.5047,0.40501,0.022455
previsão perfeita|capital 50% acima,170,1.0001,-0.00092345,-0.00092345,0.50517,0.40537,0.02155
previsão perfeita|capital 50% acima,180,1.0001,-0.00081093,-0.00081093,0.50563,0.40571,0.020686
previsão perfeita|capital 50% acima,190,1.0001,-0.00072779,-0.00072779,0.50606,0.40603,0.019878
previsão perfeita|capital 50% acima,200,1.0001,-0.00066279,-0.00066279,0.50646,0.40634,0.019115
previsão perfeita|capital 50% acima,210,1.0001,-0.00060951,-0.00060951,0.50685,0.40664,0.018385
previsão perfeita|capital 50% acima,220,1.0001,-0.00056426,-0.00056426,0.50722,0.40693,0.017688
previsão perfeita|capital 50% acima,230,1.0001,-0.00052482,-0.00052482,0.50758,0.40721,0.017021
previsão perfeita|capital 50% acima,240,1.0001,-0.00048982,-0.00048982,0.50792,0.40747,0.016383
previsão perfeita|capital 50% acima,250,1.0001,-0.00045835,-0.00045835,0.50824,0.40773,0.015788
previsão perfeita|capital 50% acima,260,1.0001,-0.00042981,-0.00042981,0.50855,0.40797,0.015218
previsão perfeita|capital 50% acima,270,1,-0.00040377,-0.00040377,0.50884,0.40821,0.014672
previsão perfeita|capital 50% acima,280,1,-0.00037988,-0.00037988,0.50913,0.40843,0.014149
previsão perfeita|capital 50% acima,290,1,-0.0003579,-0.0003579,0.5094,0.40865,0.013648
previsão perfeita|capital 50% acima,300,1,-0.00033761,-0.00033761,0.50966,0.40886,0.013168
previsão perfeita|capital 50% acima,310,1,-0.00031882,-0.00031882,0.50991,0.40906,0.012708
previsão perfeita|capital 50% acima,320,1,-0.0003014,-0.0003014,0.51015,0.40926,0.012266
previsão perfeita|capital 50% acima,330,1,-0.00028521,-0.00028521,0.51038,0.40945,0.011845
previsão perfeita|capital 50% acima,340,1,-0.00027013,-0.00027013,0.5106,0.40963,0.011445
previsão perfeita|capital 50% acima,350,1,-0.00025607,-0.00025607,0.51082,0.40981,0.01106
previsão perfeita|capital 50% acima,360,1,-0.00024294,-0.00024294,0.51102,0.40997,0.01069
previsão perfeita|capital 50% acima,370,1,-0.00023066,-0.00023066,0.51122,0.41014,0.010335
previsão perfeita|capital 50% acima,380,1,-0.00021916,-0.00021916,0.51141,0.4103,0.0099929
previsão perfeita|capital 50% acima,390,1,-0.00020838,-0.00020838,0.51159,0.41045,0.009664
previsão perfeita|capital 50% acima,400,1,-0.00019826,-0.00019826,0.51177,0.4106,0.0093475
previsão perfeita|capital 50% acima,410,1,-0.00018875,-0.00018875,0.51194,0.41074,0.0090429
previsão perfeita|capital 50% acima,420,1,-0.0001798,-0.0001798,0.5121,0.41088,0.0087496
previsão perfeita|capital 50% acima,430,1,-0.00017137,-0.00017137,0.51226,0.41101,0.0084672
previsão perfeita|capital 50% acima,440,1,-0.00016343,-0.00016343,0.51241,0.41114,0.0081951
previsão perfeita|capital 50% acima,450,1,-0.00015594,-0.00015594,0.51256,0.41126,0.007933
previsão perfeita|capital 50% acima,460,1,-0.00014887,-0.00014887,0.5127,0.41138,0.0076804
previsão perfeita|capital 50% acima,470,1,-0.00014219,-0.00014219,0.51284,0.4115,0.0074368
previsão perfeita|capital 50% acima,480,1,-0.00013587,-0.00013587,0.51297,0.41161,0.007202
previsão perfeita|capital 50% acima,490,1,-0.00012989,-0.00012989,0.5131,0.41172,0.0069773
previsão perfeita|capital 50% acima,500,1,-0.00012423,-0.00012423,0.51322,0.41183,0.0067604
previsão perfeita|capital 50% acima,510,1,-0.00011886,-0.00011886,0.51334,0.41193,0.006551
previsão perfeita|capital 50% acima,520,1,-0.00011377,-0.00011377,0.51346,0.41203,0.0063487
previsão perfeita|capital 50% acima,530,1,-0.00010894,-0.00010894,0.51357,0.41213,0.0061534
previsão perfeita|capital 50% acima,540,1,-0.00010436,-0.00010436,0.51368,0.41222,0.0059647
previsão perfeita|capital 50% acima,550,1,-0.0001,-0.0001,0.51378,0.41231,0.0057824
previsão perfeita|capital 50% acima,560,1,-9.5865e-05,-9.5865e-05,0.51388,0.4124,0.0056062
previsão perfeita|capital 50% acima,570,1,-9.1929e-05,-9.1929e-05,0.51398,0.41248,0.0054358
previsão perfeita|capital 50% acima,580,1,-8.8183e-05,-8.8183e-05,0.51408,0.41257,0.0052712
previsão perfeita|capital 50% acima,590,1,-8.4618e-05,-8.4618e-05,0.51417,0.41265,0.005112
previsão perfeita|capital 50% acima,600,1,-8.1222e-05,-8.1222e-05,0.51426,0.41272,0.0049581
previsão perfeita|capital 50% acima,610,1,-7.7986e-05,-7.7986e-05,0.51434,0.4128,0.0048092
previsão perfeita|capital 50% acima,620,1,-7.4901e-05,-7.4901e-05,0.51443,0.41287,0.0046651
previsão perfeita|capital 50% acima,630,1,-7.1959e-05,-7.1959e-05,0.51451,0.41294,0.0045258
previsão perfeita|capital 50% acima,640,1,-6.9151e-05,-6.9151e-05,0.51459,0.41301,0.0043909
previsão perfeita|capital 50% acima,650,1,-6.6471e-05,-6.6471e-05,0.51466,0.41308,0.0042604
previsão perfeita|capital 50% acima,660,1,-6.3912e-05,-6.3912e-05,0.51473,0.41314,0.0041341
previsão perfeita|capital 50% acima,670,1,-6.1468e-05,-6.1468e-05,0.5148,0.4132,0.0040118
previsão perfeita|capital 50% acima,680,1,-5.9131e-05,-5.9131e-05,0.51487,0.41326,0.0038934
previsão perfeita|capital 50% acima,690,1,-5.6898e-05,-5.6898e-05,0.51494,0.41332,0.0037787
previsão perfeita|capital 50% acima,700,1,-5.4761e-05,-5.4761e-05,0.515,0.41338,0.0036677
previsão perfeita|capital 50% acima,710,1,-5.2718e-05,-5.2718e-05,0.51507,0.41344,0.0035602
previsão perfeita|capital 50% acima,720,1,-5.0762e-05,-5.0762e-05,0.51513,0.41349,0.003456
previsão perfeita|capital 50% acima,730,1,-4.8889e-05,-4.8889e-05,0.51519,0.41354,0.0033551
previsão perfeita|capital 50% acima,740,1,-4.7096e-05,-4.7096e-05,0.51524,0.41359,0.0032573
previsão perfeita|capital 50% acima,750,1,-4.5378e-05,-4.5378e-05,0.5153,0.41364,0.0031626
previsão perfeita|capital 50% acima,760,1,-4.3732e-05,-4.3732e-05,0.51535,0.41369,0.0030708
previsão perfeita|capital 50% acima,770,1,-4.2154e-05,-4.2154e-05,0.51541,0.41374,0.0029818
previsão perfeita|capital 50% acima,780,1,-4.0641e-05,-4.0641e-05,0.51546,0.41378,0.0028955
previsão perfeita|capital 50% acima,790,1,-3.9189e-05,-3.9189e-05,0.5155,0.41382,0.0028119
previsão perfeita|capital 50% acima,800,1,-3.7797e-05,-3.7797e-05,0.51555,0.41387,0.0027309
previsão perfeita|capital 50% acima,810,1,-3.6461e-05,-3.6461e-05,0.5156,0.41391,0.0026523
previsão perfeita|capital 50% acima,820,1,-3.5178e-05,-3.5178e-05,0.51564,0.41395,0.0025761
previsão perfeita|capital 50% acima,830,1,-3.3947e-05,-3.3947e-05,0.51569,0.41399,0.0025022
previsão perfeita|capital 50% acima,840,1,-3.2764e-05,-3.2764e-05,0.51573,0.41402,0.0024305
previsão perfeita|capital 50% acima,850,1,-3.1628e-05,-3.1628e-05,0.51577,0.41406,0.002361
previsão perfeita|capital 50% acima,860,1,-3.0536e-05,-3.0536e-05,0.51581,0.4141,0.0022936
previsão perfeita|capital 50% acima,870,1,-2.9487e-05,-2.9487e-05,0.51585,0.41413,0.0022282
previsão perfeita|capital 50% acima,880,1,-2.8478e-05,-2.8478e-05,0.51588,0.41416,0.0021647
previsão perfeita|capital 50% acima,890,1,-2.7508e-05,-2.7508e-05,0.51592,0.4142,0.0021033
previsão perfeita|capital 50% acima,900,1,-2.6575e-05,-2.6575e-05,0.51596,0.41423,0.0020437
previsão perfeita|capital 50% acima,910,1,-2.5677e-05,-2.5677e-05,0.51599,0.41426,0.0019858
previsão perfeita|capital 50% acima,920,1,-2.4814e-05,-2.4814e-05,0.51602,0.41429,0.0019297
previsão perfeita|capital 50% acima,930,1,-2.3983e-05,-2.3983e-05,0.51606,0.41432,0.0018752
previsão perfeita|capital 50% acima,940,1,-2.3184e-05,-2.3184e-05,0.51609,0.41435,0.0018223
previsão perfeita|capital 50% acima,950,1,-2.2416e-05,-2.2416e-05,0.51612,0.41437,0.0017709
previsão perfeita|capital 50% acima,960,1,-2.1686e-05,-2.1686e-05,0.51615,0.4144,0.0017211
previsão perfeita|capital 50% acima,970,1,-2.1052e-05,-2.1052e-05,0.51618,0.41443,0.0016727
previsão perfeita|capital 50% acima,980,1,-2.0838e-05,-2.0838e-05,0.5162,0.41445,0.0016258
previsão perfeita|capital 50% acima,990,1,-2.2694e-05,-2.2694e-05,0.51623,0.41448,0.0015804
previsão perfeita|capital 50% acima,1000,1,-3.9022e-05,-3.9022e-05,0.51626,0.4145,0.0015375
previsão perfeita|riqueza igual para todos,1,1.0005,-0.0037026,-0.0037026,0.015924,0.10612,0.66644
previsão perfeita|riqueza igual para todos,2,1.0012,-0.0094673,-0.0094673,0.026289,0.11014,0.64134
previsão perfeita|riqueza igual para todos,3,1.0019,-0.01527,-0.01527,0.034927,0.11385,0.62873
previsão perfeita|riqueza igual para todos,4,1.0026,-0.021022,-0.021022,0.042427,0.11703,0.6184
previsão perfeita|riqueza igual para todos,5,1.0033,-0.026645,-0.026645,0.049148,0.12002,0.60914
previsão perfeita|riqueza igual para todos,6,1.004,-0.032065,-0.032065,0.055277,0.1229,0.60135
previsão perfeita|riqueza igual para todos,7,1.0046,-0.03717,-0.03717,0.060949,0.12548,0.59391
previsão perfeita|riqueza igual para todos,8,1.0052,-0.041846,-0.041846,0.066254,0.12801,0.58727
previsão perfeita|riqueza igual para todos,9,1.0057,-0.046104,-0.046104,0.071249,0.1305,0.58118
previsão perfeita|riqueza igual para todos,10,1.0062,-0.049966,-0.049966,0.075978,0.13277,0.57524
previsão perfeita|riqueza igual para todos,11,1.0067,-0.053458,-0.053458,0.080474,0.13499,0.56965
previsão perfeita|riqueza igual para todos,12,1.007,-0.056602,-0.056602,0.084767,0.13718,0.56468
previsão perfeita|riqueza igual para todos,13,1.0074,-0.059423,-0.059423,0.088878,0.13932,0.55979
previsão perfeita|riqueza igual para todos,14,1.0077,-0.061943,-0.061943,0.092829,0.14131,0.555
previsão perfeita|riqueza igual para todos,15,1.008,-0.064183,-0.064183,0.096636,0.14327,0.55054
previsão perfeita|riqueza igual para todos,16,1.0082,-0.066162,-0.066162,0.10031,0.1452,0.54647
previsão perfeita|riqueza igual para todos,17,1.0085,-0.067899,-0.067899,0.10388,0.14711,0.54244
previsão perfeita|riqueza igual para todos,18,1.0087,-0.069413,-0.069413,0.10733,0.14893,0.53845
previsão perfeita|riqueza igual para todos,19,1.0088,-0.07072,-0.07072,0.11069,0.15069,0.5345
previsão perfeita|riqueza igual para todos,20,1.009,-0.071838,-0.071838,0.11397,0.15243,0.53091
previsão perfeita|riqueza igual para todos,21,1.0091,-0.072781,-0.072781,0.11716,0.15416,0.52745
previsão perfeita|riqueza igual para todos,22,1.0092,-0.073563,-0.073563,0.12027,0.15586,0.524
previsão perfeita|riqueza igual para todos,23,1.0093,-0.074199,-0.074199,0.12332,0.15751,0.52058
previsão perfeita|riqueza igual para todos,24,1.0093,-0.074699,-0.074699,0.12629,0.15911,0.51717
previsão perfeita|riqueza igual para todos,25,1.0094,-0.075075,-0.075075,0.12921,0.16069,0.5138
previsão perfeita|riqueza igual para todos,26,1.0094,-0.075339,-0.075339,0.13206,0.16226,0.51078
previsão perfeita|riqueza igual para todos,27,1.0094,-0.075499,-0.075499,0.13486,0.16382,0.50776
previsão perfeita|riqueza igual para todos,28,1.0094,-0.075565,-0.075565,0.1376,0.16536,0.50475
previsão perfeita|riqueza igual para todos,29,1.0094,-0.075546,-0.075546,0.14029,0.16683,0.50175
previsão perfeita|riqueza igual para todos,30,1.0094,-0.075448,-0.075448,0.14294,0.16829,0.49876
previsão perfeita|riqueza igual para todos,31,1.0094,-0.07528,-0.07528,0.14553,0.16974,0.49579
previsão perfeita|riqueza igual para todos,32,1.0094,-0.075048,-0.075048,0.14808,0.17118,0.49292
previsão perfeita|riqueza igual para todos,33,1.0093,-0.074758,-0.074758,0.15058,0.1726,0.49024
previsão perfeita|riqueza igual para todos,34,1.0093,-0.074415,-0.074415,0.15305,0.17401,0.48758
previsão perfeita|riqueza igual para todos,35,1.0092,-0.074026,-0.074026,0.15547,0.17537,0.48492
previsão perfeita|riqueza igual para todos,36,1.0092,-0.073595,-0.073595,0.15785,0.17672,0.48227
previsão perfeita|riqueza igual para todos,37,1.0091,-0.073126,-0.073126,0.16019,0.17806,0.47963
previsão perfeita|riqueza igual para todos,38,1.0091,-0.072624,-0.072624,0.16249,0.17938,0.477
previsão perfeita|riqueza igual para todos,39,1.009,-0.072092,-0.072092,0.16476,0.1807,0.47437
previsão perfeita|riqueza igual para todos,40,1.0089,-0.071534,-0.071534,0.167,0.182,0.47185
previsão perfeita|riqueza igual para todos,41,1.0088,-0.070953,-0.070953,0.1692,0.18329,0.46948
previsão perfeita|riqueza igual para todos,42,1.0088,-0.070353,-0.070353,0.17137,0.18454,0.46711
previsão perfeita|riqueza igual para todos,43,1.0087,-0.069735,-0.069735,0.1735,0.18578,0.46475
previsão perfeita|riqueza igual para todos,44,1.0086,-0.069102,-0.069102,0.17561,0.187,0.4624
previsão perfeita|riqueza igual para todos,45,1.0085,-0.068456,-0.068456,0.17768,0.18823,0.46005
previsão perfeita|riqueza igual para todos,46,1.0084,-0.067801,-0.067801,0.17973,0.18944,0.45772
previsão perfeita|riqueza igual para todos,47,1.0084,-0.067136,-0.067136,0.18174,0.19064,0.45539
previsão perfeita|riqueza igual para todos,48,1.0083,-0.066465,-0.066465,0.18373,0.19183,0.45306
previsão perfeita|riqueza igual para todos,49,1.0082,-0.065789,-0.065789,0.18569,0.19299,0.45079
previsão perfeita|riqueza igual para todos,50,1.0081,-0.065109,-0.065109,0.18763,0.19414,0.44868
previsão perfeita|riqueza igual para todos,51,1.008,-0.064427,-0.064427,0.18954,0.19527,0.44657
previsão perfeita|riqueza igual para todos,52,1.0079,-0.063744,-0.063744,0.19142,0.1964,0.44447
previsão perfeita|riqueza igual para todos,53,1.0079,-0.06306,-0.06306,0.19328,0.19752,0.44238
previsão perfeita|riqueza igual para todos,54,1.0078,-0.062377,-0.062377,0.19512,0.19864,0.4403
previsão perfeita|riqueza igual para todos,55,1.0077,-0.061697,-0.061697,0.19693,0.19974,0.43822
previsão perfeita|riqueza igual para todos,56,1.0076,-0.061018,-0.061018,0.19872,0.20084,0.43615
previsão perfeita|riqueza igual para todos,57,1.0075,-0.060343,-0.060343,0.20048,0.20191,0.43408
previsão perfeita|riqueza igual para todos,58,1.0074,-0.059672,-0.059672,0.20223,0.20297,0.43203
previsão perfeita|riqueza igual para todos,59,1.0073,-0.059006,-0.059006,0.20395,0.20401,0.42998
previsão perfeita|riqueza igual para todos,60,1.0073,-0.058344,-0.058344,0.20566,0.20506,0.42803
previsão perfeita|riqueza igual para todos,61,1.0072,-0.057688,-0.057688,0.20734,0.20609,0.42616
previsão perfeita|riqueza igual para todos,62,1.0071,-0.057038,-0.057038,0.209,0.20712,0.4243
previsão perfeita|riqueza igual para todos,63,1.007,-0.056395,-0.056395,0.21065,0.20814,0.42244
previsão perfeita|riqueza igual para todos,64,1.0069,-0.055757,-0.055757,0.21227,0.20915,0.42059
previsão perfeita|riqueza igual para todos,65,1.0069,-0.055127,-0.055127,0.21388,0.21016,0.41874
previsão perfeita|riqueza igual para todos,66,1.0068,-0.054504,-0.054504,0.21546,0.21114,0.41691
previsão perfeita|riqueza igual para todos,67,1.0067,-0.053888,-0.053888,0.21703,0.21211,0.41508
previsão perfeita|riqueza igual para todos,68,1.0066,-0.053279,-0.053279,0.21858,0.21308,0.41325
previsão perfeita|riqueza igual para todos,69,1.0066,-0.052678,-0.052678,0.22012,0.21403,0.41143
previsão perfeita|riqueza igual para todos,70,1.0065,-0.052085,-0.052085,0.22164,0.21499,0.40962
previsão perfeita|riqueza igual para todos,71,1.0064,-0.051499,-0.051499,0.22314,0.21593,0.40782
previsão perfeita|riqueza igual para todos,72,1.0063,-0.050921,-0.050921,0.22462,0.21687,0.40609
previsão perfeita|riqueza igual para todos,73,1.0063,-0.050351,-0.050351,0.22609,0.2178,0.40444
previsão perfeita|riqueza igual para todos,74,1.0062,-0.049789,-0.049789,0.22755,0.21873,0.4028
previsão perfeita|riqueza igual para todos,75,1.0061,-0.049235,-0.049235,0.22899,0.21965,0.40116
previsão perfeita|riqueza igual para todos,76,1.0061,-0.048688,-0.048688,0.23041,0.22055,0.39952
previsão perfeita|riqueza igual para todos,77,1.006,-0.04815,-0.04815,0.23182,0.22144,0.3979
previsão perfeita|riqueza igual para todos,78,1.0059,-0.047619,-0.047619,0.23321,0.22233,0.39627
previsão perfeita|riqueza igual para todos,79,1.0059,-0.047096,-0.047096,0.23459,0.22321,0.39466
previsão perfeita|riqueza igual para todos,80,1.0058,-0.046581,-0.046581,0.23596,0.22408,0.39305
previsão perfeita|riqueza igual para todos,81,1.0057,-0.046074,-0.046074,0.23732,0.22495,0.39145
previsão perfeita|riqueza igual para todos,82,1.0057,-0.045574,-0.045574,0.23866,0.22581,0.38985
previsão perfeita|riqueza igual para todos,83,1.0056,-0.045082,-0.045082,0.23998,0.22667,0.38826
previsão perfeita|riqueza igual para todos,84,1.0055,-0.044597,-0.044597,0.2413,0.22752,0.38668
previsão perfeita|riqueza igual para todos,85,1.0055,-0.044119,-0.044119,0.2426,0.22837,0.3851
previsão perfeita|riqueza igual para todos,86,1.0054,-0.043649,-0.043649,0.24389,0.22921,0.38362
previsão perfeita|riqueza igual para todos,87,1.0054,-0.043186,-0.043186,0.24517,0.23003,0.38217
previsão perfeita|riqueza igual para todos,88,1.0053,-0.04273,-0.04273,0.24643,0.23085,0.38072
previsão perfeita|riqueza igual para todos,89,1.0053,-0.042281,-0.042281,0.24769,0.23166,0.37928
previsão perfeita|riqueza igual para todos,90,1.0052,-0.041838,-0.041838,0.24893,0.23246,0.37785
previsão perfeita|riqueza igual para todos,91,1.0051,-0.041403,-0.041403,0.25016,0.23327,0.37642
previsão perfeita|riqueza igual para todos,92,1.0051,-0.040974,-0.040974,0.25138,0.23406,0.375
previsão perfeita|riqueza igual para todos,93,1.005,-0.040552,-0.040552,0.25259,0.23486,0.37358
previsão perfeita|riqueza igual para todos,94,1.005,-0.040136,-0.040136,0.25379,0.23564,0.37217
previsão perfeita|riqueza igual para todos,95,1.0049,-0.039727,-0.039727,0.25498,0.23643,0.37076
previsão perfeita|riqueza igual para todos,96,1.0049,-0.039323,-0.039323,0.25615,0.2372,0.36936
previsão perfeita|riqueza igual para todos,97,1.0048,-0.038926,-0.038926,0.25732,0.23798,0.36797
previsão perfeita|riqueza igual para todos,98,1.0048,-0.038535,-0.038535,0.25848,0.23874,0.36658
previsão perfeita|riqueza igual para todos,99,1.0047,-0.03815,-0.03815,0.25963,0.23949,0.36519
previsão perfeita|riqueza igual para todos,100,1.0047,-0.03777,-0.03777,0.26076,0.24024,0.36381
previsão perfeita|riqueza igual para todos,110,1.0043,-0.03427,-0.03427,0.27165,0.24748,0.35112
previsão perfeita|riqueza igual para todos,120,1.0039,-0.031239,-0.031239,0.28172,0.25422,0.33899
previsão perfeita|riqueza igual para todos,130,1.0035,-0.028591,-0.028591,0.29109,0.26056,0.32801
previsão perfeita|riqueza igual para todos,140,1.0033,-0.026259,-0.026259,0.29986,0.26653,0.31738
previsão perfeita|riqueza igual para todos,150,1.003,-0.02419,-0.02419,0.3081,0.27213,0.30752
previsão perfeita|riqueza igual para todos,160,1.0028,-0.022339,-0.022339,0.31587,0.27746,0.29809
previsão perfeita|riqueza igual para todos,170,1.0026,-0.020675,-0.020675,0.32322,0.28248,0.28894
previsão perfeita|riqueza igual para todos,180,1.0024,-0.01917,-0.01917,0.3302,0.28727,0.2804
previsão perfeita|riqueza igual para todos,190,1.0022,-0.017803,-0.017803,0.33683,0.29181,0.27216
previsão perfeita|riqueza igual para todos,200,1.0021,-0.016558,-0.016558,0.34316,0.29614,0.26414
previsão perfeita|riqueza igual para todos,210,1.0019,-0.015419,-0.015419,0.3492,0.30026,0.25634
previsão perfeita|riqueza igual para todos,220,1.0018,-0.014376,-0.014376,0.35497,0.3042,0.249
previsão perfeita|riqueza igual para todos,230,1.0017,-0.013417,-0.013417,0.36051,0.30797,0.24187
previsão perfeita|riqueza igual para todos,240,1.0016,-0.012535,-0.012535,0.36581,0.31157,0.23493
previsão perfeita|riqueza igual para todos,250,1.0015,-0.011722,-0.011722,0.3709,0.31503,0.22817
previsão perfeita|riqueza igual para todos,260,1.0014,-0.010971,-0.010971,0.37579,0.31834,0.2216
previsão perfeita|riqueza igual para todos,270,1.0013,-0.010277,-0.010277,0.38048,0.32151,0.21521
previsão perfeita|riqueza igual para todos,280,1.0012,-0.0096347,-0.0096347,0.385,0.32457,0.20909
previsão perfeita|riqueza igual para todos,290,1.0011,-0.0090395,-0.0090395,0.38935,0.3275,0.20317
previsão perfeita|riqueza igual para todos,300,1.0011,-0.0084875,-0.0084875,0.39354,0.33031,0.1974
previsão perfeita|riqueza igual para todos,310,1.001,-0.007975,-0.007975,0.39757,0.33302,0.19179
previsão perfeita|riqueza igual para todos,320,1.0009,-0.0074988,-0.0074988,0.40145,0.33564,0.18632
previsão perfeita|riqueza igual para todos,330,1.0009,-0.0070559,-0.0070559,0.40519,0.33814,0.18101
previsão perfeita|riqueza igual para todos,340,1.0008,-0.0066437,-0.0066437,0.4088,0.34056,0.17584
previsão perfeita|riqueza igual para todos,350,1.0008,-0.0062597,-0.0062597,0.41228,0.34289,0.17082
previsão perfeita|riqueza igual para todos,360,1.0007,-0.0059017,-0.0059017,0.41564,0.34515,0.16593
previsão perfeita|riqueza igual para todos,370,1.0007,-0.0055678,-0.0055678,0.41887,0.34732,0.16119
previsão perfeita|riqueza igual para todos,380,1.0007,-0.005256,-0.005256,0.422,0.34941,0.15657
previsão perfeita|riqueza igual para todos,390,1.0006,-0.0049647,-0.0049647,0.42501,0.35142,0.15209
previsão perfeita|riqueza igual para todos,400,1.0006,-0.0046924,-0.0046924,0.42792,0.35338,0.14774
previsão perfeita|riqueza igual para todos,410,1.0005,-0.0044376,-0.0044376,0.43073,0.35526,0.1435
previsão perfeita|riqueza igual para todos,420,1.0005,-0.0041991,-0.0041991,0.43345,0.35709,0.13941
previsão perfeita|riqueza igual para todos,430,1.0005,-0.0039756,-0.0039756,0.43607,0.35884,0.13544
previsão perfeita|riqueza igual para todos,440,1.0005,-0.0037661,-0.0037661,0.4386,0.36054,0.13159
previsão perfeita|riqueza igual para todos,450,1.0004,-0.0035696,-0.0035696,0.44104,0.36218,0.12784
previsão perfeita|riqueza igual para todos,460,1.0004,-0.0033852,-0.0033852,0.44341,0.36377,0.1242
previsão perfeita|riqueza igual para todos,470,1.0004,-0.003212,-0.003212,0.44569,0.36531,0.12066
previsão perfeita|riqueza igual para todos,480,1.0004,-0.0030491,-0.0030491,0.4479,0.3668,0.11722
previsão perfeita|riqueza igual para todos,490,1.0004,-0.0028961,-0.0028961,0.45003,0.36824,0.11388
previsão perfeita|riqueza igual para todos,500,1.0003,-0.002752,-0.002752,0.45209,0.36963,0.11063
previsão perfeita|riqueza igual para todos,510,1.0003,-0.0026164,-0.0026164,0.45408,0.37097,0.10748
previsão perfeita|riqueza igual para todos,520,1.0003,-0.0024886,-0.0024886,0.45601,0.37228,0.10442
previsão perfeita|riqueza igual para todos,530,1.0003,-0.0023682,-0.0023682,0.45787,0.37354,0.10145
previsão perfeita|riqueza igual para todos,540,1.0003,-0.0022547,-0.0022547,0.45967,0.37477,0.098558
previsão perfeita|riqueza igual para todos,550,1.0003,-0.0021475,-0.0021475,0.46142,0.37596,0.095754
previsão perfeita|riqueza igual para todos,560,1.0003,-0.0020464,-0.0020464,0.4631,0.37711,0.09303
previsão perfeita|riqueza igual para todos,570,1.0002,-0.0019508,-0.0019508,0.46473,0.37822,0.090385
previsão perfeita|riqueza igual para todos,580,1.0002,-0.0018605,-0.0018605,0.46631,0.37929,0.087817
previsão perfeita|riqueza igual para todos,590,1.0002,-0.0017751,-0.0017751,0.46784,0.38034,0.085322
previsão perfeita|riqueza igual para todos,600,1.0002,-0.0016943,-0.0016943,0.46932,0.38135,0.0829
previsão perfeita|riqueza igual para todos,610,1.0002,-0.0016178,-0.0016178,0.47075,0.38233,0.080548
previsão perfeita|riqueza igual para todos,620,1.0002,-0.0015454,-0.0015454,0.47213,0.38328,0.078264
previsão perfeita|riqueza igual para todos,630,1.0002,-0.0014768,-0.0014768,0.47347,0.38421,0.076046
previsão perfeita|riqueza igual para todos,640,1.0002,-0.0014118,-0.0014118,0.47477,0.3851,0.073892
previsão perfeita|riqueza igual para todos,650,1.0002,-0.0013501,-0.0013501,0.47603,0.38597,0.0718
previsão perfeita|riqueza igual para todos,660,1.0002,-0.0012915,-0.0012915,0.47724,0.38681,0.069769
previsão perfeita|riqueza igual para todos,670,1.0002,-0.001236,-0.001236,0.47842,0.38762,0.067797
previsão perfeita|riqueza igual para todos,680,1.0001,-0.0011832,-0.0011832,0.47956,0.38841,0.065881
previsão perfeita|riqueza igual para todos,690,1.0001,-0.0011331,-0.0011331,0.48067,0.38918,0.064021
previsão perfeita|riqueza igual para todos,700,1.0001,-0.0010855,-0.0010855,0.48174,0.38992,0.062215
previsão perfeita|riqueza igual para todos,710,1.0001,-0.0010402,-0.0010402,0.48278,0.39065,0.060461
previsão perfeita|riqueza igual para todos,720,1.0001,-0.00099706,-0.00099706,0.48378,0.39135,0.058758
previsão perfeita|riqueza igual para todos,730,1.0001,-0.00095605,-0.00095605,0.48476,0.39203,0.057103
previsão perfeita|riqueza igual para todos,740,1.0001,-0.000917,-0.000917,0.4857,0.39269,0.055496
previsão perfeita|riqueza igual para todos,750,1.0001,-0.00087981,-0.00087981,0.48662,0.39333,0.053936
previsão perfeita|riqueza igual para todos,760,1.0001,-0.00084437,-0.00084437,0.4875,0.39396,0.052421
previsão perfeita|riqueza igual para todos,770,1.0001,-0.00081059,-0.00081059,0.48836,0.39456,0.050949
previsão perfeita|riqueza igual para todos,780,1.0001,-0.00077838,-0.00077838,0.4892,0.39515,0.049519
previsão perfeita|riqueza igual para todos,790,1.0001,-0.00074766,-0.00074766,0.49001,0.39572,0.048131
previsão perfeita|riqueza igual para todos,800,1.0001,-0.00071834,-0.00071834,0.49079,0.39627,0.046782
previsão perfeita|riqueza igual para todos,810,1.0001,-0.00069036,-0.00069036,0.49155,0.3968,0.045472
previsão perfeita|riqueza igual para todos,820,1.0001,-0.00066363,-0.00066363,0.49229,0.39732,0.0442
previsão perfeita|riqueza igual para todos,830,1.0001,-0.0006381,-0.0006381,0.493,0.39782,0.042964
previsão perfeita|riqueza igual para todos,840,1.0001,-0.0006137,-0.0006137,0.49369,0.39831,0.041763
previsão perfeita|riqueza igual para todos,850,1.0001,-0.00059039,-0.00059039,0.49437,0.39879,0.040597
previsão perfeita|riqueza igual para todos,860,1.0001,-0.00056809,-0.00056809,0.49502,0.39925,0.039464
previsão perfeita|riqueza igual para todos,870,1.0001,-0.00054676,-0.00054676,0.49565,0.3997,0.038364
previsão perfeita|riqueza igual para todos,880,1.0001,-0.00052635,-0.00052635,0.49626,0.40014,0.037295
previsão perfeita|riqueza igual para todos,890,1.0001,-0.00050681,-0.00050681,0.49686,0.40056,0.036256
previsão perfeita|riqueza igual para todos,900,1.0001,-0.00048811,-0.00048811,0.49744,0.40097,0.035247
previsão perfeita|riqueza igual para todos,910,1.0001,-0.0004702,-0.0004702,0.498,0.40138,0.034266
previsão perfeita|riqueza igual para todos,920,1.0001,-0.00045304,-0.00045304,0.49854,0.40176,0.033314
previsão perfeita|riqueza igual para todos,930,1.0001,-0.0004366,-0.0004366,0.49907,0.40214,0.032388
previsão perfeita|riqueza igual para todos,940,1.0001,-0.00042085,-0.00042085,0.49958,0.40251,0.031489
previsão perfeita|riqueza igual para todos,950,1.0001,-0.00040578,-0.00040578,0.50008,0.40287,0.030616
previsão perfeita|riqueza igual para todos,960,1,-0.00039152,-0.00039152,0.50056,0.40321,0.029767
previsão perfeita|riqueza igual para todos,970,1,-0.00037903,-0.00037903,0.50103,0.40355,0.028942
previsão perfeita|riqueza igual para todos,980,1,-0.00037385,-0.00037385,0.50148,0.40388,0.028141
previsão perfeita|riqueza igual para todos,990,1.0001,-0.00040742,-0.00040742,0.50192,0.4042,0.027366
previsão perfeita|riqueza igual para todos,1000,1.0001,-0.00068256,-0.00068256,0.50234,0.4045,0.026635
previsão perfeita|1% com toda a riqueza,1,1.0198,-0.15783,-0.15783,0.97864,0.98641,0.95374
previsão perfeita|1% com toda a riqueza,2,1.0387,-0.30331,-0.30331,0.97068,0.97673,0.88962
previsão perfeita|1% com toda a riqueza,3,1.053,-0.4113,-0.4113,0.96422,0.96883,0.88002
previsão perfeita|1% com toda a riqueza,4,1.0644,-0.49597,-0.49597,0.95864,0.96204,0.8678
previsão perfeita|1% com toda a riqueza,5,1.0738,-0.56419,-0.56419,0.95369,0.95601,0.85629
previsão perfeita|1% com toda a riqueza,6,1.0816,-0.61996,-0.61996,0.94919,0.95055,0.84342
previsão perfeita|1% com toda a riqueza,7,1.088,-0.66593,-0.66593,0.94506,0.94554,0.8316
previsão perfeita|1% com toda a riqueza,8,1.0934,-0.70396,-0.70396,0.94121,0.94089,0.81863
previsão perfeita|1% com toda a riqueza,9,1.0979,-0.73542,-0.73542,0.9376,0.93655,0.80662
previsão perfeita|1% com toda a riqueza,10,1.1016,-0.76136,-0.76136,0.9342,0.93245,0.79522
previsão perfeita|1% com toda a riqueza,11,1.1047,-0.78262,-0.78262,0.93098,0.92858,0.78222
previsão perfeita|1% com toda a riqueza,12,1.1072,-0.79988,-0.79988,0.92791,0.92489,0.77065
previsão perfeita|1% com toda a riqueza,13,1.1092,-0.81368,-0.81368,0.92497,0.92137,0.75989
previsão perfeita|1% com toda a riqueza,14,1.1107,-0.82451,-0.82451,0.92216,0.91801,0.74943
previsão perfeita|1% com toda a riqueza,15,1.1119,-0.83273,-0.83273,0.91946,0.91478,0.73808
previsão perfeita|1% com toda a riqueza,16,1.1128,-0.83869,-0.83869,0.91686,0.91166,0.72727
previsão perfeita|1% com toda a riqueza,17,1.1134,-0.84268,-0.84268,0.91434,0.90866,0.71781
previsão perfeita|1% com toda a riqueza,18,1.1137,-0.84494,-0.84494,0.91191,0.90576,0.70855
previsão perfeita|1% com toda a riqueza,19,1.1138,-0.84568,-0.84568,0.90956,0.90296,0.69975
previsão perfeita|1% com toda a riqueza,20,1.1138,-0.84509,-0.84509,0.90727,0.90023,0.69018
previsão perfeita|1% com toda a riqueza,21,1.1135,-0.84335,-0.84335,0.90505,0.89759,0.68201
previsão perfeita|1% com toda a riqueza,22,1.1131,-0.84058,-0.84058,0.9029,0.89502,0.67339
previsão perfeita|1% com toda a riqueza,23,1.1126,-0.83692,-0.83692,0.90079,0.89251,0.66518
previsão perfeita|1% com toda a riqueza,24,1.1119,-0.83249,-0.83249,0.89874,0.89008,0.65747
previsão perfeita|1% com toda a riqueza,25,1.1112,-0.82738,-0.82738,0.89675,0.8877,0.64994
previsão perfeita|1% com toda a riqueza,26,1.1103,-0.82168,-0.82168,0.89479,0.88537,0.64307
previsão perfeita|1% com toda a riqueza,27,1.1094,-0.81547,-0.81547,0.89289,0.8831,0.63599
previsão perfeita|1% com toda a riqueza,28,1.1085,-0.80883,-0.80883,0.89102,0.88088,0.62904
previsão perfeita|1% com toda a riqueza,29,1.1075,-0.80182,-0.80182,0.8892,0.87871,0.62279
previsão perfeita|1% com toda a riqueza,30,1.1064,-0.79449,-0.79449,0.88741,0.87658,0.61642
previsão perfeita|1% com toda a riqueza,31,1.1053,-0.78689,-0.78689,0.88566,0.87449,0.61001
previsão perfeita|1% com toda a riqueza,32,1.1042,-0.77907,-0.77907,0.88394,0.87245,0.6036
previsão perfeita|1% com toda a riqueza,33,1.103,-0.77107,-0.77107,0.88226,0.87044,0.5978
previsão perfeita|1% com toda a riqueza,34,1.1018,-0.76293,-0.76293,0.8806,0.86847,0.59211
previsão perfeita|1% com toda a riqueza,35,1.1006,-0.75467,-0.75467,0.87898,0.86653,0.58644
previsão perfeita|1% com toda a riqueza,36,1.0995,-0.74634,-0.74634,0.87738,0.86463,0.58104
previsão perfeita|1% com toda a riqueza,37,1.0983,-0.73794,-0.73794,0.87582,0.86276,0.57596
previsão perfeita|1% com toda a riqueza,38,1.097,-0.72951,-0.72951,0.87428,0.86092,0.57089
previsão perfeita|1% com toda a riqueza,39,1.0958,-0.72106,-0.72106,0.87276,0.85911,0.56585
previsão perfeita|1% com toda a riqueza,40,1.0946,-0.71262,-0.71262,0.87127,0.85733,0.56109
previsão perfeita|1% com toda a riqueza,41,1.0934,-0.7042,-0.7042,0.86981,0.85558,0.55653
previsão perfeita|1% com toda a riqueza,42,1.0922,-0.69581,-0.69581,0.86836,0.85385,0.552
previsão perfeita|1% com toda a riqueza,43,1.0911,-0.68747,-0.68747,0.86694,0.85216,0.5475
previsão perfeita|1% com toda a riqueza,44,1.0899,-0.67919,-0.67919,0.86554,0.85048,0.54305
previsão perfeita|1% com toda a riqueza,45,1.0887,-0.67097,-0.67097,0.86416,0.84882,0.53865
previsão perfeita|1% com toda a riqueza,46,1.0876,-0.66284,-0.66284,0.8628,0.84719,0.5343
previsão perfeita|1% com toda a riqueza,47,1.0864,-0.65478,-0.65478,0.86146,0.84559,0.53003
previsão perfeita|1% com toda a riqueza,48,1.0853,-0.64681,-0.64681,0.86014,0.844,0.52583
previsão perfeita|1% com toda a riqueza,49,1.0842,-0.63894,-0.63894,0.85883,0.84244,0.5219
previsão perfeita|1% com toda a riqueza,50,1.0831,-0.63117,-0.63117,0.85754,0.84089,0.51803
previsão perfeita|1% com toda a riqueza,51,1.0821,-0.62351,-0.62351,0.85627,0.83937,0.51422
previsão perfeita|1% com toda a riqueza,52,1.081,-0.61595,-0.61595,0.85502,0.83786,0.51046
previsão perfeita|1% com toda a riqueza,53,1.08,-0.6085,-0.6085,0.85378,0.83638,0.50676
previsão perfeita|1% com toda a riqueza,54,1.0789,-0.60116,-0.60116,0.85256,0.83491,0.50312
previsão perfeita|1% com toda a riqueza,55,1.0779,-0.59394,-0.59394,0.85136,0.83345,0.49959
previsão perfeita|1% com toda a riqueza,56,1.0769,-0.58683,-0.58683,0.85016,0.83202,0.49619
previsão perfeita|1% com toda a riqueza,57,1.076,-0.57984,-0.57984,0.84899,0.8306,0.49283
previsão perfeita|1% com toda a riqueza,58,1.075,-0.57296,-0.57296,0.84782,0.8292,0.48952
previsão perfeita|1% com toda a riqueza,59,1.0741,-0.5662,-0.5662,0.84667,0.82781,0.48627
previsão perfeita|1% com toda a riqueza,60,1.0732,-0.55956,-0.55956,0.84553,0.82644,0.48306
previsão perfeita|1% com toda a riqueza,61,1.0723,-0.55303,-0.55303,0.84441,0.82508,0.4799
previsão perfeita|1% com toda a riqueza,62,1.0714,-0.54662,-0.54662,0.8433,0.82374,0.47681
previsão perfeita|1% com toda a riqueza,63,1.0705,-0.54032,-0.54032,0.8422,0.82241,0.47382
previsão perfeita|1% com toda a riqueza,64,1.0697,-0.53414,-0.53414,0.84111,0.8211,0.47087
previsão perfeita|1% com toda a riqueza,65,1.0688,-0.52806,-0.52806,0.84004,0.8198,0.46795
previsão perfeita|1% com toda a riqueza,66,1.068,-0.5221,-0.5221,0.83897,0.81852,0.46508
previsão perfeita|1% com toda a riqueza,67,1.0672,-0.51625,-0.51625,0.83792,0.81724,0.46225
previsão perfeita|1% com toda a riqueza,68,1.0664,-0.51051,-0.51051,0.83688,0.81598,0.45986
previsão perfeita|1% com toda a riqueza,69,1.0657,-0.50488,-0.50488,0.83585,0.81473,0.45818
previsão perfeita|1% com toda a riqueza,70,1.0649,-0.49935,-0.49935,0.83482,0.81349,0.45652
previsão perfeita|1% com toda a riqueza,71,1.0642,-0.49392,-0.49392,0.83381,0.81227,0.45488
previsão perfeita|1% com toda a riqueza,72,1.0634,-0.4886,-0.4886,0.83281,0.81106,0.45325
previsão perfeita|1% com toda a riqueza,73,1.0627,-0.48338,-0.48338,0.83182,0.80986,0.45164
previsão perfeita|1% com toda a riqueza,74,1.062,-0.47825,-0.47825,0.83084,0.80867,0.45004
previsão perfeita|1% com toda a riqueza,75,1.0614,-0.47322,-0.47322,0.82987,0.80748,0.44845
previsão perfeita|1% com toda a riqueza,76,1.0607,-0.46829,-0.46829,0.8289,0.80631,0.44687
previsão perfeita|1% com toda a riqueza,77,1.06,-0.46345,-0.46345,0.82795,0.80515,0.44529
previsão perfeita|1% com toda a riqueza,78,1.0594,-0.4587,-0.4587,0.827,0.80401,0.44373
previsão perfeita|1% com toda a riqueza,79,1.0588,-0.45404,-0.45404,0.82607,0.80287,0.44217
previsão perfeita|1% com toda a riqueza,80,1.0581,-0.44947,-0.44947,0.82514,0.80174,0.44066
previsão perfeita|1% com toda a riqueza,81,1.0575,-0.44499,-0.44499,0.82422,0.80062,0.4392
previsão perfeita|1% com toda a riqueza,82,1.0569,-0.44058,-0.44058,0.82331,0.79951,0.43776
previsão perfeita|1% com toda a riqueza,83,1.0564,-0.43626,-0.43626,0.8224,0.79841,0.43633
previsão perfeita|1% com toda a riqueza,84,1.0558,-0.43203,-0.43203,0.82151,0.79732,0.4349
previsão perfeita|1% com toda a riqueza,85,1.0552,-0.42787,-0.42787,0.82062,0.79623,0.43348
previsão perfeita|1% com toda a riqueza,86,1.0547,-0.42378,-0.42378,0.81974,0.79516,0.43207
previsão perfeita|1% com toda a riqueza,87,1.0541,-0.41978,-0.41978,0.81886,0.7941,0.43066
previsão perfeita|1% com toda a riqueza,88,1.0536,-0.41584,-0.41584,0.818,0.79304,0.42926
previsão perfeita|1% com toda a riqueza,89,1.0531,-0.41198,-0.41198,0.81714,0.792,0.42786
previsão perfeita|1% com toda a riqueza,90,1.0526,-0.40819,-0.40819,0.81628,0.79095,0.42647
previsão perfeita|1% com toda a riqueza,91,1.0521,-0.40446,-0.40446,0.81544,0.78992,0.42508
previsão perfeita|1% com toda a riqueza,92,1.0516,-0.40081,-0.40081,0.8146,0.7889,0.42369
previsão perfeita|1% com toda a riqueza,93,1.0511,-0.39722,-0.39722,0.81377,0.78788,0.42231
previsão perfeita|1% com toda a riqueza,94,1.0506,-0.39369,-0.39369,0.81294,0.78687,0.42092
previsão perfeita|1% com toda a riqueza,95,1.0502,-0.39023,-0.39023,0.81212,0.78587,0.41954
previsão perfeita|1% com toda a riqueza,96,1.0497,-0.38683,-0.38683,0.81131,0.78488,0.41817
previsão perfeita|1% com toda a riqueza,97,1.0493,-0.38348,-0.38348,0.8105,0.78389,0.41679
previsão perfeita|1% com toda a riqueza,98,1.0488,-0.3802,-0.3802,0.8097,0.78291,0.41542
previsão perfeita|1% com toda a riqueza,99,1.0484,-0.37697,-0.37697,0.8089,0.78194,0.41404
previsão perfeita|1% com toda a riqueza,100,1.048,-0.3738,-0.3738,0.80811,0.78097,0.41268
previsão perfeita|1% com toda a riqueza,110,1.0441,-0.34487,-0.34487,0.80053,0.77168,0.40018
previsão perfeita|1% com toda a riqueza,120,1.0409,-0.32027,-0.32027,0.79343,0.76297,0.38806
previsão perfeita|1% com toda a riqueza,130,1.0381,-0.2991,-0.2991,0.78677,0.75478,0.37691
previsão perfeita|1% com toda a riqueza,140,1.0357,-0.2807,-0.2807,0.78049,0.74704,0.36638
previsão perfeita|1% com toda a riqueza,150,1.0336,-0.26453,-0.26453,0.77454,0.73969,0.3565
previsão perfeita|1% com toda a riqueza,160,1.0317,-0.25021,-0.25021,0.76889,0.73271,0.34681
previsão perfeita|1% com toda a riqueza,170,1.0301,-0.23742,-0.23742,0.76352,0.72605,0.33797
previsão perfeita|1% com toda a riqueza,180,1.0286,-0.22592,-0.22592,0.75838,0.71969,0.32938
previsão perfeita|1% com toda a riqueza,190,1.0272,-0.2155,-0.2155,0.75347,0.71359,0.32101
previsão perfeita|1% com toda a riqueza,200,1.026,-0.20602,-0.20602,0.74876,0.70774,0.31305
previsão perfeita|1% com toda a riqueza,210,1.0249,-0.19734,-0.19734,0.74424,0.70211,0.30559
previsão perfeita|1% com toda a riqueza,220,1.0239,-0.18937,-0.18937,0.73989,0.69669,0.29832
previsão perfeita|1% com toda a riqueza,230,1.0229,-0.18202,-0.18202,0.73569,0.69147,0.29151
previsão perfeita|1% com toda a riqueza,240,1.0221,-0.1752,-0.1752,0.73165,0.68642,0.285
previsão perfeita|1% com toda a riqueza,250,1.0212,-0.16887,-0.16887,0.72775,0.68155,0.27867
previsão perfeita|1% com toda a riqueza,260,1.0205,-0.16297,-0.16297,0.72397,0.67683,0.27253
previsão perfeita|1% com toda a riqueza,270,1.0198,-0.15745,-0.15745,0.72032,0.67226,0.26683
previsão perfeita|1% com toda a riqueza,280,1.0191,-0.15229,-0.15229,0.71678,0.66782,0.26127
previsão perfeita|1% com toda a riqueza,290,1.0185,-0.14743,-0.14743,0.71334,0.66351,0.25585
previsão perfeita|1% com toda a riqueza,300,1.0179,-0.14286,-0.14286,0.71001,0.65934,0.25059
previsão perfeita|1% com toda a riqueza,310,1.0174,-0.13855,-0.13855,0.70677,0.65527,0.24546
previsão perfeita|1% com toda a riqueza,320,1.0169,-0.13447,-0.13447,0.70362,0.65132,0.24047
previsão perfeita|1% com toda a riqueza,330,1.0164,-0.13062,-0.13062,0.70056,0.64746,0.23562
previsão perfeita|1% com toda a riqueza,340,1.0159,-0.12696,-0.12696,0.69758,0.64371,0.23096
previsão perfeita|1% com toda a riqueza,350,1.0155,-0.12348,-0.12348,0.69467,0.64007,0.22653
previsão perfeita|1% com toda a riqueza,360,1.015,-0.12018,-0.12018,0.69184,0.63649,0.22221
previsão perfeita|1% com toda a riqueza,370,1.0147,-0.11703,-0.11703,0.68908,0.63301,0.218
previsão perfeita|1% com toda a riqueza,380,1.0143,-0.11402,-0.11402,0.68639,0.62963,0.2139
previsão perfeita|1% com toda a riqueza,390,1.0139,-0.11115,-0.11115,0.68376,0.6263,0.20994
previsão perfeita|1% com toda a riqueza,400,1.0136,-0.10841,-0.10841,0.68119,0.62306,0.20616
previsão perfeita|1% com toda a riqueza,410,1.0132,-0.10578,-0.10578,0.67868,0.6199,0.20247
previsão perfeita|1% com toda a riqueza,420,1.0129,-0.10326,-0.10326,0.67623,0.61679,0.19888
previsão perfeita|1% com toda a riqueza,430,1.0126,-0.10085,-0.10085,0.67383,0.61375,0.19536
previsão perfeita|1% com toda a riqueza,440,1.0123,-0.098533,-0.098533,0.67149,0.61079,0.19194
previsão perfeita|1% com toda a riqueza,450,1.012,-0.096306,-0.096306,0.66919,0.60789,0.18861
previsão perfeita|1% com toda a riqueza,460,1.0118,-0.094163,-0.094163,0.66694,0.60503,0.18543
previsão perfeita|1% com toda a riqueza,470,1.0115,-0.092101,-0.092101,0.66474,0.60224,0.18231
previsão perfeita|1% com toda a riqueza,480,1.0113,-0.090114,-0.090114,0.66258,0.59952,0.17927
previsão perfeita|1% com toda a riqueza,490,1.011,-0.088199,-0.088199,0.66047,0.59684,0.17629
previsão perfeita|1% com toda a riqueza,500,1.0108,-0.086351,-0.086351,0.6584,0.5942,0.17338
previsão perfeita|1% com toda a riqueza,510,1.0106,-0.084566,-0.084566,0.65637,0.59162,0.17053
previsão perfeita|1% com toda a riqueza,520,1.0103,-0.082842,-0.082842,0.65438,0.5891,0.16775
previsão perfeita|1% com toda a riqueza,530,1.0101,-0.081176,-0.081176,0.65242,0.58662,0.16502
previsão perfeita|1% com toda a riqueza,540,1.0099,-0.079563,-0.079563,0.6505,0.58418,0.16236
previsão perfeita|1% com toda a riqueza,550,1.0097,-0.078003,-0.078003,0.64862,0.58178,0.15975
previsão perfeita|1% com toda a riqueza,560,1.0095,-0.076491,-0.076491,0.64677,0.57943,0.1572
previsão perfeita|1% com toda a riqueza,570,1.0094,-0.075027,-0.075027,0.64496,0.57713,0.1547
previsão perfeita|1% com toda a riqueza,580,1.0092,-0.073607,-0.073607,0.64317,0.57486,0.15225
previsão perfeita|1% com toda a riqueza,590,1.009,-0.07223,-0.07223,0.64142,0.57262,0.14986
previsão perfeita|1% com toda a riqueza,600,1.0088,-0.070894,-0.070894,0.6397,0.57043,0.14751
previsão perfeita|1% com toda a riqueza,610,1.0087,-0.069596,-0.069596,0.63801,0.56828,0.14522
previsão perfeita|1% com toda a riqueza,620,1.0085,-0.068335,-0.068335,0.63635,0.56617,0.14297
previsão perfeita|1% com toda a riqueza,630,1.0084,-0.06711,-0.06711,0.63471,0.56408,0.14077
previsão perfeita|1% com toda a riqueza,640,1.0082,-0.065919,-0.065919,0.6331,0.56203,0.13861
previsão perfeita|1% com toda a riqueza,650,1.0081,-0.064761,-0.064761,0.63152,0.56001,0.13651
previsão perfeita|1% com toda a riqueza,660,1.0079,-0.063634,-0.063634,0.62997,0.55802,0.13446
previsão perfeita|1% com toda a riqueza,670,1.0078,-0.062537,-0.062537,0.62844,0.55608,0.13245
previsão perfeita|1% com toda a riqueza,680,1.0077,-0.061469,-0.061469,0.62693,0.55416,0.13048
previsão perfeita|1% com toda a riqueza,690,1.0075,-0.060428,-0.060428,0.62545,0.55226,0.12855
previsão perfeita|1% com toda a riqueza,700,1.0074,-0.059414,-0.059414,0.62399,0.5504,0.12665
previsão perfeita|1% com toda a riqueza,710,1.0073,-0.058426,-0.058426,0.62256,0.54856,0.12479
previsão perfeita|1% com toda a riqueza,720,1.0072,-0.057462,-0.057462,0.62114,0.54675,0.12297
previsão perfeita|1% com toda a riqueza,730,1.007,-0.056522,-0.056522,0.61975,0.54498,0.12117
previsão perfeita|1% com toda a riqueza,740,1.0069,-0.055605,-0.055605,0.61838,0.54323,0.11941
previsão perfeita|1% com toda a riqueza,750,1.0068,-0.05471,-0.05471,0.61703,0.5415,0.11769
previsão perfeita|1% com toda a riqueza,760,1.0067,-0.053836,-0.053836,0.6157,0.5398,0.11599
previsão perfeita|1% com toda a riqueza,770,1.0066,-0.052983,-0.052983,0.61439,0.53812,0.11432
previsão perfeita|1% com toda a riqueza,780,1.0065,-0.052149,-0.052149,0.6131,0.53647,0.11269
previsão perfeita|1% com toda a riqueza,790,1.0064,-0.051335,-0.051335,0.61182,0.53484,0.11108
previsão perfeita|1% com toda a riqueza,800,1.0063,-0.050539,-0.050539,0.61057,0.53324,0.1095
previsão perfeita|1% com toda a riqueza,810,1.0062,-0.049761,-0.049761,0.60933,0.53166,0.10795
previsão perfeita|1% com toda a riqueza,820,1.0061,-0.049,-0.049,0.60812,0.5301,0.10643
previsão perfeita|1% com toda a riqueza,830,1.006,-0.048256,-0.048256,0.60692,0.52856,0.10493
previsão perfeita|1% com toda a riqueza,840,1.0059,-0.047528,-0.047528,0.60573,0.52704,0.10346
previsão perfeita|1% com toda a riqueza,850,1.0058,-0.046815,-0.046815,0.60456,0.52554,0.10201
previsão perfeita|1% com toda a riqueza,860,1.0057,-0.046118,-0.046118,0.60341,0.52406,0.10059
previsão perfeita|1% com toda a riqueza,870,1.0056,-0.045436,-0.045436,0.60228,0.52261,0.09919
previsão perfeita|1% com toda a riqueza,880,1.0056,-0.044768,-0.044768,0.60116,0.52118,0.097822
previsão perfeita|1% com toda a riqueza,890,1.0055,-0.044114,-0.044114,0.60005,0.51976,0.096476
previsão perfeita|1% com toda a riqueza,900,1.0054,-0.043473,-0.043473,0.59896,0.51837,0.095152
previsão perfeita|1% com toda a riqueza,910,1.0053,-0.042845,-0.042845,0.59789,0.51698,0.093849
previsão perfeita|1% com toda a riqueza,920,1.0052,-0.04223,-0.04223,0.59683,0.51562,0.092567
previsão perfeita|1% com toda a riqueza,930,1.0052,-0.041627,-0.041627,0.59578,0.51427,0.091306
previsão perfeita|1% com toda a riqueza,940,1.0051,-0.041038,-0.041038,0.59475,0.51295,0.090064
previsão perfeita|1% com toda a riqueza,950,1.005,-0.040464,-0.040464,0.59373,0.51164,0.088842
previsão perfeita|1% com toda a riqueza,960,1.005,-0.039923,-0.039923,0.59273,0.51035,0.087636
previsão perfeita|1% com toda a riqueza,970,1.0049,-0.039515,-0.039515,0.59174,0.50908,0.086435
previsão perfeita|1% com toda a riqueza,980,1.0049,-0.039832,-0.039832,0.59074,0.50779,0.085175
previsão perfeita|1% com toda a riqueza,990,1.0055,-0.044404,-0.044404,0.58957,0.50637,0.083467
previsão perfeita|1% com toda a riqueza,1000,1.0093,-0.074253,-0.074253,0.58711,0.50396,0.079017
crenças fixas|equilíbrio estacionário,1,0.99996,0.029086,0,0.51699,0.41513,0.012168
crenças fixas|equilíbrio estacionário,2,1.0006,-0.0029739,0,0.51694,0.41521,0.010323
crenças fixas|equilíbrio estacionário,3,1.0004,-0.011826,0,0.5168,0.41516,0.013473
crenças fixas|equilíbrio estacionário,4,1.0004,-0.0039202,0,0.51667,0.4151,0.014328
crenças fixas|equilíbrio estacionário,5,1.0005,0.019283,0,0.51657,0.41519,0.012503
crenças fixas|equilíbrio estacionário,6,1.0012,-0.02089,0,0.51651,0.41521,0.011723
crenças fixas|equilíbrio estacionário,7,1.001,-0.013213,0,0.51632,0.41505,0.014568
crenças fixas|equilíbrio estacionário,8,1.0011,0.0085886,0,0.51615,0.41492,0.013478
crenças fixas|equilíbrio estacionário,9,1.0014,-0.0031328,0,0.51597,0.41473,0.012528
crenças fixas|equilíbrio estacionário,10,1.0012,-0.0031906,0,0.51565,0.4144,0.013137
crenças fixas|equilíbrio estacionário,11,1.001,-0.027212,0,0.51539,0.41402,0.013724
crenças fixas|equilíbrio estacionário,12,1.001,0.00039119,0,0.51527,0.41394,0.014378
crenças fixas|equilíbrio estacionário,13,1.0013,0.021693,0,0.51523,0.41392,0.013287
crenças fixas|equilíbrio estacionário,14,1.0019,0.003813,0,0.51525,0.41401,0.014628
crenças fixas|equilíbrio estacionário,15,1.0024,0.0058129,0,0.51527,0.41404,0.015256
crenças fixas|equilíbrio estacionário,16,1.0025,-0.021954,0,0.51515,0.41396,0.014456
crenças fixas|equilíbrio estacionário,17,1.0021,-0.029391,0,0.51492,0.41376,0.014428
crenças fixas|equilíbrio estacionário,18,1.0022,-0.017683,0,0.51486,0.41381,0.014651
crenças fixas|equilíbrio estacionário,19,1.0023,-0.014839,0,0.51473,0.41381,0.015356
crenças fixas|equilíbrio estacionário,20,1.0019,-0.045411,0,0.51463,0.41382,0.014356
crenças fixas|equilíbrio estacionário,21,1.0011,-0.023844,0,0.51448,0.4138,0.014606
crenças fixas|equilíbrio estacionário,22,1.0009,0.0046027,0,0.51457,0.414,0.013856
crenças fixas|equilíbrio estacionário,23,1.0014,0.0013005,0,0.51457,0.41414,0.014574
crenças fixas|equilíbrio estacionário,24,1.0018,0.0051917,0,0.51456,0.41418,0.013955
crenças fixas|equilíbrio estacionário,25,1.0022,-0.0031585,0,0.51442,0.41413,0.014368
crenças fixas|equilíbrio estacionário,26,1.0023,-0.010564,0,0.5144,0.4142,0.014999
crenças fixas|equilíbrio estacionário,27,1.0023,-0.019648,0,0.51456,0.41442,0.014778
crenças fixas|equilíbrio estacionário,28,1.0024,-0.02498,0,0.51457,0.41461,0.015373
crenças fixas|equilíbrio estacionário,29,1.0029,-0.0018356,0,0.51456,0.41476,0.016073
crenças fixas|equilíbrio estacionário,30,1.0032,-0.0083945,0,0.51428,0.41476,0.016023
crenças fixas|equilíbrio estacionário,31,1.0037,-0.026661,0,0.51411,0.41475,0.016326
crenças fixas|equilíbrio estacionário,32,1.0036,-0.028947,0,0.51405,0.41478,0.016242
crenças fixas|equilíbrio estacionário,33,1.0035,-0.013868,0,0.51405,0.41484,0.016351
crenças fixas|equilíbrio estacionário,34,1.004,-0.014244,0,0.51397,0.41488,0.016842
crenças fixas|equilíbrio estacionário,35,1.0044,-0.00016783,0,0.51388,0.41487,0.017324
crenças fixas|equilíbrio estacionário,36,1.0051,-0.037277,0,0.51371,0.4149,0.017218
crenças fixas|equilíbrio estacionário,37,1.0052,-0.035736,0,0.51363,0.41485,0.017751
crenças fixas|equilíbrio estacionário,38,1.0055,-0.034939,0,0.51365,0.41489,0.017928
crenças fixas|equilíbrio estacionário,39,1.0056,-0.060333,0,0.51361,0.41494,0.018787
crenças fixas|equilíbrio estacionário,40,1.0054,-0.023635,0,0.51349,0.41493,0.017637
crenças fixas|equilíbrio estacionário,41,1.0059,-0.038545,0,0.51346,0.41494,0.018537
crenças fixas|equilíbrio estacionário,42,1.0066,-0.016745,0,0.51339,0.41499,0.019737
crenças fixas|equilíbrio estacionário,43,1.0075,-0.064983,0,0.51332,0.41503,0.020037
crenças fixas|equilíbrio estacionário,44,1.0078,-0.052311,0,0.51321,0.41506,0.020518
crenças fixas|equilíbrio estacionário,45,1.008,-0.051549,0,0.51299,0.41492,0.020999
crenças fixas|equilíbrio estacionário,46,1.0082,-0.056298,0,0.51265,0.4146,0.021573
crenças fixas|equilíbrio estacionário,47,1.0083,-0.083072,0,0.51236,0.41448,0.021373
crenças fixas|equilíbrio estacionário,48,1.008,-0.066035,0,0.51214,0.41441,0.022699
crenças fixas|equilíbrio estacionário,49,1.0079,-0.064199,0,0.51197,0.4143,0.022876
crenças fixas|equilíbrio estacionário,50,1.008,-0.063841,0,0.51185,0.41417,0.023601
crenças fixas|equilíbrio estacionário,51,1.0079,-0.080005,0,0.51173,0.41408,0.023723
crenças fixas|equilíbrio estacionário,52,1.0078,-0.060715,0,0.51154,0.41394,0.023501
crenças fixas|equilíbrio estacionário,53,1.008,-0.060276,0,0.51122,0.41384,0.025387
crenças fixas|equilíbrio estacionário,54,1.0084,-0.042327,0,0.51093,0.41376,0.026637
crenças fixas|equilíbrio estacionário,55,1.009,-0.053499,0,0.51057,0.41367,0.027187
crenças fixas|equilíbrio estacionário,56,1.0094,-0.062717,0,0.51022,0.41328,0.027487
crenças fixas|equilíbrio estacionário,57,1.0101,-0.076065,0,0.51006,0.41312,0.027818
crenças fixas|equilíbrio estacionário,58,1.0104,-0.074231,0,0.50973,0.41291,0.029118
crenças fixas|equilíbrio estacionário,59,1.011,-0.076942,0,0.50951,0.41276,0.029768
crenças fixas|equilíbrio estacionário,60,1.0112,-0.089779,0,0.5096,0.41292,0.030068
crenças fixas|equilíbrio estacionário,61,1.0118,-0.084927,0,0.50962,0.41312,0.030351
crenças fixas|equilíbrio estacionário,62,1.0121,-0.081612,0,0.50973,0.41327,0.030701
crenças fixas|equilíbrio estacionário,63,1.0126,-0.086052,0,0.50971,0.41324,0.030501
crenças fixas|equilíbrio estacionário,64,1.0133,-0.085042,0,0.50958,0.41325,0.030287
crenças fixas|equilíbrio estacionário,65,1.0141,-0.10585,0,0.50944,0.41324,0.030737
crenças fixas|equilíbrio estacionário,66,1.0144,-0.13221,0,0.50915,0.41315,0.031201
crenças fixas|equilíbrio estacionário,67,1.0143,-0.11997,0,0.5089,0.413,0.031868
crenças fixas|equilíbrio estacionário,68,1.0144,-0.11714,0,0.50849,0.41269,0.033068
crenças fixas|equilíbrio estacionário,69,1.0147,-0.1168,0,0.50817,0.41241,0.034251
crenças fixas|equilíbrio estacionário,70,1.015,-0.11993,0,0.5079,0.41222,0.034868
crenças fixas|equilíbrio estacionário,71,1.0152,-0.11346,0,0.50773,0.41204,0.035451
crenças fixas|equilíbrio estacionário,72,1.0154,-0.13943,0,0.50744,0.41181,0.035642
crenças fixas|equilíbrio estacionário,73,1.0154,-0.11841,0,0.50726,0.41161,0.036451
crenças fixas|equilíbrio estacionário,74,1.0159,-0.15875,0,0.50708,0.41152,0.035887
crenças fixas|equilíbrio estacionário,75,1.0161,-0.11692,0,0.5069,0.41154,0.037087
crenças fixas|equilíbrio estacionário,76,1.0166,-0.13177,0,0.50667,0.41139,0.037537
crenças fixas|equilíbrio estacionário,77,1.0171,-0.11339,0,0.5064,0.41128,0.038173
crenças fixas|equilíbrio estacionário,78,1.0176,-0.17094,0,0.50615,0.41119,0.039573
crenças fixas|equilíbrio estacionário,79,1.0176,-0.15251,0,0.50593,0.41109,0.039642
crenças fixas|equilíbrio estacionário,80,1.0176,-0.15053,0,0.50567,0.41087,0.040626
crenças fixas|equilíbrio estacionário,81,1.0179,-0.14251,0,0.50541,0.41066,0.041476
crenças fixas|equilíbrio estacionário,82,1.0183,-0.15707,0,0.50499,0.41027,0.041501
crenças fixas|equilíbrio estacionário,83,1.0188,-0.13041,0,0.50462,0.40995,0.042251
crenças fixas|equilíbrio estacionário,84,1.0192,-0.1795,0,0.50428,0.4098,0.043251
crenças fixas|equilíbrio estacionário,85,1.0192,-0.17,0,0.50402,0.40966,0.044837
crenças fixas|equilíbrio estacionário,86,1.0196,-0.15042,0,0.50374,0.40949,0.045187
crenças fixas|equilíbrio estacionário,87,1.02,-0.1421,0,0.50348,0.40944,0.045792
crenças fixas|equilíbrio estacionário,88,1.0206,-0.16899,0,0.503,0.40925,0.046337
crenças fixas|equilíbrio estacionário,89,1.0212,-0.16232,0,0.50275,0.40909,0.046837
crenças fixas|equilíbrio estacionário,90,1.0216,-0.19679,0,0.50235,0.40887,0.048118
crenças fixas|equilíbrio estacionário,91,1.0214,-0.17472,0,0.50206,0.4086,0.048601
crenças fixas|equilíbrio estacionário,92,1.0217,-0.17409,0,0.5017,0.40844,0.048987
crenças fixas|equilíbrio estacionário,93,1.0222,-0.18903,0,0.50145,0.40833,0.050087
crenças fixas|equilíbrio estacionário,94,1.0225,-0.17476,0,0.50115,0.40839,0.050837
crenças fixas|equilíbrio estacionário,95,1.0234,-0.17626,0,0.50079,0.40837,0.051437
crenças fixas|equilíbrio estacionário,96,1.0241,-0.1766,0,0.5005,0.40827,0.053092
crenças fixas|equilíbrio estacionário,97,1.025,-0.20334,0,0.50003,0.40799,0.054051
crenças fixas|equilíbrio estacionário,98,1.0255,-0.21112,0,0.49967,0.40783,0.055351
crenças fixas|equilíbrio estacionário,99,1.0259,-0.21251,0,0.49911,0.40741,0.055701
crenças fixas|equilíbrio estacionário,100,1.0262,-0.21007,0,0.49863,0.40705,0.056437
crenças fixas|equilíbrio estacionário,110,1.0321,-0.24576,0,0.49399,0.40444,0.068474
crenças fixas|equilíbrio estacionário,120,1.0395,-0.31167,0,0.48938,0.40159,0.080818
crenças fixas|equilíbrio estacionário,130,1.0497,-0.38732,0,0.4839,0.39901,0.095268
crenças fixas|equilíbrio estacionário,140,1.0652,-0.49566,0,0.47702,0.39579,0.11802
crenças fixas|equilíbrio estacionário,150,1.0836,-0.64583,0,0.46823,0.39116,0.14256
crenças fixas|equilíbrio estacionário,160,1.0979,-0.72742,0,0.4588,0.38614,0.16499
crenças fixas|equilíbrio estacionário,170,1.1212,-0.90425,0,0.44869,0.38122,0.19696
crenças fixas|equilíbrio estacionário,180,1.1515,-1.0983,0,0.43674,0.37473,0.23122
crenças fixas|equilíbrio estacionário,190,1.1874,-1.3267,0,0.42462,0.36894,0.26922
crenças fixas|equilíbrio estacionário,200,1.2287,-1.5671,0,0.41286,0.36396,0.31156
crenças fixas|equilíbrio estacionário,210,1.2749,-1.8387,0,0.40069,0.35799,0.35527
crenças fixas|equilíbrio estacionário,220,1.3276,-2.1132,0,0.38991,0.3537,0.39686
crenças fixas|equilíbrio estacionário,230,1.3765,-2.3759,0,0.3797,0.34867,0.43421
crenças fixas|equilíbrio estacionário,240,1.4257,-2.5944,0,0.3718,0.34486,0.46655
crenças fixas|equilíbrio estacionário,250,1.4774,-2.8547,0,0.36573,0.3428,0.49549
crenças fixas|equilíbrio estacionário,260,1.523,-3.0416,0,0.36084,0.34022,0.51717
crenças fixas|equilíbrio estacionário,270,1.5718,-3.2655,0,0.35736,0.3392,0.53802
crenças fixas|equilíbrio estacionário,280,1.6135,-3.4014,0,0.35496,0.33825,0.55368
crenças fixas|equilíbrio estacionário,290,1.6492,-3.5331,0,0.35307,0.3371,0.56585
crenças fixas|equilíbrio estacionário,300,1.6796,-3.6446,0,0.35231,0.33677,0.57465
crenças fixas|equilíbrio estacionário,310,1.7092,-3.7706,0,0.35124,0.33626,0.58425
crenças fixas|equilíbrio estacionário,320,1.7357,-3.8304,0,0.35104,0.33674,0.59145
crenças fixas|equilíbrio estacionário,330,1.757,-3.9358,0,0.35104,0.33698,0.5943
crenças fixas|equilíbrio estacionário,340,1.7714,-3.96,0,0.35059,0.33648,0.59865
crenças fixas|equilíbrio estacionário,350,1.7872,-4.0363,0,0.35027,0.33726,0.6077
crenças fixas|equilíbrio estacionário,360,1.7984,-4.0447,0,0.35012,0.33738,0.60885
crenças fixas|equilíbrio estacionário,370,1.8044,-4.0594,0,0.34974,0.33691,0.61295
crenças fixas|equilíbrio estacionário,380,1.8165,-4.1013,0,0.34997,0.3376,0.61365
crenças fixas|equilíbrio estacionário,390,1.8236,-4.1478,0,0.34986,0.33722,0.61613
crenças fixas|equilíbrio estacionário,400,1.8275,-4.1447,0,0.35002,0.33722,0.6149
crenças fixas|equilíbrio estacionário,410,1.8289,-4.1416,0,0.34977,0.3367,0.61588
crenças fixas|equilíbrio estacionário,420,1.8377,-4.1609,0,0.34981,0.33716,0.61798
crenças fixas|equilíbrio estacionário,430,1.8399,-4.1904,0,0.34943,0.33675,0.61868
crenças fixas|equilíbrio estacionário,440,1.8424,-4.1923,0,0.35023,0.33753,0.61843
crenças fixas|equilíbrio estacionário,450,1.8455,-4.2003,0,0.35028,0.33835,0.62123
crenças fixas|equilíbrio estacionário,460,1.8468,-4.2115,0,0.35037,0.33813,0.62028
crenças fixas|equilíbrio estacionário,470,1.8477,-4.224,0,0.3501,0.3377,0.62163
crenças fixas|equilíbrio estacionário,480,1.8462,-4.22,0,0.34965,0.33715,0.61954
crenças fixas|equilíbrio estacionário,490,1.8453,-4.1914,0,0.35016,0.3376,0.61978
crenças fixas|equilíbrio estacionário,500,1.8477,-4.219,0,0.34986,0.3373,0.62013
crenças fixas|equilíbrio estacionário,510,1.8475,-4.2207,0,0.35081,0.3381,0.61968
crenças fixas|equilíbrio estacionário,520,1.8441,-4.1978,0,0.3506,0.33767,0.61988
crenças fixas|equilíbrio estacionário,530,1.8476,-4.2195,0,0.35075,0.33835,0.62103
crenças fixas|equilíbrio estacionário,540,1.8479,-4.221,0,0.34983,0.33703,0.62173
crenças fixas|equilíbrio estacionário,550,1.8486,-4.186,0,0.3495,0.33685,0.62233
crenças fixas|equilíbrio estacionário,560,1.8484,-4.2282,0,0.34914,0.33631,0.62168
crenças fixas|equilíbrio estacionário,570,1.8484,-4.2094,0,0.34956,0.3364,0.62003
crenças fixas|equilíbrio estacionário,580,1.8443,-4.2061,0,0.34955,0.33628,0.62013
crenças fixas|equilíbrio estacionário,590,1.8488,-4.2243,0,0.35014,0.33749,0.62058
crenças fixas|equilíbrio estacionário,600,1.8528,-4.2256,0,0.35055,0.33816,0.62133
crenças fixas|equilíbrio estacionário,610,1.8499,-4.2259,0,0.35053,0.33823,0.62098
crenças fixas|equilíbrio estacionário,620,1.8557,-4.2385,0,0.35112,0.33884,0.62003
crenças fixas|equilíbrio estacionário,630,1.855,-4.2292,0,0.35081,0.33826,0.61988
crenças fixas|equilíbrio estacionário,640,1.8506,-4.2113,0,0.35052,0.33783,0.62028
crenças fixas|equilíbrio estacionário,650,1.8505,-4.2309,0,0.3503,0.33747,0.62123
crenças fixas|equilíbrio estacionário,660,1.8494,-4.207,0,0.35076,0.33786,0.62053
crenças fixas|equilíbrio estacionário,670,1.8507,-4.2069,0,0.3502,0.3372,0.62133
crenças fixas|equilíbrio estacionário,680,1.8527,-4.204,0,0.35001,0.33731,0.62254
crenças fixas|equilíbrio estacionário,690,1.8524,-4.2245,0,0.35039,0.33737,0.62044
crenças fixas|equilíbrio estacionário,700,1.8475,-4.225,0,0.34956,0.33649,0.62073
crenças fixas|equilíbrio estacionário,710,1.8459,-4.2153,0,0.34975,0.33669,0.61993
crenças fixas|equilíbrio estacionário,720,1.8463,-4.1897,0,0.34915,0.33639,0.62103
crenças fixas|equilíbrio estacionário,730,1.8507,-4.2168,0,0.34965,0.33708,0.62148
crenças fixas|equilíbrio estacionário,740,1.8461,-4.2,0,0.34928,0.33625,0.61958
crenças fixas|equilíbrio estacionário,750,1.8507,-4.2013,0,0.34978,0.33716,0.62123
crenças fixas|equilíbrio estacionário,760,1.8462,-4.2144,0,0.34947,0.33626,0.61993
crenças fixas|equilíbrio estacionário,770,1.8437,-4.2015,0,0.34949,0.336,0.61883
crenças fixas|equilíbrio estacionário,780,1.8453,-4.1883,0,0.3495,0.3363,0.62063
crenças fixas|equilíbrio estacionário,790,1.8463,-4.2177,0,0.3499,0.3371,0.61943
crenças fixas|equilíbrio estacionário,800,1.8435,-4.2058,0,0.34937,0.33639,0.62158
crenças fixas|equilíbrio estacionário,810,1.8438,-4.1831,0,0.3497,0.3365,0.62024
crenças fixas|equilíbrio estacionário,820,1.846,-4.2012,0,0.35016,0.33731,0.61953
crenças fixas|equilíbrio estacionário,830,1.8463,-4.2134,0,0.35024,0.3375,0.61863
crenças fixas|equilíbrio estacionário,840,1.8468,-4.2165,0,0.35059,0.33785,0.61838
crenças fixas|equilíbrio estacionário,850,1.8451,-4.2408,0,0.35036,0.33743,0.61943
crenças fixas|equilíbrio estacionário,860,1.8444,-4.1893,0,0.34995,0.33712,0.61938
crenças fixas|equilíbrio estacionário,870,1.8459,-4.1874,0,0.34958,0.33676,0.61958
crenças fixas|equilíbrio estacionário,880,1.8487,-4.2088,0,0.34933,0.33659,0.62084
crenças fixas|equilíbrio estacionário,890,1.8495,-4.2256,0,0.35002,0.33733,0.61948
crenças fixas|equilíbrio estacionário,900,1.8508,-4.2305,0,0.35023,0.33781,0.62033
crenças fixas|equilíbrio estacionário,910,1.8508,-4.2118,0,0.34975,0.33754,0.62188
crenças fixas|equilíbrio estacionário,920,1.8487,-4.2165,0,0.34922,0.33672,0.62288
crenças fixas|equilíbrio estacionário,930,1.8472,-4.2116,0,0.34907,0.33644,0.62178
crenças fixas|equilíbrio estacionário,940,1.8474,-4.2091,0,0.34944,0.33677,0.62113
crenças fixas|equilíbrio estacionário,950,1.8477,-4.2088,0,0.35043,0.33759,0.61938
crenças fixas|equilíbrio estacionário,960,1.8446,-4.2281,0,0.3502,0.33691,0.61838
crenças fixas|equilíbrio estacionário,970,1.8449,-4.1932,0,0.35018,0.33722,0.61803
crenças fixas|equilíbrio estacionário,980,1.8437,-4.1988,0,0.34971,0.33714,0.62133
crenças fixas|equilíbrio estacionário,990,1.8433,-4.2017,0,0.34952,0.33708,0.62063
crenças fixas|equilíbrio estacionário,1000,1.8412,-4.1805,0,0.34982,0.33715,0.61948
crenças fixas|capital 50% abaixo,1,0.47499,7.4718,0,0.55013,0.43327,0.34893
crenças fixas|capital 50% abaixo,2,0.43967,8.3912,0,0.59197,0.45786,0.39187
crenças fixas|capital 50% abaixo,3,0.40181,9.5449,0,0.64186,0.49021,0.43632
crenças fixas|capital 50% abaixo,4,0.36402,10.91,0,0.69581,0.53106,0.49051
crenças fixas|capital 50% abaixo,5,0.32864,12.433,0,0.74891,0.57998,0.54506
crenças fixas|capital 50% abaixo,6,0.29833,13.847,0,0.79621,0.63527,0.60171
crenças fixas|capital 50% abaixo,7,0.27406,15.222,0,0.83533,0.69321,0.65184
crenças fixas|capital 50% abaixo,8,0.25703,16.343,0,0.86588,0.75052,0.69634
crenças fixas|capital 50% abaixo,9,0.24677,17.025,0,0.88944,0.80456,0.73655
crenças fixas|capital 50% abaixo,10,0.24256,17.322,0,0.90741,0.85201,0.77155
crenças fixas|capital 50% abaixo,11,0.24402,17.16,0,0.92048,0.89035,0.79804
crenças fixas|capital 50% abaixo,12,0.25042,16.77,0,0.9302,0.92051,0.81927
crenças fixas|capital 50% abaixo,13,0.26051,16.146,0,0.9377,0.94452,0.83617
crenças fixas|capital 50% abaixo,14,0.27377,15.289,0,0.94362,0.9631,0.85097
crenças fixas|capital 50% abaixo,15,0.28968,14.385,0,0.94816,0.97615,0.86286
crenças fixas|capital 50% abaixo,16,0.30776,13.382,0,0.95169,0.98531,0.87101
crenças fixas|capital 50% abaixo,17,0.3272,12.433,0,0.95458,0.99179,0.87936
crenças fixas|capital 50% abaixo,18,0.34824,11.543,0,0.95687,0.99584,0.88502
crenças fixas|capital 50% abaixo,19,0.37021,10.682,0,0.95875,0.99824,0.89007
crenças fixas|capital 50% abaixo,20,0.39274,9.8148,0,0.96033,0.99947,0.89437
crenças fixas|capital 50% abaixo,21,0.41541,9.0954,0,0.96165,0.99995,0.89809
crenças fixas|capital 50% abaixo,22,0.43846,8.4416,0,0.96276,1,0.90099
crenças fixas|capital 50% abaixo,23,0.4617,7.7956,0,0.96371,1,0.90347
crenças fixas|capital 50% abaixo,24,0.48475,7.2118,0,0.96454,1,0.90632
crenças fixas|capital 50% abaixo,25,0.50759,6.6571,0,0.96524,1,0.90832
crenças fixas|capital 50% abaixo,26,0.52999,6.1475,0,0.96584,1,0.9097
crenças fixas|capital 50% abaixo,27,0.55181,5.6778,0,0.96637,1,0.91081
crenças fixas|capital 50% abaixo,28,0.57312,5.2523,0,0.96684,0.99997,0.91206
crenças fixas|capital 50% abaixo,29,0.59396,4.9,0,0.96722,0.99984,0.91282
crenças fixas|capital 50% abaixo,30,0.614,4.5408,0,0.96757,0.99971,0.91344
crenças fixas|capital 50% abaixo,31,0.63346,4.1952,0,0.96782,0.99939,0.9142
crenças fixas|capital 50% abaixo,32,0.65218,3.8913,0,0.96798,0.99887,0.91449
crenças fixas|capital 50% abaixo,33,0.67036,3.6305,0,0.96806,0.99823,0.91403
crenças fixas|capital 50% abaixo,34,0.68842,3.3694,0,0.96778,0.99707,0.91372
crenças fixas|capital 50% abaixo,35,0.70609,3.1408,0,0.96726,0.99555,0.9121
crenças fixas|capital 50% abaixo,36,0.72317,2.8698,0,0.96667,0.99394,0.90808
crenças fixas|capital 50% abaixo,37,0.73954,2.6581,0,0.96596,0.99208,0.90406
crenças fixas|capital 50% abaixo,38,0.75535,2.4613,0,0.96515,0.99004,0.89522
crenças fixas|capital 50% abaixo,39,0.77056,2.2455,0,0.96426,0.98792,0.88154
crenças fixas|capital 50% abaixo,40,0.78527,2.1107,0,0.96286,0.98539,0.8621
crenças fixas|capital 50% abaixo,41,0.79999,1.9278,0,0.96116,0.9825,0.84837
crenças fixas|capital 50% abaixo,42,0.81436,1.7967,0,0.95922,0.97923,0.84662
crenças fixas|capital 50% abaixo,43,0.82844,1.5966,0,0.9571,0.97579,0.84597
crenças fixas|capital 50% abaixo,44,0.84167,1.4719,0,0.95469,0.97199,0.84442
crenças fixas|capital 50% abaixo,45,0.85448,1.3406,0,0.95212,0.96813,0.84323
crenças fixas|capital 50% abaixo,46,0.86687,1.211,0,0.94919,0.96392,0.84144
crenças fixas|capital 50% abaixo,47,0.87878,1.0637,0,0.9462,0.95953,0.83824
crenças fixas|capital 50% abaixo,48,0.89008,0.96905,0,0.94303,0.95484,0.83601
crenças fixas|capital 50% abaixo,49,0.90125,0.86376,0,0.93959,0.94987,0.8303
crenças fixas|capital 50% abaixo,50,0.91228,0.76134,0,0.93598,0.94477,0.82617
crenças fixas|capital 50% abaixo,51,0.9228,0.64655,0,0.93223,0.93953,0.82179
crenças fixas|capital 50% abaixo,52,0.93298,0.57313,0,0.92821,0.93403,0.81244
crenças fixas|capital 50% abaixo,53,0.94314,0.48454,0,0.92388,0.92822,0.80593
crenças fixas|capital 50% abaixo,54,0.95318,0.41822,0,0.91942,0.92217,0.7924
crenças fixas|capital 50% abaixo,55,0.96307,0.32605,0,0.91465,0.91583,0.78351
crenças fixas|capital 50% abaixo,56,0.97259,0.23953,0,0.90974,0.90964,0.76497
crenças fixas|capital 50% abaixo,57,0.98218,0.15083,0,0.90472,0.90311,0.75372
crenças fixas|capital 50% abaixo,58,0.99131,0.079858,0,0.89955,0.89654,0.73091
crenças fixas|capital 50% abaixo,59,1.0005,0.0071309,0,0.89412,0.88979,0.7181
crenças fixas|capital 50% abaixo,60,1.0092,-0.073672,0,0.88897,0.88312,0.70435
crenças fixas|capital 50% abaixo,61,1.018,-0.13438,0,0.88338,0.87599,0.67507
crenças fixas|capital 50% abaixo,62,1.0264,-0.19415,0,0.87771,0.86879,0.65901
crenças fixas|capital 50% abaixo,63,1.0348,-0.25909,0,0.87177,0.86129,0.6425
crenças fixas|capital 50% abaixo,64,1.0432,-0.31639,0,0.86564,0.85359,0.61441
crenças fixas|capital 50% abaixo,65,1.0515,-0.39316,0,0.85941,0.84591,0.59468
crenças fixas|capital 50% abaixo,66,1.0592,-0.47392,0,0.85308,0.83824,0.57488
crenças fixas|capital 50% abaixo,67,1.0664,-0.51561,0,0.84684,0.8307,0.55372
crenças fixas|capital 50% abaixo,68,1.0737,-0.56543,0,0.84036,0.82293,0.53339
crenças fixas|capital 50% abaixo,69,1.0811,-0.61566,0,0.83373,0.81505,0.51206
crenças fixas|capital 50% abaixo,70,1.0882,-0.66743,0,0.82705,0.80716,0.49104
crenças fixas|capital 50% abaixo,71,1.0951,-0.70839,0,0.82043,0.79929,0.47138
crenças fixas|capital 50% abaixo,72,1.1019,-0.77915,0,0.81377,0.79157,0.4524
crenças fixas|capital 50% abaixo,73,1.1084,-0.80411,0,0.80713,0.78378,0.43812
crenças fixas|capital 50% abaixo,74,1.1154,-0.88638,0,0.80039,0.77596,0.42772
crenças fixas|capital 50% abaixo,75,1.1219,-0.88958,0,0.7935,0.76809,0.41681
crenças fixas|capital 50% abaixo,76,1.1286,-0.9449,0,0.78648,0.7601,0.40546
crenças fixas|capital 50% abaixo,77,1.1351,-0.9678,0,0.77943,0.75199,0.39145
crenças fixas|capital 50% abaixo,78,1.1416,-1.061,0,0.77246,0.74408,0.38035
crenças fixas|capital 50% abaixo,79,1.1475,-1.0821,0,0.76555,0.73625,0.36955
crenças fixas|capital 50% abaixo,80,1.1534,-1.1179,0,0.75866,0.72846,0.35758
crenças fixas|capital 50% abaixo,81,1.1594,-1.1472,0,0.75173,0.72058,0.34647
crenças fixas|capital 50% abaixo,82,1.1655,-1.1967,0,0.74466,0.71253,0.33392
crenças fixas|capital 50% abaixo,83,1.1716,-1.2072,0,0.73756,0.70456,0.32381
crenças fixas|capital 50% abaixo,84,1.1775,-1.2875,0,0.73068,0.69677,0.31005
crenças fixas|capital 50% abaixo,85,1.1831,-1.3132,0,0.72381,0.68909,0.29616
crenças fixas|capital 50% abaixo,86,1.189,-1.3291,0,0.71689,0.68147,0.28451
crenças fixas|capital 50% abaixo,87,1.1949,-1.3547,0,0.70992,0.67398,0.27313
crenças fixas|capital 50% abaixo,88,1.2009,-1.4118,0,0.70284,0.66634,0.25933
crenças fixas|capital 50% abaixo,89,1.2068,-1.4376,0,0.69588,0.6587,0.24443
crenças fixas|capital 50% abaixo,90,1.2126,-1.5005,0,0.68903,0.65118,0.23372
crenças fixas|capital 50% abaixo,91,1.2176,-1.512,0,0.68237,0.6439,0.22119
crenças fixas|capital 50% abaixo,92,1.2232,-1.5423,0,0.67566,0.63675,0.20784
crenças fixas|capital 50% abaixo,93,1.2289,-1.586,0,0.6691,0.6297,0.19626
crenças fixas|capital 50% abaixo,94,1.2344,-1.6033,0,0.66252,0.62276,0.18414
crenças fixas|capital 50% abaixo,95,1.2405,-1.6339,0,0.65582,0.61545,0.17224
crenças fixas|capital 50% abaixo,96,1.2465,-1.6631,0,0.64923,0.60829,0.16279
crenças fixas|capital 50% abaixo,97,1.2525,-1.7155,0,0.64254,0.6012,0.15038
crenças fixas|capital 50% abaixo,98,1.2581,-1.7506,0,0.63603,0.59428,0.14103
crenças fixas|capital 50% abaixo,99,1.2635,-1.7798,0,0.62946,0.58732,0.13467
crenças fixas|capital 50% abaixo,100,1.2688,-1.8052,0,0.62297,0.58069,0.12797
crenças fixas|capital 50% abaixo,110,1.3237,-2.0933,0,0.56264,0.51951,0.20951
crenças fixas|capital 50% abaixo,120,1.3776,-2.3746,0,0.511,0.46824,0.29675
crenças fixas|capital 50% abaixo,130,1.4313,-2.6303,0,0.46909,0.42927,0.37067
crenças fixas|capital 50% abaixo,140,1.486,-2.8709,0,0.43615,0.40048,0.42706
crenças fixas|capital 50% abaixo,150,1.5371,-3.1029,0,0.41075,0.37973,0.47244
crenças fixas|capital 50% abaixo,160,1.5752,-3.2421,0,0.39221,0.36541,0.50377
crenças fixas|capital 50% abaixo,170,1.6157,-3.4142,0,0.37896,0.35609,0.53057
crenças fixas|capital 50% abaixo,180,1.6546,-3.5556,0,0.36903,0.3491,0.55118
crenças fixas|capital 50% abaixo,190,1.6888,-3.6808,0,0.36269,0.34493,0.56595
crenças fixas|capital 50% abaixo,200,1.7182,-3.7777,0,0.35851,0.34277,0.5791
crenças fixas|capital 50% abaixo,210,1.743,-3.87,0,0.35489,0.34017,0.59155
crenças fixas|capital 50% abaixo,220,1.7667,-3.9427,0,0.35328,0.33977,0.5998
crenças fixas|capital 50% abaixo,230,1.7795,-3.9984,0,0.35142,0.33808,0.60515
crenças fixas|capital 50% abaixo,240,1.7899,-4.0177,0,0.35053,0.33727,0.60735
crenças fixas|capital 50% abaixo,250,1.8016,-4.0788,0,0.35023,0.33761,0.61115
crenças fixas|capital 50% abaixo,260,1.8073,-4.0882,0,0.3497,0.33693,0.6134
crenças fixas|capital 50% abaixo,270,1.8181,-4.1448,0,0.34962,0.33726,0.61593
crenças fixas|capital 50% abaixo,280,1.824,-4.138,0,0.34961,0.33716,0.61588
crenças fixas|capital 50% abaixo,290,1.8272,-4.1448,0,0.3495,0.33672,0.61733
crenças fixas|capital 50% abaixo,300,1.8289,-4.1502,0,0.34992,0.3368,0.61548
crenças fixas|capital 50% abaixo,310,1.8336,-4.1847,0,0.34967,0.33652,0.61708
crenças fixas|capital 50% abaixo,320,1.8387,-4.1694,0,0.35,0.33712,0.61838
crenças fixas|capital 50% abaixo,330,1.8417,-4.2108,0,0.35037,0.33739,0.6158
crenças fixas|capital 50% abaixo,340,1.8407,-4.1842,0,0.35017,0.3369,0.61703
crenças fixas|capital 50% abaixo,350,1.8438,-4.2175,0,0.35002,0.33764,0.62108
crenças fixas|capital 50% abaixo,360,1.8444,-4.1917,0,0.34998,0.33773,0.61998
crenças fixas|capital 50% abaixo,370,1.8417,-4.1785,0,0.34966,0.3372,0.62183
crenças fixas|capital 50% abaixo,380,1.8468,-4.1972,0,0.34995,0.33786,0.62063
crenças fixas|capital 50% abaixo,390,1.8481,-4.2249,0,0.34986,0.33744,0.62203
crenças fixas|capital 50% abaixo,400,1.8473,-4.2069,0,0.35003,0.33741,0.61933
crenças fixas|capital 50% abaixo,410,1.8448,-4.1918,0,0.34978,0.33685,0.61973
crenças fixas|capital 50% abaixo,420,1.8505,-4.2013,0,0.34983,0.33729,0.62089
crenças fixas|capital 50% abaixo,430,1.8502,-4.2227,0,0.34945,0.33686,0.62108
crenças fixas|capital 50% abaixo,440,1.8508,-4.2183,0,0.35025,0.33762,0.62003
crenças fixas|capital 50% abaixo,450,1.8522,-4.2212,0,0.35029,0.33841,0.62268
crenças fixas|capital 50% abaixo,460,1.8522,-4.2282,0,0.35039,0.33818,0.62148
crenças fixas|capital 50% abaixo,470,1.852,-4.2375,0,0.35011,0.33774,0.62283
crenças fixas|capital 50% abaixo,480,1.8497,-4.2308,0,0.34966,0.33719,0.62034
crenças fixas|capital 50% abaixo,490,1.8481,-4.2001,0,0.35016,0.33763,0.62033
crenças fixas|capital 50% abaixo,500,1.85,-4.2259,0,0.34987,0.33733,0.62058
crenças fixas|capital 50% abaixo,510,1.8493,-4.2263,0,0.35081,0.33812,0.62008
crenças fixas|capital 50% abaixo,520,1.8455,-4.2023,0,0.3506,0.33768,0.62023
crenças fixas|capital 50% abaixo,530,1.8488,-4.2231,0,0.35075,0.33836,0.62133
crenças fixas|capital 50% abaixo,540,1.8489,-4.2239,0,0.34984,0.33704,0.62193
crenças fixas|capital 50% abaixo,550,1.8493,-4.1883,0,0.3495,0.33686,0.62248
crenças fixas|capital 50% abaixo,560,1.849,-4.2301,0,0.34914,0.33631,0.62183
crenças fixas|capital 50% abaixo,570,1.8489,-4.2109,0,0.34956,0.3364,0.62018
crenças fixas|capital 50% abaixo,580,1.8447,-4.2073,0,0.34955,0.33628,0.62013
crenças fixas|capital 50% abaixo,590,1.8491,-4.2252,0,0.35014,0.33749,0.62058
crenças fixas|capital 50% abaixo,600,1.8531,-4.2263,0,0.35055,0.33816,0.62138
crenças fixas|capital 50% abaixo,610,1.8501,-4.2265,0,0.35053,0.33823,0.62103
crenças fixas|capital 50% abaixo,620,1.8559,-4.239,0,0.35112,0.33884,0.62003
crenças fixas|capital 50% abaixo,630,1.8552,-4.2296,0,0.35081,0.33827,0.61998
crenças fixas|capital 50% abaixo,640,1.8507,-4.2117,0,0.35052,0.33783,0.62028
crenças fixas|capital 50% abaixo,650,1.8506,-4.2311,0,0.3503,0.33747,0.62123
crenças fixas|capital 50% abaixo,660,1.8494,-4.2072,0,0.35076,0.33786,0.62058
crenças fixas|capital 50% abaixo,670,1.8508,-4.2071,0,0.3502,0.3372,0.62133
crenças fixas|capital 50% abaixo,680,1.8527,-4.2041,0,0.35001,0.33732,0.62254
crenças fixas|capital 50% abaixo,690,1.8525,-4.2246,0,0.35039,0.33737,0.62044
crenças fixas|capital 50% abaixo,700,1.8475,-4.2251,0,0.34956,0.33649,0.62073
crenças fixas|capital 50% abaixo,710,1.8459,-4.2154,0,0.34975,0.33669,0.61993
crenças fixas|capital 50% abaixo,720,1.8463,-4.1898,0,0.34915,0.33639,0.62103
crenças fixas|capital 50% abaixo,730,1.8507,-4.2168,0,0.34965,0.33708,0.62148
crenças fixas|capital 50% abaixo,740,1.8461,-4.2,0,0.34928,0.33625,0.61958
crenças fixas|capital 50% abaixo,750,1.8507,-4.2013,0,0.34978,0.33716,0.62123
crenças fixas|capital 50% abaixo,760,1.8462,-4.2144,0,0.34947,0.33626,0.61993
crenças fixas|capital 50% abaixo,770,1.8437,-4.2015,0,0.34949,0.336,0.61883
crenças fixas|capital 50% abaixo,780,1.8453,-4.1883,0,0.3495,0.3363,0.62063
crenças fixas|capital 50% abaixo,790,1.8463,-4.2177,0,0.3499,0.3371,0.61943
crenças fixas|capital 50% abaixo,800,1.8435,-4.2059,0,0.34937,0.33639,0.62158
crenças fixas|capital 50% abaixo,810,1.8438,-4.1831,0,0.3497,0.3365,0.62024
crenças fixas|capital 50% abaixo,820,1.846,-4.2012,0,0.35016,0.33731,0.61953
crenças fixas|capital 50% abaixo,830,1.8463,-4.2134,0,0.35024,0.3375,0.61863
crenças fixas|capital 50% abaixo,840,1.8468,-4.2165,0,0.35059,0.33785,0.61838
crenças fixas|capital 50% abaixo,850,1.8451,-4.2408,0,0.35036,0.33743,0.61943
crenças fixas|capital 50% abaixo,860,1.8444,-4.1893,0,0.34995,0.33712,0.61938
crenças fixas|capital 50% abaixo,870,1.8459,-4.1874,0,0.34958,0.33676,0.61958
crenças fixas|capital 50% abaixo,880,1.8487,-4.2088,0,0.34933,0.33659,0.62084
crenças fixas|capital 50% abaixo,890,1.8495,-4.2256,0,0.35002,0.33733,0.61948
crenças fixas|capital 50% abaixo,900,1.8508,-4.2305,0,0.35023,0.33781,0.62033
crenças fixas|capital 50% abaixo,910,1.8508,-4.2118,0,0.34975,0.33754,0.62188
crenças fixas|capital 50% abaixo,920,1.8487,-4.2165,0,0.34922,0.33672,0.62288
crenças fixas|capital 50% abaixo,930,1.8472,-4.2116,0,0.34907,0.33644,0.62178
crenças fixas|capital 50% abaixo,940,1.8474,-4.2091,0,0.34944,0.33677,0.62113
crenças fixas|capital 50% abaixo,950,1.8477,-4.2088,0,0.35043,0.33759,0.61938
crenças fixas|capital 50% abaixo,960,1.8446,-4.2281,0,0.3502,0.33691,0.61838
crenças fixas|capital 50% abaixo,970,1.8449,-4.1932,0,0.35018,0.33722,0.61803
crenças fixas|capital 50% abaixo,980,1.8437,-4.1988,0,0.34971,0.33714,0.62133
crenças fixas|capital 50% abaixo,990,1.8433,-4.2017,0,0.34952,0.33708,0.62063
crenças fixas|capital 50% abaixo,1000,1.8412,-4.1805,0,0.34982,0.33715,0.61948
crenças fixas|capital 50% acima,1,1.504,-2.9309,0,0.51023,0.41161,0.21351
crenças fixas|capital 50% acima,2,1.5102,-2.9785,0,0.50371,0.4083,0.22034
crenças fixas|capital 50% acima,3,1.5152,-3.0081,0,0.49738,0.40501,0.23091
crenças fixas|capital 50% acima,4,1.5203,-3.0237,0,0.49134,0.40188,0.24462
crenças fixas|capital 50% acima,5,1.5255,-3.0264,0,0.48557,0.39904,0.25622
crenças fixas|capital 50% acima,6,1.5313,-3.0784,0,0.48008,0.39638,0.26732
crenças fixas|capital 50% acima,7,1.536,-3.093,0,0.47471,0.39369,0.27807
crenças fixas|capital 50% acima,8,1.5411,-3.0958,0,0.46959,0.39113,0.28912
crenças fixas|capital 50% acima,9,1.5462,-3.1245,0,0.4647,0.38871,0.30147
crenças fixas|capital 50% acima,10,1.5507,-3.1443,0,0.45987,0.38626,0.31257
crenças fixas|capital 50% acima,11,1.5551,-3.1827,0,0.45523,0.3839,0.32357
crenças fixas|capital 50% acima,12,1.5597,-3.1799,0,0.45094,0.3819,0.33467
crenças fixas|capital 50% acima,13,1.5648,-3.1813,0,0.44689,0.38013,0.34557
crenças fixas|capital 50% acima,14,1.57,-3.2127,0,0.44303,0.37854,0.35697
crenças fixas|capital 50% acima,15,1.5751,-3.2283,0,0.43931,0.37696,0.36732
crenças fixas|capital 50% acima,16,1.5795,-3.2672,0,0.43562,0.37534,0.37772
crenças fixas|capital 50% acima,17,1.5833,-3.2906,0,0.43198,0.3736,0.38902
crenças fixas|capital 50% acima,18,1.5877,-3.2982,0,0.42867,0.37215,0.39836
crenças fixas|capital 50% acima,19,1.592,-3.3125,0,0.4254,0.37071,0.40691
crenças fixas|capital 50% acima,20,1.5957,-3.353,0,0.42223,0.36926,0.41621
crenças fixas|capital 50% acima,21,1.5988,-3.3534,0,0.41912,0.36788,0.42446
crenças fixas|capital 50% acima,22,1.6027,-3.3478,0,0.41635,0.36679,0.43311
crenças fixas|capital 50% acima,23,1.6074,-3.3656,0,0.41369,0.36576,0.44142
crenças fixas|capital 50% acima,24,1.6119,-3.3777,0,0.41113,0.36477,0.44912
crenças fixas|capital 50% acima,25,1.6164,-3.399,0,0.40859,0.36366,0.45607
crenças fixas|capital 50% acima,26,1.6205,-3.4194,0,0.40621,0.36275,0.4632
crenças fixas|capital 50% acima,27,1.6242,-3.4409,0,0.40396,0.36192,0.47035
crenças fixas|capital 50% acima,28,1.6281,-3.4589,0,0.40172,0.36102,0.4764
crenças fixas|capital 50% acima,29,1.6323,-3.4545,0,0.39956,0.36019,0.48299
crenças fixas|capital 50% acima,30,1.6364,-3.4729,0,0.39731,0.35926,0.48804
crenças fixas|capital 50% acima,31,1.6406,-3.4998,0,0.39521,0.35841,0.49319
crenças fixas|capital 50% acima,32,1.644,-3.5148,0,0.39324,0.35764,0.49939
crenças fixas|capital 50% acima,33,1.6473,-3.5163,0,0.39144,0.35697,0.50259
crenças fixas|capital 50% acima,34,1.6514,-3.5286,0,0.38971,0.3563,0.50727
crenças fixas|capital 50% acima,35,1.6553,-3.5297,0,0.38804,0.35571,0.51172
crenças fixas|capital 50% acima,36,1.6594,-3.5692,0,0.3864,0.35502,0.51637
crenças fixas|capital 50% acima,37,1.6628,-3.5797,0,0.3849,0.35443,0.52082
crenças fixas|capital 50% acima,38,1.6663,-3.5903,0,0.38355,0.35396,0.52397
crenças fixas|capital 50% acima,39,1.6695,-3.6208,0,0.38218,0.3534,0.52792
crenças fixas|capital 50% acima,40,1.6724,-3.6045,0,0.38082,0.35275,0.53067
crenças fixas|capital 50% acima,41,1.676,-3.6261,0,0.37953,0.35217,0.53387
crenças fixas|capital 50% acima,42,1.6799,-3.6192,0,0.37832,0.35172,0.53837
crenças fixas|capital 50% acima,43,1.6839,-3.6647,0,0.37715,0.35127,0.54127
crenças fixas|capital 50% acima,44,1.6871,-3.6647,0,0.37599,0.35081,0.54437
crenças fixas|capital 50% acima,45,1.69,-3.6737,0,0.37481,0.35024,0.54647
crenças fixas|capital 50% acima,46,1.693,-3.6867,0,0.37356,0.34952,0.54918
crenças fixas|capital 50% acima,47,1.6957,-3.716,0,0.37234,0.34885,0.55238
crenças fixas|capital 50% acima,48,1.6979,-3.7129,0,0.37122,0.34828,0.55578
crenças fixas|capital 50% acima,49,1.7004,-3.7208,0,0.37027,0.34774,0.55628
crenças fixas|capital 50% acima,50,1.7031,-3.7292,0,0.36937,0.34729,0.55893
crenças fixas|capital 50% acima,51,1.7054,-3.7502,0,0.36847,0.34682,0.55953
crenças fixas|capital 50% acima,52,1.7077,-3.7445,0,0.36766,0.34639,0.56293
crenças fixas|capital 50% acima,53,1.7103,-3.7523,0,0.36676,0.34592,0.5645
crenças fixas|capital 50% acima,54,1.7132,-3.7467,0,0.366,0.3456,0.56685
crenças fixas|capital 50% acima,55,1.7163,-3.7626,0,0.36523,0.34519,0.56915
crenças fixas|capital 50% acima,56,1.7192,-3.7768,0,0.36449,0.34468,0.56965
crenças fixas|capital 50% acima,57,1.7223,-3.7936,0,0.36392,0.34444,0.57155
crenças fixas|capital 50% acima,58,1.7249,-3.7994,0,0.36324,0.34408,0.57325
crenças fixas|capital 50% acima,59,1.7278,-3.8079,0,0.36259,0.3438,0.5751
crenças fixas|capital 50% acima,60,1.7301,-3.8242,0,0.36216,0.3437,0.5758
crenças fixas|capital 50% acima,61,1.7328,-3.8266,0,0.36175,0.34367,0.5782
crenças fixas|capital 50% acima,62,1.7351,-3.8301,0,0.36139,0.34362,0.57885
crenças fixas|capital 50% acima,63,1.7375,-3.839,0,0.36103,0.34353,0.5811
crenças fixas|capital 50% acima,64,1.7403,-3.8432,0,0.36062,0.34345,0.5825
crenças fixas|capital 50% acima,65,1.743,-3.8633,0,0.36024,0.34331,0.58375
crenças fixas|capital 50% acima,66,1.745,-3.888,0,0.35974,0.34307,0.584
crenças fixas|capital 50% acima,67,1.7465,-3.8845,0,0.35931,0.34277,0.58555
crenças fixas|capital 50% acima,68,1.7481,-3.8876,0,0.35881,0.34248,0.5868
crenças fixas|capital 50% acima,69,1.7501,-3.8921,0,0.35843,0.34225,0.5877
crenças fixas|capital 50% acima,70,1.752,-3.8992,0,0.35806,0.34205,0.58885
crenças fixas|capital 50% acima,71,1.7537,-3.899,0,0.35777,0.34189,0.5894
crenças fixas|capital 50% acima,72,1.7553,-3.9228,0,0.35744,0.34169,0.5905
crenças fixas|capital 50% acima,73,1.7568,-3.9119,0,0.35712,0.34142,0.59095
crenças fixas|capital 50% acima,74,1.7588,-3.9456,0,0.35681,0.34122,0.59125
crenças fixas|capital 50% acima,75,1.7603,-3.9188,0,0.35651,0.34114,0.59275
crenças fixas|capital 50% acima,76,1.7622,-3.9332,0,0.35621,0.34091,0.59355
crenças fixas|capital 50% acima,77,1.764,-3.923,0,0.3559,0.34073,0.595
crenças fixas|capital 50% acima,78,1.7658,-3.9686,0,0.3556,0.34057,0.59605
crenças fixas|capital 50% acima,79,1.767,-3.9586,0,0.35534,0.34049,0.59675
crenças fixas|capital 50% acima,80,1.7681,-3.9606,0,0.35509,0.34035,0.5972
crenças fixas|capital 50% acima,81,1.7696,-3.9579,0,0.35492,0.34025,0.59685
crenças fixas|capital 50% acima,82,1.7711,-3.9715,0,0.35467,0.34001,0.59675
crenças fixas|capital 50% acima,83,1.7728,-3.9547,0,0.35449,0.33993,0.59825
crenças fixas|capital 50% acima,84,1.7743,-3.9936,0,0.35432,0.33987,0.59875
crenças fixas|capital 50% acima,85,1.7753,-3.9897,0,0.35413,0.33977,0.59845
crenças fixas|capital 50% acima,86,1.7766,-3.9779,0,0.35396,0.33962,0.59935
crenças fixas|capital 50% acima,87,1.7781,-3.9741,0,0.35383,0.33956,0.5998
crenças fixas|capital 50% acima,88,1.7797,-3.9959,0,0.35358,0.33945,0.60075
crenças fixas|capital 50% acima,89,1.7813,-3.9928,0,0.35347,0.33944,0.60115
crenças fixas|capital 50% acima,90,1.7825,-4.02,0,0.35328,0.33933,0.60155
crenças fixas|capital 50% acima,91,1.7829,-4.0063,0,0.35317,0.33917,0.60085
crenças fixas|capital 50% acima,92,1.7841,-4.0074,0,0.35308,0.33909,0.60135
crenças fixas|capital 50% acima,93,1.7853,-4.0197,0,0.35305,0.33907,0.6014
crenças fixas|capital 50% acima,94,1.7862,-4.0106,0,0.35292,0.33894,0.6011
crenças fixas|capital 50% acima,95,1.7879,-4.0121,0,0.35278,0.33886,0.602
crenças fixas|capital 50% acima,96,1.7894,-4.0129,0,0.35269,0.33883,0.60265
crenças fixas|capital 50% acima,97,1.7909,-4.0329,0,0.35249,0.33868,0.60345
crenças fixas|capital 50% acima,98,1.7921,-4.0391,0,0.35234,0.33856,0.605
crenças fixas|capital 50% acima,99,1.7929,-4.0408,0,0.35206,0.33827,0.6052
crenças fixas|capital 50% acima,100,1.7936,-4.0397,0,0.35181,0.33799,0.60515
crenças fixas|capital 50% acima,110,1.8026,-4.0616,0,0.3507,0.33704,0.6096
crenças fixas|capital 50% acima,120,1.8096,-4.0908,0,0.35015,0.33674,0.6114
crenças fixas|capital 50% acima,130,1.8167,-4.113,0,0.35029,0.33707,0.61248
crenças fixas|capital 50% acima,140,1.8253,-4.1356,0,0.3508,0.33795,0.61363
crenças fixas|capital 50% acima,150,1.832,-4.1696,0,0.35045,0.33812,0.61688
crenças fixas|capital 50% acima,160,1.828,-4.1425,0,0.35026,0.33724,0.61365
crenças fixas|capital 50% acima,170,1.8309,-4.164,0,0.35036,0.33749,0.61743
crenças fixas|capital 50% acima,180,1.8363,-4.1761,0,0.34986,0.33695,0.61688
crenças fixas|capital 50% acima,190,1.8408,-4.1908,0,0.35006,0.33721,0.61743
crenças fixas|capital 50% acima,200,1.8444,-4.195,0,0.35027,0.33784,0.61933
crenças fixas|capital 50% acima,210,1.847,-4.2097,0,0.34952,0.33705,0.62338
crenças fixas|capital 50% acima,220,1.852,-4.2181,0,0.34985,0.33787,0.62403
crenças fixas|capital 50% acima,230,1.849,-4.2216,0,0.34926,0.33698,0.62398
crenças fixas|capital 50% acima,240,1.8465,-4.199,0,0.34917,0.33667,0.62264
crenças fixas|capital 50% acima,250,1.8476,-4.225,0,0.34937,0.3373,0.62333
crenças fixas|capital 50% acima,260,1.8445,-4.2067,0,0.34916,0.33681,0.62333
crenças fixas|capital 50% acima,270,1.8483,-4.2401,0,0.3493,0.33725,0.62273
crenças fixas|capital 50% acima,280,1.8484,-4.2149,0,0.34941,0.33719,0.62158
crenças fixas|capital 50% acima,290,1.8469,-4.2069,0,0.34938,0.33679,0.62143
crenças fixas|capital 50% acima,300,1.8448,-4.2002,0,0.34986,0.33688,0.61973
crenças fixas|capital 50% acima,310,1.8464,-4.2249,0,0.34964,0.3366,0.61953
crenças fixas|capital 50% acima,320,1.849,-4.2019,0,0.34998,0.3372,0.62103
crenças fixas|capital 50% acima,330,1.8501,-4.2368,0,0.35036,0.33746,0.6182
crenças fixas|capital 50% acima,340,1.8474,-4.2052,0,0.35016,0.33696,0.61848
crenças fixas|capital 50% acima,350,1.8492,-4.2343,0,0.35002,0.33769,0.62248
crenças fixas|capital 50% acima,360,1.8487,-4.2053,0,0.34998,0.33777,0.62083
crenças fixas|capital 50% acima,370,1.8452,-4.1894,0,0.34967,0.33724,0.62273
crenças fixas|capital 50% acima,380,1.8496,-4.206,0,0.34995,0.33788,0.62113
crenças fixas|capital 50% acima,390,1.8504,-4.2319,0,0.34987,0.33747,0.62278
crenças fixas|capital 50% acima,400,1.8491,-4.2126,0,0.35003,0.33743,0.61963
crenças fixas|capital 50% acima,410,1.8462,-4.1963,0,0.34979,0.33687,0.62018
crenças fixas|capital 50% acima,420,1.8517,-4.2049,0,0.34984,0.33731,0.62129
crenças fixas|capital 50% acima,430,1.8512,-4.2256,0,0.34945,0.33687,0.62123
crenças fixas|capital 50% acima,440,1.8515,-4.2206,0,0.35025,0.33763,0.62023
crenças fixas|capital 50% acima,450,1.8528,-4.2231,0,0.35029,0.33842,0.62273
crenças fixas|capital 50% acima,460,1.8527,-4.2297,0,0.35039,0.33819,0.62173
crenças fixas|capital 50% acima,470,1.8524,-4.2387,0,0.35011,0.33775,0.62288
crenças fixas|capital 50% acima,480,1.85,-4.2318,0,0.34966,0.33719,0.62034
crenças fixas|capital 50% acima,490,1.8484,-4.2009,0,0.35016,0.33763,0.62038
crenças fixas|capital 50% acima,500,1.8502,-4.2266,0,0.34987,0.33733,0.62058
crenças fixas|capital 50% acima,510,1.8495,-4.2268,0,0.35082,0.33812,0.62008
crenças fixas|capital 50% acima,520,1.8456,-4.2027,0,0.3506,0.33768,0.62023
crenças fixas|capital 50% acima,530,1.8489,-4.2235,0,0.35075,0.33837,0.62133
crenças fixas|capital 50% acima,540,1.8489,-4.2242,0,0.34984,0.33705,0.62193
crenças fixas|capital 50% acima,550,1.8494,-4.1885,0,0.3495,0.33686,0.62248
crenças fixas|capital 50% acima,560,1.8491,-4.2303,0,0.34914,0.33632,0.62183
crenças fixas|capital 50% acima,570,1.8489,-4.211,0,0.34956,0.3364,0.62018
crenças fixas|capital 50% acima,580,1.8447,-4.2074,0,0.34955,0.33628,0.62013
crenças fixas|capital 50% acima,590,1.8491,-4.2253,0,0.35014,0.33749,0.62063
crenças fixas|capital 50% acima,600,1.8531,-4.2264,0,0.35055,0.33816,0.62138
crenças fixas|capital 50% acima,610,1.8501,-4.2266,0,0.35053,0.33823,0.62103
crenças fixas|capital 50% acima,620,1.8559,-4.239,0,0.35112,0.33884,0.62003
crenças fixas|capital 50% acima,630,1.8552,-4.2296,0,0.35081,0.33827,0.61998
crenças fixas|capital 50% acima,640,1.8507,-4.2117,0,0.35052,0.33783,0.62028
crenças fixas|capital 50% acima,650,1.8506,-4.2312,0,0.3503,0.33747,0.62123
crenças fixas|capital 50% acima,660,1.8494,-4.2072,0,0.35076,0.33786,0.62058
crenças fixas|capital 50% acima,670,1.8508,-4.2071,0,0.3502,0.3372,0.62133
crenças fixas|capital 50% acima,680,1.8527,-4.2041,0,0.35001,0.33732,0.62254
crenças fixas|capital 50% acima,690,1.8525,-4.2246,0,0.35039,0.33737,0.62044
crenças fixas|capital 50% acima,700,1.8475,-4.2251,0,0.34956,0.33649,0.62073
crenças fixas|capital 50% acima,710,1.8459,-4.2154,0,0.34975,0.33669,0.61993
crenças fixas|capital 50% acima,720,1.8463,-4.1898,0,0.34915,0.33639,0.62103
crenças fixas|capital 50% acima,730,1.8507,-4.2168,0,0.34965,0.33708,0.62148
crenças fixas|capital 50% acima,740,1.8461,-4.2,0,0.34928,0.33625,0.61958
crenças fixas|capital 50% acima,750,1.8507,-4.2013,0,0.34978,0.33716,0.62123
crenças fixas|capital 50% acima,760,1.8462,-4.2144,0,0.34947,0.33626,0.61993
crenças fixas|capital 50% acima,770,1.8437,-4.2015,0,0.34949,0.336,0.61883
crenças fixas|capital 50% acima,780,1.8453,-4.1883,0,0.3495,0.3363,0.62063
crenças fixas|capital 50% acima,790,1.8463,-4.2177,0,0.3499,0.3371,0.61943
crenças fixas|capital 50% acima,800,1.8435,-4.2059,0,0.34937,0.33639,0.62158
crenças fixas|capital 50% acima,810,1.8438,-4.1831,0,0.3497,0.3365,0.62024
crenças fixas|capital 50% acima,820,1.846,-4.2012,0,0.35016,0.33731,0.61953
crenças fixas|capital 50% acima,830,1.8463,-4.2134,0,0.35024,0.3375,0.61863
crenças fixas|capital 50% acima,840,1.8468,-4.2165,0,0.35059,0.33785,0.61838
crenças fixas|capital 50% acima,850,1.8451,-4.2408,0,0.35036,0.33743,0.61943
crenças fixas|capital 50% acima,860,1.8444,-4.1893,0,0.34995,0.33712,0.61938
crenças fixas|capital 50% acima,870,1.8459,-4.1874,0,0.34958,0.33676,0.61958
crenças fixas|capital 50% acima,880,1.8487,-4.2088,0,0.34933,0.33659,0.62084
crenças fixas|capital 50% acima,890,1.8495,-4.2256,0,0.35002,0.33733,0.61948
crenças fixas|capital 50% acima,900,1.8508,-4.2305,0,0.35023,0.33781,0.62033
crenças fixas|capital 50% acima,910,1.8508,-4.2118,0,0.34975,0.33754,0.62188
crenças fixas|capital 50% acima,920,1.8487,-4.2165,0,0.34922,0.33672,0.62288
crenças fixas|capital 50% acima,930,1.8472,-4.2116,0,0.34907,0.33644,0.62178
crenças fixas|capital 50% acima,940,1.8474,-4.2091,0,0.34944,0.33677,0.62113
crenças fixas|capital 50% acima,950,1.8477,-4.2088,0,0.35043,0.33759,0.61938
crenças fixas|capital 50% acima,960,1.8446,-4.2281,0,0.3502,0.33691,0.61838
crenças fixas|capital 50% acima,970,1.8449,-4.1932,0,0.35018,0.33722,0.61803
crenças fixas|capital 50% acima,980,1.8437,-4.1988,0,0.34971,0.33714,0.62133
crenças fixas|capital 50% acima,990,1.8433,-4.2017,0,0.34952,0.33708,0.62063
crenças fixas|capital 50% acima,1000,1.8412,-4.1805,0,0.34982,0.33715,0.61948
crenças fixas|riqueza igual para todos,1,1.0011,0.019972,0,0.013208,0.10523,0.67551
crenças fixas|riqueza igual para todos,2,1.0033,-0.0245,0,0.022832,0.10919,0.65373
crenças fixas|riqueza igual para todos,3,1.0047,-0.046467,0,0.031152,0.11269,0.6402
crenças fixas|riqueza igual para todos,4,1.0064,-0.052242,0,0.038487,0.11597,0.63075
crenças fixas|riqueza igual para todos,5,1.0083,-0.043321,0,0.045194,0.11913,0.61958
crenças fixas|riqueza igual para todos,6,1.0107,-0.097244,0,0.051267,0.12217,0.61234
crenças fixas|riqueza igual para todos,7,1.0124,-0.10404,0,0.056901,0.12497,0.60919
crenças fixas|riqueza igual para todos,8,1.0144,-0.09724,0,0.062202,0.12774,0.60149
crenças fixas|riqueza igual para todos,9,1.0166,-0.12415,0,0.067388,0.13043,0.59743
crenças fixas|riqueza igual para todos,10,1.0184,-0.13989,0,0.072131,0.13292,0.59273
crenças fixas|riqueza igual para todos,11,1.0201,-0.17944,0,0.076258,0.13516,0.58863
crenças fixas|riqueza igual para todos,12,1.0221,-0.16764,0,0.080519,0.13762,0.58498
crenças fixas|riqueza igual para todos,13,1.0245,-0.16173,0,0.084799,0.14008,0.58115
crenças fixas|riqueza igual para todos,14,1.027,-0.19453,0,0.089172,0.14266,0.57715
crenças fixas|riqueza igual para todos,15,1.0295,-0.20771,0,0.093338,0.14511,0.5738
crenças fixas|riqueza igual para todos,16,1.0316,-0.2506,0,0.097365,0.14755,0.56975
crenças fixas|riqueza igual para todos,17,1.0332,-0.2739,0,0.10114,0.14985,0.5669
crenças fixas|riqueza igual para todos,18,1.0354,-0.2784,0,0.10523,0.15239,0.56375
crenças fixas|riqueza igual para todos,19,1.0376,-0.29164,0,0.10905,0.1547,0.5602
crenças fixas|riqueza igual para todos,20,1.0393,-0.33749,0,0.11249,0.15665,0.55735
crenças fixas|riqueza igual para todos,21,1.0406,-0.33262,0,0.11584,0.1586,0.55525
crenças fixas|riqueza igual para todos,22,1.0425,-0.32096,0,0.11943,0.16088,0.5528
crenças fixas|riqueza igual para todos,23,1.0452,-0.34024,0,0.123,0.16321,0.5504
crenças fixas|riqueza igual para todos,24,1.0477,-0.35262,0,0.12645,0.16551,0.5492
crenças fixas|riqueza igual para todos,25,1.0503,-0.37704,0,0.12968,0.1677,0.5485
crenças fixas|riqueza igual para todos,26,1.0526,-0.40062,0,0.13306,0.17004,0.5461
crenças fixas|riqueza igual para todos,27,1.0548,-0.42607,0,0.13651,0.17237,0.54415
crenças fixas|riqueza igual para todos,28,1.0572,-0.44768,0,0.13982,0.17461,0.54165
crenças fixas|riqueza igual para todos,29,1.0599,-0.44174,0,0.14311,0.17682,0.53975
crenças fixas|riqueza igual para todos,30,1.0625,-0.46483,0,0.14588,0.17875,0.53855
crenças fixas|riqueza igual para todos,31,1.0653,-0.49933,0,0.14883,0.18092,0.53785
crenças fixas|riqueza igual para todos,32,1.0675,-0.51865,0,0.15182,0.18306,0.53615
crenças fixas|riqueza igual para todos,33,1.0698,-0.52128,0,0.15472,0.1851,0.53325
crenças fixas|riqueza igual para todos,34,1.0727,-0.53862,0,0.15767,0.18731,0.53115
crenças fixas|riqueza igual para todos,35,1.0755,-0.54233,0,0.16071,0.1895,0.5298
crenças fixas|riqueza igual para todos,36,1.0786,-0.59541,0,0.16352,0.19158,0.52935
crenças fixas|riqueza igual para todos,37,1.0812,-0.61149,0,0.16641,0.19361,0.52875
crenças fixas|riqueza igual para todos,38,1.084,-0.62839,0,0.16931,0.19577,0.52798
crenças fixas|riqueza igual para todos,39,1.0866,-0.67067,0,0.17209,0.19789,0.52663
crenças fixas|riqueza igual para todos,40,1.089,-0.65385,0,0.17488,0.19982,0.5254
crenças fixas|riqueza igual para todos,41,1.0921,-0.68646,0,0.17776,0.20183,0.52473
crenças fixas|riqueza igual para todos,42,1.0955,-0.68401,0,0.18068,0.204,0.5238
crenças fixas|riqueza igual para todos,43,1.0992,-0.74863,0,0.1836,0.20621,0.52288
crenças fixas|riqueza igual para todos,44,1.1022,-0.75556,0,0.1865,0.2084,0.52128
crenças fixas|riqueza igual para todos,45,1.1052,-0.77402,0,0.18905,0.21024,0.52063
crenças fixas|riqueza igual para todos,46,1.1082,-0.79803,0,0.19153,0.21207,0.5207
crenças fixas|riqueza igual para todos,47,1.1112,-0.84316,0,0.19396,0.21387,0.5198
crenças fixas|riqueza igual para todos,48,1.1137,-0.84711,0,0.19636,0.21579,0.51963
crenças fixas|riqueza igual para todos,49,1.1167,-0.86561,0,0.19889,0.21769,0.51858
crenças fixas|riqueza igual para todos,50,1.1198,-0.8856,0,0.20137,0.21957,0.51678
crenças fixas|riqueza igual para todos,51,1.1227,-0.9214,0,0.20374,0.22141,0.51693
crenças fixas|riqueza igual para todos,52,1.1256,-0.92397,0,0.20605,0.22331,0.51688
crenças fixas|riqueza igual para todos,53,1.129,-0.94448,0,0.20834,0.22515,0.51698
crenças fixas|riqueza igual para todos,54,1.1326,-0.94887,0,0.21074,0.22714,0.51668
crenças fixas|riqueza igual para todos,55,1.1365,-0.98061,0,0.21284,0.22889,0.51563
crenças fixas|riqueza igual para todos,56,1.1402,-1.0106,0,0.21489,0.23044,0.51613
crenças fixas|riqueza igual para todos,57,1.1442,-1.0445,0,0.21713,0.23233,0.51632
crenças fixas|riqueza igual para todos,58,1.1479,-1.0644,0,0.21923,0.23404,0.51618
crenças fixas|riqueza igual para todos,59,1.1519,-1.0885,0,0.2215,0.23587,0.51672
crenças fixas|riqueza igual para todos,60,1.1555,-1.1224,0,0.22402,0.23796,0.51577
crenças fixas|riqueza igual para todos,61,1.1595,-1.1396,0,0.22655,0.24013,0.51587
crenças fixas|riqueza igual para todos,62,1.1633,-1.1584,0,0.22909,0.24212,0.51607
crenças fixas|riqueza igual para todos,63,1.1673,-1.1845,0,0.23152,0.24402,0.51627
crenças fixas|riqueza igual para todos,64,1.1716,-1.2054,0,0.23382,0.24592,0.51727
crenças fixas|riqueza igual para todos,65,1.176,-1.2464,0,0.23614,0.24786,0.51627
crenças fixas|riqueza igual para todos,66,1.1799,-1.2931,0,0.23832,0.24964,0.51757
crenças fixas|riqueza igual para todos,67,1.1834,-1.3045,0,0.24054,0.25137,0.51677
crenças fixas|riqueza igual para todos,68,1.1872,-1.3249,0,0.24268,0.25309,0.51672
crenças fixas|riqueza igual para todos,69,1.1913,-1.3475,0,0.24481,0.25479,0.51682
crenças fixas|riqueza igual para todos,70,1.1954,-1.3733,0,0.24681,0.25642,0.51702
crenças fixas|riqueza igual para todos,71,1.1993,-1.3904,0,0.2488,0.25805,0.51617
crenças fixas|riqueza igual para todos,72,1.2034,-1.4372,0,0.25077,0.25966,0.51692
crenças fixas|riqueza igual para todos,73,1.2073,-1.4414,0,0.25279,0.26122,0.51707
crenças fixas|riqueza igual para todos,74,1.2117,-1.5012,0,0.25478,0.26285,0.51742
crenças fixas|riqueza igual para todos,75,1.2158,-1.4866,0,0.25675,0.26458,0.51872
crenças fixas|riqueza igual para todos,76,1.2203,-1.5232,0,0.25867,0.26598,0.51852
crenças fixas|riqueza igual para todos,77,1.2248,-1.5299,0,0.26052,0.26738,0.51842
crenças fixas|riqueza igual para todos,78,1.2294,-1.6051,0,0.26241,0.26886,0.51772
crenças fixas|riqueza igual para todos,79,1.2335,-1.612,0,0.26432,0.27038,0.51772
crenças fixas|riqueza igual para todos,80,1.2376,-1.6339,0,0.26619,0.27186,0.51817
crenças fixas|riqueza igual para todos,81,1.242,-1.6504,0,0.26813,0.27333,0.51757
crenças fixas|riqueza igual para todos,82,1.2466,-1.687,0,0.26992,0.27464,0.51862
crenças fixas|riqueza igual para todos,83,1.2514,-1.687,0,0.27172,0.2761,0.51812
crenças fixas|riqueza igual para todos,84,1.256,-1.7546,0,0.2735,0.27757,0.51837
crenças fixas|riqueza igual para todos,85,1.2603,-1.7702,0,0.27525,0.27899,0.51817
crenças fixas|riqueza igual para todos,86,1.265,-1.7766,0,0.27703,0.28027,0.51887
crenças fixas|riqueza igual para todos,87,1.2697,-1.7929,0,0.27875,0.28161,0.51877
crenças fixas|riqueza igual para todos,88,1.2746,-1.8403,0,0.28031,0.28283,0.51897
crenças fixas|riqueza igual para todos,89,1.2796,-1.8579,0,0.28208,0.28415,0.51827
crenças fixas|riqueza igual para todos,90,1.2844,-1.9118,0,0.28371,0.28538,0.51817
crenças fixas|riqueza igual para todos,91,1.2885,-1.9162,0,0.28532,0.2865,0.51832
crenças fixas|riqueza igual para todos,92,1.2933,-1.939,0,0.28692,0.2877,0.51987
crenças fixas|riqueza igual para todos,93,1.2982,-1.9753,0,0.28862,0.28897,0.52067
crenças fixas|riqueza igual para todos,94,1.3029,-1.9861,0,0.29016,0.29018,0.52137
crenças fixas|riqueza igual para todos,95,1.3083,-2.0102,0,0.29169,0.29143,0.52167
crenças fixas|riqueza igual para todos,96,1.3136,-2.0334,0,0.29329,0.29273,0.52277
crenças fixas|riqueza igual para todos,97,1.3189,-2.0794,0,0.29463,0.29382,0.52237
crenças fixas|riqueza igual para todos,98,1.324,-2.1089,0,0.29603,0.29492,0.52372
crenças fixas|riqueza igual para todos,99,1.3289,-2.133,0,0.29729,0.29578,0.52432
crenças fixas|riqueza igual para todos,100,1.3336,-2.1536,0,0.29856,0.2966,0.52567
crenças fixas|riqueza igual para todos,110,1.3845,-2.4005,0,0.31051,0.30549,0.53172
crenças fixas|riqueza igual para todos,120,1.4353,-2.6495,0,0.32083,0.3133,0.53717
crenças fixas|riqueza igual para todos,130,1.4861,-2.877,0,0.32907,0.31959,0.54638
crenças fixas|riqueza igual para todos,140,1.5373,-3.0895,0,0.33581,0.32522,0.55303
crenças fixas|riqueza igual para todos,150,1.5843,-3.294,0,0.33997,0.32891,0.56345
crenças fixas|riqueza igual para todos,160,1.6177,-3.4086,0,0.34293,0.33048,0.56783
crenças fixas|riqueza igual para todos,170,1.6534,-3.5566,0,0.34532,0.3326,0.57865
crenças fixas|riqueza igual para todos,180,1.6876,-3.6762,0,0.34636,0.33333,0.58425
crenças fixas|riqueza igual para todos,190,1.7173,-3.7818,0,0.34767,0.33455,0.5898
crenças fixas|riqueza igual para todos,200,1.7425,-3.8616,0,0.34863,0.33587,0.5964
crenças fixas|riqueza igual para todos,210,1.7634,-3.9392,0,0.34841,0.33558,0.6037
crenças fixas|riqueza igual para todos,220,1.7838,-3.9994,0,0.34907,0.33678,0.60885
crenças fixas|riqueza igual para todos,230,1.7936,-4.0448,0,0.3487,0.33614,0.61145
crenças fixas|riqueza igual para todos,240,1.8015,-4.0556,0,0.34876,0.33601,0.61288
crenças fixas|riqueza igual para todos,250,1.8112,-4.1095,0,0.34908,0.3368,0.6141
crenças fixas|riqueza igual para todos,260,1.815,-4.1133,0,0.34895,0.33642,0.61558
crenças fixas|riqueza igual para todos,270,1.8245,-4.165,0,0.34914,0.33694,0.61873
crenças fixas|riqueza igual para todos,280,1.8292,-4.1544,0,0.34929,0.33695,0.61733
crenças fixas|riqueza igual para todos,290,1.8313,-4.158,0,0.34929,0.3366,0.61893
crenças fixas|riqueza igual para todos,300,1.8322,-4.1609,0,0.34979,0.33673,0.61678
crenças fixas|riqueza igual para todos,310,1.8363,-4.1933,0,0.34959,0.33647,0.61788
crenças fixas|riqueza igual para todos,320,1.8409,-4.1764,0,0.34994,0.3371,0.61873
crenças fixas|riqueza igual para todos,330,1.8435,-4.2164,0,0.35033,0.33738,0.61645
crenças fixas|riqueza igual para todos,340,1.8421,-4.1887,0,0.35014,0.33689,0.61743
crenças fixas|riqueza igual para todos,350,1.8449,-4.2211,0,0.35,0.33764,0.62133
crenças fixas|riqueza igual para todos,360,1.8453,-4.1946,0,0.34997,0.33773,0.62003
crenças fixas|riqueza igual para todos,370,1.8425,-4.1809,0,0.34966,0.33721,0.62208
crenças fixas|riqueza igual para todos,380,1.8474,-4.1991,0,0.34995,0.33786,0.62068
crenças fixas|riqueza igual para todos,390,1.8486,-4.2264,0,0.34986,0.33745,0.62213
crenças fixas|riqueza igual para todos,400,1.8477,-4.2082,0,0.35002,0.33741,0.61938
crenças fixas|riqueza igual para todos,410,1.8451,-4.1928,0,0.34978,0.33686,0.61978
crenças fixas|riqueza igual para todos,420,1.8508,-4.202,0,0.34983,0.3373,0.62099
crenças fixas|riqueza igual para todos,430,1.8504,-4.2233,0,0.34945,0.33686,0.62108
crenças fixas|riqueza igual para todos,440,1.8509,-4.2188,0,0.35025,0.33762,0.62008
crenças fixas|riqueza igual para todos,450,1.8524,-4.2216,0,0.35029,0.33842,0.62268
crenças fixas|riqueza igual para todos,460,1.8523,-4.2286,0,0.35039,0.33819,0.62153
crenças fixas|riqueza igual para todos,470,1.8521,-4.2377,0,0.35011,0.33774,0.62283
crenças fixas|riqueza igual para todos,480,1.8498,-4.231,0,0.34966,0.33719,0.62034
crenças fixas|riqueza igual para todos,490,1.8482,-4.2003,0,0.35016,0.33763,0.62033
crenças fixas|riqueza igual para todos,500,1.85,-4.2261,0,0.34987,0.33733,0.62058
crenças fixas|riqueza igual para todos,510,1.8493,-4.2264,0,0.35081,0.33812,0.62008
crenças fixas|riqueza igual para todos,520,1.8455,-4.2024,0,0.3506,0.33768,0.62023
crenças fixas|riqueza igual para todos,530,1.8488,-4.2232,0,0.35075,0.33836,0.62133
crenças fixas|riqueza igual para todos,540,1.8489,-4.224,0,0.34984,0.33704,0.62193
crenças fixas|riqueza igual para todos,550,1.8494,-4.1884,0,0.3495,0.33686,0.62248
crenças fixas|riqueza igual para todos,560,1.849,-4.2302,0,0.34914,0.33631,0.62183
crenças fixas|riqueza igual para todos,570,1.8489,-4.2109,0,0.34956,0.3364,0.62018
crenças fixas|riqueza igual para todos,580,1.8447,-4.2073,0,0.34955,0.33628,0.62013
crenças fixas|riqueza igual para todos,590,1.8491,-4.2253,0,0.35014,0.33749,0.62058
crenças fixas|riqueza igual para todos,600,1.8531,-4.2264,0,0.35055,0.33816,0.62138
crenças fixas|riqueza igual para todos,610,1.8501,-4.2266,0,0.35053,0.33823,0.62103
crenças fixas|riqueza igual para todos,620,1.8559,-4.239,0,0.35112,0.33884,0.62003
crenças fixas|riqueza igual para todos,630,1.8552,-4.2296,0,0.35081,0.33827,0.61998
crenças fixas|riqueza igual para todos,640,1.8507,-4.2117,0,0.35052,0.33783,0.62028
crenças fixas|riqueza igual para todos,650,1.8506,-4.2311,0,0.3503,0.33747,0.62123
crenças fixas|riqueza igual para todos,660,1.8494,-4.2072,0,0.35076,0.33786,0.62058
crenças fixas|riqueza igual para todos,670,1.8508,-4.2071,0,0.3502,0.3372,0.62133
crenças fixas|riqueza igual para todos,680,1.8527,-4.2041,0,0.35001,0.33732,0.62254
crenças fixas|riqueza igual para todos,690,1.8525,-4.2246,0,0.35039,0.33737,0.62044
crenças fixas|riqueza igual para todos,700,1.8475,-4.2251,0,0.34956,0.33649,0.62073
crenças fixas|riqueza igual para todos,710,1.8459,-4.2154,0,0.34975,0.33669,0.61993
crenças fixas|riqueza igual para todos,720,1.8463,-4.1898,0,0.34915,0.33639,0.62103
crenças fixas|riqueza igual para todos,730,1.8507,-4.2168,0,0.34965,0.33708,0.62148
crenças fixas|riqueza igual para todos,740,1.8461,-4.2,0,0.34928,0.33625,0.61958
crenças fixas|riqueza igual para todos,750,1.8507,-4.2013,0,0.34978,0.33716,0.62123
crenças fixas|riqueza igual para todos,760,1.8462,-4.2144,0,0.34947,0.33626,0.61993
crenças fixas|riqueza igual para todos,770,1.8437,-4.2015,0,0.34949,0.336,0.61883
crenças fixas|riqueza igual para todos,780,1.8453,-4.1883,0,0.3495,0.3363,0.62063
crenças fixas|riqueza igual para todos,790,1.8463,-4.2177,0,0.3499,0.3371,0.61943
crenças fixas|riqueza igual para todos,800,1.8435,-4.2059,0,0.34937,0.33639,0.62158
crenças fixas|riqueza igual para todos,810,1.8438,-4.1831,0,0.3497,0.3365,0.62024
crenças fixas|riqueza igual para todos,820,1.846,-4.2012,0,0.35016,0.33731,0.61953
crenças fixas|riqueza igual para todos,830,1.8463,-4.2134,0,0.35024,0.3375,0.61863
crenças fixas|riqueza igual para todos,840,1.8468,-4.2165,0,0.35059,0.33785,0.61838
crenças fixas|riqueza igual para todos,850,1.8451,-4.2408,0,0.35036,0.33743,0.61943
crenças fixas|riqueza igual para todos,860,1.8444,-4.1893,0,0.34995,0.33712,0.61938
crenças fixas|riqueza igual para todos,870,1.8459,-4.1874,0,0.34958,0.33676,0.61958
crenças fixas|riqueza igual para todos,880,1.8487,-4.2088,0,0.34933,0.33659,0.62084
crenças fixas|riqueza igual para todos,890,1.8495,-4.2256,0,0.35002,0.33733,0.61948
crenças fixas|riqueza igual para todos,900,1.8508,-4.2305,0,0.35023,0.33781,0.62033
crenças fixas|riqueza igual para todos,910,1.8508,-4.2118,0,0.34975,0.33754,0.62188
crenças fixas|riqueza igual para todos,920,1.8487,-4.2165,0,0.34922,0.33672,0.62288
crenças fixas|riqueza igual para todos,930,1.8472,-4.2116,0,0.34907,0.33644,0.62178
crenças fixas|riqueza igual para todos,940,1.8474,-4.2091,0,0.34944,0.33677,0.62113
crenças fixas|riqueza igual para todos,950,1.8477,-4.2088,0,0.35043,0.33759,0.61938
crenças fixas|riqueza igual para todos,960,1.8446,-4.2281,0,0.3502,0.33691,0.61838
crenças fixas|riqueza igual para todos,970,1.8449,-4.1932,0,0.35018,0.33722,0.61803
crenças fixas|riqueza igual para todos,980,1.8437,-4.1988,0,0.34971,0.33714,0.62133
crenças fixas|riqueza igual para todos,990,1.8433,-4.2017,0,0.34952,0.33708,0.62063
crenças fixas|riqueza igual para todos,1000,1.8412,-4.1805,0,0.34982,0.33715,0.61948
crenças fixas|1% com toda a riqueza,1,1.0212,-0.1762,0,0.97527,0.98314,0.94368
crenças fixas|1% com toda a riqueza,2,1.0434,-0.35369,0,0.96303,0.96908,0.88729
crenças fixas|1% com toda a riqueza,3,1.0618,-0.51523,0,0.95181,0.95618,0.8755
crenças fixas|1% com toda a riqueza,4,1.0786,-0.59346,0,0.94086,0.9437,0.8613
crenças fixas|1% com toda a riqueza,5,1.0941,-0.72578,0,0.93005,0.9316,0.843
crenças fixas|1% com toda a riqueza,6,1.1086,-0.82355,0,0.91943,0.91976,0.81732
crenças fixas|1% com toda a riqueza,7,1.1215,-0.91838,0,0.90888,0.90811,0.78561
crenças fixas|1% com toda a riqueza,8,1.1341,-0.98203,0,0.89831,0.89656,0.747
crenças fixas|1% com toda a riqueza,9,1.1465,-1.0699,0,0.88786,0.88503,0.71702
crenças fixas|1% com toda a riqueza,10,1.158,-1.1061,0,0.87748,0.87364,0.68425
crenças fixas|1% com toda a riqueza,11,1.1696,-1.1957,0,0.86712,0.86232,0.65048
crenças fixas|1% com toda a riqueza,12,1.1806,-1.2672,0,0.85675,0.85101,0.61537
crenças fixas|1% com toda a riqueza,13,1.1914,-1.3382,0,0.84643,0.84002,0.56254
crenças fixas|1% com toda a riqueza,14,1.2012,-1.4306,0,0.83621,0.82908,0.54514
crenças fixas|1% com toda a riqueza,15,1.2105,-1.4606,0,0.82613,0.81817,0.51075
crenças fixas|1% com toda a riqueza,16,1.2194,-1.5468,0,0.81615,0.80755,0.47691
crenças fixas|1% com toda a riqueza,17,1.2277,-1.5816,0,0.80626,0.79699,0.44488
crenças fixas|1% com toda a riqueza,18,1.2364,-1.6172,0,0.79644,0.78653,0.41394
crenças fixas|1% com toda a riqueza,19,1.245,-1.6627,0,0.78654,0.7761,0.39894
crenças fixas|1% com toda a riqueza,20,1.2529,-1.7344,0,0.77685,0.76582,0.37005
crenças fixas|1% com toda a riqueza,21,1.2602,-1.7695,0,0.76728,0.75567,0.35606
crenças fixas|1% com toda a riqueza,22,1.2676,-1.7933,0,0.75785,0.74555,0.32913
crenças fixas|1% com toda a riqueza,23,1.2757,-1.8207,0,0.74838,0.73562,0.31658
crenças fixas|1% com toda a riqueza,24,1.2834,-1.8968,0,0.73901,0.72577,0.29272
crenças fixas|1% com toda a riqueza,25,1.2905,-1.9199,0,0.72967,0.71594,0.281
crenças fixas|1% com toda a riqueza,26,1.2975,-1.9604,0,0.72058,0.70643,0.26965
crenças fixas|1% com toda a riqueza,27,1.3041,-2.0122,0,0.71165,0.69709,0.25035
crenças fixas|1% com toda a riqueza,28,1.3111,-2.0381,0,0.70274,0.68784,0.23925
crenças fixas|1% com toda a riqueza,29,1.3183,-2.055,0,0.69377,0.67855,0.22747
crenças fixas|1% com toda a riqueza,30,1.3255,-2.0939,0,0.68491,0.66949,0.2173
crenças fixas|1% com toda a riqueza,31,1.3329,-2.1272,0,0.67627,0.66051,0.20329
crenças fixas|1% com toda a riqueza,32,1.3396,-2.1933,0,0.6679,0.65172,0.19382
crenças fixas|1% com toda a riqueza,33,1.346,-2.2064,0,0.65965,0.64305,0.18458
crenças fixas|1% com toda a riqueza,34,1.3529,-2.2532,0,0.65133,0.63446,0.17602
crenças fixas|1% com toda a riqueza,35,1.3592,-2.2643,0,0.6431,0.62598,0.16647
crenças fixas|1% com toda a riqueza,36,1.3659,-2.317,0,0.63507,0.61779,0.16577
crenças fixas|1% com toda a riqueza,37,1.3719,-2.3556,0,0.62739,0.60994,0.17802
crenças fixas|1% com toda a riqueza,38,1.378,-2.3723,0,0.61992,0.60217,0.18978
crenças fixas|1% com toda a riqueza,39,1.3838,-2.4227,0,0.61248,0.59452,0.20066
crenças fixas|1% com toda a riqueza,40,1.3896,-2.4253,0,0.60517,0.58688,0.21211
crenças fixas|1% com toda a riqueza,41,1.3962,-2.4512,0,0.59797,0.57936,0.22309
crenças fixas|1% com toda a riqueza,42,1.4031,-2.4686,0,0.59081,0.57195,0.23441
crenças fixas|1% com toda a riqueza,43,1.4101,-2.5326,0,0.58385,0.56476,0.24506
crenças fixas|1% com toda a riqueza,44,1.4161,-2.5622,0,0.57696,0.55773,0.25691
crenças fixas|1% com toda a riqueza,45,1.4218,-2.5684,0,0.57016,0.5508,0.26681
crenças fixas|1% com toda a riqueza,46,1.4283,-2.5878,0,0.56351,0.5439,0.27712
crenças fixas|1% com toda a riqueza,47,1.4345,-2.6531,0,0.557,0.53726,0.28697
crenças fixas|1% com toda a riqueza,48,1.4398,-2.6647,0,0.55064,0.53084,0.29652
crenças fixas|1% com toda a riqueza,49,1.4454,-2.6808,0,0.54454,0.5247,0.307
crenças fixas|1% com toda a riqueza,50,1.4514,-2.7073,0,0.53855,0.51861,0.31576
crenças fixas|1% com toda a riqueza,51,1.4574,-2.7489,0,0.53278,0.51266,0.32391
crenças fixas|1% com toda a riqueza,52,1.4628,-2.7667,0,0.5271,0.50685,0.33394
crenças fixas|1% com toda a riqueza,53,1.4688,-2.7977,0,0.52146,0.50113,0.34209
crenças fixas|1% com toda a riqueza,54,1.4742,-2.8229,0,0.51581,0.49543,0.35102
crenças fixas|1% com toda a riqueza,55,1.48,-2.8299,0,0.51044,0.49003,0.35752
crenças fixas|1% com toda a riqueza,56,1.4862,-2.8619,0,0.5052,0.48473,0.36612
crenças fixas|1% com toda a riqueza,57,1.4922,-2.8939,0,0.50013,0.47954,0.37487
crenças fixas|1% com toda a riqueza,58,1.4978,-2.9245,0,0.49511,0.47434,0.38127
crenças fixas|1% com toda a riqueza,59,1.5031,-2.9498,0,0.49005,0.46922,0.38872
crenças fixas|1% com toda a riqueza,60,1.5076,-2.9776,0,0.48536,0.46451,0.39557
crenças fixas|1% com toda a riqueza,61,1.5125,-3.0048,0,0.48075,0.45987,0.40207
crenças fixas|1% com toda a riqueza,62,1.5171,-3.0174,0,0.4764,0.45552,0.40846
crenças fixas|1% com toda a riqueza,63,1.5219,-3.0319,0,0.47209,0.4512,0.41421
crenças fixas|1% com toda a riqueza,64,1.527,-3.056,0,0.4678,0.44689,0.41986
crenças fixas|1% com toda a riqueza,65,1.5323,-3.0639,0,0.46368,0.44284,0.42576
crenças fixas|1% com toda a riqueza,66,1.5374,-3.1126,0,0.45966,0.43885,0.43076
crenças fixas|1% com toda a riqueza,67,1.5416,-3.1179,0,0.45576,0.43493,0.43711
crenças fixas|1% com toda a riqueza,68,1.5463,-3.1318,0,0.45195,0.43108,0.44222
crenças fixas|1% com toda a riqueza,69,1.5507,-3.1674,0,0.44818,0.42748,0.44792
crenças fixas|1% com toda a riqueza,70,1.5549,-3.1797,0,0.44451,0.42401,0.45357
crenças fixas|1% com toda a riqueza,71,1.5594,-3.1903,0,0.44116,0.4207,0.45905
crenças fixas|1% com toda a riqueza,72,1.5639,-3.2025,0,0.43794,0.41757,0.4624
crenças fixas|1% com toda a riqueza,73,1.5686,-3.2203,0,0.43474,0.41423,0.46745
crenças fixas|1% com toda a riqueza,74,1.5735,-3.2571,0,0.43165,0.41104,0.47084
crenças fixas|1% com toda a riqueza,75,1.5779,-3.2526,0,0.4286,0.40789,0.47499
crenças fixas|1% com toda a riqueza,76,1.5826,-3.2783,0,0.42566,0.40494,0.47974
crenças fixas|1% com toda a riqueza,77,1.5874,-3.2693,0,0.42282,0.40212,0.48474
crenças fixas|1% com toda a riqueza,78,1.5922,-3.3173,0,0.42002,0.39929,0.48814
crenças fixas|1% com toda a riqueza,79,1.5961,-3.351,0,0.41719,0.39652,0.49249
crenças fixas|1% com toda a riqueza,80,1.5996,-3.3656,0,0.41448,0.3938,0.49634
crenças fixas|1% com toda a riqueza,81,1.6032,-3.368,0,0.41193,0.39121,0.49899
crenças fixas|1% com toda a riqueza,82,1.6071,-3.3705,0,0.40945,0.38867,0.50274
crenças fixas|1% com toda a riqueza,83,1.6114,-3.3902,0,0.407,0.38625,0.50559
crenças fixas|1% com toda a riqueza,84,1.615,-3.4244,0,0.40467,0.38388,0.50897
crenças fixas|1% com toda a riqueza,85,1.6184,-3.4443,0,0.40236,0.38162,0.51062
crenças fixas|1% com toda a riqueza,86,1.6219,-3.4281,0,0.40021,0.37953,0.51302
crenças fixas|1% com toda a riqueza,87,1.6257,-3.4377,0,0.39817,0.37744,0.51652
crenças fixas|1% com toda a riqueza,88,1.6293,-3.4669,0,0.39607,0.37536,0.51912
crenças fixas|1% com toda a riqueza,89,1.6328,-3.4775,0,0.39412,0.37343,0.52227
crenças fixas|1% com toda a riqueza,90,1.6362,-3.4961,0,0.3922,0.37146,0.52472
crenças fixas|1% com toda a riqueza,91,1.6398,-3.5035,0,0.39059,0.36976,0.52567
crenças fixas|1% com toda a riqueza,92,1.6437,-3.5128,0,0.38896,0.36808,0.52817
crenças fixas|1% com toda a riqueza,93,1.6474,-3.5257,0,0.38744,0.36646,0.52902
crenças fixas|1% com toda a riqueza,94,1.6508,-3.5385,0,0.38585,0.36486,0.53147
crenças fixas|1% com toda a riqueza,95,1.6549,-3.5603,0,0.38429,0.36334,0.53452
crenças fixas|1% com toda a riqueza,96,1.6583,-3.5577,0,0.38279,0.36187,0.53742
crenças fixas|1% com toda a riqueza,97,1.6624,-3.5709,0,0.38136,0.36051,0.53987
crenças fixas|1% com toda a riqueza,98,1.666,-3.6025,0,0.37992,0.35914,0.54322
crenças fixas|1% com toda a riqueza,99,1.6693,-3.5888,0,0.37856,0.35785,0.54497
crenças fixas|1% com toda a riqueza,100,1.6733,-3.6133,0,0.37729,0.35659,0.54747
crenças fixas|1% com toda a riqueza,110,1.7024,-3.7188,0,0.36609,0.34599,0.5654
crenças fixas|1% com toda a riqueza,120,1.7282,-3.8164,0,0.35941,0.3386,0.57875
crenças fixas|1% com toda a riqueza,130,1.7477,-3.8794,0,0.35545,0.33562,0.58825
crenças fixas|1% com toda a riqueza,140,1.7679,-3.9438,0,0.35318,0.3353,0.59485
crenças fixas|1% com toda a riqueza,150,1.7855,-4.0084,0,0.35147,0.33621,0.60285
crenças fixas|1% com toda a riqueza,160,1.7915,-4.0192,0,0.35062,0.3362,0.6047
crenças fixas|1% com toda a riqueza,170,1.8011,-4.0628,0,0.3505,0.33703,0.6084
crenças fixas|1% com toda a riqueza,180,1.8105,-4.1058,0,0.34955,0.33628,0.6121
crenças fixas|1% com toda a riqueza,190,1.8181,-4.1171,0,0.34951,0.33655,0.61385
crenças fixas|1% com toda a riqueza,200,1.8222,-4.1367,0,0.349,0.33641,0.61668
crenças fixas|1% com toda a riqueza,210,1.8332,-4.1581,0,0.34957,0.3375,0.61973
crenças fixas|1% com toda a riqueza,220,1.8377,-4.1854,0,0.34902,0.33667,0.61993
crenças fixas|1% com toda a riqueza,230,1.8407,-4.1783,0,0.34941,0.33714,0.62013
crenças fixas|1% com toda a riqueza,240,1.8431,-4.1888,0,0.34976,0.33692,0.61928
crenças fixas|1% com toda a riqueza,250,1.8441,-4.2239,0,0.34952,0.33698,0.62153
crenças fixas|1% com toda a riqueza,260,1.8441,-4.1935,0,0.34981,0.33701,0.62063
crenças fixas|1% com toda a riqueza,270,1.8476,-4.2102,0,0.34966,0.33691,0.62053
crenças fixas|1% com toda a riqueza,280,1.8492,-4.2106,0,0.34997,0.33766,0.62128
crenças fixas|1% com toda a riqueza,290,1.8478,-4.227,0,0.34979,0.33766,0.62238
crenças fixas|1% com toda a riqueza,300,1.8464,-4.2097,0,0.35044,0.33786,0.61863
crenças fixas|1% com toda a riqueza,310,1.8458,-4.2255,0,0.34987,0.33741,0.61948
crenças fixas|1% com toda a riqueza,320,1.8476,-4.2067,0,0.34988,0.33728,0.62118
crenças fixas|1% com toda a riqueza,330,1.8468,-4.2408,0,0.34981,0.33704,0.61978
crenças fixas|1% com toda a riqueza,340,1.847,-4.2079,0,0.35019,0.3373,0.61818
crenças fixas|1% com toda a riqueza,350,1.8451,-4.2133,0,0.34933,0.33665,0.62073
crenças fixas|1% com toda a riqueza,360,1.8479,-4.2019,0,0.3499,0.33762,0.62058
crenças fixas|1% com toda a riqueza,370,1.8459,-4.2141,0,0.34974,0.33708,0.61973
crenças fixas|1% com toda a riqueza,380,1.8482,-4.2043,0,0.34964,0.33706,0.62013
crenças fixas|1% com toda a riqueza,390,1.8516,-4.214,0,0.35041,0.33821,0.62163
crenças fixas|1% com toda a riqueza,400,1.8518,-4.2154,0,0.35078,0.33845,0.62103
crenças fixas|1% com toda a riqueza,410,1.8502,-4.1989,0,0.35054,0.33811,0.62103
crenças fixas|1% com toda a riqueza,420,1.8547,-4.2309,0,0.35016,0.33815,0.62223
crenças fixas|1% com toda a riqueza,430,1.8518,-4.2284,0,0.3494,0.337,0.62213
crenças fixas|1% com toda a riqueza,440,1.8477,-4.2156,0,0.34929,0.33635,0.62073
crenças fixas|1% com toda a riqueza,450,1.8474,-4.2159,0,0.34908,0.33625,0.62073
crenças fixas|1% com toda a riqueza,460,1.8454,-4.1921,0,0.34916,0.33637,0.62123
crenças fixas|1% com toda a riqueza,470,1.8475,-4.2145,0,0.34945,0.33682,0.62073
crenças fixas|1% com toda a riqueza,480,1.8478,-4.2142,0,0.34958,0.33699,0.61938
crenças fixas|1% com toda a riqueza,490,1.8462,-4.1921,0,0.34984,0.33713,0.62083
crenças fixas|1% com toda a riqueza,500,1.8482,-4.2122,0,0.34972,0.3371,0.61958
crenças fixas|1% com toda a riqueza,510,1.8427,-4.2071,0,0.34965,0.33676,0.61853
crenças fixas|1% com toda a riqueza,520,1.8402,-4.196,0,0.34975,0.33699,0.61893
crenças fixas|1% com toda a riqueza,530,1.8426,-4.1915,0,0.34976,0.3371,0.61983
crenças fixas|1% com toda a riqueza,540,1.8448,-4.1915,0,0.34951,0.33678,0.62003
crenças fixas|1% com toda a riqueza,550,1.8458,-4.1962,0,0.34908,0.33644,0.62123
crenças fixas|1% com toda a riqueza,560,1.846,-4.189,0,0.34902,0.33626,0.62128
crenças fixas|1% com toda a riqueza,570,1.8477,-4.2137,0,0.34948,0.33658,0.61928
crenças fixas|1% com toda a riqueza,580,1.8459,-4.221,0,0.34985,0.33694,0.61983
crenças fixas|1% com toda a riqueza,590,1.8454,-4.2121,0,0.3494,0.33637,0.61893
crenças fixas|1% com toda a riqueza,600,1.8468,-4.2115,0,0.34942,0.33661,0.62023
crenças fixas|1% com toda a riqueza,610,1.8463,-4.2159,0,0.34987,0.3369,0.62013
crenças fixas|1% com toda a riqueza,620,1.8474,-4.198,0,0.34985,0.3368,0.62138
crenças fixas|1% com toda a riqueza,630,1.848,-4.2039,0,0.34992,0.33704,0.61993
crenças fixas|1% com toda a riqueza,640,1.8478,-4.1932,0,0.35048,0.33775,0.61843
crenças fixas|1% com toda a riqueza,650,1.8511,-4.2279,0,0.35081,0.33821,0.62033
crenças fixas|1% com toda a riqueza,660,1.8515,-4.2279,0,0.35136,0.33904,0.62083
crenças fixas|1% com toda a riqueza,670,1.8513,-4.2132,0,0.35047,0.33803,0.62103
crenças fixas|1% com toda a riqueza,680,1.852,-4.2218,0,0.34973,0.33744,0.62114
crenças fixas|1% com toda a riqueza,690,1.8486,-4.2152,0,0.34976,0.33722,0.62123
crenças fixas|1% com toda a riqueza,700,1.8468,-4.196,0,0.34977,0.3372,0.62183
crenças fixas|1% com toda a riqueza,710,1.8461,-4.2052,0,0.35003,0.3376,0.62028
crenças fixas|1% com toda a riqueza,720,1.8483,-4.2114,0,0.34962,0.33745,0.62238
crenças fixas|1% com toda a riqueza,730,1.848,-4.2212,0,0.34917,0.33677,0.62203
crenças fixas|1% com toda a riqueza,740,1.8481,-4.1992,0,0.34982,0.33721,0.61918
crenças fixas|1% com toda a riqueza,750,1.8507,-4.2216,0,0.34965,0.33734,0.62178
crenças fixas|1% com toda a riqueza,760,1.847,-4.217,0,0.34945,0.33681,0.62053
crenças fixas|1% com toda a riqueza,770,1.8458,-4.2106,0,0.34997,0.33744,0.62048
crenças fixas|1% com toda a riqueza,780,1.8466,-4.2049,0,0.3497,0.3373,0.62058
crenças fixas|1% com toda a riqueza,790,1.8489,-4.2071,0,0.3503,0.33785,0.61953
crenças fixas|1% com toda a riqueza,800,1.8497,-4.2115,0,0.35051,0.33814,0.62044
crenças fixas|1% com toda a riqueza,810,1.85,-4.2066,0,0.35066,0.3384,0.62158
crenças fixas|1% com toda a riqueza,820,1.8507,-4.2271,0,0.3507,0.33818,0.62058
crenças fixas|1% com toda a riqueza,830,1.8466,-4.2131,0,0.34996,0.33712,0.62018
crenças fixas|1% com toda a riqueza,840,1.8436,-4.2163,0,0.3498,0.33682,0.62103
crenças fixas|1% com toda a riqueza,850,1.8435,-4.2085,0,0.35006,0.33676,0.61943
crenças fixas|1% com toda a riqueza,860,1.845,-4.2058,0,0.34998,0.33697,0.62058
crenças fixas|1% com toda a riqueza,870,1.8465,-4.1812,0,0.34966,0.33686,0.62038
crenças fixas|1% com toda a riqueza,880,1.8512,-4.2127,0,0.34989,0.33721,0.61993
crenças fixas|1% com toda a riqueza,890,1.8497,-4.2202,0,0.35017,0.33772,0.62043
crenças fixas|1% com toda a riqueza,900,1.8489,-4.2153,0,0.34983,0.33735,0.62163
crenças fixas|1% com toda a riqueza,910,1.8493,-4.1983,0,0.34954,0.33703,0.62183
crenças fixas|1% com toda a riqueza,920,1.8498,-4.227,0,0.34934,0.33667,0.62118
crenças fixas|1% com toda a riqueza,930,1.8441,-4.1968,0,0.34831,0.33526,0.62153
crenças fixas|1% com toda a riqueza,940,1.8456,-4.1924,0,0.34921,0.33644,0.61963
crenças fixas|1% com toda a riqueza,950,1.8431,-4.2295,0,0.3495,0.33666,0.61988
crenças fixas|1% com toda a riqueza,960,1.8395,-4.2054,0,0.34969,0.33695,0.61903
crenças fixas|1% com toda a riqueza,970,1.8381,-4.1844,0,0.34921,0.33636,0.61958
crenças fixas|1% com toda a riqueza,980,1.8384,-4.1746,0,0.34902,0.33636,0.62173
crenças fixas|1% com toda a riqueza,990,1.8409,-4.1852,0,0.3494,0.33689,0.62073
crenças fixas|1% com toda a riqueza,1000,1.8395,-4.1594,0,0.34988,0.33717,0.61858
aprendizado|equilíbrio estacionário,1,0.99997,0.029013,0.0013478,0.51699,0.41513,0.012168
aprendizado|equilíbrio estacionário,2,1.0007,-0.0032966,0.0024429,0.51693,0.4152,0.010323
aprendizado|equilíbrio estacionário,3,1.0005,-0.012412,0.0013805,0.51678,0.41516,0.013473
aprendizado|equilíbrio estacionário,4,1.0005,-0.0046794,0.0011117,0.51666,0.4151,0.014328
aprendizado|equilíbrio estacionário,5,1.0006,0.018367,0.0015448,0.51655,0.41518,0.012503
aprendizado|equilíbrio estacionário,6,1.0013,-0.022091,0.0021756,0.51649,0.4152,0.013676
aprendizado|equilíbrio estacionário,7,1.0012,-0.014669,0.0010848,0.51628,0.41504,0.014568
aprendizado|equilíbrio estacionário,8,1.0013,0.0069731,0.0011645,0.51611,0.4149,0.013578
aprendizado|equilíbrio estacionário,9,1.0017,-0.0049148,0.00075623,0.51592,0.4147,0.012778
aprendizado|equilíbrio estacionário,10,1.0015,-0.0050129,-0.00069604,0.5156,0.41438,0.013337
aprendizado|equilíbrio estacionário,11,1.0012,-0.028903,-0.0026764,0.51534,0.414,0.015628
aprendizado|equilíbrio estacionário,12,1.0011,-0.00098272,-0.0024667,0.51522,0.41391,0.014628
aprendizado|equilíbrio estacionário,13,1.0015,0.020573,-0.0014158,0.51518,0.4139,0.013378
aprendizado|equilíbrio estacionário,14,1.0021,0.0028316,-0.0010428,0.5152,0.41398,0.014728
aprendizado|equilíbrio estacionário,15,1.0025,0.0049457,-0.00084569,0.51523,0.41401,0.015306
aprendizado|equilíbrio estacionário,16,1.0026,-0.022644,-0.0027424,0.51511,0.41394,0.014556
aprendizado|equilíbrio estacionário,17,1.0021,-0.029566,-0.0054731,0.51489,0.41374,0.014478
aprendizado|equilíbrio estacionário,18,1.0022,-0.017076,-0.0058888,0.51484,0.41379,0.014651
aprendizado|equilíbrio estacionário,19,1.0021,-0.013373,-0.0065176,0.51473,0.4138,0.015256
aprendizado|equilíbrio estacionário,20,1.0016,-0.042903,-0.0090269,0.51465,0.41382,0.014156
aprendizado|equilíbrio estacionário,21,1.0006,-0.019882,-0.010988,0.51454,0.41382,0.014256
aprendizado|equilíbrio estacionário,22,1.0002,0.01021,-0.010382,0.51466,0.41404,0.013606
aprendizado|equilíbrio estacionário,23,1.0005,0.008362,-0.0082634,0.51469,0.41419,0.013624
aprendizado|equilíbrio estacionário,24,1.0008,0.013523,-0.0067077,0.51472,0.41425,0.013605
aprendizado|equilíbrio estacionário,25,1.001,0.0062822,-0.005644,0.51462,0.41421,0.013549
aprendizado|equilíbrio estacionário,26,1.001,-8.7442e-05,-0.0055978,0.51463,0.4143,0.013799
aprendizado|equilíbrio estacionário,27,1.0009,-0.0080724,-0.0060942,0.51483,0.41454,0.013528
aprendizado|equilíbrio estacionário,28,1.0009,-0.012262,-0.0061305,0.51489,0.41476,0.014473
aprendizado|equilíbrio estacionário,29,1.0011,0.01204,-0.0046712,0.51493,0.41492,0.014573
aprendizado|equilíbrio estacionário,30,1.0014,0.0065009,-0.0042132,0.51469,0.41494,0.015073
aprendizado|equilíbrio estacionário,31,1.0017,-0.010825,-0.0039214,0.51456,0.41496,0.015026
aprendizado|equilíbrio estacionário,32,1.0015,-0.012071,-0.0051104,0.51456,0.41502,0.015001
aprendizado|equilíbrio estacionário,33,1.0012,0.0042577,-0.0057086,0.51461,0.4151,0.014561
aprendizado|equilíbrio estacionário,34,1.0016,0.0051066,-0.00488,0.51458,0.41517,0.015442
aprendizado|equilíbrio estacionário,35,1.0019,0.020391,-0.0041998,0.51456,0.41519,0.015324
aprendizado|equilíbrio estacionário,36,1.0024,-0.015644,-0.0042896,0.51445,0.41525,0.014968
aprendizado|equilíbrio estacionário,37,1.0024,-0.01286,-0.0052337,0.51443,0.41524,0.014951
aprendizado|equilíbrio estacionário,38,1.0025,-0.010692,-0.0056279,0.51452,0.41531,0.014678
aprendizado|equilíbrio estacionário,39,1.0024,-0.03462,-0.0072996,0.51455,0.4154,0.015287
aprendizado|equilíbrio estacionário,40,1.002,0.0039402,-0.0080453,0.51451,0.41543,0.014837
aprendizado|equilíbrio estacionário,41,1.0022,-0.0091712,-0.0078472,0.51457,0.41549,0.015287
aprendizado|equilíbrio estacionário,42,1.0027,0.014484,-0.006634,0.51458,0.41558,0.016437
aprendizado|equilíbrio estacionário,43,1.0034,-0.032157,-0.0066545,0.5146,0.41568,0.016337
aprendizado|equilíbrio estacionário,44,1.0035,-0.017598,-0.0076241,0.51458,0.41575,0.016855
aprendizado|equilíbrio estacionário,45,1.0034,-0.014764,-0.0090238,0.51446,0.41567,0.017599
aprendizado|equilíbrio estacionário,46,1.0033,-0.017209,-0.010311,0.51424,0.4154,0.017355
aprendizado|equilíbrio estacionário,47,1.0031,-0.041495,-0.01249,0.51407,0.41534,0.016955
aprendizado|equilíbrio estacionário,48,1.0024,-0.021447,-0.014202,0.51397,0.41533,0.017042
aprendizado|equilíbrio estacionário,49,1.002,-0.016418,-0.014883,0.51395,0.41531,0.017399
aprendizado|equilíbrio estacionário,50,1.0017,-0.012736,-0.015067,0.51398,0.41526,0.017305
aprendizado|equilíbrio estacionário,51,1.0011,-0.025468,-0.015849,0.51402,0.41525,0.016551
aprendizado|equilíbrio estacionário,52,1.0005,-0.0024417,-0.015722,0.51398,0.41519,0.017401
aprendizado|equilíbrio estacionário,53,1.0003,0.0016786,-0.014626,0.51383,0.41519,0.017401
aprendizado|equilíbrio estacionário,54,1.0002,0.023299,-0.012465,0.51372,0.4152,0.018137
aprendizado|equilíbrio estacionário,55,1.0004,0.015466,-0.010476,0.51354,0.41521,0.019037
aprendizado|equilíbrio estacionário,56,1.0005,0.0094316,-0.0090469,0.51337,0.41492,0.019337
aprendizado|equilíbrio estacionário,57,1.0007,-0.00089903,-0.0075677,0.5134,0.41486,0.018537
aprendizado|equilíbrio estacionário,58,1.0006,0.0039905,-0.0069045,0.51325,0.41474,0.018637
aprendizado|equilíbrio estacionário,59,1.0009,0.0042162,-0.0054786,0.51323,0.41471,0.019537
aprendizado|equilíbrio estacionário,60,1.0007,-0.0057471,-0.0057872,0.51352,0.41498,0.019518
aprendizado|equilíbrio estacionário,61,1.0009,0.0021089,-0.0046097,0.51374,0.41529,0.018951
aprendizado|equilíbrio estacionário,62,1.0008,0.0083878,-0.0044619,0.51406,0.41554,0.018642
aprendizado|equilíbrio estacionário,63,1.001,0.0068909,-0.0040575,0.51425,0.41562,0.017742
aprendizado|equilíbrio estacionário,64,1.0013,0.010846,-0.0030759,0.51433,0.41577,0.017342
aprendizado|equilíbrio estacionário,65,1.0018,-0.007221,-0.0026575,0.51441,0.41588,0.017351
aprendizado|equilíbrio estacionário,66,1.0017,-0.030751,-0.0041877,0.51435,0.41591,0.017487
aprendizado|equilíbrio estacionário,67,1.0012,-0.015065,-0.005601,0.51433,0.4159,0.017355
aprendizado|equilíbrio estacionário,68,1.0008,-0.0086062,-0.0065882,0.51416,0.41573,0.018123
aprendizado|equilíbrio estacionário,69,1.0007,-0.0045288,-0.006222,0.51409,0.41557,0.018487
aprendizado|equilíbrio estacionário,70,1.0005,-0.003869,-0.0061953,0.51408,0.41554,0.018276
aprendizado|equilíbrio estacionário,71,1.0002,0.0065926,-0.0061746,0.51417,0.41548,0.018318
aprendizado|equilíbrio estacionário,72,0.99984,-0.015578,-0.0066259,0.51416,0.41539,0.017749
aprendizado|equilíbrio estacionário,73,0.99936,0.0098092,-0.0061863,0.51426,0.41535,0.017942
aprendizado|equilíbrio estacionário,74,0.99935,-0.026777,-0.0056033,0.51438,0.41544,0.017091
aprendizado|equilíbrio estacionário,75,0.99898,0.01963,-0.0042428,0.5145,0.41564,0.017205
aprendizado|equilíbrio estacionário,76,0.999,0.0087062,-0.0030937,0.51458,0.41565,0.017205
aprendizado|equilíbrio estacionário,77,0.99896,0.031303,-0.001461,0.51461,0.41571,0.017255
aprendizado|equilíbrio estacionário,78,0.99898,-0.022899,-0.0015194,0.51467,0.4158,0.017749
aprendizado|equilíbrio estacionário,79,0.99852,-0.00020248,-0.0012122,0.51478,0.41586,0.017199
aprendizado|equilíbrio estacionário,80,0.99802,0.0059546,-0.0011649,0.51484,0.41584,0.016949
aprendizado|equilíbrio estacionário,81,0.9978,0.018254,0.00022211,0.51491,0.41585,0.017323
aprendizado|equilíbrio estacionário,82,0.99767,0.0076514,0.00135,0.51483,0.41563,0.016373
aprendizado|equilíbrio estacionário,83,0.99765,0.038667,0.0037329,0.51479,0.41548,0.016492
aprendizado|equilíbrio estacionário,84,0.99753,-0.0071051,0.0038604,0.5148,0.41552,0.015942
aprendizado|equilíbrio estacionário,85,0.99709,0.0065073,0.004548,0.5149,0.41562,0.015792
aprendizado|equilíbrio estacionário,86,0.99693,0.030269,0.0063527,0.51499,0.41564,0.016192
aprendizado|equilíbrio estacionário,87,0.99688,0.042521,0.008091,0.51509,0.41581,0.015792
aprendizado|equilíbrio estacionário,88,0.99697,0.018931,0.0092584,0.51497,0.41581,0.015773
aprendizado|equilíbrio estacionário,89,0.99712,0.02926,0.011147,0.51508,0.41585,0.015651
aprendizado|equilíbrio estacionário,90,0.9971,-0.0022212,0.011351,0.51504,0.41582,0.015401
aprendizado|equilíbrio estacionário,91,0.99644,0.0238,0.010955,0.51512,0.41577,0.015026
aprendizado|equilíbrio estacionário,92,0.99635,0.028073,0.012007,0.51514,0.4158,0.014901
aprendizado|equilíbrio estacionário,93,0.99638,0.016462,0.012933,0.51525,0.41592,0.015942
aprendizado|equilíbrio estacionário,94,0.99623,0.034492,0.013816,0.51535,0.41619,0.014542
aprendizado|equilíbrio estacionário,95,0.99666,0.036385,0.016,0.51538,0.41635,0.015673
aprendizado|equilíbrio estacionário,96,0.99699,0.03933,0.017395,0.51548,0.41651,0.015223
aprendizado|equilíbrio estacionário,97,0.99742,0.01539,0.018203,0.5154,0.41645,0.016123
aprendizado|equilíbrio estacionário,98,0.99756,0.010707,0.018267,0.51543,0.41651,0.015673
aprendizado|equilíbrio estacionário,99,0.99752,0.012636,0.017822,0.51527,0.41634,0.015073
aprendizado|equilíbrio estacionário,100,0.99738,0.018592,0.017234,0.5152,0.41623,0.015123
aprendizado|equilíbrio estacionário,110,0.99814,0.022546,0.013606,0.51491,0.41629,0.017451
aprendizado|equilíbrio estacionário,120,0.99844,0.010678,0.0095553,0.51527,0.41614,0.016792
aprendizado|equilíbrio estacionário,130,0.99923,0.005374,0.010995,0.51573,0.41681,0.017099
aprendizado|equilíbrio estacionário,140,1.0027,-0.016034,0.0029009,0.51549,0.41705,0.020849
aprendizado|equilíbrio estacionário,150,1.004,-0.04372,-0.007114,0.51472,0.41671,0.022876
aprendizado|equilíbrio estacionário,160,0.9952,0.047363,-0.010727,0.51563,0.41705,0.018326
aprendizado|equilíbrio estacionário,170,0.99338,0.044801,0.018274,0.51702,0.4182,0.015601
aprendizado|equilíbrio estacionário,180,0.99711,0.021322,0.035504,0.51682,0.41766,0.014955
aprendizado|equilíbrio estacionário,190,1.0025,-0.02324,0.018144,0.51581,0.41735,0.019776
aprendizado|equilíbrio estacionário,200,1.0055,-0.037506,-0.0095943,0.51522,0.41753,0.021676
aprendizado|equilíbrio estacionário,210,1.0053,-0.044493,-0.024463,0.51417,0.41667,0.024773
aprendizado|equilíbrio estacionário,220,1.0056,-0.03711,-0.025684,0.51344,0.41645,0.026192
aprendizado|equilíbrio estacionário,230,0.99944,-0.0054499,-0.031742,0.51271,0.41582,0.025399
aprendizado|equilíbrio estacionário,240,0.99282,0.06934,0.0062802,0.51393,0.4155,0.022255
aprendizado|equilíbrio estacionário,250,0.99426,0.025851,0.031932,0.51488,0.41681,0.021342
aprendizado|equilíbrio estacionário,260,0.99445,0.036396,0.034799,0.51537,0.41658,0.018399
aprendizado|equilíbrio estacionário,270,1.0009,-0.045763,0.028707,0.51452,0.41664,0.022842
aprendizado|equilíbrio estacionário,280,1.0035,-0.031549,0.0025274,0.51387,0.41682,0.026442
aprendizado|equilíbrio estacionário,290,1.0011,-0.0078497,-0.01463,0.51331,0.41621,0.023576
aprendizado|equilíbrio estacionário,300,0.99621,0.032059,-0.0025728,0.51435,0.41605,0.020292
aprendizado|equilíbrio estacionário,310,0.99663,0.0013882,0.015868,0.51494,0.4165,0.019326
aprendizado|equilíbrio estacionário,320,1.0001,0.016936,0.020909,0.51501,0.41672,0.023023
aprendizado|equilíbrio estacionário,330,1.0029,-0.049731,0.00099147,0.51546,0.41673,0.019551
aprendizado|equilíbrio estacionário,340,0.99981,0.0075795,-0.0088218,0.5156,0.41658,0.017451
aprendizado|equilíbrio estacionário,350,0.99985,-0.025797,-0.00097386,0.51586,0.41723,0.018255
aprendizado|equilíbrio estacionário,360,0.99885,0.021057,0.0046531,0.51625,0.41762,0.017441
aprendizado|equilíbrio estacionário,370,0.99576,0.052804,0.0091018,0.51693,0.41865,0.017205
aprendizado|equilíbrio estacionário,380,1,0.014623,0.022119,0.51663,0.41883,0.017942
aprendizado|equilíbrio estacionário,390,1.0029,-0.041811,-0.001647,0.51549,0.41781,0.022141
aprendizado|equilíbrio estacionário,400,1.0012,-0.0067782,-0.013634,0.51585,0.41806,0.022192
aprendizado|equilíbrio estacionário,410,0.99659,0.04097,-0.0060243,0.516,0.41796,0.019473
aprendizado|equilíbrio estacionário,420,1.0008,0.018915,0.0097705,0.51538,0.41791,0.022173
aprendizado|equilíbrio estacionário,430,1.0014,-0.017079,-0.0032087,0.51418,0.41711,0.022901
aprendizado|equilíbrio estacionário,440,1.0013,-0.0083301,-0.0086703,0.51458,0.41762,0.022068
aprendizado|equilíbrio estacionário,450,1.0009,-0.0027914,-0.003806,0.51466,0.41851,0.022626
aprendizado|equilíbrio estacionário,460,1.0001,-0.0059821,-0.00089373,0.51551,0.41877,0.019626
aprendizado|equilíbrio estacionário,470,1.0002,-0.020386,-0.0027726,0.51552,0.41887,0.020476
aprendizado|equilíbrio estacionário,480,0.99796,-0.0032897,-0.00072655,0.51518,0.4182,0.022387
aprendizado|equilíbrio estacionário,490,0.99644,0.045154,0.013249,0.51657,0.41861,0.017937
aprendizado|equilíbrio estacionário,500,0.99966,-0.0090492,0.015962,0.51629,0.41842,0.020492
aprendizado|equilíbrio estacionário,510,1.0004,-0.01873,0.008855,0.51733,0.41954,0.018551
aprendizado|equilíbrio estacionário,520,0.99738,0.023067,0.0075818,0.51842,0.42036,0.014992
aprendizado|equilíbrio estacionário,530,1.0012,-0.022524,0.0099389,0.51898,0.42092,0.016999
aprendizado|equilíbrio estacionário,540,1.0018,-0.028523,-0.00041175,0.51774,0.42012,0.017926
aprendizado|equilíbrio estacionário,550,1.0012,0.028268,-0.00047019,0.5168,0.41939,0.018801
aprendizado|equilíbrio estacionário,560,1.001,-0.029935,-0.008996,0.51623,0.41884,0.019373
aprendizado|equilíbrio estacionário,570,0.99933,0.0098262,-0.0030914,0.51629,0.41707,0.018026
aprendizado|equilíbrio estacionário,580,0.99483,0.03313,0.0029202,0.51648,0.41645,0.015599
aprendizado|equilíbrio estacionário,590,0.99857,-0.0030913,0.023618,0.51707,0.4175,0.015726
aprendizado|equilíbrio estacionário,600,1.0046,-0.036098,0.0087565,0.5169,0.41808,0.020301
aprendizado|equilíbrio estacionário,610,1.0028,-0.034786,-0.01919,0.51687,0.41894,0.019899
aprendizado|equilíbrio estacionário,620,1.0054,-0.047851,-0.013443,0.51706,0.41972,0.020726
aprendizado|equilíbrio estacionário,630,1.0034,-0.021267,-0.021714,0.51667,0.41957,0.019699
aprendizado|equilíbrio estacionário,640,0.99694,0.03626,-0.013124,0.5174,0.41988,0.017492
aprendizado|equilíbrio estacionário,650,0.99552,0.01982,0.011629,0.51801,0.41967,0.015692
aprendizado|equilíbrio estacionário,660,0.99625,0.042579,0.022759,0.51906,0.42063,0.015499
aprendizado|equilíbrio estacionário,670,0.99989,0.019056,0.022669,0.51824,0.41992,0.016218
aprendizado|equilíbrio estacionário,680,1.004,-0.001475,0.002477,0.51711,0.41943,0.017923
aprendizado|equilíbrio estacionário,690,1.0039,-0.030546,-0.020726,0.51671,0.41923,0.018701
aprendizado|equilíbrio estacionário,700,0.99666,0.005526,-0.018649,0.51649,0.41848,0.015841
aprendizado|equilíbrio estacionário,710,0.99258,0.045612,0.015159,0.51731,0.41852,0.012649
aprendizado|equilíbrio estacionário,720,0.99362,0.074614,0.042436,0.51701,0.41799,0.012305
aprendizado|equilíbrio estacionário,730,1.0018,-0.010804,0.034199,0.51684,0.4185,0.016099
aprendizado|equilíbrio estacionário,740,1.0012,-0.0017752,-0.00098036,0.51622,0.41778,0.016605
aprendizado|equilíbrio estacionário,750,1.0042,-0.008139,-0.0040958,0.5159,0.41774,0.019649
aprendizado|equilíbrio estacionário,760,0.99856,-0.00055297,-0.017616,0.51537,0.41639,0.017699
aprendizado|equilíbrio estacionário,770,0.99331,0.049117,0.0096434,0.51688,0.41769,0.014849
aprendizado|equilíbrio estacionário,780,0.99533,0.058466,0.03222,0.51756,0.41817,0.013605
aprendizado|equilíbrio estacionário,790,0.99926,-0.010439,0.024292,0.51776,0.41786,0.013099
aprendizado|equilíbrio estacionário,800,0.99877,-0.0020288,0.0077671,0.5169,0.41715,0.014292
aprendizado|equilíbrio estacionário,810,0.9987,0.031895,0.011495,0.51692,0.41748,0.015099
aprendizado|equilíbrio estacionário,820,1.001,-0.0027972,0.0046851,0.51744,0.41835,0.014576
aprendizado|equilíbrio estacionário,830,1.0008,-0.017215,-0.0042239,0.51763,0.41841,0.014805
aprendizado|equilíbrio estacionário,840,1.0003,-0.01473,-0.0019979,0.51848,0.41921,0.013323
aprendizado|equilíbrio estacionário,850,0.9978,-0.035997,-0.0049733,0.51795,0.41935,0.012477
aprendizado|equilíbrio estacionário,860,0.99567,0.050166,0.01768,0.51854,0.41951,0.010855
aprendizado|equilíbrio estacionário,870,0.99799,0.040454,0.024034,0.5179,0.41897,0.012791
aprendizado|equilíbrio estacionário,880,1.002,-0.0096112,0.01289,0.51655,0.41799,0.018926
aprendizado|equilíbrio estacionário,890,1.0034,-0.040665,-0.0072393,0.51712,0.41891,0.016923
aprendizado|equilíbrio estacionário,900,1.0031,-0.039306,-0.015904,0.51684,0.4189,0.018187
aprendizado|equilíbrio estacionário,910,1.0005,0.0076315,-0.010785,0.51654,0.41868,0.018441
aprendizado|equilíbrio estacionário,920,0.99688,0.021022,-0.0030906,0.51609,0.41855,0.019349
aprendizado|equilíbrio estacionário,930,0.99478,0.03854,0.018249,0.51653,0.41822,0.016341
aprendizado|equilíbrio estacionário,940,0.99708,0.024198,0.027281,0.51752,0.41954,0.015439
aprendizado|equilíbrio estacionário,950,0.99962,0.0056336,0.020013,0.51814,0.4202,0.017149
aprendizado|equilíbrio estacionário,960,0.99836,-0.024918,0.0042934,0.51843,0.41918,0.013892
aprendizado|equilíbrio estacionário,970,0.99774,0.030266,0.015746,0.51881,0.41996,0.015055
aprendizado|equilíbrio estacionário,980,0.99704,0.022643,0.015795,0.51865,0.41965,0.015023
aprendizado|equilíbrio estacionário,990,0.99726,0.015284,0.017111,0.51853,0.41991,0.014992
aprendizado|equilíbrio estacionário,1000,0.99629,0.043268,0.013549,0.51914,0.42072,0.012092
aprendizado|capital 50% abaixo,1,0.51262,6.5624,6.804,0.53466,0.4261,0.30278
aprendizado|capital 50% abaixo,2,0.53175,6.101,6.7635,0.55048,0.4363,0.29353
aprendizado|capital 50% abaixo,3,0.55223,5.6592,6.6902,0.56416,0.44528,0.28695
aprendizado|capital 50% abaixo,4,0.5747,5.2282,6.5897,0.57571,0.45307,0.27928
aprendizado|capital 50% abaixo,5,0.59902,4.8114,6.4633,0.58524,0.45986,0.27076
aprendizado|capital 50% abaixo,6,0.62544,4.3095,6.3122,0.59274,0.4654,0.26313
aprendizado|capital 50% abaixo,7,0.65259,3.8788,6.1361,0.59821,0.46962,0.25392
aprendizado|capital 50% abaixo,8,0.68115,3.475,5.9413,0.60204,0.47292,0.24532
aprendizado|capital 50% abaixo,9,0.71079,3.0431,5.7282,0.60437,0.4752,0.23477
aprendizado|capital 50% abaixo,10,0.74073,2.6435,5.4989,0.60525,0.47648,0.22255
aprendizado|capital 50% abaixo,11,0.77105,2.2352,5.2565,0.60502,0.47702,0.2119
aprendizado|capital 50% abaixo,12,0.80182,1.9061,5.0067,0.60395,0.47719,0.20485
aprendizado|capital 50% abaixo,13,0.83294,1.5893,4.7503,0.60211,0.47692,0.19368
aprendizado|capital 50% abaixo,14,0.86402,1.2505,4.4876,0.59962,0.47633,0.18185
aprendizado|capital 50% abaixo,15,0.89457,0.95519,4.2215,0.59656,0.47528,0.16953
aprendizado|capital 50% abaixo,16,0.92407,0.65045,3.9518,0.59295,0.47385,0.15753
aprendizado|capital 50% abaixo,17,0.95215,0.38876,3.6817,0.58895,0.47193,0.14457
aprendizado|capital 50% abaixo,18,0.97972,0.16677,3.4159,0.58486,0.47012,0.12941
aprendizado|capital 50% abaixo,19,1.0061,-0.045128,3.1532,0.58051,0.46808,0.11752
aprendizado|capital 50% abaixo,20,1.0307,-0.27146,2.8932,0.57607,0.46586,0.10552
aprendizado|capital 50% abaixo,21,1.0534,-0.42859,2.6393,0.57151,0.46354,0.092208
aprendizado|capital 50% abaixo,22,1.0752,-0.56302,2.3943,0.56715,0.46141,0.078713
aprendizado|capital 50% abaixo,23,1.0963,-0.71251,2.1578,0.56272,0.45926,0.065382
aprendizado|capital 50% abaixo,24,1.1158,-0.84031,1.9287,0.55831,0.45703,0.055659
aprendizado|capital 50% abaixo,25,1.1336,-0.96551,1.7074,0.55387,0.45464,0.063578
aprendizado|capital 50% abaixo,26,1.1496,-1.0764,1.4938,0.54958,0.45246,0.06964
aprendizado|capital 50% abaixo,27,1.1637,-1.1761,1.2888,0.54545,0.45036,0.075997
aprendizado|capital 50% abaixo,28,1.1764,-1.2603,1.0936,0.54131,0.44815,0.082428
aprendizado|capital 50% abaixo,29,1.1878,-1.3073,0.90915,0.53724,0.44601,0.088509
aprendizado|capital 50% abaixo,30,1.1976,-1.3713,0.73337,0.5331,0.44378,0.094528
aprendizado|capital 50% abaixo,31,1.2061,-1.4361,0.56703,0.52915,0.44163,0.099067
aprendizado|capital 50% abaixo,32,1.2125,-1.4774,0.40891,0.52543,0.43959,0.10273
aprendizado|capital 50% abaixo,33,1.2176,-1.4945,0.26081,0.52192,0.43765,0.10557
aprendizado|capital 50% abaixo,34,1.2219,-1.5171,0.1234,0.51851,0.4357,0.10964
aprendizado|capital 50% abaixo,35,1.2246,-1.5175,-0.004794,0.51527,0.43384,0.11799
aprendizado|capital 50% abaixo,36,1.2257,-1.5526,-0.12422,0.5122,0.43197,0.1251
aprendizado|capital 50% abaixo,37,1.2245,-1.5427,-0.23486,0.50944,0.43022,0.12954
aprendizado|capital 50% abaixo,38,1.2216,-1.5232,-0.33541,0.50697,0.42867,0.13424
aprendizado|capital 50% abaixo,39,1.217,-1.5178,-0.42751,0.50464,0.42717,0.13747
aprendizado|capital 50% abaixo,40,1.2105,-1.4471,-0.5092,0.50243,0.42565,0.14169
aprendizado|capital 50% abaixo,41,1.2034,-1.414,-0.58052,0.50044,0.42427,0.14344
aprendizado|capital 50% abaixo,42,1.1953,-1.3398,-0.64149,0.49865,0.42303,0.14494
aprendizado|capital 50% abaixo,43,1.1863,-1.3218,-0.69429,0.49704,0.42186,0.14544
aprendizado|capital 50% abaixo,44,1.1756,-1.2413,-0.73883,0.49559,0.42074,0.14464
aprendizado|capital 50% abaixo,45,1.164,-1.1653,-0.77485,0.49425,0.41957,0.14247
aprendizado|capital 50% abaixo,46,1.1516,-1.0886,-0.8021,0.493,0.41839,0.13989
aprendizado|capital 50% abaixo,47,1.1385,-1.0273,-0.82178,0.49195,0.41733,0.13679
aprendizado|capital 50% abaixo,48,1.1246,-0.92052,-0.83294,0.49116,0.41646,0.13244
aprendizado|capital 50% abaixo,49,1.1106,-0.824,-0.83537,0.49067,0.4157,0.12809
aprendizado|capital 50% abaixo,50,1.0966,-0.72559,-0.82991,0.49043,0.41513,0.1232
aprendizado|capital 50% abaixo,51,1.0823,-0.6406,-0.81799,0.49038,0.41467,0.11699
aprendizado|capital 50% abaixo,52,1.0679,-0.51965,-0.79854,0.49054,0.41427,0.1112
aprendizado|capital 50% abaixo,53,1.0541,-0.41583,-0.77194,0.49075,0.41393,0.10545
aprendizado|capital 50% abaixo,54,1.0408,-0.29491,-0.73853,0.49123,0.41377,0.099751
aprendizado|capital 50% abaixo,55,1.028,-0.20357,-0.7,0.49179,0.41366,0.094342
aprendizado|capital 50% abaixo,56,1.0157,-0.11232,-0.65726,0.49253,0.41351,0.087442
aprendizado|capital 50% abaixo,57,1.0041,-0.028129,-0.61026,0.49364,0.41373,0.080676
aprendizado|capital 50% abaixo,58,0.99273,0.068208,-0.56042,0.49472,0.4139,0.073876
aprendizado|capital 50% abaixo,59,0.98226,0.15678,-0.50669,0.49606,0.41435,0.067376
aprendizado|capital 50% abaixo,60,0.97202,0.23104,-0.4521,0.49784,0.41518,0.060126
aprendizado|capital 50% abaixo,61,0.96285,0.31854,-0.39394,0.49969,0.4161,0.054276
aprendizado|capital 50% abaixo,62,0.95426,0.3987,-0.33536,0.50178,0.41716,0.047099
aprendizado|capital 50% abaixo,63,0.94661,0.46512,-0.27562,0.5039,0.41816,0.040499
aprendizado|capital 50% abaixo,64,0.93997,0.53099,-0.21491,0.50596,0.41921,0.044079
aprendizado|capital 50% abaixo,65,0.93428,0.56692,-0.15497,0.5081,0.42032,0.048179
aprendizado|capital 50% abaixo,66,0.92887,0.59034,-0.097762,0.51012,0.42133,0.052162
aprendizado|capital 50% abaixo,67,0.92392,0.64752,-0.04162,0.51221,0.42231,0.056062
aprendizado|capital 50% abaixo,68,0.91988,0.6878,0.013301,0.51415,0.42326,0.059145
aprendizado|capital 50% abaixo,69,0.91695,0.71832,0.067541,0.51617,0.42428,0.061047
aprendizado|capital 50% abaixo,70,0.91469,0.73815,0.11893,0.51818,0.42527,0.063862
aprendizado|capital 50% abaixo,71,0.91308,0.76156,0.16748,0.52023,0.42639,0.066895
aprendizado|capital 50% abaixo,72,0.91194,0.74608,0.21249,0.52215,0.42743,0.068712
aprendizado|capital 50% abaixo,73,0.91109,0.77656,0.25531,0.52413,0.42843,0.070862
aprendizado|capital 50% abaixo,74,0.91113,0.73763,0.29509,0.52605,0.42944,0.071495
aprendizado|capital 50% abaixo,75,0.91123,0.78237,0.33243,0.52789,0.43065,0.073062
aprendizado|capital 50% abaixo,76,0.91209,0.76309,0.36626,0.52967,0.43167,0.074845
aprendizado|capital 50% abaixo,77,0.91325,0.77568,0.39729,0.53132,0.43261,0.075195
aprendizado|capital 50% abaixo,78,0.91481,0.70446,0.42325,0.53292,0.43357,0.075592
aprendizado|capital 50% abaixo,79,0.91625,0.71107,0.44632,0.53446,0.43451,0.075628
aprendizado|capital 50% abaixo,80,0.91797,0.69743,0.46587,0.53585,0.43536,0.075892
aprendizado|capital 50% abaixo,81,0.92024,0.68756,0.48362,0.53714,0.43605,0.076742
aprendizado|capital 50% abaixo,82,0.92285,0.6514,0.49795,0.5382,0.43652,0.076278
aprendizado|capital 50% abaixo,83,0.9258,0.65663,0.51053,0.5392,0.43703,0.076078
aprendizado|capital 50% abaixo,84,0.92886,0.58018,0.51777,0.54012,0.4377,0.076478
aprendizado|capital 50% abaixo,85,0.93182,0.56401,0.52274,0.54105,0.43835,0.076028
aprendizado|capital 50% abaixo,86,0.93521,0.55685,0.52611,0.54185,0.43878,0.074378
aprendizado|capital 50% abaixo,87,0.93884,0.53657,0.52676,0.54258,0.43933,0.073142
aprendizado|capital 50% abaixo,88,0.94274,0.47833,0.52431,0.54297,0.43966,0.071295
aprendizado|capital 50% abaixo,89,0.9468,0.45442,0.52023,0.54348,0.44002,0.069397
aprendizado|capital 50% abaixo,90,0.95078,0.3871,0.51217,0.54373,0.44022,0.067528
aprendizado|capital 50% abaixo,91,0.95417,0.37867,0.50142,0.544,0.44036,0.066478
aprendizado|capital 50% abaixo,92,0.95817,0.34769,0.49021,0.54413,0.44053,0.064978
aprendizado|capital 50% abaixo,93,0.9623,0.30063,0.47709,0.54426,0.44069,0.063297
aprendizado|capital 50% abaixo,94,0.96623,0.28413,0.4623,0.54426,0.4409,0.060847
aprendizado|capital 50% abaixo,95,0.97072,0.25154,0.44736,0.54412,0.44101,0.059597
aprendizado|capital 50% abaixo,96,0.97506,0.2206,0.43031,0.54398,0.44113,0.056797
aprendizado|capital 50% abaixo,97,0.97944,0.16323,0.41149,0.54359,0.44095,0.055145
aprendizado|capital 50% abaixo,98,0.98347,0.12617,0.39091,0.54326,0.44089,0.053695
aprendizado|capital 50% abaixo,99,0.98723,0.096666,0.36896,0.5427,0.44047,0.051345
aprendizado|capital 50% abaixo,100,0.9908,0.072193,0.34613,0.54215,0.44,0.049212
aprendizado|capital 50% abaixo,110,1.021,-0.15978,0.10811,0.53486,0.4359,0.028378
aprendizado|capital 50% abaixo,120,1.0272,-0.21726,-0.073523,0.52882,0.43196,0.021167
aprendizado|capital 50% abaixo,130,1.0135,-0.10882,-0.1202,0.52693,0.43078,0.025127
aprendizado|capital 50% abaixo,140,0.99926,0.011973,-0.071567,0.52807,0.43137,0.031327
aprendizado|capital 50% abaixo,150,0.99169,0.055627,0.0024243,0.5299,0.43207,0.035278
aprendizado|capital 50% abaixo,160,0.98467,0.13384,0.047452,0.53235,0.43297,0.039879
aprendizado|capital 50% abaixo,170,0.98969,0.074978,0.074668,0.53361,0.43388,0.037677
aprendizado|capital 50% abaixo,180,0.99947,0.0022469,0.060407,0.53206,0.4324,0.031428
aprendizado|capital 50% abaixo,190,1.0068,-0.057419,0.012164,0.52966,0.43101,0.024328
aprendizado|capital 50% abaixo,200,1.008,-0.057349,-0.027554,0.52813,0.43036,0.022795
aprendizado|capital 50% abaixo,210,1.0049,-0.041334,-0.035955,0.5269,0.42919,0.021545
aprendizado|capital 50% abaixo,220,1.0035,-0.020181,-0.024007,0.52624,0.42899,0.021842
aprendizado|capital 50% abaixo,230,0.9973,0.011871,-0.021008,0.52555,0.42822,0.022795
aprendizado|capital 50% abaixo,240,0.99174,0.07816,0.018159,0.52665,0.42782,0.025842
aprendizado|capital 50% abaixo,250,0.99418,0.026538,0.039335,0.5271,0.42855,0.026028
aprendizado|capital 50% abaixo,260,0.99478,0.033682,0.0371,0.52711,0.42809,0.024545
aprendizado|capital 50% abaixo,270,1.0011,-0.047552,0.028358,0.52581,0.42762,0.020345
aprendizado|capital 50% abaixo,280,1.0033,-0.030083,0.0024272,0.52489,0.42747,0.017542
aprendizado|capital 50% abaixo,290,1.0007,-0.0041771,-0.013053,0.52415,0.42667,0.016227
aprendizado|capital 50% abaixo,300,0.99574,0.035912,0.00033079,0.525,0.4263,0.019362
aprendizado|capital 50% abaixo,310,0.99626,0.0043769,0.019011,0.52531,0.42651,0.020029
aprendizado|capital 50% abaixo,320,0.99985,0.018921,0.023676,0.52516,0.42637,0.018527
aprendizado|capital 50% abaixo,330,1.0027,-0.048374,0.0031104,0.52525,0.42605,0.016745
aprendizado|capital 50% abaixo,340,0.99966,0.0087672,-0.0072132,0.52509,0.42548,0.018127
aprendizado|capital 50% abaixo,350,0.99967,-0.024368,0.00048083,0.52506,0.4259,0.017878
aprendizado|capital 50% abaixo,360,0.99864,0.022764,0.0061782,0.52516,0.42606,0.019395
aprendizado|capital 50% abaixo,370,0.99554,0.05461,0.010769,0.52563,0.4269,0.021127
aprendizado|capital 50% abaixo,380,0.99979,0.016423,0.023893,0.52518,0.42692,0.018245
aprendizado|capital 50% abaixo,390,1.0027,-0.040496,-1.5358e-05,0.52381,0.42569,0.016355
aprendizado|capital 50% abaixo,400,1.0011,-0.0057987,-0.012305,0.52394,0.4258,0.016495
aprendizado|capital 50% abaixo,410,0.99648,0.041893,-0.0049166,0.52392,0.42548,0.017592
aprendizado|capital 50% abaixo,420,1.0007,0.019816,0.010776,0.52308,0.4252,0.016923
aprendizado|capital 50% abaixo,430,1.0012,-0.015988,-0.0022171,0.52165,0.42413,0.016123
aprendizado|capital 50% abaixo,440,1.0012,-0.0072739,-0.007602,0.52187,0.42457,0.015492
aprendizado|capital 50% abaixo,450,1.0008,-0.001873,-0.0027993,0.52168,0.42519,0.017023
aprendizado|capital 50% abaixo,460,0.99998,-0.0052147,5.9753e-06,0.52234,0.42524,0.015177
aprendizado|capital 50% abaixo,470,1.0001,-0.019541,-0.0018998,0.52219,0.42519,0.014749
aprendizado|capital 50% abaixo,480,0.99788,-0.0026463,6.5104e-05,0.52174,0.42438,0.015542
aprendizado|capital 50% abaixo,490,0.99636,0.045813,0.013968,0.52297,0.4247,0.014209
aprendizado|capital 50% abaixo,500,0.99957,-0.0083197,0.016652,0.52244,0.42428,0.013845
aprendizado|capital 50% abaixo,510,1.0003,-0.017943,0.0096086,0.52332,0.42526,0.014577
aprendizado|capital 50% abaixo,520,0.99728,0.02387,0.0083414,0.52424,0.42591,0.017095
aprendizado|capital 50% abaixo,530,1.0011,-0.021759,0.010725,0.52465,0.42633,0.016845
aprendizado|capital 50% abaixo,540,1.0018,-0.028095,0.00024729,0.52324,0.42531,0.014677
aprendizado|capital 50% abaixo,550,1.0012,0.02866,5.2096e-05,0.52214,0.42436,0.014042
aprendizado|capital 50% abaixo,560,1.0009,-0.029415,-0.0085094,0.52143,0.4237,0.015355
aprendizado|capital 50% abaixo,570,0.99927,0.010259,-0.0025962,0.52139,0.42183,0.013026
aprendizado|capital 50% abaixo,580,0.99478,0.033539,0.0033519,0.52144,0.42113,0.012851
aprendizado|capital 50% abaixo,590,0.99853,-0.0027558,0.024018,0.52191,0.42208,0.011523
aprendizado|capital 50% abaixo,600,1.0046,-0.03581,0.0091085,0.52159,0.42245,0.015851
aprendizado|capital 50% abaixo,610,1.0028,-0.034365,-0.018844,0.52136,0.42318,0.016149
aprendizado|capital 50% abaixo,620,1.0053,-0.047291,-0.012994,0.52143,0.42383,0.016873
aprendizado|capital 50% abaixo,630,1.0033,-0.020717,-0.021208,0.52091,0.42353,0.016399
aprendizado|capital 50% abaixo,640,0.99688,0.036745,-0.012609,0.52152,0.42377,0.014445
aprendizado|capital 50% abaixo,650,0.99549,0.019996,0.012029,0.52205,0.42351,0.013927
aprendizado|capital 50% abaixo,660,0.99625,0.042609,0.022961,0.52297,0.42436,0.012592
aprendizado|capital 50% abaixo,670,0.99987,0.019273,0.022836,0.52206,0.42349,0.011873
aprendizado|capital 50% abaixo,680,1.004,-0.0011455,0.002716,0.5208,0.42287,0.014473
aprendizado|capital 50% abaixo,690,1.0039,-0.030145,-0.020411,0.52029,0.42259,0.014901
aprendizado|capital 50% abaixo,700,0.99661,0.0059039,-0.018291,0.52,0.42181,0.013641
aprendizado|capital 50% abaixo,710,0.99254,0.045953,0.015515,0.52074,0.42173,0.010375
aprendizado|capital 50% abaixo,720,0.99358,0.074902,0.04277,0.52038,0.42113,0.010389
aprendizado|capital 50% abaixo,730,1.0018,-0.010594,0.034479,0.52009,0.42155,0.013749
aprendizado|capital 50% abaixo,740,1.0012,-0.0015296,-0.00072615,0.51938,0.42072,0.014305
aprendizado|capital 50% abaixo,750,1.0042,-0.0079796,-0.0038721,0.51895,0.42059,0.017049
aprendizado|capital 50% abaixo,760,0.99854,-0.00040281,-0.017434,0.51835,0.41915,0.014749
aprendizado|capital 50% abaixo,770,0.99329,0.04929,0.0098165,0.51978,0.42039,0.012599
aprendizado|capital 50% abaixo,780,0.9953,0.058667,0.032396,0.52038,0.42076,0.012255
aprendizado|capital 50% abaixo,790,0.99923,-0.010251,0.024482,0.52049,0.42035,0.011699
aprendizado|capital 50% abaixo,800,0.99875,-0.001883,0.0079443,0.51956,0.41959,0.012449
aprendizado|capital 50% abaixo,810,0.99868,0.032051,0.011654,0.51948,0.41986,0.012799
aprendizado|capital 50% abaixo,820,1.001,-0.0026093,0.0048481,0.51991,0.42068,0.012449
aprendizado|capital 50% abaixo,830,1.0008,-0.016912,-0.0040073,0.52002,0.42067,0.013055
aprendizado|capital 50% abaixo,840,1.0003,-0.014523,-0.0017511,0.52084,0.42142,0.011599
aprendizado|capital 50% abaixo,850,0.99779,-0.03589,-0.0047845,0.52025,0.42153,0.011177
aprendizado|capital 50% abaixo,860,0.99566,0.050255,0.017813,0.52078,0.42161,0.0095409
aprendizado|capital 50% abaixo,870,0.99797,0.040583,0.024161,0.52009,0.42105,0.011591
aprendizado|capital 50% abaixo,880,1.002,-0.009525,0.013007,0.51869,0.41998,0.016726
aprendizado|capital 50% abaixo,890,1.0034,-0.040587,-0.0071405,0.51921,0.42086,0.015023
aprendizado|capital 50% abaixo,900,1.0031,-0.039288,-0.015832,0.51887,0.42079,0.016037
aprendizado|capital 50% abaixo,910,1.0005,0.0076281,-0.010749,0.51852,0.42053,0.017091
aprendizado|capital 50% abaixo,920,0.99688,0.021065,-0.0030614,0.51801,0.42037,0.017749
aprendizado|capital 50% abaixo,930,0.99477,0.038662,0.018314,0.51842,0.42,0.015041
aprendizado|capital 50% abaixo,940,0.99707,0.024282,0.027368,0.51935,0.42125,0.014339
aprendizado|capital 50% abaixo,950,0.99961,0.0057178,0.020094,0.5199,0.42183,0.015549
aprendizado|capital 50% abaixo,960,0.99835,-0.024854,0.0043701,0.52015,0.42077,0.012805
aprendizado|capital 50% abaixo,970,0.99774,0.030285,0.015802,0.52049,0.42154,0.013755
aprendizado|capital 50% abaixo,980,0.99704,0.022646,0.015823,0.52029,0.42118,0.013473
aprendizado|capital 50% abaixo,990,0.99726,0.01531,0.017133,0.52012,0.42141,0.013449
aprendizado|capital 50% abaixo,1000,0.99628,0.04329,0.01358,0.5207,0.4222,0.010841
aprendizado|capital 50% acima,1,1.4582,-2.7289,-2.9283,0.51528,0.41359,0.18702
aprendizado|capital 50% acima,2,1.4037,-2.4981,-2.9011,0.51407,0.41236,0.17087
aprendizado|capital 50% acima,3,1.3491,-2.2379,-2.8573,0.5134,0.41137,0.15309
aprendizado|capital 50% acima,4,1.2959,-1.9524,-2.7949,0.51341,0.41073,0.13596
aprendizado|capital 50% acima,5,1.2443,-1.6433,-2.7146,0.51415,0.4106,0.11662
aprendizado|capital 50% acima,6,1.1951,-1.382,-2.6175,0.51566,0.41085,0.095973
aprendizado|capital 50% acima,7,1.147,-1.072,-2.506,0.51787,0.41153,0.075555
aprendizado|capital 50% acima,8,1.1014,-0.74301,-2.3784,0.52095,0.4128,0.054672
aprendizado|capital 50% acima,9,1.058,-0.44064,-2.2369,0.5249,0.41449,0.032673
aprendizado|capital 50% acima,10,1.0165,-0.12456,-2.083,0.52976,0.4169,0.02105
aprendizado|capital 50% acima,11,0.9773,0.16695,-1.9171,0.53565,0.41984,0.040801
aprendizado|capital 50% acima,12,0.94109,0.50717,-1.7377,0.54263,0.42362,0.062245
aprendizado|capital 50% acima,13,0.90817,0.83344,-1.5475,0.55056,0.42797,0.085245
aprendizado|capital 50% acima,14,0.87829,1.1075,-1.3497,0.5595,0.43305,0.10695
aprendizado|capital 50% acima,15,0.85118,1.3888,-1.1452,0.56917,0.43866,0.12783
aprendizado|capital 50% acima,16,0.82682,1.6176,-0.93827,0.57922,0.44454,0.15155
aprendizado|capital 50% acima,17,0.80492,1.8479,-0.72938,0.58967,0.45102,0.17326
aprendizado|capital 50% acima,18,0.78651,2.074,-0.51709,0.60039,0.45783,0.19241
aprendizado|capital 50% acima,19,0.77105,2.2622,-0.30646,0.61103,0.46463,0.21061
aprendizado|capital 50% acima,20,0.75821,2.38,-0.1017,0.6215,0.47163,0.22726
aprendizado|capital 50% acima,21,0.74793,2.5264,0.097792,0.63111,0.47824,0.24272
aprendizado|capital 50% acima,22,0.74062,2.6509,0.29237,0.64048,0.48493,0.25642
aprendizado|capital 50% acima,23,0.73565,2.7163,0.47953,0.64925,0.49129,0.26992
aprendizado|capital 50% acima,24,0.7323,2.7682,0.65586,0.65724,0.49735,0.28206
aprendizado|capital 50% acima,25,0.73058,2.7846,0.8206,0.66474,0.50336,0.29337
aprendizado|capital 50% acima,26,0.73021,2.782,0.97239,0.67169,0.50909,0.30272
aprendizado|capital 50% acima,27,0.73128,2.757,1.1111,0.67815,0.51451,0.30956
aprendizado|capital 50% acima,28,0.73402,2.7162,1.2374,0.68371,0.5194,0.31682
aprendizado|capital 50% acima,29,0.73834,2.6915,1.352,0.68838,0.52362,0.32222
aprendizado|capital 50% acima,30,0.74379,2.6169,1.4517,0.69214,0.52727,0.32682
aprendizado|capital 50% acima,31,0.75055,2.5139,1.5376,0.69527,0.5304,0.33242
aprendizado|capital 50% acima,32,0.75797,2.4176,1.608,0.69775,0.53318,0.33541
aprendizado|capital 50% acima,33,0.76641,2.3304,1.6657,0.69954,0.53533,0.33836
aprendizado|capital 50% acima,34,0.77625,2.2157,1.7117,0.70055,0.53696,0.34076
aprendizado|capital 50% acima,35,0.78685,2.1102,1.7447,0.70084,0.5379,0.34221
aprendizado|capital 50% acima,36,0.79833,1.9408,1.7646,0.70057,0.53841,0.34276
aprendizado|capital 50% acima,37,0.81,1.8114,1.7717,0.69973,0.53848,0.34162
aprendizado|capital 50% acima,38,0.82236,1.6782,1.7684,0.69843,0.53815,0.34106
aprendizado|capital 50% acima,39,0.83498,1.5142,1.7532,0.69692,0.5376,0.33856
aprendizado|capital 50% acima,40,0.84774,1.4184,1.7294,0.69483,0.53652,0.33482
aprendizado|capital 50% acima,41,0.8614,1.2656,1.6977,0.69235,0.53521,0.32977
aprendizado|capital 50% acima,42,0.87545,1.1538,1.6588,0.68938,0.53357,0.32277
aprendizado|capital 50% acima,43,0.88983,0.96893,1.6112,0.6861,0.53146,0.31556
aprendizado|capital 50% acima,44,0.90365,0.85262,1.5559,0.68251,0.52896,0.3044
aprendizado|capital 50% acima,45,0.91733,0.72709,1.4944,0.67871,0.52647,0.29015
aprendizado|capital 50% acima,46,0.93091,0.59988,1.4278,0.67453,0.52358,0.27558
aprendizado|capital 50% acima,47,0.94414,0.4544,1.3559,0.67025,0.52065,0.25941
aprendizado|capital 50% acima,48,0.95673,0.35948,1.2808,0.66593,0.51759,0.24505
aprendizado|capital 50% acima,49,0.96925,0.25386,1.2037,0.66154,0.51442,0.22982
aprendizado|capital 50% acima,50,0.98156,0.15187,1.1246,0.65706,0.51111,0.22261
aprendizado|capital 50% acima,51,0.99321,0.03878,1.0432,0.65257,0.50784,0.2179
aprendizado|capital 50% acima,52,1.0043,-0.032832,0.96143,0.64798,0.50457,0.2128
aprendizado|capital 50% acima,53,1.0152,-0.11773,0.87991,0.6433,0.50127,0.20706
aprendizado|capital 50% acima,54,1.0258,-0.17944,0.79924,0.63858,0.49792,0.20155
aprendizado|capital 50% acima,55,1.0359,-0.26439,0.71867,0.63387,0.49444,0.19736
aprendizado|capital 50% acima,56,1.0454,-0.34175,0.63824,0.62923,0.49101,0.19117
aprendizado|capital 50% acima,57,1.0545,-0.41758,0.55895,0.62485,0.4877,0.18377
aprendizado|capital 50% acima,58,1.0625,-0.47321,0.48029,0.62041,0.48443,0.17827
aprendizado|capital 50% acima,59,1.0703,-0.52799,0.4041,0.61616,0.48137,0.17087
aprendizado|capital 50% acima,60,1.077,-0.58758,0.32824,0.61234,0.47867,0.16572
aprendizado|capital 50% acima,61,1.0835,-0.62493,0.25604,0.60845,0.47593,0.15951
aprendizado|capital 50% acima,62,1.0891,-0.65897,0.1853,0.60472,0.47336,0.15316
aprendizado|capital 50% acima,63,1.0942,-0.69563,0.11744,0.60096,0.47066,0.14796
aprendizado|capital 50% acima,64,1.0988,-0.72097,0.052976,0.59734,0.46821,0.14165
aprendizado|capital 50% acima,65,1.1025,-0.76052,-0.0088714,0.59391,0.46583,0.13385
aprendizado|capital 50% acima,66,1.1047,-0.79894,-0.069164,0.5906,0.46352,0.12645
aprendizado|capital 50% acima,67,1.1056,-0.79423,-0.12574,0.58759,0.46152,0.12313
aprendizado|capital 50% acima,68,1.1058,-0.79248,-0.17812,0.58469,0.45964,0.11648
aprendizado|capital 50% acima,69,1.1055,-0.7874,-0.22529,0.58206,0.45795,0.11212
aprendizado|capital 50% acima,70,1.1043,-0.78021,-0.26874,0.57974,0.45637,0.10632
aprendizado|capital 50% acima,71,1.1023,-0.75877,-0.30806,0.57773,0.45488,0.10306
aprendizado|capital 50% acima,72,1.0997,-0.76384,-0.34366,0.57585,0.45368,0.10021
aprendizado|capital 50% acima,73,1.0963,-0.71977,-0.37425,0.57426,0.45263,0.097758
aprendizado|capital 50% acima,74,1.0928,-0.7303,-0.40053,0.57288,0.45169,0.094649
aprendizado|capital 50% acima,75,1.0885,-0.65819,-0.42193,0.5717,0.45106,0.093099
aprendizado|capital 50% acima,76,1.0841,-0.63725,-0.43942,0.57061,0.4504,0.091699
aprendizado|capital 50% acima,77,1.0792,-0.58133,-0.45243,0.56968,0.4498,0.090099
aprendizado|capital 50% acima,78,1.0741,-0.59647,-0.46314,0.56893,0.44939,0.091099
aprendizado|capital 50% acima,79,1.0683,-0.53569,-0.4697,0.56841,0.4491,0.091349
aprendizado|capital 50% acima,80,1.0622,-0.4889,-0.47286,0.56802,0.44901,0.091263
aprendizado|capital 50% acima,81,1.0562,-0.43457,-0.47123,0.56776,0.44892,0.091763
aprendizado|capital 50% acima,82,1.0502,-0.40128,-0.46652,0.56747,0.44865,0.093263
aprendizado|capital 50% acima,83,1.0443,-0.32668,-0.45744,0.56733,0.44849,0.095013
aprendizado|capital 50% acima,84,1.0383,-0.32679,-0.44762,0.56742,0.44866,0.096563
aprendizado|capital 50% acima,85,1.032,-0.26905,-0.43456,0.56774,0.44901,0.099163
aprendizado|capital 50% acima,86,1.0261,-0.20171,-0.41793,0.56813,0.44944,0.10126
aprendizado|capital 50% acima,87,1.0205,-0.14627,-0.39913,0.5686,0.44989,0.10286
aprendizado|capital 50% acima,88,1.0153,-0.12731,-0.3789,0.56892,0.45017,0.10316
aprendizado|capital 50% acima,89,1.0102,-0.076261,-0.35624,0.56951,0.45059,0.10476
aprendizado|capital 50% acima,90,1.0053,-0.068446,-0.33377,0.57005,0.45093,0.10785
aprendizado|capital 50% acima,91,1,-0.0051486,-0.31068,0.57084,0.45147,0.11015
aprendizado|capital 50% acima,92,0.99553,0.034674,-0.28515,0.57159,0.45213,0.11216
aprendizado|capital 50% acima,93,0.99147,0.056477,-0.25899,0.57248,0.45299,0.11341
aprendizado|capital 50% acima,94,0.98754,0.10556,-0.23235,0.57343,0.4539,0.11641
aprendizado|capital 50% acima,95,0.98452,0.136,-0.20412,0.5742,0.45441,0.11751
aprendizado|capital 50% acima,96,0.98174,0.16468,-0.17663,0.57505,0.45508,0.11896
aprendizado|capital 50% acima,97,0.97942,0.16342,-0.1499,0.57565,0.4555,0.12061
aprendizado|capital 50% acima,98,0.97713,0.17898,-0.12428,0.57636,0.45607,0.12136
aprendizado|capital 50% acima,99,0.97498,0.19855,-0.099713,0.57686,0.45653,0.12231
aprendizado|capital 50% acima,100,0.97311,0.2192,-0.076011,0.57746,0.45717,0.12391
aprendizado|capital 50% acima,110,0.97349,0.22626,0.094598,0.58046,0.46064,0.12338
aprendizado|capital 50% acima,120,0.99182,0.064542,0.1133,0.57638,0.4569,0.10933
aprendizado|capital 50% acima,130,1.0103,-0.083697,0.038035,0.56896,0.45141,0.090576
aprendizado|capital 50% acima,140,1.0204,-0.15657,-0.055459,0.56121,0.44612,0.071722
aprendizado|capital 50% acima,150,1.0175,-0.15158,-0.10357,0.55576,0.44292,0.064244
aprendizado|capital 50% acima,160,1.0009,0.0012647,-0.093617,0.55499,0.44262,0.068694
aprendizado|capital 50% acima,170,0.99371,0.042095,-0.028747,0.55556,0.4436,0.068644
aprendizado|capital 50% acima,180,0.9965,0.026295,0.016945,0.5538,0.44229,0.066294
aprendizado|capital 50% acima,190,1.0038,-0.033767,0.0083201,0.5507,0.44056,0.057458
aprendizado|capital 50% acima,200,1.0091,-0.066293,-0.026009,0.54743,0.43895,0.049339
aprendizado|capital 50% acima,210,1.0099,-0.081504,-0.050945,0.54392,0.43686,0.044089
aprendizado|capital 50% acima,220,1.0099,-0.071265,-0.057448,0.54113,0.43517,0.039192
aprendizado|capital 50% acima,230,1.0028,-0.032248,-0.062392,0.53901,0.43365,0.039189
aprendizado|capital 50% acima,240,0.99517,0.050134,-0.019937,0.53902,0.43257,0.041939
aprendizado|capital 50% acima,250,0.99618,0.010279,0.011189,0.53896,0.43311,0.042039
aprendizado|capital 50% acima,260,0.99654,0.019398,0.016637,0.53821,0.4321,0.041289
aprendizado|capital 50% acima,270,1.0031,-0.063652,0.010892,0.53605,0.43132,0.032528
aprendizado|capital 50% acima,280,1.0058,-0.049424,-0.015554,0.53389,0.43064,0.028145
aprendizado|capital 50% acima,290,1.003,-0.023202,-0.031777,0.53207,0.42881,0.025847
aprendizado|capital 50% acima,300,0.9979,0.018419,-0.018214,0.53225,0.42811,0.028028
aprendizado|capital 50% acima,310,0.99824,-0.011618,0.0016868,0.53209,0.42811,0.026342
aprendizado|capital 50% acima,320,1.0018,0.0031512,0.0070678,0.53112,0.42785,0.023245
aprendizado|capital 50% acima,330,1.0045,-0.063124,-0.012818,0.53058,0.42749,0.021095
aprendizado|capital 50% acima,340,1.0014,-0.0052094,-0.022137,0.53005,0.42696,0.021079
aprendizado|capital 50% acima,350,1.0013,-0.037334,-0.013699,0.52959,0.42704,0.020147
aprendizado|capital 50% acima,360,1.0002,0.010136,-0.0071764,0.52935,0.42663,0.020145
aprendizado|capital 50% acima,370,0.99709,0.041989,-0.0021526,0.52936,0.42726,0.021329
aprendizado|capital 50% acima,380,1.0014,0.0034977,0.010965,0.52817,0.4267,0.017512
aprendizado|capital 50% acima,390,1.0041,-0.051821,-0.012467,0.52631,0.42531,0.013762
aprendizado|capital 50% acima,400,1.0023,-0.015759,-0.023629,0.52607,0.42508,0.012595
aprendizado|capital 50% acima,410,0.99766,0.032313,-0.015304,0.52573,0.42477,0.014128
aprendizado|capital 50% acima,420,1.0018,0.010651,0.00096389,0.52459,0.42425,0.012323
aprendizado|capital 50% acima,430,1.0023,-0.024892,-0.01158,0.52295,0.4229,0.013299
aprendizado|capital 50% acima,440,1.0022,-0.015619,-0.016586,0.52296,0.42318,0.012541
aprendizado|capital 50% acima,450,1.0018,-0.0098047,-0.011221,0.52278,0.42386,0.014655
aprendizado|capital 50% acima,460,1.001,-0.013118,-0.0081105,0.52322,0.42397,0.012005
aprendizado|capital 50% acima,470,1.001,-0.027392,-0.0099813,0.52268,0.42371,0.013749
aprendizado|capital 50% acima,480,0.9987,-0.0092925,-0.0075253,0.52176,0.42259,0.014526
aprendizado|capital 50% acima,490,0.99705,0.040225,0.007299,0.52269,0.42277,0.010645
aprendizado|capital 50% acima,500,1.0004,-0.014711,0.010398,0.52221,0.42228,0.011605
aprendizado|capital 50% acima,510,1.0012,-0.025263,0.0028979,0.52293,0.42321,0.011405
aprendizado|capital 50% acima,520,0.9982,0.016402,0.0012516,0.52371,0.42389,0.014177
aprendizado|capital 50% acima,530,1.0019,-0.028399,0.0035927,0.52377,0.42414,0.010978
aprendizado|capital 50% acima,540,1.0023,-0.032622,-0.0059765,0.52227,0.4232,0.012623
aprendizado|capital 50% acima,550,1.0016,0.025114,-0.0048827,0.52111,0.42249,0.013391
aprendizado|capital 50% acima,560,1.0014,-0.033415,-0.012757,0.5202,0.42161,0.014449
aprendizado|capital 50% acima,570,0.99985,0.005619,-0.0069582,0.51999,0.41982,0.012626
aprendizado|capital 50% acima,580,0.99539,0.028527,-0.0012454,0.52,0.41897,0.012439
aprendizado|capital 50% acima,590,0.99917,-0.0079485,0.01911,0.52026,0.41977,0.012673
aprendizado|capital 50% acima,600,1.0052,-0.040837,0.0040451,0.51981,0.42021,0.016701
aprendizado|capital 50% acima,610,1.0033,-0.038939,-0.02372,0.51969,0.42096,0.016649
aprendizado|capital 50% acima,620,1.0058,-0.051398,-0.017596,0.51959,0.42149,0.018273
aprendizado|capital 50% acima,630,1.0037,-0.02425,-0.025314,0.51912,0.42124,0.016773
aprendizado|capital 50% acima,640,0.99731,0.033208,-0.016384,0.51973,0.42145,0.014373
aprendizado|capital 50% acima,650,0.99583,0.017247,0.0085925,0.52011,0.4212,0.012305
aprendizado|capital 50% acima,660,0.99652,0.040369,0.020134,0.52108,0.42194,0.011599
aprendizado|capital 50% acima,670,1.0002,0.016282,0.020089,0.52009,0.42118,0.012387
aprendizado|capital 50% acima,680,1.0044,-0.0043276,-0.00025044,0.51887,0.42063,0.014723
aprendizado|capital 50% acima,690,1.0042,-0.03325,-0.023451,0.51831,0.42022,0.015526
aprendizado|capital 50% acima,700,0.99696,0.0031138,-0.021268,0.51798,0.41944,0.013541
aprendizado|capital 50% acima,710,0.99288,0.043206,0.012654,0.51873,0.41953,0.010699
aprendizado|capital 50% acima,720,0.99391,0.072263,0.039979,0.51829,0.41885,0.011189
aprendizado|capital 50% acima,730,1.0021,-0.012907,0.031902,0.518,0.41926,0.015449
aprendizado|capital 50% acima,740,1.0014,-0.0038325,-0.0031894,0.51722,0.41858,0.015055
aprendizado|capital 50% acima,750,1.0044,-0.0097084,-0.0060249,0.51685,0.4184,0.017749
aprendizado|capital 50% acima,760,0.99876,-0.0021527,-0.019354,0.51627,0.41715,0.015749
aprendizado|capital 50% acima,770,0.99353,0.047308,0.0079327,0.5178,0.41853,0.012905
aprendizado|capital 50% acima,780,0.99558,0.056415,0.030411,0.51845,0.41915,0.012492
aprendizado|capital 50% acima,790,0.99952,-0.012588,0.022298,0.51856,0.41866,0.011949
aprendizado|capital 50% acima,800,0.999,-0.0039256,0.0057508,0.51762,0.41787,0.013673
aprendizado|capital 50% acima,810,0.99889,0.030333,0.0096619,0.51766,0.41827,0.013823
aprendizado|capital 50% acima,820,1.0012,-0.0041482,0.0030763,0.51816,0.41901,0.013673
aprendizado|capital 50% acima,830,1.001,-0.018678,-0.0057453,0.51835,0.41896,0.013705
aprendizado|capital 50% acima,840,1.0005,-0.016153,-0.0034899,0.51908,0.4197,0.012273
aprendizado|capital 50% acima,850,0.99798,-0.037439,-0.0064417,0.51851,0.41975,0.011127
aprendizado|capital 50% acima,860,0.99585,0.04864,0.016198,0.51911,0.41994,0.0097409
aprendizado|capital 50% acima,870,0.99817,0.038958,0.022504,0.51841,0.41938,0.012491
aprendizado|capital 50% acima,880,1.0022,-0.011016,0.01141,0.51697,0.41843,0.017942
aprendizado|capital 50% acima,890,1.0035,-0.041941,-0.0086627,0.51744,0.41928,0.016423
aprendizado|capital 50% acima,900,1.0032,-0.040096,-0.017093,0.51707,0.41926,0.017118
aprendizado|capital 50% acima,910,1.0006,0.0069682,-0.011717,0.51669,0.41894,0.017841
aprendizado|capital 50% acima,920,0.99699,0.020164,-0.0039119,0.51626,0.41869,0.018799
aprendizado|capital 50% acima,930,0.99494,0.037279,0.017269,0.51662,0.41832,0.015973
aprendizado|capital 50% acima,940,0.99722,0.023071,0.026176,0.51755,0.41963,0.014455
aprendizado|capital 50% acima,950,0.99975,0.0045601,0.018926,0.51817,0.4202,0.016249
aprendizado|capital 50% acima,960,0.99848,-0.025876,0.0032398,0.51842,0.41921,0.013699
aprendizado|capital 50% acima,970,0.99784,0.029459,0.014793,0.51873,0.41987,0.014755
aprendizado|capital 50% acima,980,0.99714,0.021837,0.014938,0.51858,0.41962,0.014573
aprendizado|capital 50% acima,990,0.99737,0.014387,0.016251,0.51846,0.41976,0.014749
aprendizado|capital 50% acima,1000,0.99637,0.042598,0.012697,0.51895,0.42045,0.011651
aprendizado|riqueza igual para todos,1,1.0011,0.019911,0.0009915,0.013212,0.10523,0.67551
aprendizado|riqueza igual para todos,2,1.0033,-0.024702,0.0008027,0.02284,0.1092,0.65373
aprendizado|riqueza igual para todos,3,1.0048,-0.046619,-0.0024167,0.031154,0.1127,0.6402
aprendizado|riqueza igual para todos,4,1.0064,-0.051932,-0.0056859,0.038473,0.11596,0.63075
aprendizado|riqueza igual para todos,5,1.0081,-0.042099,-0.0090427,0.045147,0.11908,0.61958
aprendizado|riqueza igual para todos,6,1.0104,-0.094718,-0.01289,0.051176,0.12208,0.61204
aprendizado|riqueza igual para todos,7,1.0118,-0.09956,-0.019054,0.05675,0.12481,0.60894
aprendizado|riqueza igual para todos,8,1.0135,-0.090012,-0.024597,0.061966,0.12749,0.60128
aprendizado|riqueza igual para todos,9,1.0153,-0.11345,-0.031101,0.06703,0.13006,0.59673
aprendizado|riqueza igual para todos,10,1.0165,-0.12479,-0.039051,0.071634,0.1324,0.59163
aprendizado|riqueza igual para todos,11,1.0175,-0.15895,-0.047854,0.075604,0.13446,0.5877
aprendizado|riqueza igual para todos,12,1.0187,-0.14063,-0.054726,0.079666,0.1367,0.58315
aprendizado|riqueza igual para todos,13,1.0201,-0.12731,-0.060864,0.083685,0.13891,0.5791
aprendizado|riqueza igual para todos,14,1.0215,-0.15193,-0.067692,0.08779,0.1412,0.57495
aprendizado|riqueza igual para todos,15,1.0228,-0.15584,-0.074634,0.09168,0.14335,0.5709
aprendizado|riqueza igual para todos,16,1.0236,-0.18848,-0.083523,0.095403,0.14544,0.5659
aprendizado|riqueza igual para todos,17,1.0237,-0.20011,-0.093082,0.098865,0.14738,0.56215
aprendizado|riqueza igual para todos,18,1.0242,-0.19157,-0.10015,0.10256,0.14949,0.5586
aprendizado|riqueza igual para todos,19,1.0245,-0.1907,-0.10715,0.10597,0.15135,0.5539
aprendizado|riqueza igual para todos,20,1.0242,-0.22147,-0.11567,0.10893,0.15274,0.55
aprendizado|riqueza igual para todos,21,1.0233,-0.19979,-0.12328,0.1118,0.15412,0.54745
aprendizado|riqueza igual para todos,22,1.0229,-0.17007,-0.12795,0.11488,0.15581,0.5443
aprendizado|riqueza igual para todos,23,1.0231,-0.17086,-0.13066,0.11787,0.15751,0.54065
aprendizado|riqueza igual para todos,24,1.0231,-0.16396,-0.13344,0.12072,0.15919,0.5384
aprendizado|riqueza igual para todos,25,1.023,-0.16859,-0.13619,0.12342,0.16074,0.5361
aprendizado|riqueza igual para todos,26,1.0226,-0.17165,-0.13942,0.12622,0.16238,0.53285
aprendizado|riqueza igual para todos,27,1.022,-0.17589,-0.14266,0.12906,0.16396,0.52925
aprendizado|riqueza igual para todos,28,1.0214,-0.1755,-0.14491,0.13177,0.16544,0.526
aprendizado|riqueza igual para todos,29,1.0211,-0.1464,-0.14512,0.13436,0.16687,0.5221
aprendizado|riqueza igual para todos,30,1.0206,-0.14639,-0.14579,0.13642,0.16793,0.52008
aprendizado|riqueza igual para todos,31,1.0202,-0.15764,-0.14608,0.13874,0.16927,0.51725
aprendizado|riqueza igual para todos,32,1.0192,-0.15277,-0.14732,0.14109,0.17052,0.51345
aprendizado|riqueza igual para todos,33,1.0181,-0.1301,-0.14749,0.14328,0.17176,0.51043
aprendizado|riqueza igual para todos,34,1.0176,-0.1222,-0.14574,0.14567,0.17316,0.50745
aprendizado|riqueza igual para todos,35,1.017,-0.099968,-0.14366,0.14797,0.17444,0.50478
aprendizado|riqueza igual para todos,36,1.0165,-0.12851,-0.1419,0.15007,0.17567,0.50233
aprendizado|riqueza igual para todos,37,1.0156,-0.11852,-0.14057,0.15213,0.17677,0.49878
aprendizado|riqueza igual para todos,38,1.0148,-0.10908,-0.1383,0.15426,0.17799,0.49628
aprendizado|riqueza igual para todos,39,1.0138,-0.12574,-0.13695,0.15632,0.17908,0.49403
aprendizado|riqueza igual para todos,40,1.0125,-0.080595,-0.13438,0.1583,0.18004,0.49073
aprendizado|riqueza igual para todos,41,1.012,-0.087006,-0.13061,0.16032,0.18113,0.48892
aprendizado|riqueza igual para todos,42,1.0116,-0.05693,-0.12559,0.16249,0.18238,0.48707
aprendizado|riqueza igual para todos,43,1.0116,-0.097289,-0.12161,0.16471,0.1837,0.48502
aprendizado|riqueza igual para todos,44,1.0109,-0.07709,-0.11844,0.16691,0.18483,0.48192
aprendizado|riqueza igual para todos,45,1.0102,-0.068792,-0.11558,0.16856,0.18563,0.47952
aprendizado|riqueza igual para todos,46,1.0095,-0.066388,-0.11255,0.17031,0.18651,0.47712
aprendizado|riqueza igual para todos,47,1.0087,-0.086316,-0.11039,0.172,0.18734,0.47457
aprendizado|riqueza igual para todos,48,1.0075,-0.062379,-0.10779,0.17386,0.18838,0.47162
aprendizado|riqueza igual para todos,49,1.0066,-0.05371,-0.1042,0.17578,0.18943,0.46862
aprendizado|riqueza igual para todos,50,1.0059,-0.046766,-0.10018,0.17757,0.19033,0.46712
aprendizado|riqueza igual para todos,51,1.005,-0.05653,-0.096848,0.17923,0.19119,0.46452
aprendizado|riqueza igual para todos,52,1.0041,-0.030988,-0.092719,0.18093,0.19218,0.46382
aprendizado|riqueza igual para todos,53,1.0036,-0.024913,-0.08776,0.18249,0.19316,0.46142
aprendizado|riqueza igual para todos,54,1.0033,-0.0019029,-0.081916,0.18416,0.19419,0.45972
aprendizado|riqueza igual para todos,55,1.0033,-0.0084157,-0.076427,0.18555,0.19511,0.45757
aprendizado|riqueza igual para todos,56,1.0033,-0.013419,-0.071677,0.18677,0.19582,0.45512
aprendizado|riqueza igual para todos,57,1.0035,-0.023089,-0.06708,0.18836,0.19685,0.45397
aprendizado|riqueza igual para todos,58,1.0033,-0.017722,-0.063494,0.18986,0.19785,0.45152
aprendizado|riqueza igual para todos,59,1.0036,-0.017257,-0.059347,0.19158,0.19891,0.45007
aprendizado|riqueza igual para todos,60,1.0034,-0.027348,-0.057145,0.1935,0.20012,0.44852
aprendizado|riqueza igual para todos,61,1.0036,-0.019651,-0.053667,0.19543,0.20138,0.44662
aprendizado|riqueza igual para todos,62,1.0036,-0.013708,-0.051414,0.19723,0.20249,0.44527
aprendizado|riqueza igual para todos,63,1.0038,-0.015705,-0.049104,0.19883,0.20351,0.44352
aprendizado|riqueza igual para todos,64,1.0042,-0.012172,-0.0464,0.20048,0.20461,0.44137
aprendizado|riqueza igual para todos,65,1.0047,-0.030774,-0.044429,0.20215,0.2057,0.43934
aprendizado|riqueza igual para todos,66,1.0047,-0.055305,-0.044591,0.20381,0.20676,0.43742
aprendizado|riqueza igual para todos,67,1.0044,-0.041032,-0.04484,0.20551,0.20776,0.43577
aprendizado|riqueza igual para todos,68,1.0042,-0.036558,-0.044889,0.20706,0.20865,0.43454
aprendizado|riqueza igual para todos,69,1.0044,-0.034468,-0.043819,0.20867,0.20965,0.43214
aprendizado|riqueza igual para todos,70,1.0044,-0.035525,-0.043283,0.21025,0.21072,0.43099
aprendizado|riqueza igual para todos,71,1.0043,-0.026694,-0.042919,0.21179,0.21162,0.43029
aprendizado|riqueza igual para todos,72,1.0042,-0.050386,-0.043175,0.21336,0.21257,0.42862
aprendizado|riqueza igual para todos,73,1.0039,-0.026849,-0.04269,0.2149,0.2135,0.42712
aprendizado|riqueza igual para todos,74,1.0041,-0.06512,-0.042204,0.21631,0.21432,0.42477
aprendizado|riqueza igual para todos,75,1.004,-0.020528,-0.041073,0.2178,0.21536,0.42362
aprendizado|riqueza igual para todos,76,1.0042,-0.03287,-0.040251,0.21893,0.2161,0.42162
aprendizado|riqueza igual para todos,77,1.0043,-0.011783,-0.039035,0.2201,0.21694,0.42002
aprendizado|riqueza igual para todos,78,1.0045,-0.067081,-0.039575,0.22139,0.21784,0.41927
aprendizado|riqueza igual para todos,79,1.0042,-0.045692,-0.039811,0.22279,0.21874,0.41769
aprendizado|riqueza igual para todos,80,1.0038,-0.040812,-0.040361,0.22413,0.21956,0.41684
aprendizado|riqueza igual para todos,81,1.0037,-0.029632,-0.039618,0.22545,0.22042,0.41529
aprendizado|riqueza igual para todos,82,1.0037,-0.041264,-0.039166,0.22663,0.22098,0.41374
aprendizado|riqueza igual para todos,83,1.0039,-0.011416,-0.037494,0.22788,0.22164,0.41209
aprendizado|riqueza igual para todos,84,1.0039,-0.058051,-0.038095,0.22924,0.22245,0.41007
aprendizado|riqueza igual para todos,85,1.0035,-0.045465,-0.038159,0.23064,0.22339,0.40859
aprendizado|riqueza igual para todos,86,1.0035,-0.022464,-0.037115,0.23205,0.22427,0.40699
aprendizado|riqueza igual para todos,87,1.0035,-0.01065,-0.036117,0.23349,0.22531,0.40464
aprendizado|riqueza igual para todos,88,1.0036,-0.034267,-0.035646,0.23458,0.22603,0.40434
aprendizado|riqueza igual para todos,89,1.0037,-0.023903,-0.034403,0.23587,0.22684,0.40319
aprendizado|riqueza igual para todos,90,1.0037,-0.055219,-0.034784,0.23692,0.22753,0.40204
aprendizado|riqueza igual para todos,91,1.003,-0.029307,-0.035715,0.23806,0.22823,0.40089
aprendizado|riqueza igual para todos,92,1.0029,-0.024916,-0.035157,0.23927,0.22916,0.39889
aprendizado|riqueza igual para todos,93,1.0029,-0.036154,-0.034667,0.24063,0.23007,0.39714
aprendizado|riqueza igual para todos,94,1.0027,-0.017861,-0.034158,0.24203,0.23102,0.39574
aprendizado|riqueza igual para todos,95,1.0031,-0.015666,-0.032301,0.24336,0.23192,0.39419
aprendizado|riqueza igual para todos,96,1.0034,-0.012508,-0.031185,0.24472,0.23286,0.39299
aprendizado|riqueza igual para todos,97,1.0038,-0.035852,-0.030603,0.24572,0.23352,0.39134
aprendizado|riqueza igual para todos,98,1.0039,-0.040046,-0.030706,0.24671,0.23427,0.3898
aprendizado|riqueza igual para todos,99,1.0038,-0.037706,-0.03127,0.24749,0.23467,0.38935
aprendizado|riqueza igual para todos,100,1.0036,-0.031267,-0.031931,0.24829,0.23517,0.38915
aprendizado|riqueza igual para todos,110,1.0033,-0.019034,-0.033097,0.25784,0.24206,0.3794
aprendizado|riqueza igual para todos,120,1.0028,-0.024535,-0.032115,0.26805,0.24877,0.36632
aprendizado|riqueza igual para todos,130,1.0028,-0.023286,-0.025036,0.27745,0.25553,0.35562
aprendizado|riqueza igual para todos,140,1.0058,-0.040957,-0.027899,0.28638,0.26194,0.34762
aprendizado|riqueza igual para todos,150,1.0067,-0.065993,-0.033994,0.2935,0.267,0.34032
aprendizado|riqueza igual para todos,160,0.99824,0.022668,-0.035689,0.30116,0.27157,0.32406
aprendizado|riqueza igual para todos,170,0.99644,0.01984,-0.0064996,0.30921,0.27682,0.31336
aprendizado|riqueza igual para todos,180,1.0004,-0.0052213,0.010045,0.31547,0.28131,0.30941
aprendizado|riqueza igual para todos,190,1.0056,-0.047532,-0.0072212,0.32118,0.28684,0.30751
aprendizado|riqueza igual para todos,200,1.008,-0.057266,-0.032921,0.3275,0.2918,0.29911
aprendizado|riqueza igual para todos,210,1.0075,-0.062264,-0.044937,0.33288,0.29543,0.29537
aprendizado|riqueza igual para todos,220,1.0078,-0.054267,-0.044629,0.33828,0.29936,0.28867
aprendizado|riqueza igual para todos,230,1.0016,-0.023153,-0.049676,0.34262,0.30205,0.28067
aprendizado|riqueza igual para todos,240,0.9951,0.050753,-0.011881,0.34809,0.3047,0.27102
aprendizado|riqueza igual para todos,250,0.99646,0.0079941,0.013881,0.35409,0.30929,0.26212
aprendizado|riqueza igual para todos,260,0.99651,0.019678,0.017035,0.35859,0.31216,0.25702
aprendizado|riqueza igual para todos,270,1.0025,-0.058587,0.012742,0.36296,0.31596,0.25357
aprendizado|riqueza igual para todos,280,1.0049,-0.04237,-0.011004,0.36763,0.31984,0.25077
aprendizado|riqueza igual para todos,290,1.0026,-0.019603,-0.026871,0.37145,0.32213,0.24477
aprendizado|riqueza igual para todos,300,0.99759,0.020895,-0.014514,0.37586,0.32437,0.23732
aprendizado|riqueza igual para todos,310,0.99791,-0.0089445,0.0047467,0.38033,0.3275,0.22942
aprendizado|riqueza igual para todos,320,1.0013,0.0070633,0.010332,0.38458,0.33067,0.22687
aprendizado|riqueza igual para todos,330,1.0038,-0.057285,-0.0084892,0.3893,0.3333,0.22057
aprendizado|riqueza igual para todos,340,1.0007,0.00057413,-0.016921,0.3933,0.33554,0.21257
aprendizado|riqueza igual para todos,350,1.0008,-0.033447,-0.0086584,0.39755,0.33863,0.20656
aprendizado|riqueza igual para todos,360,0.99986,0.012914,-0.003253,0.40141,0.34131,0.20122
aprendizado|riqueza igual para todos,370,0.99684,0.044022,0.00090747,0.40554,0.3443,0.19047
aprendizado|riqueza igual para todos,380,1.001,0.0063593,0.013646,0.40844,0.34689,0.19142
aprendizado|riqueza igual para todos,390,1.0037,-0.047954,-0.0094175,0.41074,0.3481,0.18629
aprendizado|riqueza igual para todos,400,1.0017,-0.010917,-0.019737,0.41441,0.35044,0.18247
aprendizado|riqueza igual para todos,410,0.99714,0.036547,-0.010901,0.41744,0.35232,0.17507
aprendizado|riqueza igual para todos,420,1.0015,0.013134,0.004568,0.41967,0.35411,0.17532
aprendizado|riqueza igual para todos,430,1.002,-0.021981,-0.008526,0.42126,0.35525,0.17432
aprendizado|riqueza igual para todos,440,1.0019,-0.012844,-0.013579,0.42466,0.35799,0.16829
aprendizado|riqueza igual para todos,450,1.0016,-0.0084094,-0.0089882,0.42748,0.36059,0.16477
aprendizado|riqueza igual para todos,460,1.0006,-0.010328,-0.0058543,0.4309,0.36223,0.15822
aprendizado|riqueza igual para todos,470,1.0006,-0.023878,-0.0070565,0.43346,0.36386,0.15461
aprendizado|riqueza igual para todos,480,0.99853,-0.007955,-0.0048675,0.43574,0.36498,0.14979
aprendizado|riqueza igual para todos,490,0.99719,0.039095,0.0082099,0.43927,0.3666,0.14279
aprendizado|riqueza igual para todos,500,1.0003,-0.014439,0.010598,0.44109,0.36806,0.14064
aprendizado|riqueza igual para todos,510,1.0009,-0.022324,0.0039915,0.44431,0.3706,0.13544
aprendizado|riqueza igual para todos,520,0.99766,0.02077,0.0039936,0.44768,0.37263,0.12844
aprendizado|riqueza igual para todos,530,1.0016,-0.025775,0.0066847,0.45047,0.3747,0.12545
aprendizado|riqueza igual para todos,540,1.0021,-0.031138,-0.0034771,0.45108,0.37543,0.12491
aprendizado|riqueza igual para todos,550,1.0016,0.025071,-0.0034714,0.45219,0.37605,0.12426
aprendizado|riqueza igual para todos,560,1.0013,-0.032794,-0.011968,0.45364,0.37677,0.12106
aprendizado|riqueza igual para todos,570,0.99961,0.0074891,-0.0059486,0.45534,0.37602,0.1178
aprendizado|riqueza igual para todos,580,0.99505,0.031311,0.00056986,0.4571,0.37639,0.1114
aprendizado|riqueza igual para todos,590,0.99877,-0.0047093,0.021605,0.45949,0.37875,0.11009
aprendizado|riqueza igual para todos,600,1.0048,-0.037453,0.0070292,0.46134,0.38057,0.10761
aprendizado|riqueza igual para todos,610,1.003,-0.036449,-0.02076,0.46328,0.38273,0.1053
aprendizado|riqueza igual para todos,620,1.0056,-0.049439,-0.015099,0.46505,0.3845,0.10405
aprendizado|riqueza igual para todos,630,1.0035,-0.022613,-0.023273,0.46609,0.38515,0.1011
aprendizado|riqueza igual para todos,640,0.99714,0.034603,-0.014668,0.46823,0.38622,0.093953
aprendizado|riqueza igual para todos,650,0.99574,0.018021,0.010019,0.47007,0.38686,0.091003
aprendizado|riqueza igual para todos,660,0.99647,0.040794,0.021021,0.47236,0.38857,0.088588
aprendizado|riqueza igual para todos,670,1.0001,0.01744,0.020984,0.47298,0.38893,0.090105
aprendizado|riqueza igual para todos,680,1.0042,-0.0029868,0.00084287,0.47318,0.3896,0.090938
aprendizado|riqueza igual para todos,690,1.004,-0.031456,-0.022088,0.4742,0.39022,0.086371
aprendizado|riqueza igual para todos,700,0.99682,0.0042015,-0.019879,0.47509,0.39016,0.081403
aprendizado|riqueza igual para todos,710,0.99282,0.043671,0.013674,0.4769,0.39083,0.075903
aprendizado|riqueza igual para todos,720,0.99386,0.072606,0.040643,0.47765,0.39109,0.075122
aprendizado|riqueza igual para todos,730,1.0021,-0.012522,0.032341,0.47876,0.39256,0.076988
aprendizado|riqueza igual para todos,740,1.0013,-0.0029888,-0.0026188,0.47927,0.39255,0.076855
aprendizado|riqueza igual para todos,750,1.0043,-0.0085094,-0.0052351,0.48007,0.3933,0.076571
aprendizado|riqueza igual para todos,760,0.99858,-0.00074379,-0.018231,0.48041,0.39247,0.070303
aprendizado|riqueza igual para todos,770,0.99333,0.048975,0.009339,0.48281,0.39421,0.064305
aprendizado|riqueza igual para todos,780,0.99542,0.057735,0.031785,0.48437,0.3952,0.065008
aprendizado|riqueza igual para todos,790,0.99935,-0.011187,0.023645,0.48555,0.39567,0.065353
aprendizado|riqueza igual para todos,800,0.99882,-0.0025072,0.0071277,0.48568,0.39561,0.064172
aprendizado|riqueza igual para todos,810,0.99876,0.031394,0.010894,0.48652,0.39648,0.063572
aprendizado|riqueza igual para todos,820,1.001,-0.0031178,0.0042617,0.48806,0.39809,0.061222
aprendizado|riqueza igual para todos,830,1.0009,-0.017885,-0.004703,0.48912,0.39875,0.059072
aprendizado|riqueza igual para todos,840,1.0003,-0.014647,-0.0023375,0.49078,0.40004,0.056303
aprendizado|riqueza igual para todos,850,0.99778,-0.035827,-0.0050336,0.49089,0.40074,0.054308
aprendizado|riqueza igual para todos,860,0.99568,0.050069,0.017674,0.49218,0.40127,0.050603
aprendizado|riqueza igual para todos,870,0.998,0.040414,0.023992,0.49223,0.40126,0.051853
aprendizado|riqueza igual para todos,880,1.002,-0.0095467,0.012869,0.4916,0.40085,0.054622
aprendizado|riqueza igual para todos,890,1.0034,-0.040478,-0.007169,0.49302,0.40234,0.052805
aprendizado|riqueza igual para todos,900,1.0031,-0.039329,-0.01584,0.49355,0.40278,0.050742
aprendizado|riqueza igual para todos,910,1.0005,0.0075204,-0.010785,0.4939,0.40299,0.049022
aprendizado|riqueza igual para todos,920,0.99692,0.020737,-0.0032234,0.49409,0.40321,0.047078
aprendizado|riqueza igual para todos,930,0.99487,0.037851,0.0179,0.4951,0.40325,0.045303
aprendizado|riqueza igual para todos,940,0.99715,0.023585,0.02675,0.49667,0.40497,0.044006
aprendizado|riqueza igual para todos,950,0.99964,0.0054413,0.019566,0.49787,0.40606,0.042268
aprendizado|riqueza igual para todos,960,0.99832,-0.02461,0.0041628,0.49871,0.40541,0.040928
aprendizado|riqueza igual para todos,970,0.99767,0.030843,0.015956,0.49962,0.40655,0.039006
aprendizado|riqueza igual para todos,980,0.99698,0.023112,0.016187,0.50002,0.40663,0.039068
aprendizado|riqueza igual para todos,990,0.99726,0.015304,0.017413,0.50044,0.40732,0.038642
aprendizado|riqueza igual para todos,1000,0.99637,0.042603,0.013468,0.50164,0.40854,0.037622
aprendizado|1% com toda a riqueza,1,1.0212,-0.17616,-0.0070698,0.97528,0.98316,0.94368
aprendizado|1% com toda a riqueza,2,1.0433,-0.35295,-0.028711,0.96317,0.96923,0.88729
aprendizado|1% com toda a riqueza,3,1.0614,-0.51236,-0.061894,0.95225,0.95667,0.87871
aprendizado|1% com toda a riqueza,4,1.0776,-0.58635,-0.09937,0.94183,0.94478,0.86145
aprendizado|1% com toda a riqueza,5,1.0922,-0.71205,-0.14316,0.93186,0.93358,0.843
aprendizado|1% com toda a riqueza,6,1.1052,-0.80036,-0.19038,0.92237,0.92298,0.81767
aprendizado|1% com toda a riqueza,7,1.1162,-0.88265,-0.24228,0.91332,0.91296,0.79772
aprendizado|1% com toda a riqueza,8,1.1264,-0.93038,-0.29409,0.90461,0.90341,0.77396
aprendizado|1% com toda a riqueza,9,1.1357,-0.9991,-0.34652,0.89637,0.89427,0.74685
aprendizado|1% com toda a riqueza,10,1.1436,-1.0123,-0.3984,0.88858,0.88567,0.71687
aprendizado|1% com toda a riqueza,11,1.151,-1.0758,-0.44992,0.88117,0.87755,0.6847
aprendizado|1% com toda a riqueza,12,1.157,-1.1176,-0.50074,0.87414,0.86983,0.66756
aprendizado|1% com toda a riqueza,13,1.1623,-1.1557,-0.54991,0.86752,0.8628,0.63368
aprendizado|1% com toda a riqueza,14,1.166,-1.2122,-0.59968,0.86137,0.85617,0.61627
aprendizado|1% com toda a riqueza,15,1.1686,-1.2022,-0.64645,0.85568,0.84994,0.59874
aprendizado|1% com toda a riqueza,16,1.1703,-1.2462,-0.69204,0.85048,0.84438,0.58146
aprendizado|1% com toda a riqueza,17,1.1707,-1.2346,-0.73441,0.84574,0.83926,0.56469
aprendizado|1% com toda a riqueza,18,1.171,-1.2208,-0.77223,0.84136,0.83453,0.54664
aprendizado|1% com toda a riqueza,19,1.1708,-1.2144,-0.80654,0.83719,0.83012,0.52988
aprendizado|1% com toda a riqueza,20,1.1693,-1.2326,-0.83968,0.83354,0.82619,0.51409
aprendizado|1% com toda a riqueza,21,1.1669,-1.2107,-0.8696,0.8303,0.82264,0.5134
aprendizado|1% com toda a riqueza,22,1.1641,-1.1745,-0.89489,0.82743,0.8194,0.49668
aprendizado|1% com toda a riqueza,23,1.1616,-1.1401,-0.91489,0.82474,0.81653,0.49674
aprendizado|1% com toda a riqueza,24,1.1585,-1.1558,-0.93349,0.82241,0.81394,0.4854
aprendizado|1% com toda a riqueza,25,1.1546,-1.1141,-0.94887,0.82027,0.81155,0.48219
aprendizado|1% com toda a riqueza,26,1.1505,-1.0899,-0.96142,0.81847,0.80968,0.47824
aprendizado|1% com toda a riqueza,27,1.1458,-1.0768,-0.97175,0.81707,0.80811,0.47284
aprendizado|1% com toda a riqueza,28,1.1413,-1.0351,-0.97709,0.81578,0.80672,0.46921
aprendizado|1% com toda a riqueza,29,1.1369,-0.98292,-0.97863,0.81455,0.80535,0.46849
aprendizado|1% com toda a riqueza,30,1.1324,-0.95446,-0.97805,0.81353,0.80432,0.46774
aprendizado|1% com toda a riqueza,31,1.1281,-0.92007,-0.97463,0.81269,0.80338,0.46649
aprendizado|1% com toda a riqueza,32,1.1233,-0.92236,-0.97116,0.81222,0.80269,0.46549
aprendizado|1% com toda a riqueza,33,1.1183,-0.86661,-0.96506,0.8119,0.80218,0.46479
aprendizado|1% com toda a riqueza,34,1.1138,-0.84895,-0.95612,0.81153,0.80177,0.46439
aprendizado|1% com toda a riqueza,35,1.1088,-0.79217,-0.94581,0.81136,0.80148,0.46494
aprendizado|1% com toda a riqueza,36,1.1045,-0.78309,-0.93353,0.81138,0.80135,0.46579
aprendizado|1% com toda a riqueza,37,1.0996,-0.75961,-0.92113,0.81168,0.80156,0.46799
aprendizado|1% com toda a riqueza,38,1.0951,-0.71267,-0.90621,0.8121,0.80181,0.46879
aprendizado|1% com toda a riqueza,39,1.0905,-0.70517,-0.8913,0.81254,0.8021,0.46919
aprendizado|1% com toda a riqueza,40,1.0861,-0.64468,-0.87393,0.81299,0.80227,0.46909
aprendizado|1% com toda a riqueza,41,1.0826,-0.61267,-0.85415,0.81328,0.80241,0.4704
aprendizado|1% com toda a riqueza,42,1.0795,-0.57267,-0.83309,0.81345,0.80249,0.47105
aprendizado|1% com toda a riqueza,43,1.0768,-0.58867,-0.81259,0.81374,0.80268,0.47205
aprendizado|1% com toda a riqueza,44,1.0736,-0.56682,-0.79364,0.8141,0.80287,0.47323
aprendizado|1% com toda a riqueza,45,1.0704,-0.51967,-0.77436,0.81433,0.80294,0.47353
aprendizado|1% com toda a riqueza,46,1.0681,-0.49008,-0.75344,0.81436,0.80283,0.47373
aprendizado|1% com toda a riqueza,47,1.0659,-0.51665,-0.73454,0.8145,0.80293,0.47538
aprendizado|1% com toda a riqueza,48,1.0631,-0.48157,-0.71658,0.81482,0.8031,0.47473
aprendizado|1% com toda a riqueza,49,1.0609,-0.45385,-0.69772,0.81517,0.80326,0.47568
aprendizado|1% com toda a riqueza,50,1.0593,-0.44111,-0.67857,0.81526,0.80311,0.47493
aprendizado|1% com toda a riqueza,51,1.0579,-0.44787,-0.66035,0.81532,0.80297,0.47398
aprendizado|1% com toda a riqueza,52,1.0563,-0.42822,-0.64337,0.81527,0.80281,0.47254
aprendizado|1% com toda a riqueza,53,1.0554,-0.42654,-0.62587,0.81503,0.80251,0.47158
aprendizado|1% com toda a riqueza,54,1.0542,-0.41936,-0.61028,0.81464,0.80208,0.47168
aprendizado|1% com toda a riqueza,55,1.0536,-0.39193,-0.59371,0.81428,0.80163,0.46943
aprendizado|1% com toda a riqueza,56,1.0534,-0.39623,-0.57794,0.81379,0.80104,0.46859
aprendizado|1% com toda a riqueza,57,1.0532,-0.40223,-0.56393,0.81329,0.80038,0.46729
aprendizado|1% com toda a riqueza,58,1.053,-0.40793,-0.55131,0.81263,0.79952,0.46589
aprendizado|1% com toda a riqueza,59,1.0526,-0.40833,-0.54031,0.81195,0.79866,0.46399
aprendizado|1% com toda a riqueza,60,1.0518,-0.41265,-0.53147,0.81155,0.79818,0.46419
aprendizado|1% com toda a riqueza,61,1.0515,-0.41789,-0.52207,0.81097,0.79751,0.46289
aprendizado|1% com toda a riqueza,62,1.051,-0.40615,-0.51344,0.81049,0.79689,0.45958
aprendizado|1% com toda a riqueza,63,1.0508,-0.39757,-0.5048,0.80988,0.79611,0.45883
aprendizado|1% com toda a riqueza,64,1.051,-0.40217,-0.49615,0.80914,0.79507,0.45618
aprendizado|1% com toda a riqueza,65,1.0514,-0.38756,-0.48722,0.80831,0.79409,0.45273
aprendizado|1% com toda a riqueza,66,1.0517,-0.42407,-0.48092,0.80746,0.79313,0.45093
aprendizado|1% com toda a riqueza,67,1.0515,-0.40723,-0.47572,0.80672,0.79218,0.44725
aprendizado|1% com toda a riqueza,68,1.0517,-0.40232,-0.47025,0.80583,0.7911,0.44615
aprendizado|1% com toda a riqueza,69,1.0519,-0.42499,-0.46627,0.805,0.79014,0.4428
aprendizado|1% com toda a riqueza,70,1.0519,-0.41922,-0.46248,0.80406,0.78909,0.44009
aprendizado|1% com toda a riqueza,71,1.0521,-0.41132,-0.45811,0.80317,0.78809,0.4387
aprendizado|1% com toda a riqueza,72,1.0524,-0.40571,-0.45409,0.80233,0.78708,0.43509
aprendizado|1% com toda a riqueza,73,1.0527,-0.40691,-0.45025,0.80137,0.78576,0.43244
aprendizado|1% com toda a riqueza,74,1.0533,-0.43254,-0.4469,0.80031,0.78448,0.42769
aprendizado|1% com toda a riqueza,75,1.0535,-0.40661,-0.4438,0.79908,0.78313,0.42436
aprendizado|1% com toda a riqueza,76,1.054,-0.41901,-0.44133,0.79797,0.7819,0.42081
aprendizado|1% com toda a riqueza,77,1.0546,-0.3882,-0.43819,0.79677,0.78064,0.418
aprendizado|1% com toda a riqueza,78,1.0551,-0.42892,-0.437,0.79569,0.77946,0.41534
aprendizado|1% com toda a riqueza,79,1.0551,-0.45158,-0.43744,0.79471,0.77827,0.41374
aprendizado|1% com toda a riqueza,80,1.0548,-0.45007,-0.43808,0.79377,0.777,0.41059
aprendizado|1% com toda a riqueza,81,1.0545,-0.43359,-0.43787,0.79291,0.77584,0.40726
aprendizado|1% com toda a riqueza,82,1.0545,-0.41729,-0.43684,0.79185,0.77458,0.40516
aprendizado|1% com toda a riqueza,83,1.0546,-0.42254,-0.43534,0.79071,0.77336,0.40354
aprendizado|1% com toda a riqueza,84,1.0544,-0.44636,-0.43579,0.78984,0.7723,0.40166
aprendizado|1% com toda a riqueza,85,1.0539,-0.45205,-0.43613,0.78899,0.77118,0.39971
aprendizado|1% com toda a riqueza,86,1.0537,-0.41238,-0.43467,0.78814,0.77011,0.39718
aprendizado|1% com toda a riqueza,87,1.0536,-0.40559,-0.43345,0.78718,0.76895,0.39483
aprendizado|1% com toda a riqueza,88,1.0534,-0.4236,-0.43296,0.78619,0.76778,0.39173
aprendizado|1% com toda a riqueza,89,1.0531,-0.41834,-0.43197,0.78534,0.76668,0.38863
aprendizado|1% com toda a riqueza,90,1.0528,-0.42331,-0.43126,0.78452,0.76552,0.38618
aprendizado|1% com toda a riqueza,91,1.0527,-0.41456,-0.42968,0.78377,0.76462,0.38423
aprendizado|1% com toda a riqueza,92,1.0527,-0.40846,-0.42763,0.78291,0.76357,0.38158
aprendizado|1% com toda a riqueza,93,1.0527,-0.40659,-0.42584,0.78206,0.76256,0.37973
aprendizado|1% com toda a riqueza,94,1.0524,-0.40449,-0.42471,0.78125,0.7616,0.37688
aprendizado|1% com toda a riqueza,95,1.0526,-0.41502,-0.4223,0.78029,0.76056,0.37493
aprendizado|1% com toda a riqueza,96,1.0524,-0.39393,-0.42087,0.77943,0.75952,0.37313
aprendizado|1% com toda a riqueza,97,1.0527,-0.39361,-0.41827,0.77848,0.75851,0.37043
aprendizado|1% com toda a riqueza,98,1.0526,-0.41644,-0.41756,0.77765,0.75753,0.36853
aprendizado|1% com toda a riqueza,99,1.0523,-0.38103,-0.41597,0.77682,0.75657,0.36683
aprendizado|1% com toda a riqueza,100,1.0526,-0.39597,-0.41397,0.7759,0.75557,0.36638
aprendizado|1% com toda a riqueza,110,1.0481,-0.36354,-0.40582,0.76837,0.74704,0.35673
aprendizado|1% com toda a riqueza,120,1.0438,-0.34056,-0.37504,0.76259,0.7398,0.34543
aprendizado|1% com toda a riqueza,130,1.0393,-0.30133,-0.34844,0.75763,0.73327,0.33557
aprendizado|1% com toda a riqueza,140,1.0387,-0.29155,-0.32316,0.75118,0.72545,0.32457
aprendizado|1% com toda a riqueza,150,1.0384,-0.29791,-0.30635,0.74514,0.7185,0.31094
aprendizado|1% com toda a riqueza,160,1.0309,-0.22777,-0.29771,0.74165,0.71367,0.30749
aprendizado|1% com toda a riqueza,170,1.0282,-0.22383,-0.26332,0.73796,0.70856,0.30244
aprendizado|1% com toda a riqueza,180,1.0291,-0.2484,-0.24188,0.73212,0.70163,0.28881
aprendizado|1% com toda a riqueza,190,1.0305,-0.24103,-0.23459,0.72686,0.69538,0.28134
aprendizado|1% com toda a riqueza,200,1.0291,-0.2389,-0.23967,0.72107,0.68878,0.27339
aprendizado|1% com toda a riqueza,210,1.0329,-0.24977,-0.22766,0.71508,0.68223,0.26216
aprendizado|1% com toda a riqueza,220,1.0323,-0.2634,-0.24467,0.70896,0.67509,0.25289
aprendizado|1% com toda a riqueza,230,1.0281,-0.20822,-0.23917,0.70525,0.6704,0.24754
aprendizado|1% com toda a riqueza,240,1.0241,-0.18129,-0.21757,0.70244,0.66606,0.24233
aprendizado|1% com toda a riqueza,250,1.0215,-0.20551,-0.19561,0.70019,0.66312,0.23744
aprendizado|1% com toda a riqueza,260,1.0206,-0.156,-0.17784,0.69748,0.65895,0.23473
aprendizado|1% com toda a riqueza,270,1.0238,-0.18899,-0.17297,0.69288,0.65352,0.22428
aprendizado|1% com toda a riqueza,280,1.0253,-0.19438,-0.18236,0.6887,0.649,0.21963
aprendizado|1% com toda a riqueza,290,1.022,-0.19705,-0.18971,0.68488,0.64473,0.21685
aprendizado|1% com toda a riqueza,300,1.0176,-0.14466,-0.16858,0.68401,0.64244,0.2136
aprendizado|1% com toda a riqueza,310,1.0163,-0.15902,-0.1493,0.682,0.6397,0.21108
aprendizado|1% com toda a riqueza,320,1.0185,-0.14308,-0.14142,0.67839,0.63494,0.20423
aprendizado|1% com toda a riqueza,330,1.0187,-0.19507,-0.1528,0.67536,0.63089,0.20049
aprendizado|1% com toda a riqueza,340,1.0181,-0.1438,-0.14712,0.67321,0.62774,0.19549
aprendizado|1% com toda a riqueza,350,1.016,-0.14249,-0.14453,0.67029,0.62428,0.18974
aprendizado|1% com toda a riqueza,360,1.0175,-0.12664,-0.13194,0.66782,0.62168,0.18291
aprendizado|1% com toda a riqueza,370,1.0164,-0.14334,-0.139,0.66534,0.61856,0.18045
aprendizado|1% com toda a riqueza,380,1.017,-0.12467,-0.13129,0.66182,0.61466,0.17539
aprendizado|1% com toda a riqueza,390,1.0196,-0.14434,-0.13762,0.65877,0.6112,0.17086
aprendizado|1% com toda a riqueza,400,1.0185,-0.13634,-0.14578,0.65696,0.60842,0.16989
aprendizado|1% com toda a riqueza,410,1.0147,-0.091113,-0.13938,0.655,0.60588,0.16638
aprendizado|1% com toda a riqueza,420,1.0172,-0.13515,-0.13273,0.65109,0.60191,0.16198
aprendizado|1% com toda a riqueza,430,1.0131,-0.11242,-0.12895,0.64841,0.59891,0.16133
aprendizado|1% com toda a riqueza,440,1.0083,-0.073957,-0.10744,0.64799,0.59757,0.16141
aprendizado|1% com toda a riqueza,450,1.0086,-0.077971,-0.085371,0.64651,0.59505,0.15926
aprendizado|1% com toda a riqueza,460,1.0093,-0.059149,-0.079013,0.64503,0.59218,0.15483
aprendizado|1% com toda a riqueza,470,1.0134,-0.11397,-0.083175,0.64184,0.58831,0.15031
aprendizado|1% com toda a riqueza,480,1.0155,-0.12856,-0.1039,0.63896,0.58476,0.14403
aprendizado|1% com toda a riqueza,490,1.013,-0.085017,-0.11407,0.63688,0.58166,0.14186
aprendizado|1% com toda a riqueza,500,1.0121,-0.09715,-0.10314,0.63458,0.57889,0.13918
aprendizado|1% com toda a riqueza,510,1.0059,-0.064609,-0.090814,0.63462,0.57797,0.14313
aprendizado|1% com toda a riqueza,520,1.004,-0.044522,-0.065481,0.63478,0.57744,0.14218
aprendizado|1% com toda a riqueza,530,1.0088,-0.066761,-0.057966,0.63239,0.57469,0.13728
aprendizado|1% com toda a riqueza,540,1.0132,-0.092082,-0.069732,0.62899,0.57087,0.13083
aprendizado|1% com toda a riqueza,550,1.0148,-0.10699,-0.093158,0.62532,0.5672,0.12503
aprendizado|1% com toda a riqueza,560,1.0132,-0.082892,-0.10193,0.62292,0.56464,0.12183
aprendizado|1% com toda a riqueza,570,1.0122,-0.10239,-0.10225,0.62199,0.5628,0.12273
aprendizado|1% com toda a riqueza,580,1.0085,-0.09064,-0.098418,0.62144,0.56169,0.12136
aprendizado|1% com toda a riqueza,590,1.0059,-0.059943,-0.074314,0.62045,0.56,0.12021
aprendizado|1% com toda a riqueza,600,1.0079,-0.068952,-0.065485,0.61921,0.55791,0.12068
aprendizado|1% com toda a riqueza,610,1.0092,-0.087822,-0.072221,0.61811,0.55615,0.11738
aprendizado|1% com toda a riqueza,620,1.0102,-0.065812,-0.070852,0.61624,0.55322,0.11518
aprendizado|1% com toda a riqueza,630,1.0109,-0.07723,-0.07525,0.61466,0.55159,0.11393
aprendizado|1% com toda a riqueza,640,1.0097,-0.053622,-0.075992,0.61327,0.55003,0.11253
aprendizado|1% com toda a riqueza,650,1.0114,-0.10136,-0.076931,0.61133,0.54719,0.10808
aprendizado|1% com toda a riqueza,660,1.0112,-0.096946,-0.08413,0.61059,0.54661,0.10778
aprendizado|1% com toda a riqueza,670,1.009,-0.060109,-0.074599,0.60895,0.54446,0.10728
aprendizado|1% com toda a riqueza,680,1.009,-0.069812,-0.074864,0.60651,0.54221,0.10489
aprendizado|1% com toda a riqueza,690,1.0056,-0.04731,-0.069219,0.6058,0.54113,0.10433
aprendizado|1% com toda a riqueza,700,1.0034,-0.0114,-0.052369,0.60521,0.5397,0.10178
aprendizado|1% com toda a riqueza,710,1.0039,-0.031401,-0.042657,0.60451,0.53862,0.10189
aprendizado|1% com toda a riqueza,720,1.0077,-0.060436,-0.044165,0.60226,0.5365,0.098279
aprendizado|1% com toda a riqueza,730,1.0093,-0.087912,-0.059657,0.59983,0.53343,0.094877
aprendizado|1% com toda a riqueza,740,1.0087,-0.052026,-0.064056,0.59847,0.53118,0.091177
aprendizado|1% com toda a riqueza,750,1.0099,-0.081764,-0.067824,0.59619,0.52925,0.088145
aprendizado|1% com toda a riqueza,760,1.005,-0.052591,-0.071553,0.59528,0.52815,0.089992
aprendizado|1% com toda a riqueza,770,1.0025,-0.028635,-0.048311,0.59645,0.52883,0.091242
aprendizado|1% com toda a riqueza,780,1.004,-0.029243,-0.031688,0.59567,0.52748,0.089427
aprendizado|1% com toda a riqueza,790,1.0084,-0.057819,-0.040194,0.59403,0.52557,0.085428
aprendizado|1% com toda a riqueza,800,1.0105,-0.077322,-0.059963,0.5925,0.52412,0.083278
aprendizado|1% com toda a riqueza,810,1.0099,-0.063863,-0.072891,0.59081,0.52251,0.083027
aprendizado|1% com toda a riqueza,820,1.0087,-0.079567,-0.076557,0.59029,0.52175,0.080477
aprendizado|1% com toda a riqueza,830,1.0026,-0.029983,-0.067409,0.59022,0.52083,0.084677
aprendizado|1% com toda a riqueza,840,0.99877,-0.016314,-0.039854,0.59082,0.52053,0.085529
aprendizado|1% com toda a riqueza,850,0.99989,-0.014712,-0.018451,0.59069,0.51941,0.086828
aprendizado|1% com toda a riqueza,860,1.0049,-0.0444,-0.021265,0.58952,0.51773,0.082328
aprendizado|1% com toda a riqueza,870,1.0082,-0.030639,-0.034231,0.58718,0.51613,0.079228
aprendizado|1% com toda a riqueza,880,1.0131,-0.092471,-0.061417,0.58406,0.51311,0.075527
aprendizado|1% com toda a riqueza,890,1.009,-0.07706,-0.075153,0.58364,0.51279,0.075492
aprendizado|1% com toda a riqueza,900,1.0049,-0.041232,-0.062123,0.58343,0.51156,0.077677
aprendizado|1% com toda a riqueza,910,1.0035,-0.0041863,-0.042366,0.58296,0.51039,0.074977
aprendizado|1% com toda a riqueza,920,1.0046,-0.051351,-0.042198,0.58127,0.50862,0.073478
aprendizado|1% com toda a riqueza,930,0.99943,0.0078877,-0.030416,0.58063,0.50791,0.075945
aprendizado|1% com toda a riqueza,940,1.0022,-0.0014738,-0.015236,0.58041,0.50677,0.073077
aprendizado|1% com toda a riqueza,950,1.0027,-0.068674,-0.027227,0.57988,0.50557,0.068977
aprendizado|1% com toda a riqueza,960,1.0001,-0.029913,-0.022933,0.58011,0.50527,0.069695
aprendizado|1% com toda a riqueza,970,0.99932,-0.00028398,-0.0098765,0.57952,0.50451,0.069995
aprendizado|1% com toda a riqueza,980,1.0017,-0.0047916,-0.011157,0.57881,0.50324,0.070242
aprendizado|1% com toda a riqueza,990,1.0055,-0.038499,-0.021921,0.57729,0.50186,0.067027
aprendizado|1% com toda a riqueza,1000,1.0049,-0.0042338,-0.037751,0.57698,0.50156,0.066245
heurísticas|equilíbrio estacionário,1,1.0002,-0.023592,-0.0078075,0.51701,0.41514,0.011787
heurísticas|equilíbrio estacionário,2,0.99967,0.011553,0.0039629,0.51684,0.41492,0.0094551
heurísticas|equilíbrio estacionário,3,0.99995,-0.0090654,-0.0026663,0.51674,0.41476,0.012323
heurísticas|equilíbrio estacionário,4,0.99984,-0.0054408,-0.0015083,0.51675,0.41479,0.013128
heurísticas|equilíbrio estacionário,5,0.99974,0.0014721,0.00076463,0.51671,0.41484,0.012171
heurísticas|equilíbrio estacionário,6,0.99975,0.0059004,0.0023391,0.51665,0.41496,0.011323
heurísticas|equilíbrio estacionário,7,0.99998,0.0011555,0.00093559,0.51652,0.41491,0.011537
heurísticas|equilíbrio estacionário,8,0.99986,-0.0089595,-0.0025944,0.51653,0.41492,0.012528
heurísticas|equilíbrio estacionário,9,1.0001,0.028108,0.010083,0.51665,0.41508,0.012876
heurísticas|equilíbrio estacionário,10,1.0008,0.00015348,0.0010687,0.51685,0.41529,0.011287
heurísticas|equilíbrio estacionário,11,1.0008,0.0050903,0.0025257,0.51683,0.41524,0.011899
heurísticas|equilíbrio estacionário,12,1.0012,-0.00097084,0.00054407,0.51679,0.41517,0.013176
heurísticas|equilíbrio estacionário,13,1.001,-0.027299,-0.0087505,0.51663,0.41496,0.011701
heurísticas|equilíbrio estacionário,14,1.0005,-0.016336,-0.0056031,0.51654,0.41487,0.012173
heurísticas|equilíbrio estacionário,15,1.0008,0.016926,0.0057886,0.51644,0.41497,0.014442
heurísticas|equilíbrio estacionário,16,1.0013,-0.016358,-0.005285,0.51632,0.41479,0.012237
heurísticas|equilíbrio estacionário,17,1.0011,-0.004068,-0.0014248,0.51601,0.41452,0.013423
heurísticas|equilíbrio estacionário,18,1.0012,0.00087041,0.00013486,0.51572,0.41413,0.012326
heurísticas|equilíbrio estacionário,19,1.001,-0.015078,-0.0056953,0.51554,0.41388,0.012437
heurísticas|equilíbrio estacionário,20,1.0003,-0.016125,-0.0066155,0.51557,0.41387,0.013176
heurísticas|equilíbrio estacionário,21,0.99992,-0.011051,-0.0049751,0.51548,0.41375,0.012151
heurísticas|equilíbrio estacionário,22,1,0.0061966,0.0011656,0.51541,0.41372,0.014237
heurísticas|equilíbrio estacionário,23,1,-0.0033467,-0.0020026,0.51528,0.41365,0.013023
heurísticas|equilíbrio estacionário,24,0.9994,-0.0037964,-0.0024869,0.51512,0.41352,0.013601
heurísticas|equilíbrio estacionário,25,0.99934,0.01031,0.0024968,0.51519,0.41358,0.014037
heurísticas|equilíbrio estacionário,26,0.99914,-0.0014492,-0.0013948,0.51528,0.41361,0.013942
heurísticas|equilíbrio estacionário,27,0.99889,0.010393,0.0026516,0.51525,0.41367,0.014201
heurísticas|equilíbrio estacionário,28,0.99865,0.0065961,0.0014796,0.51516,0.41373,0.013326
heurísticas|equilíbrio estacionário,29,0.9983,0.01654,0.0048577,0.5151,0.41374,0.014542
heurísticas|equilíbrio estacionário,30,0.99848,0.015048,0.0049744,0.51503,0.4138,0.013642
heurísticas|equilíbrio estacionário,31,0.99842,0.0052797,0.0019755,0.51506,0.414,0.013142
heurísticas|equilíbrio estacionário,32,0.9986,-0.013536,-0.0039423,0.51499,0.41406,0.013692
heurísticas|equilíbrio estacionário,33,0.99807,-0.0083674,-0.0023694,0.51506,0.41422,0.013228
heurísticas|equilíbrio estacionário,34,0.99747,-0.0053731,-0.0013924,0.51511,0.41426,0.012837
heurísticas|equilíbrio estacionário,35,0.99671,-4.3028e-05,0.00034567,0.51523,0.41423,0.012376
heurísticas|equilíbrio estacionário,36,0.99648,0.0062437,0.0029653,0.51531,0.4143,0.012001
heurísticas|equilíbrio estacionário,37,0.99635,0.022795,0.009282,0.51547,0.41437,0.012526
heurísticas|equilíbrio estacionário,38,0.99678,0.036424,0.014872,0.51548,0.41446,0.013276
heurísticas|equilíbrio estacionário,39,0.99733,0.02911,0.013387,0.51553,0.41454,0.011827
heurísticas|equilíbrio estacionário,40,0.99772,0.020432,0.010925,0.51562,0.41467,0.012276
heurísticas|equilíbrio estacionário,41,0.99797,0.028852,0.014033,0.51581,0.41485,0.012389
heurísticas|equilíbrio estacionário,42,0.99805,-0.013456,-0.00032702,0.51597,0.41491,0.011342
heurísticas|equilíbrio estacionário,43,0.9975,0.0027171,0.0048352,0.51599,0.41484,0.011739
heurísticas|equilíbrio estacionário,44,0.99739,0.013306,0.0084737,0.51597,0.41475,0.011489
heurísticas|equilíbrio estacionário,45,0.99707,-0.0086942,0.00096812,0.5158,0.41465,0.011092
heurísticas|equilíbrio estacionário,46,0.9968,0.017621,0.0099523,0.5158,0.41471,0.011668
heurísticas|equilíbrio estacionário,47,0.99682,0.027834,0.013644,0.51587,0.41498,0.011768
heurísticas|equilíbrio estacionário,48,0.99716,0.02548,0.013273,0.51595,0.41523,0.011818
heurísticas|equilíbrio estacionário,49,0.99766,0.037864,0.018278,0.51592,0.4153,0.012518
heurísticas|equilíbrio estacionário,50,0.99809,0.030077,0.015585,0.51579,0.4152,0.012299
heurísticas|equilíbrio estacionário,51,0.99862,0.03925,0.019009,0.51557,0.41509,0.013049
heurísticas|equilíbrio estacionário,52,0.99926,0.012353,0.010164,0.51546,0.41504,0.013223
heurísticas|equilíbrio estacionário,53,0.99951,0.0085545,0.0085506,0.5153,0.41505,0.013742
heurísticas|equilíbrio estacionário,54,0.99953,0.0093091,0.0084241,0.51517,0.41515,0.014668
heurísticas|equilíbrio estacionário,55,0.99958,0.023211,0.012678,0.51491,0.41517,0.015424
heurísticas|equilíbrio estacionário,56,0.99948,0.0078239,0.0071498,0.51487,0.41533,0.016478
heurísticas|equilíbrio estacionário,57,0.99982,0.010057,0.0078193,0.51491,0.4155,0.016378
heurísticas|equilíbrio estacionário,58,1.0003,0.00018134,0.0043012,0.51485,0.41562,0.016328
heurísticas|equilíbrio estacionário,59,1.0004,-0.013605,-0.00071021,0.51475,0.41545,0.015728
heurísticas|equilíbrio estacionário,60,1.0006,0.00047628,0.0039492,0.51466,0.41546,0.016592
heurísticas|equilíbrio estacionário,61,1.0008,-0.016637,-0.002242,0.51444,0.41524,0.018101
heurísticas|equilíbrio estacionário,62,1.0005,0.012342,0.0070678,0.51433,0.41509,0.018051
heurísticas|equilíbrio estacionário,63,1.001,0.016588,0.008487,0.5143,0.41489,0.017601
heurísticas|equilíbrio estacionário,64,1.0015,-0.004957,0.0012098,0.51429,0.4149,0.017437
heurísticas|equilíbrio estacionário,65,1.002,0.017775,0.0088499,0.51415,0.41473,0.017587
heurísticas|equilíbrio estacionário,66,1.0032,0.013507,0.0076246,0.51407,0.41469,0.018287
heurísticas|equilíbrio estacionário,67,1.0041,-0.0037641,0.001716,0.51401,0.41475,0.019126
heurísticas|equilíbrio estacionário,68,1.0045,-0.020953,-0.0047814,0.51377,0.41447,0.019642
heurísticas|equilíbrio estacionário,69,1.0045,-0.030496,-0.0091763,0.51352,0.41434,0.020792
heurísticas|equilíbrio estacionário,70,1.0049,-0.011991,-0.0033945,0.51334,0.41428,0.021173
heurísticas|equilíbrio estacionário,71,1.0049,-0.032677,-0.011479,0.51328,0.41413,0.020749
heurísticas|equilíbrio estacionário,72,1.0049,-0.010109,-0.0045749,0.51338,0.41417,0.020501
heurísticas|equilíbrio estacionário,73,1.0056,-0.073781,-0.027037,0.51336,0.41422,0.021501
heurísticas|equilíbrio estacionário,74,1.005,-0.025357,-0.011287,0.51324,0.41413,0.020837
heurísticas|equilíbrio estacionário,75,1.0054,-0.026808,-0.011835,0.51316,0.41424,0.021999
heurísticas|equilíbrio estacionário,76,1.0056,-0.018064,-0.0097118,0.51305,0.41429,0.022649
heurísticas|equilíbrio estacionário,77,1.0056,-0.047411,-0.02067,0.51306,0.41453,0.022699
heurísticas|equilíbrio estacionário,78,1.0052,-0.071761,-0.030363,0.51297,0.41454,0.022673
heurísticas|equilíbrio estacionário,79,1.0042,-0.054231,-0.025411,0.51296,0.41455,0.022223
heurísticas|equilíbrio estacionário,80,1.0036,-0.012058,-0.011091,0.51291,0.4145,0.021873
heurísticas|equilíbrio estacionário,81,1.0037,-0.035048,-0.018889,0.51285,0.41443,0.022423
heurísticas|equilíbrio estacionário,82,1.0038,-0.02597,-0.015548,0.51286,0.41454,0.021776
heurísticas|equilíbrio estacionário,83,1.0037,-0.025489,-0.015463,0.51297,0.41472,0.021776
heurísticas|equilíbrio estacionário,84,1.0038,-0.006538,-0.0090417,0.51296,0.41473,0.021699
heurísticas|equilíbrio estacionário,85,1.0041,-0.040543,-0.02049,0.51297,0.41468,0.020942
heurísticas|equilíbrio estacionário,86,1.0036,-0.015293,-0.012088,0.51294,0.41466,0.021123
heurísticas|equilíbrio estacionário,87,1.004,0.0091387,-0.0035488,0.5129,0.41479,0.022376
heurísticas|equilíbrio estacionário,88,1.0044,-0.02321,-0.014168,0.51295,0.41485,0.022049
heurísticas|equilíbrio estacionário,89,1.0049,0.00535,-0.0044664,0.51297,0.4151,0.022176
heurísticas|equilíbrio estacionário,90,1.0056,-0.01174,-0.010051,0.51285,0.41518,0.022823
heurísticas|equilíbrio estacionário,91,1.0062,-0.043219,-0.020874,0.51286,0.41524,0.023323
heurísticas|equilíbrio estacionário,92,1.006,-0.035111,-0.018955,0.51277,0.41519,0.023676
heurísticas|equilíbrio estacionário,93,1.006,-0.053082,-0.025542,0.51258,0.41501,0.022776
heurísticas|equilíbrio estacionário,94,1.0058,-0.017713,-0.013892,0.51258,0.41505,0.023242
heurísticas|equilíbrio estacionário,95,1.0061,-0.031866,-0.018855,0.51251,0.41507,0.023342
heurísticas|equilíbrio estacionário,96,1.0064,-0.044256,-0.02326,0.51252,0.41516,0.024392
heurísticas|equilíbrio estacionário,97,1.0066,-0.029003,-0.01838,0.51265,0.41525,0.024492
heurísticas|equilíbrio estacionário,98,1.0071,-0.035747,-0.020658,0.51258,0.41523,0.025392
heurísticas|equilíbrio estacionário,99,1.0068,-0.036386,-0.021671,0.51249,0.41515,0.025299
heurísticas|equilíbrio estacionário,100,1.0071,-0.037353,-0.021918,0.51245,0.41506,0.025651
heurísticas|equilíbrio estacionário,110,1.0074,-0.040616,-0.02482,0.51173,0.4145,0.026601
heurísticas|equilíbrio estacionário,120,1.0043,-0.048398,-0.031338,0.51077,0.41332,0.025523
heurísticas|equilíbrio estacionário,130,1.0009,0.0028814,-0.007595,0.51088,0.41337,0.026642
heurísticas|equilíbrio estacionário,140,1.0012,-0.0055205,-0.0056849,0.511,0.41354,0.026037
heurísticas|equilíbrio estacionário,150,0.99808,-0.0025684,-0.0037952,0.51096,0.41339,0.023176
heurísticas|equilíbrio estacionário,160,0.99906,9.6436e-05,0.0050964,0.51144,0.41348,0.021692
heurísticas|equilíbrio estacionário,170,0.99946,-0.0087806,-0.00044023,0.51215,0.4141,0.020273
heurísticas|equilíbrio estacionário,180,1.0004,0.020388,0.0097119,0.51292,0.41448,0.019076
heurísticas|equilíbrio estacionário,190,1.0008,0.010932,0.0052426,0.51246,0.41476,0.022542
heurísticas|equilíbrio estacionário,200,0.99865,-0.027095,-0.0099232,0.51379,0.41576,0.020187
heurísticas|equilíbrio estacionário,210,0.99909,0.013324,0.0072391,0.5135,0.41567,0.021542
heurísticas|equilíbrio estacionário,220,1.0001,0.025657,0.0119,0.51458,0.41631,0.021051
heurísticas|equilíbrio estacionário,230,0.99959,-0.018781,-0.0057896,0.51451,0.41569,0.019187
heurísticas|equilíbrio estacionário,240,0.99809,0.020664,0.0084758,0.51499,0.41653,0.016676
heurísticas|equilíbrio estacionário,250,0.9975,0.029934,0.01374,0.51474,0.41611,0.018237
heurísticas|equilíbrio estacionário,260,0.99689,0.040037,0.020177,0.51558,0.4173,0.014668
heurísticas|equilíbrio estacionário,270,0.99875,0.027896,0.016591,0.51689,0.41823,0.014687
heurísticas|equilíbrio estacionário,280,0.9979,0.017234,0.009716,0.5173,0.4184,0.012787
heurísticas|equilíbrio estacionário,290,0.99387,0.029765,0.013098,0.51652,0.41752,0.013176
heurísticas|equilíbrio estacionário,300,0.99694,0.020751,0.018591,0.51681,0.41794,0.013351
heurísticas|equilíbrio estacionário,310,0.9991,0.026905,0.018669,0.51629,0.41714,0.014342
heurísticas|equilíbrio estacionário,320,0.99765,0.0096882,0.007216,0.51538,0.41641,0.015727
heurísticas|equilíbrio estacionário,330,0.99668,0.032814,0.017246,0.51593,0.41727,0.014923
heurísticas|equilíbrio estacionário,340,1.0013,0.0015624,0.0070249,0.51608,0.4183,0.018323
heurísticas|equilíbrio estacionário,350,1.0013,-0.018266,-0.0052675,0.51612,0.41765,0.016926
heurísticas|equilíbrio estacionário,360,0.99956,0.031584,0.011482,0.51537,0.41747,0.017855
heurísticas|equilíbrio estacionário,370,1.0001,-0.0088787,-0.0027025,0.51679,0.41842,0.015649
heurísticas|equilíbrio estacionário,380,0.9992,-0.00028651,-0.00047703,0.51655,0.41842,0.016673
heurísticas|equilíbrio estacionário,390,0.99702,0.014426,0.0075319,0.51709,0.41823,0.014849
heurísticas|equilíbrio estacionário,400,0.99623,0.020064,0.012234,0.51795,0.4188,0.013805
heurísticas|equilíbrio estacionário,410,0.99509,0.024797,0.01724,0.51867,0.41908,0.012876
heurísticas|equilíbrio estacionário,420,0.99179,0.058865,0.031373,0.5187,0.41899,0.0082425
heurísticas|equilíbrio estacionário,430,0.99287,0.037206,0.027287,0.51925,0.41972,0.0097235
heurísticas|equilíbrio estacionário,440,0.99963,-0.014544,0.0083126,0.51856,0.41983,0.012241
heurísticas|equilíbrio estacionário,450,1.0007,-0.019898,0.00088625,0.51838,0.41882,0.014305
heurísticas|equilíbrio estacionário,460,0.99896,-0.0079991,-0.0018458,0.5179,0.41838,0.014205
heurísticas|equilíbrio estacionário,470,0.9996,-0.012227,-0.0021313,0.51834,0.41863,0.015999
heurísticas|equilíbrio estacionário,480,0.99753,-0.0022764,0.00093744,0.51851,0.41849,0.014405
heurísticas|equilíbrio estacionário,490,0.99676,0.041014,0.018057,0.51809,0.41831,0.014373
heurísticas|equilíbrio estacionário,500,0.99694,0.046181,0.020844,0.51847,0.4194,0.015123
heurísticas|equilíbrio estacionário,510,0.99823,0.0029914,0.0054161,0.51903,0.41969,0.014976
heurísticas|equilíbrio estacionário,520,0.99705,-0.0034844,0.0030508,0.51891,0.41976,0.013641
heurísticas|equilíbrio estacionário,530,0.99715,0.049969,0.024409,0.51918,0.41926,0.012126
heurísticas|equilíbrio estacionário,540,0.99941,0.0059926,0.0076251,0.51797,0.41799,0.014649
heurísticas|equilíbrio estacionário,550,0.99586,0.010108,0.008819,0.51819,0.41751,0.013799
heurísticas|equilíbrio estacionário,560,0.99645,0.011135,0.011021,0.51762,0.41748,0.013242
heurísticas|equilíbrio estacionário,570,0.99499,0.018903,0.014598,0.51768,0.41703,0.011727
heurísticas|equilíbrio estacionário,580,0.99427,0.043102,0.026927,0.51902,0.4182,0.0087369
heurísticas|equilíbrio estacionário,590,0.99337,0.046799,0.029225,0.5195,0.4178,0.0098235
heurísticas|equilíbrio estacionário,600,0.99581,0.067307,0.037495,0.51918,0.41762,0.010037
heurísticas|equilíbrio estacionário,610,0.99733,0.010684,0.013152,0.51923,0.41798,0.0098919
heurísticas|equilíbrio estacionário,620,0.99929,0.0066396,0.009971,0.51934,0.41818,0.0095994
heurísticas|equilíbrio estacionário,630,0.99858,0.018485,0.011456,0.51871,0.41764,0.010955
heurísticas|equilíbrio estacionário,640,0.99737,0.0085758,0.0055184,0.51915,0.41752,0.010955
heurísticas|equilíbrio estacionário,650,0.9996,0.0082873,0.006372,0.51928,0.41774,0.011849
heurísticas|equilíbrio estacionário,660,0.99946,0.0092816,0.0051036,0.5186,0.41752,0.013525
heurísticas|equilíbrio estacionário,670,1.0009,0.028181,0.011436,0.51867,0.41767,0.013405
heurísticas|equilíbrio estacionário,680,1.0006,-0.0084837,-0.0029398,0.51849,0.41835,0.014089
heurísticas|equilíbrio estacionário,690,0.99769,-0.035442,-0.012169,0.51924,0.41899,0.014289
heurísticas|equilíbrio estacionário,700,0.99717,0.022338,0.012596,0.51984,0.42013,0.013877
heurísticas|equilíbrio estacionário,710,0.99827,0.021688,0.013932,0.52045,0.42052,0.013191
heurísticas|equilíbrio estacionário,720,0.99707,0.008208,0.0060375,0.51994,0.41972,0.014255
heurísticas|equilíbrio estacionário,730,0.99428,0.030648,0.016031,0.51986,0.41905,0.011692
heurísticas|equilíbrio estacionário,740,0.99323,0.053811,0.030125,0.52118,0.41988,0.012477
heurísticas|equilíbrio estacionário,750,0.99535,0.066145,0.035824,0.52131,0.41971,0.011627
heurísticas|equilíbrio estacionário,760,0.99638,0.021539,0.016845,0.5224,0.42053,0.012527
heurísticas|equilíbrio estacionário,770,0.99815,0.024589,0.016758,0.52225,0.42157,0.011927
heurísticas|equilíbrio estacionário,780,1.0007,-0.021002,-0.0021134,0.52141,0.42138,0.012673
heurísticas|equilíbrio estacionário,790,0.99921,0.024622,0.0095332,0.52128,0.42131,0.011689
heurísticas|equilíbrio estacionário,800,1.0035,-0.020923,-0.005042,0.51984,0.41999,0.014705
heurísticas|equilíbrio estacionário,810,1.0064,-0.035094,-0.015766,0.5198,0.42024,0.015849
heurísticas|equilíbrio estacionário,820,1.0033,-0.012103,-0.014632,0.51887,0.42068,0.017276
heurísticas|equilíbrio estacionário,830,1.0031,-0.0012485,-0.0069886,0.518,0.41974,0.018091
heurísticas|equilíbrio estacionário,840,1.0017,-0.010016,-0.010103,0.51829,0.4194,0.015892
heurísticas|equilíbrio estacionário,850,1.0001,-0.017841,-0.010749,0.51786,0.41958,0.016849
heurísticas|equilíbrio estacionário,860,0.99956,0.031626,0.010528,0.51774,0.41997,0.017289
heurísticas|equilíbrio estacionário,870,0.99934,0.015186,0.0057954,0.51725,0.41913,0.018873
heurísticas|equilíbrio estacionário,880,1.002,0.0079123,0.0028229,0.51725,0.41976,0.021237
heurísticas|equilíbrio estacionário,890,0.99919,-0.00088773,-0.0045245,0.51684,0.41922,0.018626
heurísticas|equilíbrio estacionário,900,0.99708,0.05035,0.017947,0.51713,0.41965,0.018487
heurísticas|equilíbrio estacionário,910,1.0006,0.014881,0.010344,0.51761,0.42053,0.020099
heurísticas|equilíbrio estacionário,920,0.99998,0.0093259,0.004607,0.51731,0.42037,0.019087
heurísticas|equilíbrio estacionário,930,1.0007,-0.012118,-0.0042134,0.51703,0.42008,0.019692
heurísticas|equilíbrio estacionário,940,0.99764,-0.012306,-0.0048363,0.51786,0.42032,0.015151
heurísticas|equilíbrio estacionário,950,0.99476,0.046937,0.022428,0.51887,0.42038,0.013773
heurísticas|equilíbrio estacionário,960,0.99988,0.020465,0.015366,0.51954,0.42089,0.013387
heurísticas|equilíbrio estacionário,970,1.0003,-0.0061991,0.002464,0.51911,0.42068,0.015392
heurísticas|equilíbrio estacionário,980,0.9995,-0.027041,-0.0081331,0.5185,0.42005,0.016423
heurísticas|equilíbrio estacionário,990,0.99795,0.01297,0.0068528,0.51862,0.42018,0.017842
heurísticas|equilíbrio estacionário,1000,0.99601,0.012226,0.0079582,0.51949,0.4211,0.015276
heurísticas|capital 50% abaixo,1,0.50042,6.7711,4.6009,0.53953,0.42831,0.31691
heurísticas|capital 50% abaixo,2,0.50865,6.6246,6.7168,0.55835,0.43971,0.31521
heurísticas|capital 50% abaixo,3,0.52646,6.1992,6.4266,0.57454,0.44999,0.30941
heurísticas|capital 50% abaixo,4,0.54392,5.8319,5.8381,0.5895,0.4598,0.307
heurísticas|capital 50% abaixo,5,0.56081,5.498,5.498,0.60304,0.46904,0.30572
heurísticas|capital 50% abaixo,6,0.57781,5.1756,5.1756,0.61516,0.4775,0.30427
heurísticas|capital 50% abaixo,7,0.59492,4.8555,4.8555,0.62591,0.48508,0.30458
heurísticas|capital 50% abaixo,8,0.61163,4.5457,4.5457,0.63558,0.49205,0.3057
heurísticas|capital 50% abaixo,9,0.6285,4.3104,4.3104,0.64418,0.49854,0.30795
heurísticas|capital 50% abaixo,10,0.64559,4.0042,4.0042,0.65182,0.50448,0.30936
heurísticas|capital 50% abaixo,11,0.66174,3.7579,3.7579,0.65829,0.50954,0.31126
heurísticas|capital 50% abaixo,12,0.6779,3.511,3.511,0.66394,0.514,0.31371
heurísticas|capital 50% abaixo,13,0.69321,3.2552,3.2552,0.66884,0.51796,0.31636
heurísticas|capital 50% abaixo,14,0.70787,3.0588,3.0588,0.67314,0.52161,0.31641
heurísticas|capital 50% abaixo,15,0.72283,2.8984,2.8984,0.67673,0.52498,0.31797
heurísticas|capital 50% abaixo,16,0.73751,2.6697,2.6697,0.67976,0.52767,0.31907
heurísticas|capital 50% abaixo,17,0.75118,2.5085,2.5085,0.68215,0.52995,0.31912
heurísticas|capital 50% abaixo,18,0.76462,2.3485,2.3485,0.68417,0.53179,0.31942
heurísticas|capital 50% abaixo,19,0.77721,2.1753,2.1753,0.68595,0.53358,0.31922
heurísticas|capital 50% abaixo,20,0.78899,2.0291,2.0291,0.68763,0.53537,0.31907
heurísticas|capital 50% abaixo,21,0.80059,1.8977,1.8977,0.68884,0.53683,0.31897
heurísticas|capital 50% abaixo,22,0.81223,1.7871,1.7871,0.68969,0.53808,0.31952
heurísticas|capital 50% abaixo,23,0.8232,1.655,1.655,0.69033,0.53911,0.31937
heurísticas|capital 50% abaixo,24,0.83312,1.5418,1.5418,0.69076,0.53999,0.31817
heurísticas|capital 50% abaixo,25,0.8432,1.4498,1.4498,0.69107,0.54079,0.31652
heurísticas|capital 50% abaixo,26,0.85266,1.3365,1.3365,0.69127,0.54151,0.31502
heurísticas|capital 50% abaixo,27,0.86161,1.2554,1.2554,0.6912,0.54212,0.31327
heurísticas|capital 50% abaixo,28,0.87013,1.1632,1.1632,0.69098,0.54259,0.31306
heurísticas|capital 50% abaixo,29,0.87811,1.0914,1.0914,0.69067,0.54286,0.31247
heurísticas|capital 50% abaixo,30,0.88627,1.0112,1.0112,0.69018,0.54301,0.31131
heurísticas|capital 50% abaixo,31,0.89381,0.92744,0.92744,0.68969,0.54329,0.31021
heurísticas|capital 50% abaixo,32,0.90122,0.83834,0.83834,0.68894,0.54328,0.30926
heurísticas|capital 50% abaixo,33,0.90748,0.78024,0.78024,0.68831,0.5434,0.30991
heurísticas|capital 50% abaixo,34,0.91336,0.72345,0.72345,0.68759,0.5433,0.30896
heurísticas|capital 50% abaixo,35,0.91874,0.6729,0.6729,0.68686,0.54312,0.30776
heurísticas|capital 50% abaixo,36,0.92441,0.62559,0.62559,0.686,0.54298,0.30657
heurísticas|capital 50% abaixo,37,0.9299,0.59194,0.59194,0.68512,0.54267,0.30561
heurísticas|capital 50% abaixo,38,0.93569,0.55763,0.55763,0.68396,0.54228,0.30376
heurísticas|capital 50% abaixo,39,0.94129,0.50469,0.50464,0.68279,0.54183,0.30286
heurísticas|capital 50% abaixo,40,0.94642,0.45366,0.4535,0.68164,0.54144,0.30261
heurísticas|capital 50% abaixo,41,0.95111,0.4233,0.42267,0.68057,0.54106,0.30166
heurísticas|capital 50% abaixo,42,0.95534,0.34386,0.34176,0.6795,0.54056,0.30127
heurísticas|capital 50% abaixo,43,0.95859,0.32772,0.3219,0.67831,0.53995,0.29982
heurísticas|capital 50% abaixo,44,0.96208,0.30766,0.2985,0.677,0.53932,0.29867
heurísticas|capital 50% abaixo,45,0.9651,0.25679,0.24339,0.67562,0.53861,0.29702
heurísticas|capital 50% abaixo,46,0.96793,0.2573,0.23612,0.67435,0.53801,0.29612
heurísticas|capital 50% abaixo,47,0.97081,0.24338,0.21688,0.67311,0.53754,0.29432
heurísticas|capital 50% abaixo,48,0.97378,0.21871,0.18798,0.67184,0.53709,0.29332
heurísticas|capital 50% abaixo,49,0.97669,0.21095,0.17439,0.67046,0.53645,0.29147
heurísticas|capital 50% abaixo,50,0.9793,0.18472,0.14375,0.66908,0.53574,0.29072
heurísticas|capital 50% abaixo,51,0.98179,0.17757,0.13057,0.66765,0.53488,0.28827
heurísticas|capital 50% abaixo,52,0.98422,0.1355,0.094493,0.66634,0.53415,0.28547
heurísticas|capital 50% abaixo,53,0.98604,0.11866,0.07589,0.66502,0.53352,0.28462
heurísticas|capital 50% abaixo,54,0.98741,0.10824,0.065261,0.66379,0.53297,0.28252
heurísticas|capital 50% abaixo,55,0.98869,0.11208,0.064633,0.66246,0.53235,0.28077
heurísticas|capital 50% abaixo,56,0.98971,0.087487,0.049181,0.66137,0.53195,0.28002
heurísticas|capital 50% abaixo,57,0.99111,0.080959,0.045585,0.66025,0.53146,0.27912
heurísticas|capital 50% abaixo,58,0.99256,0.062689,0.035006,0.65907,0.53094,0.27717
heurísticas|capital 50% abaixo,59,0.99366,0.041239,0.023357,0.65793,0.53019,0.27561
heurísticas|capital 50% abaixo,60,0.99471,0.048135,0.027144,0.65676,0.52959,0.27442
heurísticas|capital 50% abaixo,61,0.99581,0.024075,0.015347,0.65552,0.52879,0.27342
heurísticas|capital 50% abaixo,62,0.99624,0.046862,0.027132,0.65438,0.52804,0.27186
heurísticas|capital 50% abaixo,63,0.99759,0.04443,0.029766,0.65324,0.52724,0.27091
heurísticas|capital 50% abaixo,64,0.99889,0.016312,0.01747,0.65218,0.52665,0.26901
heurísticas|capital 50% abaixo,65,1.0001,0.03275,0.027007,0.65099,0.52589,0.26756
heurísticas|capital 50% abaixo,66,1.0022,0.021819,0.026114,0.64977,0.52517,0.26491
heurísticas|capital 50% abaixo,67,1.0039,-0.0018276,0.016148,0.64854,0.5245,0.26376
heurísticas|capital 50% abaixo,68,1.0049,-0.024561,0.0028363,0.64729,0.52362,0.26126
heurísticas|capital 50% abaixo,69,1.0056,-0.039055,-0.0063168,0.64604,0.52287,0.26
heurísticas|capital 50% abaixo,70,1.0066,-0.025577,0.0030711,0.64478,0.52216,0.25685
heurísticas|capital 50% abaixo,71,1.0073,-0.051279,-0.009205,0.6437,0.52135,0.25655
heurísticas|capital 50% abaixo,72,1.0078,-0.033673,-0.0011016,0.64274,0.52075,0.2553
heurísticas|capital 50% abaixo,73,1.0092,-0.10247,-0.029132,0.64165,0.52012,0.25245
heurísticas|capital 50% abaixo,74,1.0092,-0.058697,-0.012596,0.64051,0.51937,0.2505
heurísticas|capital 50% abaixo,75,1.0102,-0.064895,-0.012348,0.63934,0.51884,0.2487
heurísticas|capital 50% abaixo,76,1.011,-0.06087,-0.011176,0.63815,0.51819,0.24715
heurísticas|capital 50% abaixo,77,1.0114,-0.09421,-0.028888,0.63715,0.51777,0.24445
heurísticas|capital 50% abaixo,78,1.0115,-0.1221,-0.045776,0.63612,0.51719,0.24213
heurísticas|capital 50% abaixo,79,1.0109,-0.10757,-0.041992,0.63524,0.5166,0.24055
heurísticas|capital 50% abaixo,80,1.0107,-0.068753,-0.021992,0.63429,0.51592,0.23828
heurísticas|capital 50% abaixo,81,1.0112,-0.095302,-0.031956,0.63327,0.51519,0.23623
heurísticas|capital 50% abaixo,82,1.0117,-0.089733,-0.029484,0.6323,0.51466,0.23488
heurísticas|capital 50% abaixo,83,1.0121,-0.092442,-0.03324,0.63141,0.51416,0.23333
heurísticas|capital 50% abaixo,84,1.0126,-0.076418,-0.028171,0.63044,0.5135,0.23058
heurísticas|capital 50% abaixo,85,1.0132,-0.11297,-0.045241,0.62951,0.51281,0.22882
heurísticas|capital 50% abaixo,86,1.013,-0.089848,-0.038718,0.62858,0.51219,0.22627
heurísticas|capital 50% abaixo,87,1.0136,-0.067331,-0.030584,0.62758,0.51168,0.22437
heurísticas|capital 50% abaixo,88,1.0141,-0.10106,-0.044704,0.6267,0.51114,0.22332
heurísticas|capital 50% abaixo,89,1.0149,-0.07384,-0.036322,0.62579,0.51072,0.22102
heurísticas|capital 50% abaixo,90,1.0157,-0.091764,-0.044942,0.62478,0.51016,0.21856
heurísticas|capital 50% abaixo,91,1.0163,-0.12365,-0.060002,0.62391,0.50961,0.21586
heurísticas|capital 50% abaixo,92,1.0162,-0.11552,-0.061383,0.62299,0.50904,0.21511
heurísticas|capital 50% abaixo,93,1.016,-0.13286,-0.070695,0.622,0.50835,0.21271
heurísticas|capital 50% abaixo,94,1.0157,-0.096953,-0.057581,0.62119,0.50781,0.2105
heurísticas|capital 50% abaixo,95,1.016,-0.11033,-0.063558,0.6203,0.50724,0.20955
heurísticas|capital 50% abaixo,96,1.0162,-0.12182,-0.069251,0.6195,0.50674,0.2071
heurísticas|capital 50% abaixo,97,1.0162,-0.10567,-0.064714,0.61884,0.5063,0.20471
heurísticas|capital 50% abaixo,98,1.0166,-0.11131,-0.066976,0.61802,0.50577,0.2029
heurísticas|capital 50% abaixo,99,1.0162,-0.1106,-0.069801,0.61722,0.50523,0.20175
heurísticas|capital 50% abaixo,100,1.0163,-0.11007,-0.069361,0.61647,0.5047,0.19951
heurísticas|capital 50% abaixo,110,1.0142,-0.095123,-0.065729,0.6092,0.49936,0.18396
heurísticas|capital 50% abaixo,120,1.009,-0.086111,-0.063961,0.60296,0.49435,0.17263
heurísticas|capital 50% abaixo,130,1.0047,-0.027672,-0.031059,0.59851,0.49109,0.16187
heurísticas|capital 50% abaixo,140,1.0046,-0.032805,-0.026077,0.59423,0.48807,0.15264
heurísticas|capital 50% abaixo,150,1.0011,-0.026943,-0.021719,0.59037,0.48531,0.14284
heurísticas|capital 50% abaixo,160,1.0018,-0.021996,-0.010822,0.5871,0.48278,0.13396
heurísticas|capital 50% abaixo,170,1.002,-0.029215,-0.015121,0.58423,0.48055,0.12741
heurísticas|capital 50% abaixo,180,1.0027,0.0017106,-0.0036338,0.58161,0.47813,0.11804
heurísticas|capital 50% abaixo,190,1.003,-0.0062732,-0.0069882,0.57812,0.47587,0.11239
heurísticas|capital 50% abaixo,200,1.0006,-0.042841,-0.021243,0.57663,0.47494,0.11134
heurísticas|capital 50% abaixo,210,1.0009,-0.001057,-0.0029825,0.57382,0.47259,0.10654
heurísticas|capital 50% abaixo,220,1.0019,0.01167,0.0022202,0.57241,0.47119,0.099742
heurísticas|capital 50% abaixo,230,1.0012,-0.032144,-0.015083,0.57,0.46872,0.096928
heurísticas|capital 50% abaixo,240,0.99961,0.0083865,-8.3318e-05,0.56826,0.46773,0.093142
heurísticas|capital 50% abaixo,250,0.99889,0.018654,0.0058007,0.56601,0.46548,0.089878
heurísticas|capital 50% abaixo,260,0.99819,0.029469,0.012612,0.56503,0.46524,0.085278
heurísticas|capital 50% abaixo,270,1,0.017389,0.0093697,0.56429,0.46427,0.082745
heurísticas|capital 50% abaixo,280,0.99917,0.0069498,0.0027976,0.56285,0.46292,0.080197
heurísticas|capital 50% abaixo,290,0.99502,0.020356,0.0065715,0.56047,0.46072,0.077097
heurísticas|capital 50% abaixo,300,0.99801,0.012068,0.012295,0.55925,0.45961,0.074278
heurísticas|capital 50% abaixo,310,1.0001,0.018607,0.01283,0.55715,0.45723,0.070128
heurísticas|capital 50% abaixo,320,0.99859,0.0021194,0.0019487,0.55478,0.45528,0.070245
heurísticas|capital 50% abaixo,330,0.99753,0.025942,0.012333,0.55395,0.45498,0.065628
heurísticas|capital 50% abaixo,340,1.0021,-0.0043162,0.0027859,0.55254,0.45453,0.060645
heurísticas|capital 50% abaixo,350,1.0021,-0.024064,-0.009319,0.55142,0.45266,0.058397
heurísticas|capital 50% abaixo,360,1.0002,0.026675,0.0079269,0.5494,0.45129,0.055997
heurísticas|capital 50% abaixo,370,1.0006,-0.013345,-0.0058892,0.54959,0.45112,0.055028
heurísticas|capital 50% abaixo,380,0.99978,-0.0049366,-0.0036015,0.54826,0.45009,0.054295
heurísticas|capital 50% abaixo,390,0.99761,0.0096488,0.0043643,0.54787,0.44895,0.055447
heurísticas|capital 50% abaixo,400,0.99682,0.015238,0.0089937,0.54762,0.4485,0.054645
heurísticas|capital 50% abaixo,410,0.99563,0.020408,0.014128,0.54734,0.44786,0.053995
heurísticas|capital 50% abaixo,420,0.9923,0.054727,0.028302,0.54655,0.44715,0.055212
heurísticas|capital 50% abaixo,430,0.99333,0.033483,0.024545,0.54625,0.44718,0.053828
heurísticas|capital 50% abaixo,440,1.0001,-0.018195,0.0058239,0.54472,0.44638,0.045728
heurísticas|capital 50% abaixo,450,1.0012,-0.023685,-0.0016661,0.54369,0.44448,0.044795
heurísticas|capital 50% abaixo,460,0.99945,-0.011974,-0.0044677,0.54244,0.44331,0.043962
heurísticas|capital 50% abaixo,470,1.0001,-0.01619,-0.0047641,0.54196,0.4426,0.044512
heurísticas|capital 50% abaixo,480,0.99798,-0.0059548,-0.0015981,0.54135,0.44188,0.044428
heurísticas|capital 50% abaixo,490,0.99715,0.037827,0.015766,0.54023,0.441,0.042162
heurísticas|capital 50% abaixo,500,0.99731,0.043121,0.018679,0.53985,0.44131,0.041028
heurísticas|capital 50% abaixo,510,0.99855,0.00040564,0.0035786,0.53968,0.44091,0.041028
heurísticas|capital 50% abaixo,520,0.99734,-0.0058248,0.0013749,0.53891,0.4403,0.042679
heurísticas|capital 50% abaixo,530,0.9974,0.047976,0.022905,0.53856,0.43926,0.038062
heurísticas|capital 50% abaixo,540,0.99968,0.0038028,0.0061776,0.53676,0.43742,0.035628
heurísticas|capital 50% abaixo,550,0.99612,0.0080194,0.0073658,0.5364,0.43631,0.035729
heurísticas|capital 50% abaixo,560,0.99663,0.0096776,0.0098964,0.53532,0.43578,0.036127
heurísticas|capital 50% abaixo,570,0.99519,0.017264,0.013466,0.53487,0.43482,0.033628
heurísticas|capital 50% abaixo,580,0.99446,0.041534,0.025763,0.53566,0.43536,0.032962
heurísticas|capital 50% abaixo,590,0.99355,0.045317,0.028142,0.53573,0.43452,0.034045
heurísticas|capital 50% abaixo,600,0.996,0.065771,0.036413,0.53492,0.43394,0.032429
heurísticas|capital 50% abaixo,610,0.99754,0.0089634,0.012051,0.53446,0.43374,0.028828
heurísticas|capital 50% abaixo,620,0.99945,0.005315,0.009003,0.53399,0.43331,0.028797
heurísticas|capital 50% abaixo,630,0.99872,0.01733,0.010615,0.53298,0.43236,0.029078
heurísticas|capital 50% abaixo,640,0.9975,0.0075524,0.0047726,0.53298,0.43186,0.027445
heurísticas|capital 50% abaixo,650,0.99974,0.0071502,0.0056117,0.53269,0.43174,0.025978
heurísticas|capital 50% abaixo,660,0.99959,0.0082063,0.0043671,0.53158,0.43107,0.025528
heurísticas|capital 50% abaixo,670,1.0011,0.027113,0.010708,0.53122,0.43075,0.024728
heurísticas|capital 50% abaixo,680,1.0008,-0.0095657,-0.0036677,0.53063,0.43092,0.026027
heurísticas|capital 50% abaixo,690,0.99777,-0.036098,-0.012712,0.53098,0.43123,0.030678
heurísticas|capital 50% abaixo,700,0.99728,0.02146,0.012002,0.53129,0.43209,0.029277
heurísticas|capital 50% abaixo,710,0.99841,0.020537,0.01322,0.53155,0.43216,0.029328
heurísticas|capital 50% abaixo,720,0.99722,0.0069531,0.005251,0.53073,0.43106,0.028177
heurísticas|capital 50% abaixo,730,0.99443,0.0294,0.015202,0.53037,0.43011,0.028292
heurísticas|capital 50% abaixo,740,0.99338,0.052658,0.029292,0.53141,0.43056,0.028327
heurísticas|capital 50% abaixo,750,0.99548,0.065104,0.035037,0.5312,0.43014,0.027995
heurísticas|capital 50% abaixo,760,0.99648,0.020663,0.016214,0.532,0.4307,0.027927
heurísticas|capital 50% abaixo,770,0.99826,0.023731,0.016166,0.53155,0.43141,0.025645
heurísticas|capital 50% abaixo,780,1.0008,-0.02178,-0.002663,0.53039,0.43092,0.024028
heurísticas|capital 50% abaixo,790,0.9993,0.023881,0.009018,0.53,0.43056,0.023995
heurísticas|capital 50% abaixo,800,1.0035,-0.021531,-0.0054796,0.52827,0.42898,0.019045
heurísticas|capital 50% abaixo,810,1.0065,-0.035692,-0.016185,0.52793,0.42893,0.017877
heurísticas|capital 50% abaixo,820,1.0034,-0.01261,-0.015012,0.52675,0.42903,0.016492
heurísticas|capital 50% abaixo,830,1.0032,-0.0016859,-0.0073051,0.52565,0.42784,0.015742
heurísticas|capital 50% abaixo,840,1.0017,-0.01045,-0.010407,0.52573,0.42727,0.017242
heurísticas|capital 50% abaixo,850,1.0002,-0.01818,-0.011004,0.52506,0.42725,0.017577
heurísticas|capital 50% abaixo,860,0.99959,0.031331,0.010304,0.52475,0.42741,0.016877
heurísticas|capital 50% abaixo,870,0.99938,0.014867,0.0055719,0.52406,0.42638,0.017077
heurísticas|capital 50% abaixo,880,1.002,0.0075493,0.002589,0.52385,0.42681,0.016677
heurísticas|capital 50% abaixo,890,0.99923,-0.0011595,-0.0047248,0.52326,0.42602,0.016277
heurísticas|capital 50% abaixo,900,0.99713,0.049987,0.017714,0.52339,0.42626,0.015563
heurísticas|capital 50% abaixo,910,1.0007,0.014458,0.010076,0.52369,0.42695,0.016299
heurísticas|capital 50% abaixo,920,1,0.0089278,0.0043479,0.52322,0.42664,0.014273
heurísticas|capital 50% abaixo,930,1.0007,-0.012447,-0.0044478,0.52274,0.42609,0.014842
heurísticas|capital 50% abaixo,940,0.99765,-0.012433,-0.0049772,0.52339,0.42614,0.014045
heurísticas|capital 50% abaixo,950,0.99476,0.046868,0.022345,0.52427,0.42605,0.016245
heurísticas|capital 50% abaixo,960,0.9999,0.020308,0.015265,0.52479,0.42642,0.014345
heurísticas|capital 50% abaixo,970,1.0003,-0.0064493,0.0023177,0.52421,0.42609,0.014563
heurísticas|capital 50% abaixo,980,0.99954,-0.027322,-0.0083034,0.52349,0.4253,0.014342
heurísticas|capital 50% abaixo,990,0.99798,0.012766,0.0067011,0.52347,0.42529,0.016427
heurísticas|capital 50% abaixo,1000,0.99603,0.012101,0.0078577,0.52425,0.42608,0.016792
heurísticas|capital 50% acima,1,1.4737,-2.8396,-1.9543,0.51357,0.41288,0.19306
heurísticas|capital 50% acima,2,1.4299,-2.6157,-2.723,0.5114,0.4111,0.17981
heurísticas|capital 50% acima,3,1.3833,-2.4091,-2.4168,0.50966,0.40953,0.16852
heurísticas|capital 50% acima,4,1.343,-2.205,-2.205,0.50808,0.40821,0.15716
heurísticas|capital 50% acima,5,1.307,-2.0118,-2.0118,0.50657,0.40701,0.14666
heurísticas|capital 50% acima,6,1.2751,-1.8346,-1.8346,0.50517,0.40592,0.13826
heurísticas|capital 50% acima,7,1.2471,-1.6794,-1.6794,0.50381,0.40482,0.13072
heurísticas|capital 50% acima,8,1.2219,-1.542,-1.542,0.50269,0.40392,0.12342
heurísticas|capital 50% acima,9,1.1998,-1.3739,-1.3739,0.50175,0.40321,0.11707
heurísticas|capital 50% acima,10,1.1806,-1.2755,-1.2755,0.50102,0.40259,0.11015
heurísticas|capital 50% acima,11,1.1624,-1.1562,-1.1562,0.50016,0.40183,0.1043
heurísticas|capital 50% acima,12,1.1468,-1.058,-1.058,0.49933,0.40102,0.1001
heurísticas|capital 50% acima,13,1.1321,-0.98714,-0.98714,0.49847,0.40025,0.094905
heurísticas|capital 50% acima,14,1.1186,-0.88938,-0.88938,0.49776,0.39954,0.090653
heurísticas|capital 50% acima,15,1.1074,-0.77936,-0.77936,0.49708,0.39904,0.087453
heurísticas|capital 50% acima,16,1.0976,-0.73919,-0.73919,0.49642,0.39832,0.085003
heurísticas|capital 50% acima,17,1.088,-0.66114,-0.66114,0.49565,0.39757,0.082403
heurísticas|capital 50% acima,18,1.0798,-0.59708,-0.59708,0.49493,0.39675,0.078855
heurísticas|capital 50% acima,19,1.0719,-0.5577,-0.5577,0.4944,0.39613,0.076472
heurísticas|capital 50% acima,20,1.0643,-0.50829,-0.50827,0.49411,0.39584,0.074103
heurísticas|capital 50% acima,21,1.0578,-0.45855,-0.45852,0.49374,0.39547,0.072903
heurísticas|capital 50% acima,22,1.0527,-0.40238,-0.40184,0.49336,0.39515,0.070322
heurísticas|capital 50% acima,23,1.0478,-0.37553,-0.37414,0.49295,0.39476,0.069353
heurísticas|capital 50% acima,24,1.0427,-0.34225,-0.34003,0.49259,0.39444,0.067528
heurísticas|capital 50% acima,25,1.0388,-0.29962,-0.2925,0.49242,0.39421,0.067028
heurísticas|capital 50% acima,26,1.0352,-0.28507,-0.27357,0.49229,0.39398,0.065711
heurísticas|capital 50% acima,27,1.0319,-0.25028,-0.23493,0.49208,0.39388,0.065478
heurísticas|capital 50% acima,28,1.0291,-0.2339,-0.21046,0.49181,0.39383,0.063656
heurísticas|capital 50% acima,29,1.0264,-0.20653,-0.17947,0.49155,0.39363,0.062928
heurísticas|capital 50% acima,30,1.0248,-0.19419,-0.15666,0.49129,0.39353,0.062442
heurísticas|capital 50% acima,31,1.0232,-0.19173,-0.14966,0.4911,0.39356,0.062811
heurísticas|capital 50% acima,32,1.0221,-0.20014,-0.15025,0.49086,0.39344,0.063008
heurísticas|capital 50% acima,33,1.0203,-0.18488,-0.13853,0.49081,0.39349,0.062461
heurísticas|capital 50% acima,34,1.0185,-0.17251,-0.1261,0.49069,0.39336,0.062706
heurísticas|capital 50% acima,35,1.0166,-0.15866,-0.11381,0.49066,0.39324,0.062142
heurísticas|capital 50% acima,36,1.0155,-0.14575,-0.09682,0.49056,0.39316,0.062211
heurísticas|capital 50% acima,37,1.0147,-0.12394,-0.078033,0.49051,0.39296,0.060961
heurísticas|capital 50% acima,38,1.0146,-0.10619,-0.062705,0.49036,0.39289,0.060661
heurísticas|capital 50% acima,39,1.0146,-0.10945,-0.063869,0.49021,0.39278,0.061411
heurísticas|capital 50% acima,40,1.0145,-0.11383,-0.066992,0.49015,0.39272,0.061292
heurísticas|capital 50% acima,41,1.0142,-0.10106,-0.061311,0.4902,0.39278,0.060278
heurísticas|capital 50% acima,42,1.0137,-0.13835,-0.085514,0.49025,0.39273,0.059761
heurísticas|capital 50% acima,43,1.0124,-0.11692,-0.077748,0.49019,0.39263,0.060328
heurísticas|capital 50% acima,44,1.0117,-0.1014,-0.067747,0.49007,0.39255,0.059606
heurísticas|capital 50% acima,45,1.0107,-0.11817,-0.079904,0.48982,0.3924,0.059792
heurísticas|capital 50% acima,46,1.0098,-0.087108,-0.061056,0.48977,0.3925,0.059711
heurísticas|capital 50% acima,47,1.0093,-0.072669,-0.052508,0.48981,0.39268,0.059392
heurísticas|capital 50% acima,48,1.0092,-0.071013,-0.052736,0.48986,0.39281,0.060142
heurísticas|capital 50% acima,49,1.0092,-0.054691,-0.044899,0.4898,0.39278,0.059961
heurísticas|capital 50% acima,50,1.009,-0.058088,-0.048882,0.48963,0.39273,0.060711
heurísticas|capital 50% acima,51,1.009,-0.0443,-0.043838,0.48934,0.39261,0.060561
heurísticas|capital 50% acima,52,1.0091,-0.066283,-0.057558,0.48923,0.39255,0.060742
heurísticas|capital 50% acima,53,1.0086,-0.064712,-0.060807,0.48906,0.39256,0.061911
heurísticas|capital 50% acima,54,1.0079,-0.058069,-0.061553,0.48897,0.39265,0.061661
heurísticas|capital 50% acima,55,1.0072,-0.038298,-0.051907,0.48878,0.39276,0.062511
heurísticas|capital 50% acima,56,1.0064,-0.047936,-0.057636,0.48883,0.39302,0.061961
heurísticas|capital 50% acima,57,1.0061,-0.040336,-0.051168,0.48895,0.39318,0.062306
heurísticas|capital 50% acima,58,1.0059,-0.045391,-0.050234,0.48894,0.39335,0.063542
heurísticas|capital 50% acima,59,1.0055,-0.054455,-0.055405,0.48889,0.39321,0.063056
heurísticas|capital 50% acima,60,1.0051,-0.035768,-0.046674,0.48891,0.39333,0.061978
heurísticas|capital 50% acima,61,1.0048,-0.048603,-0.049949,0.48878,0.39319,0.061128
heurísticas|capital 50% acima,62,1.004,-0.015508,-0.038385,0.48877,0.39313,0.060974
heurísticas|capital 50% acima,63,1.004,-0.0074264,-0.031352,0.48882,0.39305,0.060861
heurísticas|capital 50% acima,64,1.0041,-0.025601,-0.037237,0.48889,0.39303,0.061078
heurísticas|capital 50% acima,65,1.0042,0.00035591,-0.025631,0.48883,0.39291,0.060978
heurísticas|capital 50% acima,66,1.005,-0.0010031,-0.023097,0.48885,0.39295,0.060606
heurísticas|capital 50% acima,67,1.0056,-0.015635,-0.028707,0.48891,0.39302,0.060156
heurísticas|capital 50% acima,68,1.0056,-0.030131,-0.035202,0.48875,0.39274,0.061042
heurísticas|capital 50% acima,69,1.0053,-0.037085,-0.037554,0.4886,0.39271,0.061074
heurísticas|capital 50% acima,70,1.0054,-0.016191,-0.029001,0.48854,0.39273,0.060624
heurísticas|capital 50% acima,71,1.0052,-0.034747,-0.034784,0.48858,0.39267,0.060292
heurísticas|capital 50% acima,72,1.0049,-0.010292,-0.02524,0.48879,0.39277,0.060424
heurísticas|capital 50% acima,73,1.0054,-0.072391,-0.045735,0.4889,0.3928,0.060924
heurísticas|capital 50% acima,74,1.0047,-0.022587,-0.028942,0.48891,0.39283,0.060574
heurísticas|capital 50% acima,75,1.0049,-0.02284,-0.026749,0.48895,0.39299,0.060278
heurísticas|capital 50% acima,76,1.005,-0.013151,-0.023002,0.48896,0.39304,0.060128
heurísticas|capital 50% acima,77,1.0048,-0.041771,-0.032936,0.48909,0.39326,0.060378
heurísticas|capital 50% acima,78,1.0044,-0.065503,-0.040663,0.4891,0.39331,0.059728
heurísticas|capital 50% acima,79,1.0034,-0.047558,-0.034595,0.48919,0.39336,0.058928
heurísticas|capital 50% acima,80,1.0027,-0.0050278,-0.019283,0.48921,0.39337,0.059528
heurísticas|capital 50% acima,81,1.0028,-0.027877,-0.025736,0.48923,0.39338,0.058856
heurísticas|capital 50% acima,82,1.0029,-0.018802,-0.021317,0.48935,0.39359,0.058792
heurísticas|capital 50% acima,83,1.0028,-0.018464,-0.020312,0.48956,0.39379,0.057956
heurísticas|capital 50% acima,84,1.003,0.00028531,-0.013404,0.48963,0.39385,0.057628
heurísticas|capital 50% acima,85,1.0033,-0.033975,-0.024274,0.48972,0.3938,0.057661
heurísticas|capital 50% acima,86,1.0029,-0.0090362,-0.015412,0.48977,0.3939,0.057961
heurísticas|capital 50% acima,87,1.0033,0.015037,-0.0062588,0.48984,0.39411,0.057678
heurísticas|capital 50% acima,88,1.0037,-0.017767,-0.016679,0.48998,0.39427,0.057792
heurísticas|capital 50% acima,89,1.0043,0.010321,-0.0065652,0.49009,0.39464,0.058458
heurísticas|capital 50% acima,90,1.0051,-0.0072456,-0.011953,0.49004,0.39478,0.058958
heurísticas|capital 50% acima,91,1.0057,-0.039229,-0.022644,0.49012,0.39483,0.058742
heurísticas|capital 50% acima,92,1.0056,-0.031629,-0.020552,0.49011,0.39485,0.058211
heurísticas|capital 50% acima,93,1.0056,-0.050178,-0.027034,0.48998,0.39473,0.057661
heurísticas|capital 50% acima,94,1.0055,-0.015403,-0.015427,0.49008,0.39488,0.058561
heurísticas|capital 50% acima,95,1.0059,-0.030147,-0.020321,0.49009,0.39493,0.058811
heurísticas|capital 50% acima,96,1.0063,-0.043141,-0.024728,0.49018,0.39506,0.057761
heurísticas|capital 50% acima,97,1.0065,-0.028494,-0.019905,0.49039,0.39523,0.058361
heurísticas|capital 50% acima,98,1.0071,-0.035834,-0.02227,0.49038,0.3953,0.058558
heurísticas|capital 50% acima,99,1.0069,-0.037076,-0.02336,0.49035,0.39523,0.057808
heurísticas|capital 50% acima,100,1.0073,-0.038637,-0.023739,0.49035,0.39521,0.058474
heurísticas|capital 50% acima,110,1.0082,-0.047613,-0.028777,0.49033,0.39538,0.059674
heurísticas|capital 50% acima,120,1.0056,-0.058808,-0.037648,0.48985,0.39476,0.057774
heurísticas|capital 50% acima,130,1.0024,-0.0091233,-0.014782,0.49038,0.39516,0.056268
heurísticas|capital 50% acima,140,1.0027,-0.017753,-0.013429,0.49094,0.39586,0.055174
heurísticas|capital 50% acima,150,0.99948,-0.01394,-0.011416,0.49124,0.39615,0.053228
heurísticas|capital 50% acima,160,1.0004,-0.010381,-0.0021483,0.49215,0.39674,0.051528
heurísticas|capital 50% acima,170,1.0006,-0.018263,-0.0070899,0.49331,0.3976,0.048808
heurísticas|capital 50% acima,180,1.0015,0.011905,0.0036453,0.49449,0.39854,0.047411
heurísticas|capital 50% acima,190,1.0017,0.0035429,-0.0001055,0.49452,0.39932,0.047756
heurísticas|capital 50% acima,200,0.99948,-0.033834,-0.014764,0.49635,0.40066,0.044178
heurísticas|capital 50% acima,210,0.99991,0.0066374,0.0025857,0.49646,0.40091,0.045678
heurísticas|capital 50% acima,220,1.0009,0.019411,0.0075334,0.49803,0.40204,0.044774
heurísticas|capital 50% acima,230,1.0003,-0.024415,-0.0097816,0.49835,0.40175,0.042378
heurísticas|capital 50% acima,240,0.99875,0.015315,0.0047484,0.49929,0.40308,0.040306
heurísticas|capital 50% acima,250,0.99812,0.024856,0.010208,0.49937,0.40291,0.040974
heurísticas|capital 50% acima,260,0.99748,0.035223,0.016733,0.50062,0.40445,0.037842
heurísticas|capital 50% acima,270,0.99931,0.023362,0.013422,0.50237,0.40574,0.038092
heurísticas|capital 50% acima,280,0.9984,0.013144,0.0068647,0.50309,0.40625,0.034442
heurísticas|capital 50% acima,290,0.99431,0.026177,0.010524,0.50261,0.40555,0.031628
heurísticas|capital 50% acima,300,0.99732,0.017613,0.016209,0.50326,0.40631,0.031842
heurísticas|capital 50% acima,310,0.99946,0.023981,0.016556,0.50309,0.40578,0.032461
heurísticas|capital 50% acima,320,0.99802,0.0067186,0.0052044,0.5025,0.40535,0.031856
heurísticas|capital 50% acima,330,0.99705,0.029816,0.01518,0.50334,0.40645,0.030711
heurísticas|capital 50% acima,340,1.0017,-0.0012246,0.0051137,0.50386,0.40772,0.031774
heurísticas|capital 50% acima,350,1.0017,-0.020815,-0.00706,0.5042,0.40731,0.030192
heurísticas|capital 50% acima,360,0.99987,0.029113,0.0097767,0.50377,0.40743,0.028955
heurísticas|capital 50% acima,370,1.0004,-0.011216,-0.0043028,0.50552,0.4087,0.027942
heurísticas|capital 50% acima,380,0.99945,-0.0023002,-0.0019076,0.5056,0.4089,0.028076
heurísticas|capital 50% acima,390,0.99724,0.01258,0.006227,0.50643,0.40899,0.025687
heurísticas|capital 50% acima,400,0.99647,0.018073,0.0109,0.50759,0.40982,0.022906
heurísticas|capital 50% acima,410,0.99536,0.02262,0.015781,0.50857,0.41029,0.022526
heurísticas|capital 50% acima,420,0.99204,0.056836,0.029895,0.50881,0.41042,0.021092
heurísticas|capital 50% acima,430,0.99308,0.03547,0.025996,0.5096,0.41133,0.020056
heurísticas|capital 50% acima,440,0.99981,-0.015997,0.0072635,0.50918,0.41174,0.022324
heurísticas|capital 50% acima,450,1.0009,-0.021341,-0.00012127,0.50925,0.41092,0.022499
heurísticas|capital 50% acima,460,0.99915,-0.0094996,-0.0028589,0.50903,0.4107,0.022437
heurísticas|capital 50% acima,470,0.99978,-0.013659,-0.0031029,0.50972,0.41121,0.022842
heurísticas|capital 50% acima,480,0.99771,-0.0037225,-4.1397e-05,0.51007,0.41125,0.022242
heurísticas|capital 50% acima,490,0.99692,0.039692,0.017134,0.50983,0.41124,0.023542
heurísticas|capital 50% acima,500,0.99709,0.044918,0.019959,0.51042,0.41247,0.022973
heurísticas|capital 50% acima,510,0.99838,0.0018161,0.0046109,0.51118,0.41292,0.024042
heurísticas|capital 50% acima,520,0.99719,-0.0046305,0.0022639,0.51125,0.41315,0.022468
heurísticas|capital 50% acima,530,0.99728,0.048918,0.023647,0.51168,0.41279,0.019576
heurísticas|capital 50% acima,540,0.99951,0.0051575,0.0070162,0.51067,0.41168,0.022051
heurísticas|capital 50% acima,550,0.99595,0.0093806,0.0082751,0.51108,0.41136,0.020092
heurísticas|capital 50% acima,560,0.99653,0.010453,0.010535,0.51067,0.4115,0.020242
heurísticas|capital 50% acima,570,0.99508,0.018224,0.014128,0.51093,0.41124,0.018676
heurísticas|capital 50% acima,580,0.99436,0.042359,0.026408,0.51246,0.41256,0.016874
heurísticas|capital 50% acima,590,0.99346,0.046053,0.028694,0.51309,0.41227,0.015826
heurísticas|capital 50% acima,600,0.99589,0.06668,0.037029,0.51294,0.41224,0.017318
heurísticas|capital 50% acima,610,0.9974,0.010079,0.012739,0.51314,0.41273,0.015992
heurísticas|capital 50% acima,620,0.99937,0.0059761,0.0095278,0.51341,0.41305,0.015592
heurísticas|capital 50% acima,630,0.99865,0.017855,0.011025,0.51291,0.41268,0.016676
heurísticas|capital 50% acima,640,0.99745,0.0079216,0.0050838,0.5135,0.41271,0.015651
heurísticas|capital 50% acima,650,0.99967,0.0077073,0.0059656,0.51378,0.41306,0.016076
heurísticas|capital 50% acima,660,0.99953,0.0087103,0.0047173,0.51326,0.41294,0.017199
heurísticas|capital 50% acima,670,1.001,0.02766,0.011075,0.51349,0.4132,0.017251
heurísticas|capital 50% acima,680,1.0007,-0.0089741,-0.0032778,0.51346,0.41402,0.018049
heurísticas|capital 50% acima,690,0.99775,-0.035902,-0.012488,0.51433,0.41474,0.017089
heurísticas|capital 50% acima,700,0.99722,0.021919,0.012295,0.51504,0.41598,0.016999
heurísticas|capital 50% acima,710,0.99831,0.021338,0.01367,0.51578,0.41645,0.016399
heurísticas|capital 50% acima,720,0.9971,0.0079613,0.005839,0.5154,0.41577,0.017555
heurísticas|capital 50% acima,730,0.99431,0.030425,0.01586,0.51543,0.41516,0.014849
heurísticas|capital 50% acima,740,0.99326,0.053592,0.029959,0.51687,0.4161,0.010699
heurísticas|capital 50% acima,750,0.99537,0.065974,0.035686,0.51712,0.41602,0.012523
heurísticas|capital 50% acima,760,0.9964,0.021357,0.016719,0.51834,0.41695,0.010799
heurísticas|capital 50% acima,770,0.99818,0.024352,0.016611,0.51832,0.4181,0.013755
heurísticas|capital 50% acima,780,1.0007,-0.021261,-0.0022778,0.51759,0.41803,0.016176
heurísticas|capital 50% acima,790,0.99924,0.024392,0.0093797,0.51756,0.41805,0.015676
heurísticas|capital 50% acima,800,1.0035,-0.021177,-0.0052075,0.51622,0.41684,0.017455
heurísticas|capital 50% acima,810,1.0064,-0.035302,-0.015919,0.51628,0.41714,0.018823
heurísticas|capital 50% acima,820,1.0034,-0.012315,-0.014777,0.51545,0.41767,0.020426
heurísticas|capital 50% acima,830,1.0031,-0.0014293,-0.0071166,0.51468,0.41683,0.021042
heurísticas|capital 50% acima,840,1.0017,-0.010232,-0.010242,0.51507,0.41659,0.018873
heurísticas|capital 50% acima,850,1.0002,-0.018118,-0.010916,0.51472,0.41683,0.019426
heurísticas|capital 50% acima,860,0.99959,0.031375,0.010358,0.51467,0.41729,0.019392
heurísticas|capital 50% acima,870,0.99936,0.015001,0.0056577,0.51426,0.41652,0.022087
heurísticas|capital 50% acima,880,1.002,0.0077785,0.0027164,0.51434,0.41721,0.024637
heurísticas|capital 50% acima,890,0.99921,-0.00099347,-0.0046099,0.514,0.41672,0.021492
heurísticas|capital 50% acima,900,0.99709,0.050291,0.017892,0.51436,0.41721,0.021851
heurísticas|capital 50% acima,910,1.0006,0.014886,0.010326,0.51492,0.41816,0.022442
heurísticas|capital 50% acima,920,0.99998,0.0093165,0.0045966,0.51469,0.41805,0.021837
heurísticas|capital 50% acima,930,1.0007,-0.012158,-0.0042355,0.51449,0.41784,0.021692
heurísticas|capital 50% acima,940,0.99765,-0.012399,-0.0048832,0.51539,0.41815,0.017901
heurísticas|capital 50% acima,950,0.99477,0.04679,0.022345,0.51647,0.41826,0.015523
heurísticas|capital 50% acima,960,0.9999,0.020333,0.01528,0.5172,0.4188,0.015937
heurísticas|capital 50% acima,970,1.0003,-0.0063059,0.0023881,0.51682,0.41864,0.017342
heurísticas|capital 50% acima,980,0.99951,-0.027108,-0.0081888,0.51626,0.41806,0.018223
heurísticas|capital 50% acima,990,0.99796,0.01287,0.0067892,0.51645,0.41825,0.019901
heurísticas|capital 50% acima,1000,0.99603,0.012098,0.0078794,0.51736,0.41923,0.017192
heurísticas|riqueza igual para todos,1,1.0013,-0.032467,-0.01095,0.013243,0.1052,0.67551
heurísticas|riqueza igual para todos,2,1.0023,-0.0096065,-0.0035459,0.023062,0.1091,0.65293
heurísticas|riqueza igual para todos,3,1.0041,-0.04243,-0.015031,0.031238,0.11265,0.64135
heurísticas|riqueza igual para todos,4,1.0055,-0.051076,-0.019102,0.038327,0.11584,0.6323
heurísticas|riqueza igual para todos,5,1.0069,-0.056352,-0.02277,0.045204,0.11901,0.62113
heurísticas|riqueza igual para todos,6,1.0084,-0.06375,-0.026868,0.05115,0.12188,0.61353
heurísticas|riqueza igual para todos,7,1.0101,-0.079671,-0.034303,0.056647,0.12456,0.60944
heurísticas|riqueza igual para todos,8,1.0112,-0.10005,-0.044765,0.061932,0.12726,0.60259
heurísticas|riqueza igual para todos,9,1.0127,-0.07304,-0.036578,0.067213,0.13005,0.59663
heurísticas|riqueza igual para todos,10,1.0146,-0.10977,-0.051838,0.072018,0.13258,0.59233
heurísticas|riqueza igual para todos,11,1.0155,-0.11216,-0.058195,0.0764,0.1349,0.58623
heurísticas|riqueza igual para todos,12,1.0166,-0.12439,-0.065353,0.080943,0.13727,0.5808
heurísticas|riqueza igual para todos,13,1.0172,-0.15605,-0.084214,0.084784,0.13937,0.57695
heurísticas|riqueza igual para todos,14,1.0173,-0.15,-0.086974,0.088705,0.14143,0.57245
heurísticas|riqueza igual para todos,15,1.0181,-0.12116,-0.073476,0.092386,0.14353,0.5684
heurísticas|riqueza igual para todos,16,1.019,-0.1578,-0.090934,0.095788,0.14542,0.5648
heurísticas|riqueza igual para todos,17,1.0193,-0.14883,-0.091916,0.099063,0.14717,0.561
heurísticas|riqueza igual para todos,18,1.0198,-0.14661,-0.09353,0.10207,0.1488,0.5573
heurísticas|riqueza igual para todos,19,1.0198,-0.16438,-0.10575,0.10495,0.15041,0.55455
heurísticas|riqueza igual para todos,20,1.0192,-0.16668,-0.1114,0.10803,0.15209,0.5495
heurísticas|riqueza igual para todos,21,1.019,-0.16272,-0.10962,0.11114,0.15363,0.5475
heurísticas|riqueza igual para todos,22,1.0193,-0.14686,-0.10099,0.11431,0.15539,0.5438
heurísticas|riqueza igual para todos,23,1.0194,-0.15736,-0.1069,0.11721,0.15699,0.54005
heurísticas|riqueza igual para todos,24,1.0188,-0.15849,-0.11173,0.11991,0.15838,0.5381
heurísticas|riqueza igual para todos,25,1.0188,-0.14503,-0.10605,0.12309,0.16013,0.5345
heurísticas|riqueza igual para todos,26,1.0187,-0.15709,-0.11172,0.12597,0.16167,0.53085
heurísticas|riqueza igual para todos,27,1.0185,-0.14559,-0.10874,0.12844,0.16306,0.5276
heurísticas|riqueza igual para todos,28,1.0182,-0.14912,-0.11045,0.13101,0.16459,0.52575
heurísticas|riqueza igual para todos,29,1.0178,-0.13898,-0.10773,0.13363,0.16607,0.5223
heurísticas|riqueza igual para todos,30,1.0179,-0.13959,-0.10569,0.13613,0.16757,0.52025
heurísticas|riqueza igual para todos,31,1.0176,-0.14794,-0.1097,0.13854,0.16888,0.51735
heurísticas|riqueza igual para todos,32,1.0176,-0.16525,-0.11626,0.14088,0.17013,0.51485
heurísticas|riqueza igual para todos,33,1.0169,-0.15859,-0.11665,0.14341,0.17149,0.51058
heurísticas|riqueza igual para todos,34,1.0161,-0.15373,-0.11516,0.14567,0.17273,0.50848
heurísticas|riqueza igual para todos,35,1.0151,-0.14661,-0.1133,0.14792,0.17388,0.50538
heurísticas|riqueza igual para todos,36,1.0146,-0.13863,-0.10582,0.15011,0.17511,0.50333
heurísticas|riqueza igual para todos,37,1.0142,-0.12054,-0.096253,0.15259,0.1765,0.50033
heurísticas|riqueza igual para todos,38,1.0145,-0.10543,-0.086166,0.15473,0.17778,0.49743
heurísticas|riqueza igual para todos,39,1.0148,-0.11102,-0.08699,0.15673,0.17904,0.49522
heurísticas|riqueza igual para todos,40,1.015,-0.11765,-0.089795,0.15886,0.1804,0.49343
heurísticas|riqueza igual para todos,41,1.015,-0.10729,-0.086424,0.16129,0.18189,0.49087
heurísticas|riqueza igual para todos,42,1.0148,-0.14695,-0.10305,0.16352,0.18323,0.48867
heurísticas|riqueza igual para todos,43,1.0139,-0.12879,-0.098402,0.16572,0.18439,0.48558
heurísticas|riqueza igual para todos,44,1.0136,-0.11653,-0.091691,0.16783,0.18557,0.48398
heurísticas|riqueza igual para todos,45,1.0131,-0.13661,-0.1004,0.1696,0.18651,0.48152
heurísticas|riqueza igual para todos,46,1.0126,-0.10879,-0.08721,0.17159,0.18781,0.47887
heurísticas|riqueza igual para todos,47,1.0124,-0.097053,-0.080425,0.17364,0.18914,0.47672
heurísticas|riqueza igual para todos,48,1.0126,-0.09825,-0.079469,0.1758,0.19049,0.47482
heurísticas|riqueza igual para todos,49,1.013,-0.084859,-0.072773,0.17782,0.19174,0.47217
heurísticas|riqueza igual para todos,50,1.0132,-0.091389,-0.074313,0.17951,0.19288,0.47052
heurísticas|riqueza igual para todos,51,1.0136,-0.080692,-0.06936,0.18108,0.19389,0.46872
heurísticas|riqueza igual para todos,52,1.014,-0.10569,-0.079435,0.18277,0.19496,0.46692
heurísticas|riqueza igual para todos,53,1.0141,-0.10787,-0.08056,0.18458,0.19615,0.46477
heurísticas|riqueza igual para todos,54,1.0139,-0.10541,-0.081092,0.18634,0.19739,0.46387
heurísticas|riqueza igual para todos,55,1.0137,-0.089533,-0.074625,0.18798,0.19844,0.46182
heurísticas|riqueza igual para todos,56,1.0133,-0.1028,-0.080905,0.18963,0.19944,0.45932
heurísticas|riqueza igual para todos,57,1.0134,-0.098543,-0.077471,0.19132,0.20052,0.45787
heurísticas|riqueza igual para todos,58,1.0136,-0.10656,-0.079216,0.19309,0.2017,0.45592
heurísticas|riqueza igual para todos,59,1.0136,-0.11855,-0.084797,0.19467,0.20267,0.45407
heurísticas|riqueza igual para todos,60,1.0135,-0.1029,-0.078105,0.19643,0.20375,0.45247
heurísticas|riqueza igual para todos,61,1.0136,-0.11821,-0.083232,0.19791,0.20464,0.44997
heurísticas|riqueza igual para todos,62,1.013,-0.087623,-0.073422,0.19928,0.20541,0.44822
heurísticas|riqueza igual para todos,63,1.0133,-0.081609,-0.068137,0.20059,0.20619,0.44687
heurísticas|riqueza igual para todos,64,1.0136,-0.1013,-0.07531,0.20198,0.20713,0.44617
heurísticas|riqueza igual para todos,65,1.0138,-0.076938,-0.065724,0.20343,0.20815,0.44432
heurísticas|riqueza igual para todos,66,1.0148,-0.079495,-0.063628,0.205,0.20916,0.44332
heurísticas|riqueza igual para todos,67,1.0156,-0.095027,-0.070055,0.20659,0.21022,0.44247
heurísticas|riqueza igual para todos,68,1.0157,-0.11048,-0.078286,0.20786,0.21099,0.44122
heurísticas|riqueza igual para todos,69,1.0155,-0.11817,-0.083459,0.20919,0.2118,0.43982
heurísticas|riqueza igual para todos,70,1.0157,-0.097819,-0.075388,0.21051,0.21274,0.43847
heurísticas|riqueza igual para todos,71,1.0155,-0.11662,-0.083419,0.21181,0.21352,0.43667
heurísticas|riqueza igual para todos,72,1.0152,-0.09223,-0.074651,0.21349,0.21455,0.43412
heurísticas|riqueza igual para todos,73,1.0157,-0.15387,-0.0967,0.21516,0.21555,0.43312
heurísticas|riqueza igual para todos,74,1.0149,-0.10397,-0.080661,0.21644,0.21638,0.43112
heurísticas|riqueza igual para todos,75,1.0151,-0.10377,-0.077239,0.21789,0.21749,0.42982
heurísticas|riqueza igual para todos,76,1.0151,-0.093528,-0.07423,0.2193,0.21851,0.42834
heurísticas|riqueza igual para todos,77,1.0149,-0.12136,-0.086309,0.22094,0.21962,0.42537
heurísticas|riqueza igual para todos,78,1.0143,-0.14426,-0.096114,0.22232,0.22051,0.42314
heurísticas|riqueza igual para todos,79,1.0131,-0.12539,-0.090661,0.22367,0.22124,0.42074
heurísticas|riqueza igual para todos,80,1.0124,-0.082172,-0.072592,0.22478,0.22196,0.42004
heurísticas|riqueza igual para todos,81,1.0123,-0.10429,-0.077932,0.22588,0.22282,0.41984
heurísticas|riqueza igual para todos,82,1.0123,-0.094521,-0.072698,0.22727,0.22377,0.41739
heurísticas|riqueza igual para todos,83,1.0122,-0.093438,-0.072069,0.2287,0.22474,0.41594
heurísticas|riqueza igual para todos,84,1.0122,-0.073863,-0.063808,0.22989,0.22556,0.41399
heurísticas|riqueza igual para todos,85,1.0124,-0.10692,-0.075097,0.23106,0.22637,0.41329
heurísticas|riqueza igual para todos,86,1.0119,-0.081068,-0.066179,0.2322,0.22713,0.41189
heurísticas|riqueza igual para todos,87,1.0122,-0.056075,-0.055156,0.23353,0.22811,0.41014
heurísticas|riqueza igual para todos,88,1.0125,-0.087929,-0.065076,0.23489,0.22898,0.40934
heurísticas|riqueza igual para todos,89,1.013,-0.059211,-0.054673,0.23628,0.23003,0.40874
heurísticas|riqueza igual para todos,90,1.0136,-0.075784,-0.060129,0.23737,0.23095,0.40804
heurísticas|riqueza igual para todos,91,1.0142,-0.10656,-0.071684,0.2386,0.23183,0.40689
heurísticas|riqueza igual para todos,92,1.0139,-0.097674,-0.070789,0.23963,0.23243,0.40604
heurísticas|riqueza igual para todos,93,1.0137,-0.11474,-0.077275,0.2405,0.23301,0.40544
heurísticas|riqueza igual para todos,94,1.0134,-0.078684,-0.064232,0.24169,0.23384,0.40449
heurísticas|riqueza igual para todos,95,1.0137,-0.091966,-0.06809,0.24276,0.23461,0.40254
heurísticas|riqueza igual para todos,96,1.0139,-0.10359,-0.072086,0.24388,0.23551,0.40034
heurísticas|riqueza igual para todos,97,1.0139,-0.087592,-0.066369,0.24511,0.23639,0.39824
heurísticas|riqueza igual para todos,98,1.0143,-0.093486,-0.067562,0.24619,0.23726,0.3974
heurísticas|riqueza igual para todos,99,1.014,-0.093404,-0.069142,0.24727,0.23796,0.3958
heurísticas|riqueza igual para todos,100,1.0142,-0.093652,-0.068212,0.24841,0.23878,0.396
heurísticas|riqueza igual para todos,110,1.0137,-0.090954,-0.064669,0.25854,0.24536,0.3854
heurísticas|riqueza igual para todos,120,1.0099,-0.093286,-0.068285,0.2671,0.25106,0.37447
heurísticas|riqueza igual para todos,130,1.0066,-0.04297,-0.039559,0.27576,0.25641,0.36247
heurísticas|riqueza igual para todos,140,1.0071,-0.052579,-0.03786,0.28424,0.26226,0.35232
heurísticas|riqueza igual para todos,150,1.0037,-0.047918,-0.03499,0.29194,0.26706,0.34286
heurísticas|riqueza igual para todos,160,1.0048,-0.046243,-0.025542,0.29993,0.2725,0.33256
heurísticas|riqueza igual para todos,170,1.0051,-0.054088,-0.031948,0.30824,0.27818,0.32536
heurísticas|riqueza igual para todos,180,1.0055,-0.020765,-0.019105,0.31538,0.2831,0.31451
heurísticas|riqueza igual para todos,190,1.0055,-0.027022,-0.021606,0.32144,0.28777,0.30911
heurísticas|riqueza igual para todos,200,1.003,-0.062266,-0.035452,0.32892,0.29283,0.29971
heurísticas|riqueza igual para todos,210,1.0032,-0.019578,-0.015969,0.33402,0.29659,0.29171
heurísticas|riqueza igual para todos,220,1.0038,-0.0039345,-0.0091571,0.34071,0.30152,0.28401
heurísticas|riqueza igual para todos,230,1.0028,-0.044946,-0.024753,0.34595,0.30459,0.27547
heurísticas|riqueza igual para todos,240,1.0011,-0.0038278,-0.0087738,0.3515,0.30846,0.26852
heurísticas|riqueza igual para todos,250,1.0005,0.00579,-0.0027472,0.35616,0.31178,0.26362
heurísticas|riqueza igual para todos,260,0.99976,0.016791,0.0039641,0.36155,0.31561,0.25492
heurísticas|riqueza igual para todos,270,1.0014,0.0064991,0.0016326,0.36788,0.31971,0.24727
heurísticas|riqueza igual para todos,280,1.0001,-0.00083613,-0.0032512,0.37297,0.32262,0.24092
heurísticas|riqueza igual para todos,290,0.99589,0.013293,0.0013271,0.37595,0.3238,0.23422
heurísticas|riqueza igual para todos,300,0.99873,0.0062428,0.0078172,0.38058,0.32729,0.22912
heurísticas|riqueza igual para todos,310,1.0008,0.01295,0.0087708,0.38417,0.32944,0.22362
heurísticas|riqueza igual para todos,320,0.9994,-0.0044593,-0.0023152,0.38712,0.33153,0.21777
heurísticas|riqueza igual para todos,330,0.99844,0.018594,0.0075868,0.39141,0.33454,0.21352
heurísticas|riqueza igual para todos,340,1.0032,-0.013201,-0.0027437,0.3956,0.33807,0.21197
heurísticas|riqueza igual para todos,350,1.003,-0.031338,-0.014429,0.39913,0.34023,0.20614
heurísticas|riqueza igual para todos,360,1.0013,0.017572,0.0021597,0.4017,0.34202,0.20257
heurísticas|riqueza igual para todos,370,1.0017,-0.022064,-0.011637,0.40662,0.34548,0.19662
heurísticas|riqueza igual para todos,380,1.0005,-0.010664,-0.0080441,0.40942,0.34762,0.18882
heurísticas|riqueza igual para todos,390,0.99804,0.0061452,0.0012652,0.41283,0.34916,0.18197
heurísticas|riqueza igual para todos,400,0.99716,0.012547,0.0066964,0.41669,0.35168,0.17789
heurísticas|riqueza igual para todos,410,0.99605,0.01704,0.011775,0.42039,0.35381,0.17277
heurísticas|riqueza igual para todos,420,0.99274,0.051089,0.025781,0.42295,0.35524,0.16632
heurísticas|riqueza igual para todos,430,0.99372,0.030259,0.02219,0.42619,0.35751,0.16154
heurísticas|riqueza igual para todos,440,1.0003,-0.019657,0.0044628,0.42813,0.35918,0.16041
heurísticas|riqueza igual para todos,450,1.0012,-0.024129,-0.002365,0.43057,0.36036,0.15762
heurísticas|riqueza igual para todos,460,0.99949,-0.012278,-0.004893,0.43278,0.36199,0.15052
heurísticas|riqueza igual para todos,470,1.0002,-0.016802,-0.0051835,0.43625,0.3641,0.14716
heurísticas|riqueza igual para todos,480,0.99809,-0.0068221,-0.0021574,0.43886,0.36529,0.14114
heurísticas|riqueza igual para todos,490,0.99738,0.035949,0.014754,0.44089,0.36662,0.13709
heurísticas|riqueza igual para todos,500,0.99757,0.041068,0.017456,0.44356,0.36894,0.13437
heurísticas|riqueza igual para todos,510,0.99899,-0.0031338,0.0016156,0.44656,0.37114,0.12719
heurísticas|riqueza igual para todos,520,0.99783,-0.0098236,-0.0010279,0.44866,0.37272,0.12535
heurísticas|riqueza igual para todos,530,0.99804,0.042765,0.019704,0.45094,0.37366,0.12326
heurísticas|riqueza igual para todos,540,1.0001,0.00027719,0.0036479,0.4516,0.37371,0.12221
heurísticas|riqueza igual para todos,550,0.99647,0.0051712,0.0052371,0.45362,0.37441,0.11711
heurísticas|riqueza igual para todos,560,0.99703,0.0063989,0.0076999,0.45476,0.37557,0.11539
heurísticas|riqueza igual para todos,570,0.99547,0.015023,0.011722,0.45645,0.37617,0.11136
heurísticas|riqueza igual para todos,580,0.99468,0.039724,0.024288,0.45959,0.37831,0.10869
heurísticas|riqueza igual para todos,590,0.99371,0.043985,0.026996,0.46147,0.37894,0.1022
heurísticas|riqueza igual para todos,600,0.99605,0.065409,0.035815,0.46278,0.37997,0.10169
heurísticas|riqueza igual para todos,610,0.99751,0.0091965,0.011974,0.46465,0.38149,0.10065
heurísticas|riqueza igual para todos,620,0.99958,0.0042893,0.0084937,0.46666,0.38278,0.096338
heurísticas|riqueza igual para todos,630,0.99889,0.015908,0.009808,0.46737,0.38324,0.093355
heurísticas|riqueza igual para todos,640,0.99768,0.006105,0.0038882,0.46932,0.38409,0.090658
heurísticas|riqueza igual para todos,650,0.99985,0.0063281,0.0049469,0.47113,0.38525,0.088903
heurísticas|riqueza igual para todos,660,0.99971,0.0072611,0.0037359,0.47197,0.38582,0.086203
heurísticas|riqueza igual para todos,670,1.0012,0.026217,0.010104,0.47357,0.38713,0.085705
heurísticas|riqueza igual para todos,680,1.0009,-0.010287,-0.004176,0.47478,0.38875,0.082288
heurísticas|riqueza igual para todos,690,0.99796,-0.037655,-0.01357,0.47688,0.39002,0.076355
heurísticas|riqueza igual para todos,700,0.99739,0.020536,0.011319,0.47866,0.39191,0.072522
heurísticas|riqueza igual para todos,710,0.99847,0.020036,0.012738,0.48045,0.39294,0.070958
heurísticas|riqueza igual para todos,720,0.99722,0.0069911,0.0050997,0.48092,0.39298,0.069758
heurísticas|riqueza igual para todos,730,0.99439,0.029746,0.015273,0.48171,0.39282,0.067603
heurísticas|riqueza igual para todos,740,0.9933,0.053295,0.02959,0.4841,0.39452,0.064661
heurísticas|riqueza igual para todos,750,0.9954,0.065738,0.035456,0.48541,0.39517,0.060972
heurísticas|riqueza igual para todos,760,0.99643,0.021123,0.016519,0.4875,0.39666,0.057211
heurísticas|riqueza igual para todos,770,0.99821,0.024169,0.016451,0.48844,0.3982,0.057058
heurísticas|riqueza igual para todos,780,1.0007,-0.021335,-0.0023532,0.48856,0.39864,0.059561
heurísticas|riqueza igual para todos,790,0.99922,0.024519,0.0094108,0.48942,0.39919,0.058261
heurísticas|riqueza igual para todos,800,1.0035,-0.021535,-0.0053598,0.48903,0.39867,0.059892
heurísticas|riqueza igual para todos,810,1.0065,-0.035948,-0.016262,0.48999,0.39969,0.058872
heurísticas|riqueza igual para todos,820,1.0035,-0.013168,-0.015268,0.49003,0.40079,0.057758
heurísticas|riqueza igual para todos,830,1.0033,-0.0023298,-0.0076631,0.48997,0.40035,0.057442
heurísticas|riqueza igual para todos,840,1.0018,-0.010762,-0.010667,0.49108,0.40062,0.054311
heurísticas|riqueza igual para todos,850,1.0002,-0.018744,-0.011329,0.49152,0.40132,0.054358
heurísticas|riqueza igual para todos,860,0.99967,0.030742,0.0099301,0.49207,0.40212,0.052303
heurísticas|riqueza igual para todos,870,0.99944,0.014348,0.0052256,0.49238,0.40177,0.050592
heurísticas|riqueza igual para todos,880,1.0021,0.0071987,0.0023101,0.49314,0.40289,0.051668
heurísticas|riqueza igual para todos,890,0.99928,-0.0015758,-0.0049969,0.49338,0.40286,0.049872
heurísticas|riqueza igual para todos,900,0.99716,0.049733,0.017513,0.49423,0.40363,0.047328
heurísticas|riqueza igual para todos,910,1.0007,0.014329,0.0099393,0.49536,0.40503,0.047128
heurísticas|riqueza igual para todos,920,1.0001,0.0087616,0.0042261,0.49567,0.40526,0.047692
heurísticas|riqueza igual para todos,930,1.0007,-0.012629,-0.0045686,0.49601,0.40543,0.049061
heurísticas|riqueza igual para todos,940,0.99772,-0.012954,-0.0052409,0.49742,0.40602,0.045758
heurísticas|riqueza igual para todos,950,0.99484,0.046227,0.021955,0.4989,0.4064,0.039828
heurísticas|riqueza igual para todos,960,0.99992,0.020187,0.01509,0.50019,0.40734,0.042706
heurísticas|riqueza igual para todos,970,1.0003,-0.0062851,0.0023298,0.50036,0.4075,0.042658
heurísticas|riqueza igual para todos,980,0.9995,-0.026972,-0.0081556,0.50015,0.40724,0.040918
heurísticas|riqueza igual para todos,990,0.99799,0.012655,0.0067104,0.5008,0.40773,0.041328
heurísticas|riqueza igual para todos,1000,0.99608,0.011728,0.0076897,0.50204,0.40892,0.038024
heurísticas|1% com toda a riqueza,1,1.0211,-0.1572,-0.055703,0.97539,0.98325,0.94368
heurísticas|1% com toda a riqueza,2,1.0429,-0.33693,-0.1766,0.96387,0.96993,0.88784
heurísticas|1% com toda a riqueza,3,1.06,-0.47087,-0.44033,0.95456,0.95924,0.87876
heurísticas|1% com toda a riqueza,4,1.0731,-0.57532,-0.57346,0.94693,0.95048,0.86769
heurísticas|1% com toda a riqueza,5,1.0839,-0.62135,-0.62118,0.94002,0.94255,0.85704
heurísticas|1% com toda a riqueza,6,1.0937,-0.68937,-0.68932,0.93344,0.93521,0.84375
heurísticas|1% com toda a riqueza,7,1.1019,-0.75018,-0.75015,0.92741,0.92848,0.82731
heurísticas|1% com toda a riqueza,8,1.1084,-0.80563,-0.80563,0.92208,0.92257,0.81437
heurísticas|1% com toda a riqueza,9,1.1139,-0.83377,-0.83377,0.91699,0.9169,0.79852
heurísticas|1% com toda a riqueza,10,1.1184,-0.87035,-0.87035,0.91227,0.91159,0.78651
heurísticas|1% com toda a riqueza,11,1.122,-0.87689,-0.87684,0.90792,0.90675,0.77341
heurísticas|1% com toda a riqueza,12,1.1253,-0.90913,-0.9091,0.90373,0.90213,0.7542
heurísticas|1% com toda a riqueza,13,1.1277,-0.94698,-0.94698,0.89987,0.89783,0.73685
heurísticas|1% com toda a riqueza,14,1.1289,-0.95108,-0.95104,0.89639,0.894,0.73128
heurísticas|1% com toda a riqueza,15,1.1304,-0.97159,-0.97153,0.89281,0.89006,0.71832
heurísticas|1% com toda a riqueza,16,1.1314,-0.98446,-0.98415,0.88936,0.88639,0.70291
heurísticas|1% com toda a riqueza,17,1.1321,-0.96454,-0.96365,0.88589,0.88273,0.68745
heurísticas|1% com toda a riqueza,18,1.1329,-0.97159,-0.96955,0.8825,0.87916,0.67091
heurísticas|1% com toda a riqueza,19,1.1331,-0.9684,-0.96457,0.8795,0.8759,0.66711
heurísticas|1% com toda a riqueza,20,1.1324,-0.96599,-0.96105,0.8769,0.87302,0.65328
heurísticas|1% com toda a riqueza,21,1.1321,-0.96534,-0.95655,0.87419,0.86995,0.63776
heurísticas|1% com toda a riqueza,22,1.1321,-0.97095,-0.95399,0.87139,0.86681,0.63368
heurísticas|1% com toda a riqueza,23,1.1315,-0.94921,-0.92847,0.86866,0.86392,0.62058
heurísticas|1% com toda a riqueza,24,1.1312,-0.9672,-0.9373,0.86603,0.86107,0.61433
heurísticas|1% com toda a riqueza,25,1.1305,-0.97362,-0.93954,0.86363,0.85839,0.60552
heurísticas|1% com toda a riqueza,26,1.1296,-0.94316,-0.90968,0.86117,0.85567,0.59857
heurísticas|1% com toda a riqueza,27,1.129,-0.9183,-0.88495,0.85851,0.85291,0.58967
heurísticas|1% com toda a riqueza,28,1.1284,-0.9298,-0.88999,0.85595,0.85018,0.58269
heurísticas|1% com toda a riqueza,29,1.1272,-0.93455,-0.89462,0.85368,0.84776,0.57509
heurísticas|1% com toda a riqueza,30,1.126,-0.92801,-0.89049,0.85137,0.84526,0.56929
heurísticas|1% com toda a riqueza,31,1.1243,-0.9271,-0.8917,0.84939,0.84298,0.56309
heurísticas|1% com toda a riqueza,32,1.1231,-0.8983,-0.87369,0.84734,0.8407,0.55666
heurísticas|1% com toda a riqueza,33,1.1219,-0.91804,-0.88546,0.84549,0.83869,0.55281
heurísticas|1% com toda a riqueza,34,1.1195,-0.90901,-0.88302,0.8439,0.83683,0.54871
heurísticas|1% com toda a riqueza,35,1.1173,-0.87287,-0.8649,0.84231,0.83492,0.54339
heurísticas|1% com toda a riqueza,36,1.1156,-0.88279,-0.87015,0.84074,0.83312,0.53999
heurísticas|1% com toda a riqueza,37,1.1136,-0.86918,-0.86344,0.83938,0.83153,0.53499
heurísticas|1% com toda a riqueza,38,1.1114,-0.85644,-0.85689,0.83779,0.82982,0.53219
heurísticas|1% com toda a riqueza,39,1.1095,-0.81987,-0.83721,0.8363,0.82815,0.52769
heurísticas|1% com toda a riqueza,40,1.1078,-0.80886,-0.82945,0.83488,0.82647,0.52254
heurísticas|1% com toda a riqueza,41,1.1061,-0.78283,-0.81314,0.83349,0.82484,0.51944
heurísticas|1% com toda a riqueza,42,1.1048,-0.79495,-0.8165,0.83216,0.82328,0.51534
heurísticas|1% com toda a riqueza,43,1.1029,-0.76859,-0.79959,0.83096,0.82188,0.51174
heurísticas|1% com toda a riqueza,44,1.1014,-0.76921,-0.79695,0.82967,0.82042,0.50769
heurísticas|1% com toda a riqueza,45,1.0996,-0.76386,-0.79091,0.8285,0.81908,0.50434
heurísticas|1% com toda a riqueza,46,1.0977,-0.7337,-0.77168,0.82737,0.81772,0.50174
heurísticas|1% com toda a riqueza,47,1.0957,-0.73121,-0.7672,0.82623,0.81641,0.49943
heurísticas|1% com toda a riqueza,48,1.0942,-0.70763,-0.74882,0.82499,0.81495,0.49684
heurísticas|1% com toda a riqueza,49,1.0933,-0.68518,-0.72777,0.82358,0.81349,0.49233
heurísticas|1% com toda a riqueza,50,1.0919,-0.67649,-0.72086,0.82233,0.81206,0.49038
heurísticas|1% com toda a riqueza,51,1.0912,-0.66831,-0.71111,0.82096,0.81055,0.48688
heurísticas|1% com toda a riqueza,52,1.0903,-0.66642,-0.70627,0.81968,0.80902,0.48298
heurísticas|1% com toda a riqueza,53,1.0892,-0.68017,-0.71281,0.81841,0.80763,0.48078
heurísticas|1% com toda a riqueza,54,1.0875,-0.65105,-0.69418,0.81733,0.80632,0.47758
heurísticas|1% com toda a riqueza,55,1.0862,-0.64395,-0.6868,0.81624,0.80506,0.4748
heurísticas|1% com toda a riqueza,56,1.0845,-0.6499,-0.68811,0.81536,0.80407,0.4728
heurísticas|1% com toda a riqueza,57,1.083,-0.6458,-0.68193,0.81445,0.80288,0.46995
heurísticas|1% com toda a riqueza,58,1.0816,-0.64561,-0.67879,0.81351,0.80175,0.46775
heurísticas|1% com toda a riqueza,59,1.0799,-0.60075,-0.64886,0.81251,0.80061,0.4656
heurísticas|1% com toda a riqueza,60,1.079,-0.61646,-0.65313,0.81142,0.79934,0.46229
heurísticas|1% com toda a riqueza,61,1.0781,-0.58658,-0.63004,0.81022,0.79801,0.45954
heurísticas|1% com toda a riqueza,62,1.0774,-0.55994,-0.608,0.80912,0.79683,0.45599
heurísticas|1% com toda a riqueza,63,1.077,-0.58781,-0.62351,0.8081,0.79558,0.45365
heurísticas|1% com toda a riqueza,64,1.0759,-0.59718,-0.6286,0.80721,0.79449,0.45044
heurísticas|1% com toda a riqueza,65,1.0746,-0.56799,-0.60883,0.80615,0.7933,0.44744
heurísticas|1% com toda a riqueza,66,1.0739,-0.55554,-0.5972,0.80502,0.792,0.44529
heurísticas|1% com toda a riqueza,67,1.0731,-0.55291,-0.59269,0.80403,0.79086,0.44176
heurísticas|1% com toda a riqueza,68,1.0719,-0.55446,-0.59255,0.80307,0.78972,0.43981
heurísticas|1% com toda a riqueza,69,1.0708,-0.54356,-0.58417,0.80209,0.78854,0.43646
heurísticas|1% com toda a riqueza,70,1.0701,-0.54217,-0.57843,0.80098,0.78739,0.43466
heurísticas|1% com toda a riqueza,71,1.0687,-0.55138,-0.58243,0.80027,0.78656,0.43296
heurísticas|1% com toda a riqueza,72,1.0674,-0.51358,-0.55801,0.79976,0.78582,0.43111
heurísticas|1% com toda a riqueza,73,1.0665,-0.53693,-0.56715,0.79911,0.78482,0.42921
heurísticas|1% com toda a riqueza,74,1.0653,-0.47719,-0.52979,0.79826,0.78375,0.42616
heurísticas|1% com toda a riqueza,75,1.0653,-0.49255,-0.53341,0.79717,0.78249,0.42473
heurísticas|1% com toda a riqueza,76,1.065,-0.47449,-0.51747,0.79608,0.78135,0.42271
heurísticas|1% com toda a riqueza,77,1.0647,-0.49421,-0.52778,0.79524,0.78038,0.42026
heurísticas|1% com toda a riqueza,78,1.0646,-0.49887,-0.52816,0.79435,0.77939,0.41768
heurísticas|1% com toda a riqueza,79,1.0635,-0.49738,-0.52757,0.79376,0.77852,0.41628
heurísticas|1% com toda a riqueza,80,1.0623,-0.47527,-0.51317,0.79303,0.77758,0.41438
heurísticas|1% com toda a riqueza,81,1.0617,-0.48346,-0.51439,0.79223,0.77667,0.41288
heurísticas|1% com toda a riqueza,82,1.061,-0.46308,-0.49985,0.79138,0.77557,0.41043
heurísticas|1% com toda a riqueza,83,1.0604,-0.45549,-0.49281,0.79062,0.77463,0.40783
heurísticas|1% com toda a riqueza,84,1.06,-0.46498,-0.49533,0.78989,0.77381,0.40528
heurísticas|1% com toda a riqueza,85,1.0592,-0.46509,-0.49402,0.7892,0.77287,0.40278
heurísticas|1% com toda a riqueza,86,1.0585,-0.45276,-0.48567,0.78837,0.77189,0.40186
heurísticas|1% com toda a riqueza,87,1.0585,-0.41983,-0.46122,0.78733,0.77074,0.39868
heurísticas|1% com toda a riqueza,88,1.0588,-0.42921,-0.46379,0.78647,0.7698,0.39643
heurísticas|1% com toda a riqueza,89,1.0588,-0.45042,-0.47431,0.78545,0.7686,0.39398
heurísticas|1% com toda a riqueza,90,1.0587,-0.43948,-0.46644,0.78448,0.76754,0.39191
heurísticas|1% com toda a riqueza,91,1.0587,-0.43958,-0.4641,0.78362,0.76657,0.38948
heurísticas|1% com toda a riqueza,92,1.0582,-0.4317,-0.4589,0.78289,0.76564,0.38818
heurísticas|1% com toda a riqueza,93,1.0581,-0.45316,-0.46903,0.78205,0.7646,0.38503
heurísticas|1% com toda a riqueza,94,1.0577,-0.44965,-0.46554,0.78118,0.76357,0.38463
heurísticas|1% com toda a riqueza,95,1.0572,-0.43855,-0.45815,0.78028,0.7627,0.38208
heurísticas|1% com toda a riqueza,96,1.0567,-0.44966,-0.46268,0.77958,0.76194,0.38103
heurísticas|1% com toda a riqueza,97,1.0563,-0.41274,-0.44155,0.77896,0.76108,0.37918
heurísticas|1% com toda a riqueza,98,1.0561,-0.42402,-0.4454,0.77805,0.76008,0.37753
heurísticas|1% com toda a riqueza,99,1.0555,-0.4341,-0.44914,0.77734,0.75928,0.37758
heurísticas|1% com toda a riqueza,100,1.0551,-0.42572,-0.44373,0.77662,0.75838,0.37558
heurísticas|1% com toda a riqueza,110,1.0514,-0.37654,-0.40121,0.76828,0.74857,0.36058
heurísticas|1% com toda a riqueza,120,1.0474,-0.36927,-0.38312,0.76138,0.7401,0.34693
heurísticas|1% com toda a riqueza,130,1.0461,-0.36739,-0.36939,0.75459,0.73197,0.33434
heurísticas|1% com toda a riqueza,140,1.0454,-0.35065,-0.35041,0.74798,0.72403,0.32139
heurísticas|1% com toda a riqueza,150,1.04,-0.31039,-0.32315,0.7422,0.71698,0.31451
heurísticas|1% com toda a riqueza,160,1.0383,-0.2754,-0.28428,0.73598,0.70904,0.29959
heurísticas|1% com toda a riqueza,170,1.0345,-0.29548,-0.2929,0.73159,0.70323,0.29471
heurísticas|1% com toda a riqueza,180,1.0341,-0.24511,-0.249,0.7267,0.69693,0.28166
heurísticas|1% com toda a riqueza,190,1.032,-0.25883,-0.24882,0.72142,0.69127,0.27641
heurísticas|1% com toda a riqueza,200,1.0282,-0.24257,-0.23175,0.71802,0.6859,0.26849
heurísticas|1% com toda a riqueza,210,1.0286,-0.2289,-0.21295,0.71203,0.67899,0.25674
heurísticas|1% com toda a riqueza,220,1.0292,-0.21071,-0.19934,0.70795,0.6735,0.24939
heurísticas|1% com toda a riqueza,230,1.031,-0.26329,-0.22875,0.70275,0.66707,0.23854
heurísticas|1% com toda a riqueza,240,1.0273,-0.2289,-0.21221,0.69876,0.66244,0.23419
heurísticas|1% com toda a riqueza,250,1.0272,-0.18819,-0.1771,0.69457,0.65711,0.22798
heurísticas|1% com toda a riqueza,260,1.0256,-0.20533,-0.18608,0.69073,0.65298,0.22245
heurísticas|1% com toda a riqueza,270,1.0266,-0.21042,-0.18504,0.68648,0.64745,0.2151
heurísticas|1% com toda a riqueza,280,1.0221,-0.15103,-0.14593,0.68331,0.64348,0.211
heurísticas|1% com toda a riqueza,290,1.0254,-0.16669,-0.15674,0.67896,0.63899,0.20224
heurísticas|1% com toda a riqueza,300,1.0223,-0.17666,-0.16165,0.67494,0.6338,0.1952
heurísticas|1% com toda a riqueza,310,1.0224,-0.17168,-0.14881,0.67079,0.6288,0.18985
heurísticas|1% com toda a riqueza,320,1.0227,-0.1729,-0.15692,0.66675,0.6239,0.18446
heurísticas|1% com toda a riqueza,330,1.0203,-0.1487,-0.12913,0.6637,0.61976,0.18039
heurísticas|1% com toda a riqueza,340,1.0246,-0.19902,-0.15783,0.65948,0.61455,0.17231
heurísticas|1% com toda a riqueza,350,1.0188,-0.15381,-0.131,0.65679,0.61107,0.17161
heurísticas|1% com toda a riqueza,360,1.018,-0.14422,-0.1225,0.65332,0.60689,0.16763
heurísticas|1% com toda a riqueza,370,1.0172,-0.16691,-0.12962,0.65133,0.6036,0.16366
heurísticas|1% com toda a riqueza,380,1.0184,-0.16011,-0.12871,0.6485,0.60024,0.16188
heurísticas|1% com toda a riqueza,390,1.0166,-0.11581,-0.10133,0.64657,0.59701,0.15764
heurísticas|1% com toda a riqueza,400,1.0177,-0.16547,-0.12094,0.64416,0.5945,0.15466
heurísticas|1% com toda a riqueza,410,1.0171,-0.16386,-0.12269,0.64137,0.59099,0.15173
heurísticas|1% com toda a riqueza,420,1.0143,-0.12728,-0.10608,0.63852,0.58731,0.14919
heurísticas|1% com toda a riqueza,430,1.0121,-0.10219,-0.082162,0.6366,0.58397,0.14711
heurísticas|1% com toda a riqueza,440,1.0197,-0.17548,-0.1169,0.63242,0.57935,0.13948
heurísticas|1% com toda a riqueza,450,1.0191,-0.15779,-0.11563,0.63004,0.57612,0.13678
heurísticas|1% com toda a riqueza,460,1.0168,-0.11776,-0.098343,0.62765,0.57301,0.13306
heurísticas|1% com toda a riqueza,470,1.017,-0.12728,-0.10259,0.62564,0.57016,0.13263
heurísticas|1% com toda a riqueza,480,1.0138,-0.14118,-0.10561,0.62369,0.56756,0.12973
heurísticas|1% com toda a riqueza,490,1.0134,-0.089512,-0.072997,0.62154,0.56536,0.12653
heurísticas|1% com toda a riqueza,500,1.0141,-0.097243,-0.079848,0.61902,0.56236,0.12293
heurísticas|1% com toda a riqueza,510,1.0146,-0.12305,-0.089469,0.61723,0.56028,0.11913
heurísticas|1% com toda a riqueza,520,1.0146,-0.14038,-0.09833,0.61476,0.55734,0.11653
heurísticas|1% com toda a riqueza,530,1.0138,-0.070438,-0.063443,0.61288,0.55502,0.11388
heurísticas|1% com toda a riqueza,540,1.0162,-0.11799,-0.089516,0.6102,0.55162,0.11098
heurísticas|1% com toda a riqueza,550,1.0162,-0.12988,-0.094142,0.60828,0.54948,0.10698
heurísticas|1% com toda a riqueza,560,1.0134,-0.12818,-0.095637,0.60557,0.54597,0.10828
heurísticas|1% com toda a riqueza,570,1.0111,-0.092154,-0.072218,0.60473,0.54457,0.10839
heurísticas|1% com toda a riqueza,580,1.0099,-0.057049,-0.053204,0.60433,0.54347,0.10504
heurísticas|1% com toda a riqueza,590,1.008,-0.070303,-0.058662,0.60333,0.54171,0.10493
heurísticas|1% com toda a riqueza,600,1.0108,-0.055828,-0.049081,0.60175,0.54033,0.10258
heurísticas|1% com toda a riqueza,610,1.0128,-0.11644,-0.078259,0.59996,0.53813,0.098195
heurísticas|1% com toda a riqueza,620,1.012,-0.1006,-0.071358,0.59784,0.53539,0.096042
heurísticas|1% com toda a riqueza,630,1.0085,-0.074174,-0.056284,0.59653,0.53371,0.095342
heurísticas|1% com toda a riqueza,640,1.007,-0.073325,-0.055057,0.59555,0.53162,0.094878
heurísticas|1% com toda a riqueza,650,1.0101,-0.059343,-0.0455,0.59475,0.53015,0.093145
heurísticas|1% com toda a riqueza,660,1.0115,-0.089193,-0.059832,0.59243,0.52752,0.089327
heurísticas|1% com toda a riqueza,670,1.0136,-0.076676,-0.058754,0.59034,0.52516,0.086292
heurísticas|1% com toda a riqueza,680,1.0117,-0.085547,-0.065722,0.58843,0.52297,0.085395
heurísticas|1% com toda a riqueza,690,1.0098,-0.12927,-0.082129,0.58735,0.52094,0.085377
heurísticas|1% com toda a riqueza,700,1.0079,-0.064624,-0.048886,0.58677,0.51964,0.083527
heurísticas|1% com toda a riqueza,710,1.0077,-0.048182,-0.040418,0.58579,0.51822,0.084842
heurísticas|1% com toda a riqueza,720,1.0088,-0.069428,-0.048817,0.58472,0.51683,0.083042
heurísticas|1% com toda a riqueza,730,1.0072,-0.0393,-0.039144,0.58374,0.5155,0.081845
heurísticas|1% com toda a riqueza,740,1.0066,-0.04021,-0.038202,0.58347,0.51498,0.079827
heurísticas|1% com toda a riqueza,750,1.0074,-0.028968,-0.031526,0.58203,0.5134,0.078692
heurísticas|1% com toda a riqueza,760,1.0054,-0.048727,-0.039027,0.58164,0.51204,0.077563
heurísticas|1% com toda a riqueza,770,1.007,-0.04572,-0.033167,0.58069,0.51115,0.073609
heurísticas|1% com toda a riqueza,780,1.008,-0.071777,-0.044245,0.57831,0.50829,0.071442
heurísticas|1% com toda a riqueza,790,1.0073,-0.027838,-0.028449,0.57769,0.50675,0.071777
heurísticas|1% com toda a riqueza,800,1.0143,-0.12447,-0.066183,0.57514,0.50422,0.066095
heurísticas|1% com toda a riqueza,810,1.0128,-0.1116,-0.072849,0.57332,0.50257,0.066292
heurísticas|1% com toda a riqueza,820,1.0053,-0.027168,-0.036931,0.5727,0.50155,0.068477
heurísticas|1% com toda a riqueza,830,1.0085,-0.044485,-0.037249,0.5712,0.49996,0.065301
heurísticas|1% com toda a riqueza,840,1.008,-0.079722,-0.053464,0.57056,0.49857,0.064877
heurísticas|1% com toda a riqueza,850,1.0117,-0.095595,-0.057819,0.56881,0.49659,0.060942
heurísticas|1% com toda a riqueza,860,1.0097,-0.10124,-0.063231,0.56659,0.49499,0.060363
heurísticas|1% com toda a riqueza,870,1.0105,-0.073961,-0.051854,0.56579,0.4939,0.058532
heurísticas|1% com toda a riqueza,880,1.0085,-0.049813,-0.042323,0.56426,0.49209,0.055882
heurísticas|1% com toda a riqueza,890,1.0058,-0.05933,-0.043757,0.56392,0.49174,0.058009
heurísticas|1% com toda a riqueza,900,1.0038,-0.028391,-0.02739,0.56381,0.49118,0.057927
heurísticas|1% com toda a riqueza,910,1.003,-0.016716,-0.018025,0.56321,0.48981,0.055009
heurísticas|1% com toda a riqueza,920,1.0034,-0.013733,-0.016199,0.56218,0.48875,0.053356
heurísticas|1% com toda a riqueza,930,1.0065,-0.051044,-0.030053,0.56155,0.48784,0.052559
heurísticas|1% com toda a riqueza,940,1.0072,-0.075455,-0.044537,0.56112,0.4864,0.051509
heurísticas|1% com toda a riqueza,950,1.0067,-0.059507,-0.037334,0.56079,0.48532,0.050632
heurísticas|1% com toda a riqueza,960,1.0068,-0.058272,-0.03912,0.55977,0.48386,0.049845
heurísticas|1% com toda a riqueza,970,1.0058,-0.065731,-0.039437,0.55896,0.48243,0.049842
heurísticas|1% com toda a riqueza,980,1.0058,-0.05661,-0.034804,0.55806,0.48126,0.047345
heurísticas|1% com toda a riqueza,990,1.0043,-0.065276,-0.039924,0.55697,0.47969,0.046627
heurísticas|1% com toda a riqueza,1000,1.0039,-0.031732,-0.024985,0.5572,0.47954,0.046263
informação rígida|equilíbrio estacionário,1,1.0001,0.02399,0.00094517,0.51711,0.41533,0.011887
informação rígida|equilíbrio estacionário,2,1.0001,-0.0059233,0.0009781,0.517,0.41526,0.0099222
informação rígida|equilíbrio estacionário,3,1.0002,0.014603,0.0010922,0.51684,0.41523,0.013623
informação rígida|equilíbrio estacionário,4,1.0006,0.011139,0.0017531,0.51669,0.41517,0.014356
informação rígida|equilíbrio estacionário,5,1.001,-0.0085316,0.0022276,0.5164,0.41499,0.013453
informação rígida|equilíbrio estacionário,6,1.0007,-0.016192,0.0014235,0.51605,0.41451,0.012473
informação rígida|equilíbrio estacionário,7,1.0009,-0.0016887,0.0010145,0.51594,0.4145,0.014668
informação rígida|equilíbrio estacionário,8,1.0014,0.0055241,0.0012432,0.51604,0.4147,0.014642
informação rígida|equilíbrio estacionário,9,1.0015,-0.0079976,0.001055,0.51597,0.41458,0.013226
informação rígida|equilíbrio estacionário,10,1.0015,-0.050625,2.0288e-05,0.51581,0.41447,0.011901
informação rígida|equilíbrio estacionário,11,1.0005,-0.0067605,-0.0024503,0.51577,0.41445,0.011824
informação rígida|equilíbrio estacionário,12,1.0004,0.0010649,-0.0035397,0.51593,0.41474,0.011972
informação rígida|equilíbrio estacionário,13,1.0004,-0.014842,-0.0038932,0.51602,0.41493,0.012058
informação rígida|equilíbrio estacionário,14,1.0003,0.0065615,-0.004153,0.51612,0.41511,0.011772
informação rígida|equilíbrio estacionário,15,1.0004,0.00037202,-0.0038352,0.51608,0.41519,0.012542
informação rígida|equilíbrio estacionário,16,1.0005,-0.0091951,-0.003456,0.51595,0.41524,0.011708
informação rígida|equilíbrio estacionário,17,1.0005,0.00080061,-0.0033626,0.5159,0.41533,0.012158
informação rígida|equilíbrio estacionário,18,1.0007,-0.017322,-0.002969,0.51586,0.41536,0.011608
informação rígida|equilíbrio estacionário,19,1.0007,0.0051746,-0.0028042,0.51584,0.41536,0.012637
informação rígida|equilíbrio estacionário,20,1.001,0.016444,-0.0022875,0.51589,0.41545,0.011187
informação rígida|equilíbrio estacionário,21,1.0015,0.00090434,-0.001798,0.51591,0.41553,0.012551
informação rígida|equilíbrio estacionário,22,1.0019,-0.0096391,-0.0014562,0.5158,0.41558,0.013587
informação rígida|equilíbrio estacionário,23,1.0019,0.013118,-0.0019542,0.51564,0.4155,0.012418
informação rígida|equilíbrio estacionário,24,1.0024,-0.003882,-0.0019934,0.51548,0.41546,0.012501
informação rígida|equilíbrio estacionário,25,1.0025,-0.023213,-0.0026707,0.51528,0.41527,0.012768
informação rígida|equilíbrio estacionário,26,1.0025,-0.002078,-0.0036716,0.51519,0.41527,0.013742
informação rígida|equilíbrio estacionário,27,1.0029,0.014501,-0.0039743,0.51502,0.41528,0.014051
informação rígida|equilíbrio estacionário,28,1.0035,-0.0039912,-0.0037899,0.51478,0.41521,0.015618
informação rígida|equilíbrio estacionário,29,1.0041,0.0018899,-0.0039538,0.51465,0.41512,0.015851
informação rígida|equilíbrio estacionário,30,1.0047,-0.033829,-0.0044636,0.51456,0.41511,0.016126
informação rígida|equilíbrio estacionário,31,1.0051,-0.046204,-0.0057708,0.51461,0.41524,0.016392
informação rígida|equilíbrio estacionário,32,1.0053,-0.02384,-0.0074205,0.51446,0.41517,0.016151
informação rígida|equilíbrio estacionário,33,1.0054,-0.057825,-0.0095132,0.51433,0.41521,0.017242
informação rígida|equilíbrio estacionário,34,1.0048,-0.054906,-0.012781,0.51416,0.41511,0.016792
informação rígida|equilíbrio estacionário,35,1.0043,-0.040157,-0.015707,0.51408,0.415,0.017037
informação rígida|equilíbrio estacionário,36,1.0039,-0.049029,-0.017982,0.51402,0.41497,0.016492
informação rígida|equilíbrio estacionário,37,1.0032,-0.028397,-0.019869,0.51386,0.41482,0.016692
informação rígida|equilíbrio estacionário,38,1.0031,0.0058152,-0.020426,0.51382,0.41494,0.016773
informação rígida|equilíbrio estacionário,39,1.0032,-0.019289,-0.019988,0.51385,0.41507,0.016499
informação rígida|equilíbrio estacionário,40,1.0032,-0.016863,-0.019648,0.514,0.41517,0.016399
informação rígida|equilíbrio estacionário,41,1.0029,-0.018313,-0.019703,0.51416,0.41527,0.016573
informação rígida|equilíbrio estacionário,42,1.0025,-0.045697,-0.020214,0.51426,0.41527,0.016599
informação rígida|equilíbrio estacionário,43,1.002,-0.017851,-0.020774,0.51434,0.4154,0.016323
informação rígida|equilíbrio estacionário,44,1.0019,-0.0051742,-0.020472,0.5145,0.4155,0.016276
informação rígida|equilíbrio estacionário,45,1.0021,0.0045538,-0.019038,0.51463,0.41569,0.015755
informação rígida|equilíbrio estacionário,46,1.0016,-0.013172,-0.018593,0.51467,0.41571,0.015591
informação rígida|equilíbrio estacionário,47,1.0013,-0.010362,-0.018312,0.51473,0.41577,0.015505
informação rígida|equilíbrio estacionário,48,1.0009,-0.014761,-0.017884,0.51471,0.41567,0.016649
informação rígida|equilíbrio estacionário,49,1.0005,-0.0058378,-0.017091,0.51465,0.41558,0.016005
informação rígida|equilíbrio estacionário,50,1.0001,0.01796,-0.016034,0.51467,0.41542,0.015805
informação rígida|equilíbrio estacionário,51,1.0003,0.033943,-0.014046,0.51475,0.41549,0.016349
informação rígida|equilíbrio estacionário,52,1.0006,0.030202,-0.011648,0.5147,0.41542,0.016305
informação rígida|equilíbrio estacionário,53,1.0009,0.0083608,-0.0096253,0.51472,0.41543,0.016349
informação rígida|equilíbrio estacionário,54,1.0009,0.014117,-0.0084723,0.51459,0.41525,0.017173
informação rígida|equilíbrio estacionário,55,1.0011,-0.0014914,-0.0073173,0.51452,0.41517,0.016999
informação rígida|equilíbrio estacionário,56,1.0011,0.031491,-0.0066785,0.51444,0.41495,0.017523
informação rígida|equilíbrio estacionário,57,1.0017,0.018823,-0.0052114,0.5144,0.41488,0.017123
informação rígida|equilíbrio estacionário,58,1.0024,-0.010263,-0.0039689,0.5143,0.41478,0.017473
informação rígida|equilíbrio estacionário,59,1.0022,-0.023257,-0.0045407,0.5141,0.41447,0.017876
informação rígida|equilíbrio estacionário,60,1.002,-0.031077,-0.0059121,0.51394,0.41417,0.018126
informação rígida|equilíbrio estacionário,61,1.0014,-0.048335,-0.0077906,0.51384,0.4141,0.017526
informação rígida|equilíbrio estacionário,62,1.0006,-0.013367,-0.0095669,0.51388,0.41437,0.017376
informação rígida|equilíbrio estacionário,63,1,0.014722,-0.010392,0.51404,0.41465,0.017242
informação rígida|equilíbrio estacionário,64,1.0001,0.01984,-0.0097726,0.51418,0.41493,0.016541
informação rígida|equilíbrio estacionário,65,0.99988,-0.015265,-0.0090804,0.51424,0.41504,0.016955
informação rígida|equilíbrio estacionário,66,0.99956,0.0071504,-0.0084059,0.51419,0.41502,0.017455
informação rígida|equilíbrio estacionário,67,0.99939,-0.0063514,-0.0075699,0.51423,0.41506,0.016955
informação rígida|equilíbrio estacionário,68,0.99879,0.011277,-0.0071648,0.51434,0.41513,0.016949
informação rígida|equilíbrio estacionário,69,0.99876,0.029053,-0.0058082,0.51441,0.41522,0.017541
informação rígida|equilíbrio estacionário,70,0.99909,0.012875,-0.0037358,0.51446,0.41538,0.017605
informação rígida|equilíbrio estacionário,71,0.99883,-0.0084135,-0.0025956,0.51428,0.41525,0.017805
informação rígida|equilíbrio estacionário,72,0.99809,0.019167,-0.0024302,0.51424,0.41532,0.018255
informação rígida|equilíbrio estacionário,73,0.99845,0.010215,-0.00086533,0.51439,0.41554,0.018105
informação rígida|equilíbrio estacionário,74,0.99841,0.025432,0.00069261,0.51447,0.41566,0.017491
informação rígida|equilíbrio estacionário,75,0.99872,0.022796,0.0024245,0.5146,0.41588,0.018189
informação rígida|equilíbrio estacionário,76,0.99865,-0.016106,0.0032547,0.51436,0.41586,0.018839
informação rígida|equilíbrio estacionário,77,0.99827,-0.00025889,0.0033284,0.51436,0.41589,0.018899
informação rígida|equilíbrio estacionário,78,0.99785,-0.0057223,0.0031757,0.51441,0.41586,0.019099
informação rígida|equilíbrio estacionário,79,0.99728,-0.0057218,0.0028645,0.51445,0.41574,0.019049
informação rígida|equilíbrio estacionário,80,0.99697,0.023512,0.0034077,0.51445,0.41576,0.017899
informação rígida|equilíbrio estacionário,81,0.99694,0.036013,0.0050106,0.51459,0.41588,0.018673
informação rígida|equilíbrio estacionário,82,0.99737,0.02436,0.0072652,0.51469,0.41604,0.018873
informação rígida|equilíbrio estacionário,83,0.99771,0.025513,0.0093019,0.51468,0.41616,0.018655
informação rígida|equilíbrio estacionário,84,0.99769,0.022715,0.010427,0.51461,0.41606,0.018205
informação rígida|equilíbrio estacionário,85,0.99763,-0.00094563,0.01099,0.51465,0.41606,0.018191
informação rígida|equilíbrio estacionário,86,0.99761,0.034988,0.011547,0.51465,0.41603,0.018699
informação rígida|equilíbrio estacionário,87,0.99819,0.027653,0.012978,0.51445,0.41592,0.019055
informação rígida|equilíbrio estacionário,88,0.99858,0.011175,0.014055,0.51435,0.41605,0.018805
informação rígida|equilíbrio estacionário,89,0.99887,0.011125,0.01459,0.51404,0.41586,0.019942
informação rígida|equilíbrio estacionário,90,0.99927,0.018278,0.015011,0.51399,0.41585,0.020155
informação rígida|equilíbrio estacionário,91,0.99942,0.0077094,0.014769,0.51401,0.41591,0.019087
informação rígida|equilíbrio estacionário,92,0.99973,0.0085392,0.014413,0.51405,0.41606,0.019951
informação rígida|equilíbrio estacionário,93,1.0003,0.0085069,0.014361,0.51415,0.4163,0.019699
informação rígida|equilíbrio estacionário,94,1.001,0.01486,0.014434,0.51433,0.41658,0.019841
informação rígida|equilíbrio estacionário,95,1.0014,-0.0055021,0.013806,0.51447,0.41679,0.019705
informação rígida|equilíbrio estacionário,96,1.0021,-0.0062825,0.013142,0.5146,0.41705,0.020755
informação rígida|equilíbrio estacionário,97,1.0026,0.0028953,0.011973,0.51461,0.4172,0.021299
informação rígida|equilíbrio estacionário,98,1.0032,-0.022772,0.010337,0.51461,0.4172,0.021405
informação rígida|equilíbrio estacionário,99,1.0037,-0.026534,0.008388,0.51468,0.41729,0.021823
informação rígida|equilíbrio estacionário,100,1.0039,-0.029315,0.0059572,0.51458,0.41717,0.022373
informação rígida|equilíbrio estacionário,110,1.0075,-0.037357,-0.012957,0.51281,0.41607,0.026749
informação rígida|equilíbrio estacionário,120,0.99969,-0.002747,-0.037515,0.51221,0.41546,0.023923
informação rígida|equilíbrio estacionário,130,0.99464,0.059482,-0.0042315,0.51328,0.41619,0.020876
informação rígida|equilíbrio estacionário,140,0.99525,0.04819,0.020151,0.51394,0.41657,0.018855
informação rígida|equilíbrio estacionário,150,0.99653,0.01515,0.025271,0.51433,0.41685,0.019076
informação rígida|equilíbrio estacionário,160,1.0006,-0.0034918,0.023765,0.51424,0.41675,0.021173
informação rígida|equilíbrio estacionário,170,1.001,-0.037651,-0.001819,0.51386,0.41641,0.022376
informação rígida|equilíbrio estacionário,180,0.99771,0.031261,0.00078191,0.51399,0.41611,0.021176
informação rígida|equilíbrio estacionário,190,0.99946,0.015679,0.013267,0.51445,0.41689,0.020001
informação rígida|equilíbrio estacionário,200,1.0013,-0.029239,0.0040837,0.51454,0.41751,0.021676
informação rígida|equilíbrio estacionário,210,0.99991,0.025288,-0.0011123,0.51423,0.41717,0.021842
informação rígida|equilíbrio estacionário,220,0.99821,-0.0052027,0.00015195,0.51418,0.41668,0.018842
informação rígida|equilíbrio estacionário,230,0.99787,0.0066922,0.013684,0.51514,0.41747,0.018373
informação rígida|equilíbrio estacionário,240,0.99709,0.028607,0.011556,0.5155,0.41779,0.017001
informação rígida|equilíbrio estacionário,250,1.0007,0.01376,0.015032,0.51504,0.41765,0.018051
informação rígida|equilíbrio estacionário,260,1.0035,-0.025023,-0.0024758,0.51457,0.41752,0.020542
informação rígida|equilíbrio estacionário,270,1.0016,-0.0309,-0.014939,0.51424,0.41757,0.020251
informação rígida|equilíbrio estacionário,280,0.99754,0.00014008,-0.0030994,0.51365,0.41669,0.020337
informação rígida|equilíbrio estacionário,290,0.9955,0.03234,0.010841,0.51417,0.41605,0.017723
informação rígida|equilíbrio estacionário,300,0.99853,0.02007,0.025257,0.51532,0.41737,0.017442
informação rígida|equilíbrio estacionário,310,1.0018,-0.022692,0.015211,0.51549,0.4181,0.020399
informação rígida|equilíbrio estacionário,320,1.0021,-0.032815,-0.0055214,0.51483,0.41732,0.021099
informação rígida|equilíbrio estacionário,330,0.99753,0.016364,-0.0067697,0.51567,0.41773,0.018826
informação rígida|equilíbrio estacionário,340,0.99853,0.018069,0.014186,0.51589,0.41823,0.018592
informação rígida|equilíbrio estacionário,350,0.9985,0.0060106,0.008768,0.51555,0.41782,0.017976
informação rígida|equilíbrio estacionário,360,0.99572,0.057049,0.007886,0.51532,0.41728,0.016626
informação rígida|equilíbrio estacionário,370,0.99599,0.026306,0.015642,0.51551,0.4176,0.018292
informação rígida|equilíbrio estacionário,380,0.997,0.011121,0.019312,0.515,0.41746,0.016873
informação rígida|equilíbrio estacionário,390,0.99833,0.030177,0.019162,0.51511,0.41756,0.018473
informação rígida|equilíbrio estacionário,400,0.9964,0.017777,0.011714,0.51564,0.41803,0.017073
informação rígida|equilíbrio estacionário,410,0.99454,0.031206,0.020782,0.5164,0.41854,0.014973
informação rígida|equilíbrio estacionário,420,0.99593,0.040063,0.032679,0.51738,0.41854,0.012289
informação rígida|equilíbrio estacionário,430,0.99925,0.006603,0.028058,0.51694,0.41853,0.015155
informação rígida|equilíbrio estacionário,440,1.0025,-0.016108,0.010983,0.51565,0.41753,0.018623
informação rígida|equilíbrio estacionário,450,1.0037,-0.033344,-0.0050797,0.51539,0.41738,0.020073
informação rígida|equilíbrio estacionário,460,0.99984,-0.0072641,-0.018501,0.51529,0.41718,0.020492
informação rígida|equilíbrio estacionário,470,0.99457,0.015434,-0.00015647,0.51673,0.41833,0.017041
informação rígida|equilíbrio estacionário,480,0.99362,0.020768,0.024986,0.51859,0.41914,0.013939
informação rígida|equilíbrio estacionário,490,0.99497,0.039149,0.033902,0.51771,0.41841,0.015291
informação rígida|equilíbrio estacionário,500,0.99817,0.02649,0.031426,0.51795,0.41857,0.017699
informação rígida|equilíbrio estacionário,510,0.99921,0.0022011,0.01824,0.5181,0.41837,0.016649
informação rígida|equilíbrio estacionário,520,1.0015,-0.016785,0.011042,0.51713,0.41802,0.018526
informação rígida|equilíbrio estacionário,530,1.0024,-0.029141,0.00092814,0.51627,0.41742,0.021223
informação rígida|equilíbrio estacionário,540,0.99957,0.0048888,-0.0039206,0.51638,0.41761,0.018049
informação rígida|equilíbrio estacionário,550,0.99796,0.0051062,0.0089121,0.51699,0.41799,0.018899
informação rígida|equilíbrio estacionário,560,0.99868,-0.0066113,0.0086292,0.51655,0.4179,0.017792
informação rígida|equilíbrio estacionário,570,1.0004,-0.025735,0.010731,0.51682,0.41811,0.017742
informação rígida|equilíbrio estacionário,580,0.99745,0.01708,0.0051948,0.51694,0.4187,0.017039
informação rígida|equilíbrio estacionário,590,0.99698,0.0044075,0.0096851,0.51794,0.41916,0.014223
informação rígida|equilíbrio estacionário,600,0.99655,0.040933,0.01452,0.51848,0.42019,0.015473
informação rígida|equilíbrio estacionário,610,1.0003,0.022393,0.018389,0.519,0.42067,0.016273
informação rígida|equilíbrio estacionário,620,1.0046,-0.025887,0.0077954,0.5185,0.42055,0.017305
informação rígida|equilíbrio estacionário,630,1.0032,-0.02586,-0.020482,0.51817,0.42,0.015855
informação rígida|equilíbrio estacionário,640,0.99593,0.014138,-0.01294,0.5182,0.41933,0.012791
informação rígida|equilíbrio estacionário,650,0.9914,0.075504,0.020741,0.51966,0.42007,0.0097775
informação rígida|equilíbrio estacionário,660,0.99233,0.092239,0.04472,0.52101,0.42077,0.0084251
informação rígida|equilíbrio estacionário,670,0.99778,0.013908,0.037438,0.52002,0.41961,0.010789
informação rígida|equilíbrio estacionário,680,0.99905,0.0058548,0.017305,0.51956,0.41974,0.010199
informação rígida|equilíbrio estacionário,690,0.99498,0.042963,0.010062,0.51978,0.41938,0.011389
informação rígida|equilíbrio estacionário,700,0.99816,0.040853,0.02871,0.51929,0.41906,0.012989
informação rígida|equilíbrio estacionário,710,1.0033,-0.02659,0.0096647,0.51854,0.41853,0.014939
informação rígida|equilíbrio estacionário,720,1.0014,-0.054664,-0.012605,0.51808,0.41821,0.014355
informação rígida|equilíbrio estacionário,730,0.99562,0.046036,-0.0036728,0.51831,0.41805,0.014475
informação rígida|equilíbrio estacionário,740,0.99754,-0.015305,0.016638,0.51964,0.41959,0.015539
informação rígida|equilíbrio estacionário,750,0.99881,0.0081079,0.015207,0.51992,0.42014,0.014441
informação rígida|equilíbrio estacionário,760,0.99861,-0.017624,0.0093651,0.52019,0.42079,0.014089
informação rígida|equilíbrio estacionário,770,0.99921,-0.0014104,0.01122,0.51967,0.42096,0.016499
informação rígida|equilíbrio estacionário,780,0.99813,0.020946,0.0072888,0.51893,0.42047,0.017955
informação rígida|equilíbrio estacionário,790,0.99741,0.034346,0.011907,0.519,0.42013,0.016823
informação rígida|equilíbrio estacionário,800,0.99994,-0.0032855,0.015545,0.51843,0.41982,0.017851
informação rígida|equilíbrio estacionário,810,1.0002,-0.007152,0.0052981,0.51805,0.41995,0.018426
informação rígida|equilíbrio estacionário,820,1.0014,-0.0076567,-0.003263,0.51784,0.41975,0.017892
informação rígida|equilíbrio estacionário,830,1.0024,0.0043404,-0.0079663,0.517,0.41918,0.020999
informação rígida|equilíbrio estacionário,840,1.0029,-0.031075,-0.012851,0.51712,0.41869,0.018741
informação rígida|equilíbrio estacionário,850,1.0006,-0.038259,-0.018968,0.51628,0.41831,0.020949
informação rígida|equilíbrio estacionário,860,0.99487,0.058566,0.0033976,0.51692,0.41853,0.016227
informação rígida|equilíbrio estacionário,870,0.99908,0.017718,0.023712,0.51662,0.41815,0.018487
informação rígida|equilíbrio estacionário,880,1.0017,0.0027116,0.00897,0.51646,0.41775,0.017887
informação rígida|equilíbrio estacionário,890,1.0041,-0.045628,-0.0085303,0.51622,0.41714,0.018523
informação rígida|equilíbrio estacionário,900,1.0013,-0.0054761,-0.016498,0.51491,0.41688,0.019723
informação rígida|equilíbrio estacionário,910,0.99874,0.018024,-0.0038831,0.51577,0.4179,0.017837
informação rígida|equilíbrio estacionário,920,0.9985,0.010694,0.0063716,0.51533,0.4173,0.018537
informação rígida|equilíbrio estacionário,930,1.0003,-0.0095489,0.010437,0.51591,0.41777,0.017501
informação rígida|equilíbrio estacionário,940,1.0002,-0.012747,0.00054496,0.51574,0.41687,0.018805
informação rígida|equilíbrio estacionário,950,0.99802,0.0082194,0.0040067,0.51654,0.41741,0.016192
informação rígida|equilíbrio estacionário,960,0.9946,0.031459,0.012592,0.51699,0.4174,0.015476
informação rígida|equilíbrio estacionário,970,0.99513,0.028692,0.03322,0.51706,0.41786,0.013887
informação rígida|equilíbrio estacionário,980,0.99738,0.0065153,0.028897,0.51702,0.41839,0.015299
informação rígida|equilíbrio estacionário,990,1.0003,-0.016149,0.017027,0.51685,0.41775,0.016849
informação rígida|equilíbrio estacionário,1000,1.001,0.00064449,0.0032061,0.5165,0.41793,0.019576
informação rígida|capital 50% abaixo,1,0.51271,6.5544,6.8108,0.53483,0.42638,0.30293
informação rígida|capital 50% abaixo,2,0.5314,6.0981,6.7868,0.55056,0.43641,0.29388
informação rígida|capital 50% abaixo,3,0.55225,5.6927,6.7359,0.56415,0.44537,0.2871
informação rígida|capital 50% abaixo,4,0.57538,5.2381,6.6576,0.57555,0.45311,0.27711
informação rígida|capital 50% abaixo,5,0.60038,4.7558,6.551,0.58467,0.45945,0.26975
informação rígida|capital 50% abaixo,6,0.62662,4.2913,6.4153,0.59169,0.46438,0.26161
informação rígida|capital 50% abaixo,7,0.65474,3.8587,6.2561,0.59707,0.46867,0.25162
informação rígida|capital 50% abaixo,8,0.68448,3.4248,6.0749,0.60086,0.47213,0.24206
informação rígida|capital 50% abaixo,9,0.71506,2.9799,5.873,0.6029,0.47434,0.23143
informação rígida|capital 50% abaixo,10,0.74634,2.5189,5.6527,0.6035,0.47561,0.22145
informação rígida|capital 50% abaixo,11,0.77731,2.1795,5.4157,0.60307,0.47629,0.20903
informação rígida|capital 50% abaixo,12,0.80941,1.816,5.1683,0.6018,0.4766,0.19795
informação rígida|capital 50% abaixo,13,0.84171,1.4475,4.9098,0.59964,0.47627,0.18468
informação rígida|capital 50% abaixo,14,0.8736,1.1425,4.6447,0.59678,0.47551,0.17212
informação rígida|capital 50% abaixo,15,0.90533,0.82948,4.376,0.59321,0.47424,0.1592
informação rígida|capital 50% abaixo,16,0.93643,0.5353,4.1054,0.58919,0.47263,0.1469
informação rígida|capital 50% abaixo,17,0.96648,0.28292,3.8331,0.58491,0.47088,0.13358
informação rígida|capital 50% abaixo,18,0.99574,0.022813,3.5622,0.58042,0.46891,0.1185
informação rígida|capital 50% abaixo,19,1.0237,-0.17671,3.2912,0.57582,0.46675,0.10553
informação rígida|capital 50% abaixo,20,1.0505,-0.36837,3.0231,0.57115,0.46454,0.092024
informação rígida|capital 50% abaixo,21,1.076,-0.56736,2.7605,0.56638,0.46217,0.076149
informação rígida|capital 50% abaixo,22,1.0999,-0.74362,2.5044,0.56149,0.45968,0.062532
informação rígida|capital 50% abaixo,23,1.1216,-0.87203,2.2537,0.55659,0.45703,0.058978
informação rígida|capital 50% abaixo,24,1.1424,-1.0223,2.0152,0.55179,0.45451,0.067578
informação rígida|capital 50% abaixo,25,1.161,-1.1601,1.7811,0.54705,0.45192,0.076297
informação rígida|capital 50% abaixo,26,1.1776,-1.2468,1.5527,0.54247,0.44939,0.084778
informação rígida|capital 50% abaixo,27,1.193,-1.3244,1.335,0.53794,0.44686,0.091697
informação rígida|capital 50% abaixo,28,1.2069,-1.4216,1.13,0.53344,0.44429,0.098259
informação rígida|capital 50% abaixo,29,1.219,-1.4848,0.92925,0.52922,0.44189,0.10428
informação rígida|capital 50% abaixo,30,1.2295,-1.5743,0.74462,0.52513,0.43955,0.10907
informação rígida|capital 50% abaixo,31,1.2381,-1.633,0.56778,0.52127,0.43738,0.11382
informação rígida|capital 50% abaixo,32,1.245,-1.6512,0.39783,0.51738,0.43517,0.11879
informação rígida|capital 50% abaixo,33,1.2503,-1.7108,0.23715,0.51361,0.433,0.13029
informação rígida|capital 50% abaixo,34,1.2532,-1.729,0.086433,0.51002,0.43083,0.1385
informação rígida|capital 50% abaixo,35,1.2543,-1.7263,-0.052761,0.50669,0.42873,0.14669
informação rígida|capital 50% abaixo,36,1.2537,-1.7333,-0.18247,0.50357,0.42672,0.15289
informação rígida|capital 50% abaixo,37,1.2509,-1.7035,-0.30179,0.50055,0.42464,0.15967
informação rígida|capital 50% abaixo,38,1.2467,-1.6506,-0.41117,0.49791,0.42302,0.16462
informação rígida|capital 50% abaixo,39,1.2411,-1.6397,-0.5083,0.49546,0.42143,0.16802
informação rígida|capital 50% abaixo,40,1.2337,-1.5948,-0.59588,0.49328,0.41997,0.17012
informação rígida|capital 50% abaixo,41,1.2246,-1.5443,-0.67325,0.49136,0.4186,0.17087
informação rígida|capital 50% abaixo,42,1.2139,-1.5082,-0.74137,0.48956,0.41733,0.17102
informação rígida|capital 50% abaixo,43,1.2018,-1.4139,-0.80038,0.488,0.41621,0.16967
informação rígida|capital 50% abaixo,44,1.189,-1.3252,-0.84836,0.48677,0.41521,0.16832
informação rígida|capital 50% abaixo,45,1.1758,-1.2321,-0.88511,0.48568,0.4144,0.16437
informação rígida|capital 50% abaixo,46,1.1611,-1.1583,-0.91425,0.48467,0.41344,0.16112
informação rígida|capital 50% abaixo,47,1.1459,-1.0599,-0.93408,0.48386,0.41259,0.15582
informação rígida|capital 50% abaixo,48,1.1301,-0.96314,-0.94478,0.4832,0.41176,0.15092
informação rígida|capital 50% abaixo,49,1.1142,-0.84933,-0.94648,0.48269,0.41092,0.14517
informação rígida|capital 50% abaixo,50,1.0979,-0.71755,-0.93965,0.48253,0.41011,0.13927
informação rígida|capital 50% abaixo,51,1.0821,-0.58955,-0.92387,0.48263,0.40968,0.13272
informação rígida|capital 50% abaixo,52,1.0666,-0.47795,-0.90017,0.48283,0.40932,0.12557
informação rígida|capital 50% abaixo,53,1.0512,-0.38255,-0.86945,0.48332,0.40911,0.11804
informação rígida|capital 50% abaixo,54,1.0357,-0.25977,-0.83315,0.48391,0.40887,0.11044
informação rígida|capital 50% abaixo,55,1.0208,-0.15812,-0.79068,0.48478,0.40887,0.10245
informação rígida|capital 50% abaixo,56,1.0061,-0.0094856,-0.74224,0.48588,0.40892,0.093801
informação rígida|capital 50% abaixo,57,0.99281,0.091526,-0.68795,0.48731,0.40921,0.085192
informação rígida|capital 50% abaixo,58,0.98016,0.17222,-0.62871,0.48886,0.40963,0.076942
informação rígida|capital 50% abaixo,59,0.96741,0.26483,-0.56778,0.49049,0.40987,0.068342
informação rígida|capital 50% abaixo,60,0.95531,0.35824,-0.50429,0.49233,0.4103,0.059826
informação rígida|capital 50% abaixo,61,0.9438,0.43633,-0.43881,0.49436,0.41098,0.051476
informação rígida|capital 50% abaixo,62,0.93298,0.56216,-0.37024,0.49672,0.41206,0.043549
informação rígida|capital 50% abaixo,63,0.92335,0.67415,-0.29908,0.49932,0.41337,0.044862
informação rígida|capital 50% abaixo,64,0.91523,0.75455,-0.22599,0.50202,0.41484,0.050712
informação rígida|capital 50% abaixo,65,0.90791,0.78443,-0.15271,0.50472,0.41621,0.056312
informação rígida|capital 50% abaixo,66,0.90146,0.86617,-0.079242,0.50738,0.41752,0.061062
informação rígida|capital 50% abaixo,67,0.89616,0.90085,-0.0072484,0.51015,0.4189,0.065162
informação rígida|capital 50% abaixo,68,0.89147,0.95949,0.063267,0.51297,0.42051,0.070212
informação rígida|capital 50% abaixo,69,0.88831,1.0088,0.13205,0.51572,0.42208,0.073562
informação rígida|capital 50% abaixo,70,0.88627,1.0143,0.19909,0.51843,0.42366,0.075812
informação rígida|capital 50% abaixo,71,0.8843,1.0085,0.26136,0.52089,0.42495,0.077745
informação rígida|capital 50% abaixo,72,0.88247,1.0495,0.31937,0.5235,0.42649,0.081495
informação rígida|capital 50% abaixo,73,0.88225,1.0452,0.37541,0.52623,0.42813,0.083145
informação rígida|capital 50% abaixo,74,0.88218,1.0618,0.42808,0.52879,0.42968,0.084262
informação rígida|capital 50% abaixo,75,0.88296,1.054,0.47702,0.53133,0.43131,0.085678
informação rígida|capital 50% abaixo,76,0.88388,1.0028,0.52148,0.53341,0.43262,0.086245
informação rígida|capital 50% abaixo,77,0.88499,1.0057,0.5605,0.53562,0.43399,0.088047
informação rígida|capital 50% abaixo,78,0.88651,0.98134,0.59479,0.53777,0.4353,0.089442
informação rígida|capital 50% abaixo,79,0.88833,0.95873,0.62527,0.53979,0.43645,0.090392
informação rígida|capital 50% abaixo,80,0.89081,0.96318,0.65262,0.54166,0.43765,0.091578
informação rígida|capital 50% abaixo,81,0.89396,0.94592,0.67693,0.5435,0.43885,0.091678
informação rígida|capital 50% abaixo,82,0.8979,0.89948,0.6979,0.54514,0.43999,0.091878
informação rígida|capital 50% abaixo,83,0.90208,0.86384,0.71445,0.54651,0.44106,0.090478
informação rígida|capital 50% abaixo,84,0.90621,0.8217,0.72611,0.54767,0.44174,0.090697
informação rígida|capital 50% abaixo,85,0.91058,0.75536,0.73348,0.54877,0.44242,0.089997
informação rígida|capital 50% abaixo,86,0.91523,0.74965,0.73703,0.54967,0.44299,0.088578
informação rígida|capital 50% abaixo,87,0.92068,0.69663,0.73798,0.55024,0.44338,0.086747
informação rígida|capital 50% abaixo,88,0.92612,0.63291,0.73505,0.55077,0.44391,0.085297
informação rígida|capital 50% abaixo,89,0.93163,0.58535,0.72837,0.55093,0.44419,0.082795
informação rígida|capital 50% abaixo,90,0.93739,0.54448,0.71833,0.55121,0.44447,0.080047
informação rígida|capital 50% abaixo,91,0.943,0.48495,0.70469,0.55142,0.44463,0.077797
informação rígida|capital 50% abaixo,92,0.94883,0.43702,0.68839,0.55151,0.44482,0.075497
informação rígida|capital 50% abaixo,93,0.95494,0.38822,0.66964,0.55154,0.44504,0.072847
informação rígida|capital 50% abaixo,94,0.96125,0.34625,0.64891,0.55151,0.44523,0.070397
informação rígida|capital 50% abaixo,95,0.96721,0.27766,0.62533,0.55133,0.44529,0.067778
informação rígida|capital 50% abaixo,96,0.9735,0.22979,0.59957,0.55103,0.44539,0.064628
informação rígida|capital 50% abaixo,97,0.97944,0.19308,0.57142,0.55047,0.44537,0.061695
informação rígida|capital 50% abaixo,98,0.98538,0.12218,0.54156,0.54985,0.44519,0.058095
informação rígida|capital 50% abaixo,99,0.99119,0.074687,0.50997,0.54922,0.44503,0.054778
informação rígida|capital 50% abaixo,100,0.99658,0.029562,0.47717,0.54836,0.44458,0.052012
informação rígida|capital 50% abaixo,110,1.0422,-0.30772,0.12948,0.53617,0.43828,0.02453
informação rígida|capital 50% abaixo,120,1.0441,-0.34997,-0.15815,0.52603,0.43189,0.025989
informação rígida|capital 50% abaixo,130,1.0173,-0.12238,-0.2117,0.52326,0.42946,0.024491
informação rígida|capital 50% abaixo,140,0.98947,0.095486,-0.10753,0.52612,0.43019,0.029728
informação rígida|capital 50% abaixo,150,0.97559,0.18787,0.036639,0.53115,0.43251,0.037912
informação rígida|capital 50% abaixo,160,0.98249,0.1451,0.12372,0.53397,0.43406,0.038428
informação rígida|capital 50% abaixo,170,0.99554,0.0064482,0.097083,0.5332,0.43344,0.032377
informação rígida|capital 50% abaixo,180,1.0035,-0.015727,0.04148,0.53082,0.43192,0.026095
informação rígida|capital 50% abaixo,190,1.0086,-0.058144,-0.0052151,0.52881,0.43131,0.021077
informação rígida|capital 50% abaixo,200,1.0066,-0.072027,-0.038283,0.5276,0.43088,0.021828
informação rígida|capital 50% abaixo,210,0.99909,0.031877,-0.029761,0.52735,0.43008,0.024928
informação rígida|capital 50% abaixo,220,0.99361,0.032135,0.0010456,0.52797,0.42975,0.023827
informação rígida|capital 50% abaixo,230,0.99343,0.042715,0.035621,0.5292,0.43062,0.024228
informação rígida|capital 50% abaixo,240,0.99511,0.044732,0.036166,0.52931,0.43067,0.024127
informação rígida|capital 50% abaixo,250,1.0013,0.0091196,0.028778,0.52812,0.42997,0.019895
informação rígida|capital 50% abaixo,260,1.0052,-0.038975,-0.0021563,0.52682,0.42932,0.016727
informação rígida|capital 50% abaixo,270,1.0028,-0.040757,-0.021889,0.52592,0.42891,0.016301
informação rígida|capital 50% abaixo,280,0.99749,0.00058611,-0.008851,0.52516,0.42781,0.016013
informação rígida|capital 50% abaixo,290,0.99454,0.040128,0.010849,0.52565,0.42701,0.017012
informação rígida|capital 50% abaixo,300,0.99744,0.028957,0.030131,0.52663,0.42803,0.017229
informação rígida|capital 50% abaixo,310,1.0012,-0.017285,0.021474,0.52653,0.42855,0.016845
informação rígida|capital 50% abaixo,320,1.002,-0.032128,-0.0010551,0.52547,0.42743,0.015078
informação rígida|capital 50% abaixo,330,0.99778,0.014283,-0.0053051,0.52595,0.42755,0.017945
informação rígida|capital 50% abaixo,340,0.99875,0.01632,0.013651,0.52583,0.42772,0.016595
informação rígida|capital 50% abaixo,350,0.99846,0.0063547,0.0081071,0.5252,0.42709,0.015377
informação rígida|capital 50% abaixo,360,0.99539,0.059733,0.0084634,0.52475,0.4263,0.017378
informação rígida|capital 50% abaixo,370,0.99556,0.029856,0.017706,0.52475,0.42645,0.018195
informação rígida|capital 50% abaixo,380,0.99667,0.013815,0.022016,0.52406,0.42608,0.013528
informação rígida|capital 50% abaixo,390,0.99819,0.03133,0.021425,0.52394,0.42589,0.013877
informação rígida|capital 50% abaixo,400,0.99637,0.018017,0.013073,0.52422,0.42615,0.015028
informação rígida|capital 50% abaixo,410,0.99454,0.031251,0.021468,0.5248,0.42652,0.016578
informação rígida|capital 50% abaixo,420,0.99591,0.040182,0.033007,0.52558,0.42631,0.015579
informação rígida|capital 50% abaixo,430,0.99917,0.0072131,0.0284,0.52487,0.42599,0.014077
informação rígida|capital 50% abaixo,440,1.0024,-0.014966,0.011629,0.52331,0.42472,0.012204
informação rígida|capital 50% abaixo,450,1.0035,-0.031928,-0.0040483,0.52281,0.42432,0.014675
informação rígida|capital 50% abaixo,460,0.99968,-0.0059757,-0.017308,0.52247,0.42392,0.014591
informação rígida|capital 50% abaixo,470,0.99445,0.016431,0.0010438,0.52374,0.42495,0.017742
informação rígida|capital 50% abaixo,480,0.99355,0.021368,0.025928,0.52542,0.42559,0.019245
informação rígida|capital 50% abaixo,490,0.9949,0.039706,0.034635,0.52437,0.42469,0.018777
informação rígida|capital 50% abaixo,500,0.99806,0.027426,0.032156,0.52439,0.42459,0.015628
informação rígida|capital 50% abaixo,510,0.99911,0.0030441,0.019062,0.52438,0.42424,0.015592
informação rígida|capital 50% abaixo,520,1.0014,-0.016292,0.011786,0.52326,0.42375,0.015327
informação rígida|capital 50% abaixo,530,1.0024,-0.028634,0.0015322,0.52218,0.42297,0.016273
informação rígida|capital 50% abaixo,540,0.99953,0.0052233,-0.0034078,0.52215,0.42306,0.013991
informação rígida|capital 50% abaixo,550,0.99794,0.0052809,0.0092658,0.52262,0.42338,0.014242
informação rígida|capital 50% abaixo,560,0.99865,-0.0064334,0.0088769,0.52202,0.42317,0.012595
informação rígida|capital 50% abaixo,570,1.0003,-0.025429,0.010979,0.52214,0.42316,0.012827
informação rígida|capital 50% abaixo,580,0.99738,0.017589,0.0055171,0.52209,0.42356,0.013727
informação rígida|capital 50% abaixo,590,0.9969,0.0049935,0.010156,0.52296,0.42387,0.014392
informação rígida|capital 50% abaixo,600,0.99649,0.041446,0.015026,0.52334,0.42477,0.014992
informação rígida|capital 50% abaixo,610,1.0002,0.022772,0.01888,0.52373,0.42514,0.012377
informação rígida|capital 50% abaixo,620,1.0046,-0.02582,0.00814,0.52309,0.42493,0.014155
informação rígida|capital 50% abaixo,630,1.0032,-0.025932,-0.020338,0.52263,0.42427,0.013091
informação rígida|capital 50% abaixo,640,0.99593,0.014133,-0.012901,0.52256,0.42353,0.013445
informação rígida|capital 50% abaixo,650,0.99138,0.075708,0.020811,0.5239,0.42416,0.014527
informação rígida|capital 50% abaixo,660,0.99227,0.092679,0.044935,0.52515,0.42475,0.014945
informação rígida|capital 50% abaixo,670,0.99774,0.014246,0.037754,0.52404,0.42344,0.011295
informação rígida|capital 50% abaixo,680,0.99901,0.0061192,0.017615,0.52347,0.42347,0.011392
informação rígida|capital 50% abaixo,690,0.99497,0.043112,0.010309,0.52359,0.42304,0.013542
informação rígida|capital 50% abaixo,700,0.99815,0.040916,0.028883,0.52302,0.42265,0.011729
informação rígida|capital 50% abaixo,710,1.0033,-0.026566,0.0097609,0.52214,0.42199,0.013477
informação rígida|capital 50% abaixo,720,1.0014,-0.054602,-0.012542,0.52158,0.42153,0.012477
informação rígida|capital 50% abaixo,730,0.99559,0.046257,-0.0035756,0.52172,0.42135,0.014177
informação rígida|capital 50% abaixo,740,0.99751,-0.015057,0.016831,0.52298,0.42282,0.013927
informação rígida|capital 50% abaixo,750,0.99879,0.0082741,0.015413,0.52318,0.42332,0.014195
informação rígida|capital 50% abaixo,760,0.99861,-0.017654,0.0094876,0.52335,0.42384,0.014377
informação rígida|capital 50% abaixo,770,0.99921,-0.0014661,0.01125,0.52276,0.42391,0.014799
informação rígida|capital 50% abaixo,780,0.99813,0.020935,0.0072757,0.52194,0.42335,0.015855
informação rígida|capital 50% abaixo,790,0.9974,0.03446,0.011922,0.52192,0.42289,0.014573
informação rígida|capital 50% abaixo,800,0.99991,-0.0030473,0.015658,0.52127,0.42246,0.014876
informação rígida|capital 50% abaixo,810,1.0002,-0.0069642,0.0054746,0.5208,0.42255,0.016173
informação rígida|capital 50% abaixo,820,1.0014,-0.0075932,-0.0031101,0.52051,0.42228,0.016099
informação rígida|capital 50% abaixo,830,1.0024,0.0043112,-0.0079042,0.51957,0.42163,0.018999
informação rígida|capital 50% abaixo,840,1.0029,-0.031107,-0.012839,0.51963,0.42111,0.017391
informação rígida|capital 50% abaixo,850,1.0006,-0.038279,-0.01898,0.51873,0.42069,0.019205
informação rígida|capital 50% abaixo,860,0.99487,0.058612,0.0034002,0.51932,0.42087,0.014927
informação rígida|capital 50% abaixo,870,0.99908,0.017742,0.023733,0.51897,0.42042,0.016551
informação rígida|capital 50% abaixo,880,1.0017,0.0027707,0.0090033,0.51874,0.41997,0.016355
informação rígida|capital 50% abaixo,890,1.0041,-0.045561,-0.00848,0.51843,0.41929,0.016741
informação rígida|capital 50% abaixo,900,1.0013,-0.0054316,-0.016446,0.51707,0.41898,0.017755
informação rígida|capital 50% abaixo,910,0.99874,0.018065,-0.0038366,0.51786,0.41993,0.015942
informação rígida|capital 50% abaixo,920,0.99849,0.010729,0.0064077,0.51736,0.41925,0.016337
informação rígida|capital 50% abaixo,930,1.0003,-0.0094909,0.010488,0.51791,0.41967,0.015787
informação rígida|capital 50% abaixo,940,1.0002,-0.012687,0.00058912,0.51765,0.41872,0.017255
informação rígida|capital 50% abaixo,950,0.99802,0.0082114,0.0040396,0.51841,0.41924,0.014305
informação rígida|capital 50% abaixo,960,0.99458,0.031564,0.012629,0.5188,0.41915,0.013776
informação rígida|capital 50% abaixo,970,0.99511,0.02889,0.033325,0.51883,0.41956,0.012491
informação rígida|capital 50% abaixo,980,0.99736,0.0066932,0.029054,0.51875,0.42009,0.014055
informação rígida|capital 50% abaixo,990,1.0003,-0.016068,0.017171,0.51855,0.41942,0.015891
informação rígida|capital 50% abaixo,1000,1.001,0.00067801,0.0032996,0.51815,0.41955,0.017926
informação rígida|capital 50% acima,1,1.4583,-2.7328,-2.9332,0.51539,0.41376,0.18732
informação rígida|capital 50% acima,2,1.4028,-2.4998,-2.9182,0.51415,0.41243,0.17002
informação rígida|capital 50% acima,3,1.348,-2.2113,-2.8862,0.51352,0.41147,0.15189
informação rígida|capital 50% acima,4,1.2944,-1.9297,-2.836,0.5136,0.41091,0.13401
informação rígida|capital 50% acima,5,1.2419,-1.6503,-2.7683,0.51428,0.41068,0.11442
informação rígida|capital 50% acima,6,1.1901,-1.3502,-2.6836,0.51571,0.41072,0.092921
informação rígida|capital 50% acima,7,1.1405,-1.0197,-2.5819,0.51826,0.41165,0.072358
informação rígida|capital 50% acima,8,1.0933,-0.68733,-2.4629,0.52199,0.4133,0.049273
informação rígida|capital 50% acima,9,1.0478,-0.36798,-2.3284,0.52664,0.4154,0.027791
informação rígida|capital 50% acima,10,1.0043,-0.072861,-2.1796,0.53232,0.41825,0.030523
informação rígida|capital 50% acima,11,0.96219,0.31202,-2.0178,0.53932,0.42186,0.051461
informação rígida|capital 50% acima,12,0.9235,0.66164,-1.8412,0.54776,0.42651,0.075601
informação rígida|capital 50% acima,13,0.88778,0.9816,-1.6498,0.55725,0.43186,0.1005
informação rígida|capital 50% acima,14,0.85484,1.3326,-1.4476,0.56775,0.43776,0.1261
informação rígida|capital 50% acima,15,0.8251,1.6418,-1.2356,0.57906,0.44441,0.15066
informação rígida|capital 50% acima,16,0.7985,1.9294,-1.0165,0.5912,0.45166,0.17601
informação rígida|capital 50% acima,17,0.7749,2.2168,-0.79129,0.60382,0.45955,0.19975
informação rígida|capital 50% acima,18,0.75475,2.4442,-0.56231,0.61655,0.46785,0.22325
informação rígida|capital 50% acima,19,0.7378,2.6865,-0.33026,0.62901,0.47643,0.24341
informação rígida|capital 50% acima,20,0.7243,2.8801,-0.09795,0.6412,0.48499,0.26361
informação rígida|capital 50% acima,21,0.71414,3.0029,0.13003,0.65273,0.49346,0.28216
informação rígida|capital 50% acima,22,0.70656,3.0984,0.35097,0.66342,0.50154,0.29807
informação rígida|capital 50% acima,23,0.70078,3.2063,0.56316,0.67358,0.50953,0.31402
informação rígida|capital 50% acima,24,0.69739,3.2386,0.76247,0.68296,0.51734,0.32807
informação rígida|capital 50% acima,25,0.69551,3.2427,0.95235,0.69148,0.52477,0.34081
informação rígida|capital 50% acima,26,0.69543,3.2688,1.1316,0.69929,0.53194,0.35151
informação rígida|capital 50% acima,27,0.69749,3.2639,1.2974,0.7062,0.5385,0.36102
informação rígida|capital 50% acima,28,0.70134,3.1934,1.4469,0.71209,0.54415,0.36772
informação rígida|capital 50% acima,29,0.70675,3.1305,1.5848,0.71708,0.54909,0.37286
informação rígida|capital 50% acima,30,0.71364,2.9991,1.7019,0.72131,0.55354,0.37725
informação rígida|capital 50% acima,31,0.72183,2.8769,1.8032,0.72455,0.55748,0.38095
informação rígida|capital 50% acima,32,0.73114,2.7825,1.8894,0.72675,0.5605,0.38455
informação rígida|capital 50% acima,33,0.74149,2.6089,1.9593,0.72823,0.56297,0.38618
informação rígida|capital 50% acima,34,0.75237,2.4686,2.0113,0.72894,0.56476,0.3884
informação rígida|capital 50% acima,35,0.76427,2.3334,2.0478,0.7289,0.56581,0.3905
informação rígida|capital 50% acima,36,0.77728,2.1627,2.0706,0.72815,0.56605,0.3912
informação rígida|capital 50% acima,37,0.79074,2.0217,2.0795,0.72672,0.56558,0.39035
informação rígida|capital 50% acima,38,0.80521,1.8929,2.0766,0.72467,0.56465,0.3885
informação rígida|capital 50% acima,39,0.82055,1.6952,2.0619,0.72208,0.56318,0.38468
informação rígida|capital 50% acima,40,0.83617,1.5285,2.0353,0.7191,0.56129,0.3821
informação rígida|capital 50% acima,41,0.85195,1.3587,1.9975,0.71555,0.55887,0.37626
informação rígida|capital 50% acima,42,0.86784,1.1635,1.949,0.71146,0.55604,0.36847
informação rígida|capital 50% acima,43,0.88368,1.0318,1.8908,0.70707,0.55289,0.35666
informação rígida|capital 50% acima,44,0.8999,0.88767,1.8259,0.70227,0.54928,0.34311
informação rígida|capital 50% acima,45,0.91641,0.74507,1.7556,0.69722,0.54558,0.32865
informação rígida|capital 50% acima,46,0.93204,0.57968,1.6767,0.69212,0.54187,0.31022
informação rígida|capital 50% acima,47,0.94758,0.44137,1.593,0.68679,0.53794,0.2902
informação rígida|capital 50% acima,48,0.96272,0.30213,1.5047,0.68124,0.53365,0.2709
informação rígida|capital 50% acima,49,0.97752,0.18321,1.4136,0.67555,0.52927,0.2519
informação rígida|capital 50% acima,50,0.99177,0.085843,1.3199,0.66999,0.52496,0.24555
informação rígida|capital 50% acima,51,1.0061,-0.012797,1.2237,0.66442,0.52064,0.2402
informação rígida|capital 50% acima,52,1.0199,-0.12396,1.1278,0.6587,0.51631,0.2329
informação rígida|capital 50% acima,53,1.0331,-0.24564,1.0302,0.65307,0.5119,0.22755
informação rígida|capital 50% acima,54,1.0453,-0.33292,0.93301,0.64739,0.50758,0.22035
informação rígida|capital 50% acima,55,1.057,-0.4339,0.83618,0.64185,0.50321,0.21476
informação rígida|capital 50% acima,56,1.0677,-0.48106,0.73795,0.63635,0.49885,0.20791
informação rígida|capital 50% acima,57,1.0784,-0.56543,0.6427,0.63094,0.49456,0.20047
informação rígida|capital 50% acima,58,1.0883,-0.65877,0.5484,0.62566,0.49035,0.19297
informação rígida|capital 50% acima,59,1.0965,-0.73038,0.45546,0.62049,0.4863,0.18452
informação rígida|capital 50% acima,60,1.1038,-0.79111,0.36442,0.61554,0.48262,0.17626
informação rígida|capital 50% acima,61,1.1101,-0.8549,0.27611,0.61078,0.47914,0.16791
informação rígida|capital 50% acima,62,1.1153,-0.864,0.18987,0.60626,0.47594,0.1595
informação rígida|capital 50% acima,63,1.12,-0.87383,0.10776,0.60197,0.47281,0.15055
informação rígida|capital 50% acima,64,1.1244,-0.89811,0.030912,0.59799,0.47,0.14055
informação rígida|capital 50% acima,65,1.1274,-0.9529,-0.042002,0.59423,0.46751,0.13448
informação rígida|capital 50% acima,66,1.1293,-0.94656,-0.11157,0.59058,0.46504,0.12692
informação rígida|capital 50% acima,67,1.1302,-0.96676,-0.1762,0.58727,0.46269,0.12107
informação rígida|capital 50% acima,68,1.1297,-0.95127,-0.23737,0.58435,0.46066,0.11466
informação rígida|capital 50% acima,69,1.1288,-0.92886,-0.2926,0.58163,0.45887,0.10996
informação rígida|capital 50% acima,70,1.1273,-0.93194,-0.34255,0.57911,0.45734,0.1044
informação rígida|capital 50% acima,71,1.1244,-0.93416,-0.38805,0.57669,0.45586,0.1011
informação rígida|capital 50% acima,72,1.1202,-0.88514,-0.42964,0.5746,0.45458,0.098349
informação rígida|capital 50% acima,73,1.1163,-0.86459,-0.465,0.57288,0.45356,0.094763
informação rígida|capital 50% acima,74,1.1113,-0.81666,-0.49558,0.57139,0.45266,0.093563
informação rígida|capital 50% acima,75,1.1061,-0.78101,-0.52096,0.57012,0.45196,0.091713
informação rígida|capital 50% acima,76,1.1,-0.77599,-0.54241,0.56878,0.45116,0.090013
informação rígida|capital 50% acima,77,1.0932,-0.71587,-0.55933,0.56793,0.45078,0.089913
informação rígida|capital 50% acima,78,1.0859,-0.6731,-0.57154,0.56733,0.45054,0.090432
informação rígida|capital 50% acima,79,1.0782,-0.62254,-0.5794,0.56689,0.45021,0.091532
informação rígida|capital 50% acima,80,1.0705,-0.54148,-0.58202,0.5666,0.45018,0.091332
informação rígida|capital 50% acima,81,1.063,-0.47437,-0.57927,0.56661,0.4503,0.091732
informação rígida|capital 50% acima,82,1.0558,-0.42905,-0.57171,0.56678,0.45053,0.094132
informação rígida|capital 50% acima,83,1.0484,-0.37042,-0.56048,0.56698,0.45083,0.096282
informação rígida|capital 50% acima,84,1.0408,-0.31521,-0.54646,0.56733,0.45124,0.098032
informação rígida|capital 50% acima,85,1.0331,-0.28049,-0.5293,0.56799,0.45173,0.10013
informação rígida|capital 50% acima,86,1.0256,-0.18755,-0.50933,0.56873,0.45221,0.10233
informação rígida|capital 50% acima,87,1.0189,-0.13764,-0.48511,0.56938,0.45266,0.10523
informação rígida|capital 50% acima,88,1.0122,-0.098061,-0.45861,0.57024,0.45333,0.10698
informação rígida|capital 50% acima,89,1.0057,-0.043887,-0.43061,0.57097,0.45386,0.11033
informação rígida|capital 50% acima,90,0.99964,0.015313,-0.40021,0.57198,0.45459,0.11298
informação rígida|capital 50% acima,91,0.99372,0.053995,-0.36891,0.5732,0.45557,0.11613
informação rígida|capital 50% acima,92,0.98837,0.10115,-0.33668,0.57454,0.45666,0.11908
informação rígida|capital 50% acima,93,0.98367,0.14449,-0.3026,0.57589,0.45785,0.12198
informação rígida|capital 50% acima,94,0.97955,0.19109,-0.26804,0.57734,0.45893,0.12533
informação rígida|capital 50% acima,95,0.97555,0.20715,-0.23373,0.57878,0.46003,0.12783
informação rígida|capital 50% acima,96,0.97238,0.2392,-0.19899,0.58014,0.46115,0.13041
informação rígida|capital 50% acima,97,0.96946,0.27718,-0.16471,0.58142,0.46211,0.13276
informação rígida|capital 50% acima,98,0.96706,0.27583,-0.13175,0.58259,0.46281,0.13566
informação rígida|capital 50% acima,99,0.96509,0.29294,-0.099683,0.58376,0.46358,0.13701
informação rígida|capital 50% acima,100,0.96331,0.30698,-0.069529,0.58466,0.4641,0.13766
informação rígida|capital 50% acima,110,0.97024,0.2692,0.14601,0.58743,0.46591,0.13558
informação rígida|capital 50% acima,120,0.9906,0.071219,0.14225,0.58217,0.46258,0.11713
informação rígida|capital 50% acima,130,1.0135,-0.091805,0.048759,0.57295,0.45654,0.093576
informação rígida|capital 50% acima,140,1.0236,-0.17761,-0.067845,0.56401,0.451,0.076894
informação rígida|capital 50% acima,150,1.0166,-0.14507,-0.12549,0.55873,0.44751,0.067608
informação rígida|capital 50% acima,160,1.0059,-0.045957,-0.099286,0.55717,0.44644,0.069008
informação rígida|capital 50% acima,170,0.99651,-0.0014371,-0.055136,0.55681,0.44621,0.071908
informação rígida|capital 50% acima,180,0.99248,0.073918,0.0020746,0.55699,0.44593,0.070508
informação rígida|capital 50% acima,190,0.99943,0.01592,0.026741,0.55531,0.44512,0.062589
informação rígida|capital 50% acima,200,1.0069,-0.073932,-0.0029572,0.55189,0.44298,0.053594
informação rígida|capital 50% acima,210,1.0078,-0.038299,-0.035743,0.54847,0.44113,0.045794
informação rígida|capital 50% acima,220,1.0048,-0.058396,-0.048649,0.54602,0.4392,0.043428
informação rígida|capital 50% acima,230,1.0016,-0.023274,-0.031042,0.54588,0.43919,0.045389
informação rígida|capital 50% acima,240,0.99873,0.015388,-0.019839,0.54513,0.43932,0.043128
informação rígida|capital 50% acima,250,1.0017,0.0056639,-0.0043374,0.54337,0.43833,0.040028
informação rígida|capital 50% acima,260,1.0051,-0.037818,-0.016519,0.54143,0.43698,0.035839
informação rígida|capital 50% acima,270,1.0042,-0.051944,-0.030671,0.53935,0.43595,0.034039
informação rígida|capital 50% acima,280,1.0007,-0.025156,-0.023309,0.5373,0.43379,0.032589
informação rígida|capital 50% acima,290,0.99829,0.0097203,-0.01161,0.53644,0.43244,0.033389
informação rígida|capital 50% acima,300,1.0008,0.0018254,0.0040126,0.53636,0.43297,0.030978
informação rígida|capital 50% acima,310,1.0037,-0.03739,-0.0033721,0.53531,0.43277,0.028478
informação rígida|capital 50% acima,320,1.0037,-0.045366,-0.021263,0.53376,0.43118,0.026928
informação rígida|capital 50% acima,330,0.99919,0.0029203,-0.020873,0.53382,0.43118,0.026497
informação rígida|capital 50% acima,340,1.0003,0.0041121,0.00028304,0.53307,0.43077,0.025097
informação rígida|capital 50% acima,350,1.0003,-0.0084687,-0.0053695,0.5319,0.42976,0.023645
informação rígida|capital 50% acima,360,0.99747,0.04281,-0.0063456,0.53089,0.42888,0.022747
informação rígida|capital 50% acima,370,0.99765,0.01289,0.0015883,0.53026,0.42818,0.022478
informação rígida|capital 50% acima,380,0.99851,-0.0010901,0.0059927,0.52898,0.42767,0.019442
informação rígida|capital 50% acima,390,0.9997,0.019068,0.0067849,0.52838,0.42767,0.016528
informação rígida|capital 50% acima,400,0.99766,0.0076225,0.0003483,0.52824,0.42755,0.018695
informação rígida|capital 50% acima,410,0.99582,0.020826,0.010033,0.5283,0.4277,0.019245
informação rígida|capital 50% acima,420,0.99721,0.029615,0.022101,0.52851,0.42714,0.017497
informação rígida|capital 50% acima,430,1.0005,-0.0035476,0.017619,0.52746,0.42667,0.014542
informação rígida|capital 50% acima,440,1.0037,-0.025596,0.00087059,0.52564,0.42539,0.010878
informação rígida|capital 50% acima,450,1.0048,-0.042014,-0.014682,0.52486,0.42482,0.012375
informação rígida|capital 50% acima,460,1.0008,-0.015362,-0.027345,0.52431,0.42436,0.011477
informação rígida|capital 50% acima,470,0.99557,0.0073294,-0.0086524,0.52537,0.42528,0.015895
informação rígida|capital 50% acima,480,0.99457,0.013008,0.016902,0.52674,0.42554,0.016745
informação rígida|capital 50% acima,490,0.99592,0.03141,0.025975,0.52532,0.42447,0.014712
informação rígida|capital 50% acima,500,0.99917,0.018428,0.023485,0.52508,0.4242,0.012979
informação rígida|capital 50% acima,510,1.0001,-0.0048635,0.010538,0.52479,0.4237,0.012678
informação rígida|capital 50% acima,520,1.0022,-0.022295,0.0041099,0.52331,0.42265,0.013027
informação rígida|capital 50% acima,530,1.0031,-0.034313,-0.0050982,0.52217,0.42179,0.014199
informação rígida|capital 50% acima,540,1.0002,0.0001881,-0.00936,0.52197,0.42154,0.012291
informação rígida|capital 50% acima,550,0.99855,0.00037608,0.0039551,0.52233,0.42153,0.011755
informação rígida|capital 50% acima,560,0.9993,-0.011686,0.0036857,0.52153,0.42123,0.010939
informação rígida|capital 50% acima,570,1.001,-0.031067,0.0056042,0.52152,0.42143,0.012076
informação rígida|capital 50% acima,580,0.99815,0.01135,-0.00011837,0.52147,0.42202,0.013077
informação rígida|capital 50% acima,590,0.99767,-0.0011975,0.0041137,0.5222,0.42253,0.0099909
informação rígida|capital 50% acima,600,0.99713,0.036247,0.0091442,0.52242,0.42312,0.010877
informação rígida|capital 50% acima,610,1.0007,0.01903,0.013829,0.52262,0.42319,0.010323
informação rígida|capital 50% acima,620,1.005,-0.028461,0.0041436,0.52187,0.42277,0.013127
informação rígida|capital 50% acima,630,1.0035,-0.028672,-0.023551,0.52138,0.42214,0.012589
informação rígida|capital 50% acima,640,0.99635,0.010723,-0.016034,0.52123,0.42137,0.0099267
informação rígida|capital 50% acima,650,0.99193,0.071151,0.017218,0.52261,0.42218,0.010927
informação rígida|capital 50% acima,660,0.99289,0.0876,0.040591,0.52373,0.42262,0.011678
informação rígida|capital 50% acima,670,0.99822,0.010315,0.033326,0.52242,0.42146,0.0078751
informação rígida|capital 50% acima,680,0.99942,0.0027902,0.013636,0.52174,0.42142,0.0086787
informação rígida|capital 50% acima,690,0.99531,0.040301,0.0068802,0.52187,0.42098,0.009479
informação rígida|capital 50% acima,700,0.99849,0.038111,0.025804,0.52124,0.42051,0.011439
informação rígida|capital 50% acima,710,1.0037,-0.02975,0.0067528,0.52038,0.41977,0.013677
informação rígida|capital 50% acima,720,1.0019,-0.057917,-0.015687,0.5198,0.41941,0.012839
informação rígida|capital 50% acima,730,0.99602,0.04277,-0.0068631,0.51993,0.41922,0.013977
informação rígida|capital 50% acima,740,0.99788,-0.018051,0.013503,0.52105,0.4206,0.013877
informação rígida|capital 50% acima,750,0.99912,0.0056329,0.01235,0.5212,0.42086,0.012641
informação rígida|capital 50% acima,760,0.99881,-0.0193,0.0069387,0.52138,0.42157,0.012439
informação rígida|capital 50% acima,770,0.99941,-0.0030075,0.0092649,0.52076,0.42166,0.014905
informação rígida|capital 50% acima,780,0.99835,0.019176,0.0054904,0.51981,0.42103,0.016223
informação rígida|capital 50% acima,790,0.99768,0.032131,0.010039,0.51985,0.42072,0.014976
informação rígida|capital 50% acima,800,1.0003,-0.0059157,0.013343,0.51919,0.42043,0.016349
informação rígida|capital 50% acima,810,1.0005,-0.0093234,0.0029402,0.51875,0.42042,0.017199
informação rígida|capital 50% acima,820,1.0016,-0.0090661,-0.0053107,0.51849,0.42014,0.016792
informação rígida|capital 50% acima,830,1.0025,0.0034737,-0.0094679,0.51756,0.41942,0.019899
informação rígida|capital 50% acima,840,1.003,-0.031886,-0.013968,0.51758,0.41883,0.018191
informação rígida|capital 50% acima,850,1.0007,-0.039109,-0.019935,0.5166,0.41832,0.020605
informação rígida|capital 50% acima,860,0.99501,0.05746,0.0024406,0.51722,0.41844,0.015923
informação rígida|capital 50% acima,870,0.99917,0.017005,0.022738,0.51675,0.41802,0.018401
informação rígida|capital 50% acima,880,1.0018,0.002079,0.0082433,0.51657,0.41745,0.017087
informação rígida|capital 50% acima,890,1.0043,-0.04679,-0.0093627,0.51628,0.41671,0.017523
informação rígida|capital 50% acima,900,1.0015,-0.0068613,-0.017592,0.5149,0.41645,0.019573
informação rígida|capital 50% acima,910,0.99891,0.016695,-0.0051348,0.51579,0.41754,0.018105
informação rígida|capital 50% acima,920,0.99862,0.0097026,0.0051815,0.51527,0.4169,0.018637
informação rígida|capital 50% acima,930,1.0004,-0.010355,0.0094007,0.51577,0.41731,0.016826
informação rígida|capital 50% acima,940,1.0003,-0.013591,-0.00033197,0.51558,0.41647,0.017905
informação rígida|capital 50% acima,950,0.99811,0.0075101,0.0031813,0.51634,0.41697,0.015855
informação rígida|capital 50% acima,960,0.99473,0.030373,0.011736,0.51687,0.417,0.014626
informação rígida|capital 50% acima,970,0.99531,0.027242,0.032138,0.51693,0.41742,0.013801
informação rígida|capital 50% acima,980,0.99754,0.0051745,0.027628,0.5168,0.41794,0.015155
informação rígida|capital 50% acima,990,1.0005,-0.017176,0.015815,0.51662,0.4173,0.016805
informação rígida|capital 50% acima,1000,1.0011,-0.00029206,0.0021212,0.51626,0.41747,0.018726
informação rígida|riqueza igual para todos,1,1.0012,0.015004,0.00081801,0.013171,0.10523,0.67576
informação rígida|riqueza igual para todos,2,1.0027,-0.02748,0.00011939,0.023098,0.1092,0.65288
informação rígida|riqueza igual para todos,3,1.0045,-0.020103,-0.0013229,0.031459,0.11286,0.64095
informação rígida|riqueza igual para todos,4,1.0066,-0.036781,-0.0030641,0.038648,0.11619,0.6311
informação rígida|riqueza igual para todos,5,1.0087,-0.069977,-0.0058155,0.045409,0.11937,0.62023
informação rígida|riqueza igual para todos,6,1.0102,-0.091551,-0.010665,0.051403,0.12222,0.61215
informação rígida|riqueza igual para todos,7,1.012,-0.090605,-0.015855,0.05704,0.12511,0.60859
informação rígida|riqueza igual para todos,8,1.0141,-0.09594,-0.021078,0.062448,0.12797,0.60283
informação rígida|riqueza igual para todos,9,1.0157,-0.12118,-0.027269,0.067525,0.13062,0.59633
informação rígida|riqueza igual para todos,10,1.0172,-0.1751,-0.034762,0.072376,0.1331,0.59078
informação rígida|riqueza igual para todos,11,1.0176,-0.14286,-0.044086,0.076958,0.13537,0.5853
informação rígida|riqueza igual para todos,12,1.0187,-0.14458,-0.052343,0.08139,0.13781,0.58035
informação rígida|riqueza igual para todos,13,1.0198,-0.16895,-0.060133,0.085689,0.14027,0.57665
informação rígida|riqueza igual para todos,14,1.0206,-0.15557,-0.067917,0.089811,0.14247,0.5721
informação rígida|riqueza igual para todos,15,1.0216,-0.16833,-0.075124,0.093548,0.14454,0.5683
informação rígida|riqueza igual para todos,16,1.0225,-0.18324,-0.082178,0.096987,0.14657,0.565
informação rígida|riqueza igual para todos,17,1.023,-0.17782,-0.089386,0.10039,0.14854,0.5608
informação rígida|riqueza igual para todos,18,1.0236,-0.19912,-0.096069,0.104,0.15059,0.55695
informação rígida|riqueza igual para todos,19,1.024,-0.1792,-0.10276,0.10733,0.15244,0.55355
informação rígida|riqueza igual para todos,20,1.0244,-0.16899,-0.10877,0.1104,0.15419,0.55035
informação rígida|riqueza igual para todos,21,1.0249,-0.18442,-0.11438,0.11347,0.15591,0.5479
informação rígida|riqueza igual para todos,22,1.0253,-0.19426,-0.11967,0.11662,0.15759,0.5444
informação rígida|riqueza igual para todos,23,1.0251,-0.17052,-0.12532,0.11941,0.15904,0.54155
informação rígida|riqueza igual para todos,24,1.0253,-0.18505,-0.12994,0.12216,0.16067,0.5387
informação rígida|riqueza igual para todos,25,1.025,-0.20115,-0.13473,0.12476,0.16206,0.5358
informação rígida|riqueza igual para todos,26,1.0245,-0.17661,-0.13935,0.12735,0.1635,0.5336
informação rígida|riqueza igual para todos,27,1.0243,-0.1556,-0.1427,0.12969,0.16488,0.5312
informação rígida|riqueza igual para todos,28,1.0243,-0.16876,-0.14494,0.13196,0.16606,0.5292
informação rígida|riqueza igual para todos,29,1.0242,-0.15736,-0.14701,0.13403,0.16727,0.5269
informação rígida|riqueza igual para todos,30,1.024,-0.1865,-0.14877,0.13634,0.16854,0.52383
informação rígida|riqueza igual para todos,31,1.0236,-0.1923,-0.15078,0.13866,0.16988,0.5207
informação rígida|riqueza igual para todos,32,1.0229,-0.16322,-0.15258,0.14095,0.17112,0.5183
informação rígida|riqueza igual para todos,33,1.0221,-0.18979,-0.15427,0.14326,0.17234,0.515
informação rígida|riqueza igual para todos,34,1.0207,-0.18029,-0.15661,0.14563,0.1736,0.51165
informação rígida|riqueza igual para todos,35,1.0193,-0.15899,-0.15817,0.14796,0.17476,0.50663
informação rígida|riqueza igual para todos,36,1.018,-0.16104,-0.15867,0.15034,0.176,0.50418
informação rígida|riqueza igual para todos,37,1.0165,-0.134,-0.1584,0.15246,0.17705,0.50063
informação rígida|riqueza igual para todos,38,1.0155,-0.093152,-0.15644,0.15466,0.17828,0.49753
informação rígida|riqueza igual para todos,39,1.0148,-0.11123,-0.15318,0.15693,0.17953,0.49427
informação rígida|riqueza igual para todos,40,1.0139,-0.10201,-0.14971,0.15904,0.18074,0.49293
informação rígida|riqueza igual para todos,41,1.0127,-0.096598,-0.14636,0.16116,0.18186,0.48992
informação rígida|riqueza igual para todos,42,1.0115,-0.11735,-0.1432,0.16315,0.18288,0.48732
informação rígida|riqueza igual para todos,43,1.0102,-0.083598,-0.13982,0.16506,0.18396,0.48542
informação rígida|riqueza igual para todos,44,1.0093,-0.064769,-0.13545,0.16727,0.1851,0.48257
informação rígida|riqueza igual para todos,45,1.0087,-0.048606,-0.12981,0.16938,0.1863,0.47977
informação rígida|riqueza igual para todos,46,1.0075,-0.060406,-0.12492,0.17135,0.18725,0.47627
informação rígida|riqueza igual para todos,47,1.0065,-0.052279,-0.12012,0.17318,0.18828,0.47372
informação rígida|riqueza igual para todos,48,1.0055,-0.051876,-0.1151,0.17525,0.18932,0.47107
informação rígida|riqueza igual para todos,49,1.0046,-0.038902,-0.10972,0.17716,0.19021,0.46832
informação rígida|riqueza igual para todos,50,1.0038,-0.011588,-0.1041,0.17894,0.19111,0.46517
informação rígida|riqueza igual para todos,51,1.0035,0.0076982,-0.097563,0.18078,0.19229,0.46447
informação rígida|riqueza igual para todos,52,1.0035,0.0070575,-0.090761,0.18256,0.19336,0.46207
informação rígida|riqueza igual para todos,53,1.0034,-0.012234,-0.084416,0.18428,0.19444,0.46037
informação rígida|riqueza igual para todos,54,1.0032,-0.0043794,-0.079134,0.18579,0.19532,0.45802
informação rígida|riqueza igual para todos,55,1.0032,-0.018039,-0.073996,0.18726,0.19618,0.45627
informação rígida|riqueza igual para todos,56,1.0029,0.016454,-0.069458,0.18861,0.19695,0.45367
informação rígida|riqueza igual para todos,57,1.0035,0.0049854,-0.064303,0.19023,0.19798,0.45132
informação rígida|riqueza igual para todos,58,1.004,-0.023202,-0.059539,0.19176,0.19907,0.45027
informação rígida|riqueza igual para todos,59,1.0038,-0.035928,-0.056825,0.19315,0.19986,0.44862
informação rígida|riqueza igual para todos,60,1.0036,-0.043965,-0.055146,0.19451,0.20059,0.44717
informação rígida|riqueza igual para todos,61,1.0031,-0.06179,-0.054235,0.19602,0.20144,0.44567
informação rígida|riqueza igual para todos,62,1.0024,-0.027676,-0.053444,0.19776,0.20241,0.44392
informação rígida|riqueza igual para todos,63,1.0019,-0.00082315,-0.051967,0.19962,0.20349,0.44092
informação rígida|riqueza igual para todos,64,1.0021,0.0031073,-0.049319,0.2015,0.20467,0.43882
informação rígida|riqueza igual para todos,65,1.0021,-0.033283,-0.046852,0.20311,0.2057,0.43707
informação rígida|riqueza igual para todos,66,1.002,-0.012494,-0.044632,0.20472,0.20665,0.43557
informação rígida|riqueza igual para todos,67,1.002,-0.027808,-0.042504,0.20648,0.20771,0.43337
informação rígida|riqueza igual para todos,68,1.0017,-0.012005,-0.041032,0.20794,0.20869,0.43212
informação rígida|riqueza igual para todos,69,1.0019,0.0036818,-0.038843,0.20955,0.20986,0.43097
informação rígida|riqueza igual para todos,70,1.0025,-0.014706,-0.036163,0.21121,0.21096,0.42887
informação rígida|riqueza igual para todos,71,1.0025,-0.038408,-0.034633,0.21245,0.21179,0.42752
informação rígida|riqueza igual para todos,72,1.0022,-0.013612,-0.034295,0.21397,0.21277,0.42532
informação rígida|riqueza igual para todos,73,1.0028,-0.025227,-0.032779,0.21563,0.21386,0.42497
informação rígida|riqueza igual para todos,74,1.0031,-0.012618,-0.031471,0.21703,0.21482,0.42302
informação rígida|riqueza igual para todos,75,1.0037,-0.017498,-0.030165,0.21852,0.2159,0.42132
informação rígida|riqueza igual para todos,76,1.0039,-0.058477,-0.029911,0.21959,0.21672,0.41907
informação rígida|riqueza igual para todos,77,1.0038,-0.044933,-0.030538,0.22093,0.21762,0.41809
informação rígida|riqueza igual para todos,78,1.0037,-0.052661,-0.031502,0.22234,0.21848,0.41662
informação rígida|riqueza igual para todos,79,1.0034,-0.05465,-0.032743,0.22356,0.21921,0.41477
informação rígida|riqueza igual para todos,80,1.0033,-0.027407,-0.033218,0.22464,0.21999,0.41279
informação rígida|riqueza igual para todos,81,1.0034,-0.016478,-0.0327,0.226,0.22096,0.41259
informação rígida|riqueza igual para todos,82,1.004,-0.029416,-0.031576,0.22735,0.22176,0.41129
informação rígida|riqueza igual para todos,83,1.0045,-0.029375,-0.030676,0.22865,0.22255,0.40914
informação rígida|riqueza igual para todos,84,1.0046,-0.032997,-0.030682,0.22978,0.22327,0.40814
informação rígida|riqueza igual para todos,85,1.0046,-0.057406,-0.03125,0.23108,0.2242,0.40609
informação rígida|riqueza igual para todos,86,1.0047,-0.022408,-0.031779,0.23239,0.22503,0.40404
informação rígida|riqueza igual para todos,87,1.0054,-0.030284,-0.031436,0.23343,0.22578,0.40299
informação rígida|riqueza igual para todos,88,1.0058,-0.047069,-0.031403,0.23466,0.22674,0.40269
informação rígida|riqueza igual para todos,89,1.0062,-0.047593,-0.031854,0.23578,0.2276,0.40189
informação rígida|riqueza igual para todos,90,1.0066,-0.041048,-0.032394,0.23701,0.22863,0.40079
informação rígida|riqueza igual para todos,91,1.0068,-0.051993,-0.033554,0.23825,0.22954,0.40029
informação rígida|riqueza igual para todos,92,1.0072,-0.051354,-0.034777,0.23958,0.23042,0.39879
informação rígida|riqueza igual para todos,93,1.0077,-0.051487,-0.035663,0.24102,0.23148,0.397
informação rígida|riqueza igual para todos,94,1.0084,-0.044931,-0.036354,0.24258,0.23262,0.39649
informação rígida|riqueza igual para todos,95,1.0088,-0.064869,-0.037671,0.24398,0.23361,0.39604
informação rígida|riqueza igual para todos,96,1.0095,-0.064993,-0.038948,0.24542,0.23462,0.39414
informação rígida|riqueza igual para todos,97,1.0098,-0.054998,-0.040638,0.24659,0.23548,0.39344
informação rígida|riqueza igual para todos,98,1.0103,-0.07963,-0.042683,0.24761,0.23624,0.39189
informação rígida|riqueza igual para todos,99,1.0106,-0.082131,-0.044937,0.24877,0.23716,0.39134
informação rígida|riqueza igual para todos,100,1.0106,-0.083388,-0.047546,0.24987,0.23794,0.38969
informação rígida|riqueza igual para todos,110,1.0124,-0.076597,-0.062489,0.25939,0.2448,0.38149
informação rígida|riqueza igual para todos,120,1.0035,-0.033625,-0.078582,0.26806,0.25009,0.36707
informação rígida|riqueza igual para todos,130,0.99834,0.029356,-0.039098,0.27712,0.25564,0.35231
informação rígida|riqueza igual para todos,140,0.9989,0.018585,-0.011725,0.28559,0.2616,0.34526
informação rígida|riqueza igual para todos,150,1.0002,-0.014416,-0.0053387,0.29337,0.26685,0.33761
informação rígida|riqueza igual para todos,160,1.0039,-0.029645,-0.0053554,0.30071,0.27245,0.32957
informação rígida|riqueza igual para todos,170,1.0038,-0.060556,-0.028263,0.30779,0.27701,0.32386
informação rígida|riqueza igual para todos,180,1.0006,0.0081194,-0.02396,0.31425,0.28128,0.31196
informação rígida|riqueza igual para todos,190,1.0021,-0.005843,-0.010103,0.32141,0.28698,0.30767
informação rígida|riqueza igual para todos,200,1.0036,-0.048272,-0.017747,0.32791,0.29193,0.29986
informação rígida|riqueza igual para todos,210,1.0019,0.0091094,-0.020494,0.33315,0.2957,0.29401
informação rígida|riqueza igual para todos,220,1.0001,-0.02033,-0.017057,0.33807,0.29892,0.28687
informação rígida|riqueza igual para todos,230,0.99984,-0.0092861,-0.0026765,0.34413,0.30336,0.27821
informação rígida|riqueza igual para todos,240,0.99918,0.011733,-0.0048564,0.34951,0.30724,0.26977
informação rígida|riqueza igual para todos,250,1.0027,-0.0019408,-0.001454,0.3539,0.31053,0.26792
informação rígida|riqueza igual para todos,260,1.0052,-0.03909,-0.017848,0.35926,0.31483,0.26162
informação rígida|riqueza igual para todos,270,1.0034,-0.045779,-0.029632,0.3643,0.3183,0.25527
informação rígida|riqueza igual para todos,280,0.99953,-0.015961,-0.018468,0.36785,0.32026,0.24852
informação rígida|riqueza igual para todos,290,0.99727,0.01792,-0.0043749,0.37232,0.3218,0.24117
informação rígida|riqueza igual para todos,300,0.99998,0.0084114,0.011253,0.37814,0.32608,0.23517
informação rígida|riqueza igual para todos,310,1.003,-0.032024,0.0031037,0.38278,0.32977,0.22887
informação rígida|riqueza igual para todos,320,1.003,-0.040074,-0.015521,0.38609,0.33207,0.22412
informação rígida|riqueza igual para todos,330,0.99835,0.0097009,-0.015052,0.39051,0.33477,0.21649
informação rígida|riqueza igual para todos,340,0.99953,0.01004,0.0063908,0.39442,0.33762,0.21282
informação rígida|riqueza igual para todos,350,0.99961,-0.0029262,0.00062404,0.39753,0.33967,0.20762
informação rígida|riqueza igual para todos,360,0.99697,0.046847,-0.0010511,0.40053,0.34142,0.20017
informação rígida|riqueza igual para todos,370,0.99711,0.017235,0.0063745,0.40409,0.34384,0.19439
informação rígida|riqueza igual para todos,380,0.99787,0.0041217,0.010724,0.40661,0.34593,0.19114
informação rígida|riqueza igual para todos,390,0.999,0.02475,0.012023,0.41009,0.34823,0.18759
informação rígida|riqueza igual para todos,400,0.99711,0.012029,0.0053555,0.41352,0.35033,0.18124
informação rígida|riqueza igual para todos,410,0.99517,0.026096,0.014977,0.41696,0.35257,0.17539
informação rígida|riqueza igual para todos,420,0.99647,0.035664,0.027424,0.42078,0.35439,0.16952
informação rígida|riqueza igual para todos,430,0.99982,0.001935,0.023179,0.42345,0.35648,0.16529
informação rígida|riqueza igual para todos,440,1.0031,-0.021106,0.0061045,0.4252,0.35758,0.16267
informação rígida|riqueza igual para todos,450,1.0042,-0.03759,-0.0098961,0.42773,0.35934,0.16016
informação rígida|riqueza igual para todos,460,1.0004,-0.011426,-0.022828,0.43029,0.36089,0.15624
informação rígida|riqueza igual para todos,470,0.99524,0.0099999,-0.0047674,0.4343,0.36355,0.14886
informação rígida|riqueza igual para todos,480,0.99431,0.01512,0.019874,0.43846,0.36584,0.14291
informação rígida|riqueza igual para todos,490,0.99556,0.034372,0.028651,0.43956,0.36659,0.13941
informação rígida|riqueza igual para todos,500,0.99863,0.022789,0.026704,0.44225,0.36839,0.13759
informação rígida|riqueza igual para todos,510,0.99965,-0.0013419,0.014143,0.44492,0.36978,0.13286
informação rígida|riqueza igual para todos,520,1.0018,-0.019536,0.0073569,0.44605,0.37061,0.13172
informação rígida|riqueza igual para todos,530,1.0026,-0.030588,-0.0018246,0.44737,0.3715,0.13019
informação rígida|riqueza igual para todos,540,0.99973,0.0035779,-0.0058546,0.44945,0.37299,0.1256
informação rígida|riqueza igual para todos,550,0.99813,0.0037499,0.0073748,0.4519,0.37448,0.12259
informação rígida|riqueza igual para todos,560,0.9989,-0.008444,0.0070979,0.45331,0.37569,0.12101
informação rígida|riqueza igual para todos,570,1.0007,-0.028325,0.0088228,0.45539,0.37719,0.11916
informação rígida|riqueza igual para todos,580,0.99789,0.013504,0.0025685,0.45741,0.37896,0.11411
informação rígida|riqueza igual para todos,590,0.99735,0.001354,0.0066483,0.45992,0.38036,0.11135
informação rígida|riqueza igual para todos,600,0.99684,0.038564,0.011695,0.46228,0.38247,0.10766
informação rígida|riqueza igual para todos,610,1.0004,0.021215,0.016092,0.46439,0.38391,0.10565
informação rígida|riqueza igual para todos,620,1.0047,-0.026138,0.0063251,0.46561,0.38498,0.1057
informação rígida|riqueza igual para todos,630,1.0032,-0.026344,-0.021279,0.46691,0.38575,0.10107
informação rígida|riqueza igual para todos,640,0.99602,0.013388,-0.013671,0.46822,0.38592,0.093722
informação rígida|riqueza igual para todos,650,0.99152,0.074547,0.019992,0.47104,0.38744,0.085803
informação rígida|riqueza igual para todos,660,0.99252,0.090702,0.043636,0.47381,0.3889,0.084003
informação rígida|riqueza igual para todos,670,0.99795,0.012538,0.036179,0.47442,0.38883,0.083205
informação rígida|riqueza igual para todos,680,0.99924,0.0042884,0.015905,0.47532,0.38982,0.083188
informação rígida|riqueza igual para todos,690,0.99514,0.041681,0.0086375,0.47677,0.39031,0.076505
informação rígida|riqueza igual para todos,700,0.99826,0.04001,0.027518,0.47756,0.39096,0.076788
informação rígida|riqueza igual para todos,710,1.0033,-0.027288,0.0086485,0.47819,0.39135,0.076738
informação rígida|riqueza igual para todos,720,1.0015,-0.055291,-0.013374,0.47885,0.39172,0.073908
informação rígida|riqueza igual para todos,730,0.99574,0.045066,-0.0044636,0.4801,0.39239,0.070672
informação rígida|riqueza igual para todos,740,0.99767,-0.016315,0.015698,0.4826,0.39461,0.066853
informação rígida|riqueza igual para todos,750,0.99888,0.0075486,0.014364,0.48405,0.39574,0.065172
informação rígida|riqueza igual para todos,760,0.99868,-0.018192,0.0086987,0.48544,0.3971,0.061522
informação rígida|riqueza igual para todos,770,0.9993,-0.0021571,0.010559,0.48592,0.398,0.062022
informação rígida|riqueza igual para todos,780,0.99832,0.019466,0.0064103,0.48617,0.39815,0.061724
informação rígida|riqueza igual para todos,790,0.99758,0.033,0.010682,0.48708,0.39841,0.061578
informação rígida|riqueza igual para todos,800,1,-0.0038494,0.014469,0.4874,0.39855,0.061556
informação rígida|riqueza igual para todos,810,1.0003,-0.0076225,0.0045373,0.48797,0.39928,0.060542
informação rígida|riqueza igual para todos,820,1.0014,-0.0077947,-0.0037525,0.48865,0.39975,0.059992
informação rígida|riqueza igual para todos,830,1.0024,0.004012,-0.0082564,0.48876,0.39983,0.060656
informação rígida|riqueza igual para todos,840,1.003,-0.031741,-0.01328,0.48969,0.39999,0.058661
informação rígida|riqueza igual para todos,850,1.0007,-0.039093,-0.019569,0.48964,0.40012,0.056156
informação rígida|riqueza igual para todos,860,0.99496,0.057901,0.0027021,0.49088,0.40069,0.053858
informação rígida|riqueza igual para todos,870,0.99914,0.017238,0.023079,0.49129,0.40071,0.055056
informação rígida|riqueza igual para todos,880,1.0018,0.0024244,0.0084977,0.49194,0.4009,0.054953
informação rígida|riqueza igual para todos,890,1.0041,-0.04553,-0.0087855,0.49247,0.40086,0.055572
informação rígida|riqueza igual para todos,900,1.0013,-0.0054951,-0.016552,0.49184,0.40112,0.053253
informação rígida|riqueza igual para todos,910,0.99874,0.018084,-0.0039047,0.49327,0.40249,0.051222
informação rígida|riqueza igual para todos,920,0.99851,0.010591,0.0063762,0.49353,0.40228,0.050555
informação rígida|riqueza igual para todos,930,1.0003,-0.0099167,0.010303,0.49479,0.4032,0.047861
informação rígida|riqueza igual para todos,940,1.0003,-0.013351,0.00021323,0.49522,0.40265,0.045222
informação rígida|riqueza igual para todos,950,0.99811,0.0075317,0.0034721,0.49657,0.40369,0.043006
informação rígida|riqueza igual para todos,960,0.99465,0.031014,0.012051,0.49755,0.40385,0.040911
informação rígida|riqueza igual para todos,970,0.99516,0.028476,0.032766,0.49807,0.40472,0.040542
informação rígida|riqueza igual para todos,980,0.9974,0.006369,0.028623,0.49859,0.40563,0.040803
informação rígida|riqueza igual para todos,990,1.0003,-0.016264,0.016797,0.49896,0.40541,0.040842
informação rígida|riqueza igual para todos,1000,1.001,0.00072411,0.003106,0.49912,0.40597,0.040106
informação rígida|1% com toda a riqueza,1,1.0212,-0.17661,-0.0021473,0.97522,0.98307,0.94368
informação rígida|1% com toda a riqueza,2,1.0434,-0.33709,-0.015212,0.96305,0.9691,0.88754
informação rígida|1% com toda a riqueza,3,1.0622,-0.46886,-0.038678,0.95181,0.95629,0.87515
informação rígida|1% com toda a riqueza,4,1.0785,-0.60511,-0.071364,0.94121,0.94426,0.86215
informação rígida|1% com toda a riqueza,5,1.0934,-0.69529,-0.11063,0.9311,0.93279,0.84315
informação rígida|1% com toda a riqueza,6,1.1068,-0.80695,-0.1553,0.92138,0.92192,0.81817
informação rígida|1% com toda a riqueza,7,1.1189,-0.89337,-0.2034,0.91203,0.91164,0.79007
informação rígida|1% com toda a riqueza,8,1.1294,-0.96327,-0.25477,0.90317,0.90176,0.7603
informação rígida|1% com toda a riqueza,9,1.1387,-1.0005,-0.30784,0.89466,0.89242,0.73198
informação rígida|1% com toda a riqueza,10,1.1476,-1.0789,-0.36097,0.88655,0.88351,0.70121
informação rígida|1% com toda a riqueza,11,1.1542,-1.1226,-0.41566,0.879,0.87516,0.6805
informação rígida|1% com toda a riqueza,12,1.16,-1.167,-0.46996,0.8719,0.86743,0.65078
informação rígida|1% com toda a riqueza,13,1.1644,-1.1885,-0.52372,0.86526,0.86019,0.63138
informação rígida|1% com toda a riqueza,14,1.1681,-1.1837,-0.5752,0.85906,0.85346,0.59904
informação rígida|1% com toda a riqueza,15,1.1717,-1.2341,-0.62328,0.85315,0.84708,0.58141
informação rígida|1% com toda a riqueza,16,1.1737,-1.2504,-0.6693,0.84768,0.84123,0.56414
informação rígida|1% com toda a riqueza,17,1.1748,-1.245,-0.71295,0.84259,0.83578,0.54659
informação rígida|1% com toda a riqueza,18,1.1751,-1.2615,-0.75374,0.83787,0.83075,0.52953
informação rígida|1% com toda a riqueza,19,1.1747,-1.2383,-0.79196,0.83372,0.82635,0.51808
informação rígida|1% com toda a riqueza,20,1.1735,-1.2268,-0.82716,0.82991,0.82224,0.5103
informação rígida|1% com toda a riqueza,21,1.1718,-1.2202,-0.85892,0.82645,0.81842,0.49514
informação rígida|1% com toda a riqueza,22,1.1697,-1.2076,-0.88689,0.82332,0.81511,0.48755
informação rígida|1% com toda a riqueza,23,1.1668,-1.1774,-0.9119,0.82056,0.81212,0.47959
informação rígida|1% com toda a riqueza,24,1.1637,-1.1744,-0.93307,0.81801,0.80942,0.47599
informação rígida|1% com toda a riqueza,25,1.1598,-1.1425,-0.95173,0.81583,0.80711,0.46909
informação rígida|1% com toda a riqueza,26,1.1555,-1.1241,-0.9674,0.81396,0.80501,0.46631
informação rígida|1% com toda a riqueza,27,1.1511,-1.0842,-0.97935,0.81221,0.80312,0.46321
informação rígida|1% com toda a riqueza,28,1.147,-1.0524,-0.9871,0.81065,0.8015,0.46011
informação rígida|1% com toda a riqueza,29,1.1423,-1.0262,-0.9925,0.80941,0.80015,0.45701
informação rígida|1% com toda a riqueza,30,1.1376,-1.0024,-0.99479,0.80853,0.79911,0.45636
informação rígida|1% com toda a riqueza,31,1.1324,-0.98676,-0.99532,0.80799,0.79828,0.45556
informação rígida|1% com toda a riqueza,32,1.1272,-0.90209,-0.99321,0.80749,0.79743,0.45421
informação rígida|1% com toda a riqueza,33,1.1224,-0.89822,-0.98797,0.80712,0.79706,0.45454
informação rígida|1% com toda a riqueza,34,1.1171,-0.86125,-0.98102,0.80709,0.79698,0.45624
informação rígida|1% com toda a riqueza,35,1.1118,-0.83695,-0.97242,0.80721,0.79684,0.45619
informação rígida|1% com toda a riqueza,36,1.1065,-0.80096,-0.9619,0.80741,0.79694,0.45829
informação rígida|1% com toda a riqueza,37,1.1011,-0.76459,-0.94953,0.80778,0.79719,0.45866
informação rígida|1% com toda a riqueza,38,1.0961,-0.72009,-0.935,0.80818,0.79743,0.46044
informação rígida|1% com toda a riqueza,39,1.0914,-0.68576,-0.91848,0.80867,0.79773,0.46149
informação rígida|1% com toda a riqueza,40,1.087,-0.673,-0.90043,0.80926,0.79818,0.46254
informação rígida|1% com toda a riqueza,41,1.082,-0.65089,-0.88256,0.81009,0.79883,0.46474
informação rígida|1% com toda a riqueza,42,1.0773,-0.62952,-0.86402,0.81106,0.79957,0.46584
informação rígida|1% com toda a riqueza,43,1.0725,-0.56723,-0.84475,0.81195,0.80033,0.46794
informação rígida|1% com toda a riqueza,44,1.0684,-0.56373,-0.82435,0.813,0.80118,0.46944
informação rígida|1% com toda a riqueza,45,1.0645,-0.51212,-0.80299,0.81382,0.8018,0.47173
informação rígida|1% com toda a riqueza,46,1.0612,-0.46155,-0.7801,0.81478,0.80265,0.4739
informação rígida|1% com toda a riqueza,47,1.0583,-0.45912,-0.7569,0.81543,0.80329,0.4764
informação rígida|1% com toda a riqueza,48,1.0557,-0.40835,-0.73324,0.81604,0.80379,0.47844
informação rígida|1% com toda a riqueza,49,1.0541,-0.42833,-0.7089,0.81642,0.804,0.47908
informação rígida|1% com toda a riqueza,50,1.0518,-0.39361,-0.686,0.81687,0.80424,0.47888
informação rígida|1% com toda a riqueza,51,1.0505,-0.36406,-0.66282,0.81707,0.80435,0.47933
informação rígida|1% com toda a riqueza,52,1.0494,-0.37441,-0.64072,0.81713,0.80436,0.47913
informação rígida|1% com toda a riqueza,53,1.0481,-0.36832,-0.62032,0.81715,0.80438,0.47774
informação rígida|1% com toda a riqueza,54,1.0472,-0.34208,-0.60142,0.81715,0.8043,0.47768
informação rígida|1% com toda a riqueza,55,1.0466,-0.36663,-0.58331,0.81691,0.804,0.47748
informação rígida|1% com toda a riqueza,56,1.0459,-0.3569,-0.56623,0.81659,0.80355,0.47478
informação rígida|1% com toda a riqueza,57,1.0457,-0.3488,-0.54989,0.81627,0.80303,0.47319
informação rígida|1% com toda a riqueza,58,1.0461,-0.34772,-0.53378,0.81578,0.80248,0.47269
informação rígida|1% com toda a riqueza,59,1.0463,-0.36538,-0.51941,0.81537,0.802,0.47054
informação rígida|1% com toda a riqueza,60,1.0465,-0.36994,-0.50683,0.81491,0.80131,0.46924
informação rígida|1% com toda a riqueza,61,1.0465,-0.36979,-0.49604,0.81421,0.80051,0.46614
informação rígida|1% com toda a riqueza,62,1.0464,-0.36581,-0.48662,0.81357,0.79972,0.46509
informação rígida|1% com toda a riqueza,63,1.0468,-0.35438,-0.47742,0.81293,0.79884,0.46203
informação rígida|1% com toda a riqueza,64,1.0475,-0.38351,-0.46859,0.81217,0.79789,0.45944
informação rígida|1% com toda a riqueza,65,1.0478,-0.38382,-0.46131,0.81139,0.79691,0.45624
informação rígida|1% com toda a riqueza,66,1.0484,-0.37094,-0.45446,0.81027,0.79556,0.45278
informação rígida|1% com toda a riqueza,67,1.0494,-0.37498,-0.44781,0.80913,0.79432,0.45004
informação rígida|1% com toda a riqueza,68,1.05,-0.38539,-0.44244,0.8082,0.79322,0.44693
informação rígida|1% com toda a riqueza,69,1.0508,-0.37841,-0.43783,0.80707,0.79193,0.44383
informação rígida|1% com toda a riqueza,70,1.0517,-0.38064,-0.43383,0.80582,0.79048,0.44105
informação rígida|1% com toda a riqueza,71,1.0529,-0.39481,-0.4302,0.80463,0.78918,0.4366
informação rígida|1% com toda a riqueza,72,1.0535,-0.39814,-0.42797,0.80347,0.78779,0.43329
informação rígida|1% com toda a riqueza,73,1.0548,-0.40945,-0.42581,0.80224,0.78643,0.42929
informação rígida|1% com toda a riqueza,74,1.056,-0.39092,-0.42383,0.80097,0.78494,0.42504
informação rígida|1% com toda a riqueza,75,1.0572,-0.43167,-0.42259,0.79944,0.78329,0.42086
informação rígida|1% com toda a riqueza,76,1.0578,-0.45062,-0.42304,0.7979,0.78163,0.41746
informação rígida|1% com toda a riqueza,77,1.0582,-0.46865,-0.42483,0.79661,0.78015,0.41368
informação rígida|1% com toda a riqueza,78,1.0582,-0.47471,-0.42754,0.79546,0.77882,0.41111
informação rígida|1% com toda a riqueza,79,1.0581,-0.46456,-0.43072,0.7944,0.77767,0.40769
informação rígida|1% com toda a riqueza,80,1.0578,-0.48904,-0.43365,0.79322,0.77646,0.40636
informação rígida|1% com toda a riqueza,81,1.0575,-0.44804,-0.43606,0.79226,0.77534,0.40561
informação rígida|1% com toda a riqueza,82,1.0576,-0.44247,-0.43747,0.79114,0.77397,0.40183
informação rígida|1% com toda a riqueza,83,1.0576,-0.44848,-0.43858,0.78998,0.77266,0.39923
informação rígida|1% com toda a riqueza,84,1.0575,-0.44966,-0.43967,0.78895,0.77153,0.39618
informação rígida|1% com toda a riqueza,85,1.0574,-0.46566,-0.44066,0.78797,0.7704,0.39356
informação rígida|1% com toda a riqueza,86,1.057,-0.43237,-0.44155,0.78695,0.76924,0.39183
informação rígida|1% com toda a riqueza,87,1.0572,-0.44933,-0.44138,0.7857,0.76797,0.38913
informação rígida|1% com toda a riqueza,88,1.0569,-0.42474,-0.44121,0.78461,0.76676,0.38748
informação rígida|1% com toda a riqueza,89,1.0572,-0.41236,-0.44,0.78349,0.76548,0.38378
informação rígida|1% com toda a riqueza,90,1.0574,-0.43918,-0.43894,0.78243,0.76428,0.38203
informação rígida|1% com toda a riqueza,91,1.0571,-0.43483,-0.43865,0.78153,0.76319,0.38018
informação rígida|1% com toda a riqueza,92,1.0568,-0.44202,-0.4385,0.78052,0.76199,0.37798
informação rígida|1% com toda a riqueza,93,1.0567,-0.43443,-0.43797,0.77956,0.76094,0.37608
informação rígida|1% com toda a riqueza,94,1.0568,-0.4317,-0.43687,0.77873,0.75997,0.37438
informação rígida|1% com toda a riqueza,95,1.0564,-0.44502,-0.43636,0.77798,0.75899,0.37208
informação rígida|1% com toda a riqueza,96,1.0562,-0.4352,-0.43565,0.77718,0.758,0.37053
informação rígida|1% com toda a riqueza,97,1.0561,-0.41219,-0.43453,0.77629,0.75696,0.36983
informação rígida|1% com toda a riqueza,98,1.0555,-0.44402,-0.43421,0.77545,0.75588,0.36738
informação rígida|1% com toda a riqueza,99,1.0547,-0.43718,-0.43428,0.77463,0.75486,0.36648
informação rígida|1% com toda a riqueza,100,1.054,-0.42742,-0.43391,0.77392,0.75397,0.36458
informação rígida|1% com toda a riqueza,110,1.0498,-0.37629,-0.40911,0.76613,0.74529,0.35308
informação rígida|1% com toda a riqueza,120,1.0421,-0.33212,-0.38416,0.76141,0.7388,0.34563
informação rígida|1% com toda a riqueza,130,1.04,-0.29856,-0.34209,0.75561,0.73171,0.33347
informação rígida|1% com toda a riqueza,140,1.0397,-0.28632,-0.32497,0.74932,0.72437,0.32402
informação rígida|1% com toda a riqueza,150,1.0367,-0.28601,-0.31013,0.74432,0.71819,0.31649
informação rígida|1% com toda a riqueza,160,1.0341,-0.25927,-0.2879,0.73938,0.71211,0.30691
informação rígida|1% com toda a riqueza,170,1.0344,-0.24855,-0.27521,0.73465,0.7063,0.29626
informação rígida|1% com toda a riqueza,180,1.0337,-0.25006,-0.26834,0.72915,0.69962,0.28721
informação rígida|1% com toda a riqueza,190,1.0325,-0.24149,-0.26226,0.72379,0.69328,0.27711
informação rígida|1% com toda a riqueza,200,1.03,-0.25194,-0.25471,0.72008,0.68872,0.27111
informação rígida|1% com toda a riqueza,210,1.0276,-0.23264,-0.23764,0.71605,0.68396,0.26624
informação rígida|1% com toda a riqueza,220,1.0233,-0.20856,-0.22401,0.71243,0.67893,0.26234
informação rígida|1% com toda a riqueza,230,1.0218,-0.16748,-0.19613,0.71015,0.67547,0.25579
informação rígida|1% com toda a riqueza,240,1.025,-0.19864,-0.18606,0.70594,0.66999,0.24644
informação rígida|1% com toda a riqueza,250,1.0261,-0.17357,-0.19681,0.69996,0.66351,0.23669
informação rígida|1% com toda a riqueza,260,1.0229,-0.20331,-0.20115,0.69609,0.65865,0.23228
informação rígida|1% com toda a riqueza,270,1.0227,-0.15184,-0.18117,0.69346,0.65524,0.2284
informação rígida|1% com toda a riqueza,280,1.0248,-0.16854,-0.17885,0.68862,0.64988,0.21905
informação rígida|1% com toda a riqueza,290,1.0235,-0.2137,-0.18783,0.68529,0.64532,0.21305
informação rígida|1% com toda a riqueza,300,1.02,-0.16599,-0.17886,0.68263,0.64164,0.20995
informação rígida|1% com toda a riqueza,310,1.0171,-0.12618,-0.15946,0.68111,0.63891,0.20905
informação rígida|1% com toda a riqueza,320,1.0164,-0.12239,-0.14303,0.67926,0.63629,0.20475
informação rígida|1% com toda a riqueza,330,1.0188,-0.18189,-0.13988,0.67663,0.63234,0.19958
informação rígida|1% com toda a riqueza,340,1.0202,-0.17901,-0.14159,0.6719,0.62734,0.1921
informação rígida|1% com toda a riqueza,350,1.0168,-0.12489,-0.14582,0.66911,0.62329,0.18964
informação rígida|1% com toda a riqueza,360,1.0158,-0.10716,-0.13527,0.66707,0.62079,0.1875
informação rígida|1% com toda a riqueza,370,1.0151,-0.12472,-0.12824,0.66427,0.61712,0.18096
informação rígida|1% com toda a riqueza,380,1.0146,-0.12221,-0.12391,0.66113,0.61353,0.17636
informação rígida|1% com toda a riqueza,390,1.0134,-0.10907,-0.12013,0.65902,0.611,0.17489
informação rígida|1% com toda a riqueza,400,1.0111,-0.086924,-0.11223,0.6585,0.60975,0.16918
informação rígida|1% com toda a riqueza,410,1.0136,-0.11293,-0.10119,0.65673,0.60741,0.16931
informação rígida|1% com toda a riqueza,420,1.0142,-0.088335,-0.10842,0.65449,0.60373,0.16544
informação rígida|1% com toda a riqueza,430,1.0156,-0.12218,-0.11258,0.65116,0.59975,0.16226
informação rígida|1% com toda a riqueza,440,1.0174,-0.1128,-0.11511,0.64818,0.59627,0.15739
informação rígida|1% com toda a riqueza,450,1.015,-0.11023,-0.12643,0.64554,0.59327,0.15564
informação rígida|1% com toda a riqueza,460,1.0117,-0.083476,-0.11975,0.64381,0.5916,0.15351
informação rígida|1% com toda a riqueza,470,1.0071,-0.079356,-0.10171,0.64384,0.59015,0.15378
informação rígida|1% com toda a riqueza,480,1.0037,-0.038435,-0.07547,0.64397,0.58899,0.15236
informação rígida|1% com toda a riqueza,490,1.0082,-0.063252,-0.056469,0.64162,0.58615,0.1471
informação rígida|1% com toda a riqueza,500,1.0118,-0.088238,-0.075516,0.63841,0.58235,0.14221
informação rígida|1% com toda a riqueza,510,1.0126,-0.092532,-0.090067,0.63553,0.57811,0.13806
informação rígida|1% com toda a riqueza,520,1.0142,-0.10949,-0.093688,0.63276,0.57486,0.13514
informação rígida|1% com toda a riqueza,530,1.0145,-0.1025,-0.10263,0.63009,0.57236,0.13376
informação rígida|1% com toda a riqueza,540,1.0106,-0.067213,-0.10274,0.62869,0.57097,0.13313
informação rígida|1% com toda a riqueza,550,1.006,-0.050528,-0.083702,0.62831,0.56931,0.13288
informação rígida|1% com toda a riqueza,560,1.0062,-0.07539,-0.065333,0.62733,0.56744,0.13338
informação rígida|1% com toda a riqueza,570,1.0066,-0.067778,-0.058207,0.62602,0.56549,0.12758
informação rígida|1% com toda a riqueza,580,1.0082,-0.075424,-0.062017,0.62429,0.56322,0.12533
informação rígida|1% com toda a riqueza,590,1.0086,-0.076718,-0.070999,0.62349,0.56232,0.12336
informação rígida|1% com toda a riqueza,600,1.0102,-0.074218,-0.07501,0.62129,0.55994,0.11803
informação rígida|1% com toda a riqueza,610,1.0103,-0.075957,-0.08313,0.61935,0.5575,0.11833
informação rígida|1% com toda a riqueza,620,1.0084,-0.065968,-0.0792,0.61792,0.55557,0.11533
informação rígida|1% com toda a riqueza,630,1.0035,-0.021494,-0.067898,0.61783,0.55444,0.11888
informação rígida|1% com toda a riqueza,640,1.0053,-0.039793,-0.047822,0.61771,0.55354,0.11823
informação rígida|1% com toda a riqueza,650,1.0074,-0.051371,-0.053789,0.61557,0.55126,0.11413
informação rígida|1% com toda a riqueza,660,1.0099,-0.069975,-0.062389,0.61394,0.54975,0.11178
informação rígida|1% com toda a riqueza,670,1.0132,-0.087409,-0.07818,0.61085,0.54629,0.10548
informação rígida|1% com toda a riqueza,680,1.0104,-0.10175,-0.091844,0.60892,0.54446,0.10513
informação rígida|1% com toda a riqueza,690,1.0035,-0.027483,-0.076105,0.60966,0.54456,0.10788
informação rígida|1% com toda a riqueza,700,1.0051,-0.024103,-0.046949,0.60862,0.54332,0.10964
informação rígida|1% com toda a riqueza,710,1.0081,-0.072815,-0.051392,0.60656,0.54093,0.10658
informação rígida|1% com toda a riqueza,720,1.0082,-0.074148,-0.059837,0.60499,0.53877,0.10298
informação rígida|1% com toda a riqueza,730,1.0051,-0.026117,-0.06418,0.60382,0.53751,0.10084
informação rígida|1% com toda a riqueza,740,1.0055,-0.075414,-0.055594,0.60304,0.5365,0.099678
informação rígida|1% com toda a riqueza,750,1.0042,-0.016326,-0.0461,0.6024,0.53493,0.098645
informação rígida|1% com toda a riqueza,760,1.0044,-0.038302,-0.040512,0.60204,0.53401,0.096029
informação rígida|1% com toda a riqueza,770,1.0106,-0.077528,-0.043745,0.60011,0.53101,0.092827
informação rígida|1% com toda a riqueza,780,1.0096,-0.085747,-0.066334,0.59697,0.52793,0.091628
informação rígida|1% com toda a riqueza,790,1.0071,-0.061711,-0.067372,0.59665,0.52747,0.090127
informação rígida|1% com toda a riqueza,800,1.0041,-0.035671,-0.059908,0.59506,0.52575,0.090312
informação rígida|1% com toda a riqueza,810,1.0057,-0.054189,-0.043002,0.59392,0.52403,0.089195
informação rígida|1% com toda a riqueza,820,1.0078,-0.040932,-0.047222,0.59271,0.52223,0.086395
informação rígida|1% com toda a riqueza,830,1.0118,-0.072691,-0.061317,0.58979,0.51939,0.081578
informação rígida|1% com toda a riqueza,840,1.0106,-0.080835,-0.078156,0.58802,0.51753,0.080977
informação rígida|1% com toda a riqueza,850,1.0054,-0.042391,-0.070206,0.58731,0.51649,0.083578
informação rígida|1% com toda a riqueza,860,1.0024,0.003131,-0.047161,0.58763,0.51623,0.084278
informação rígida|1% com toda a riqueza,870,1.0089,-0.068845,-0.033187,0.58611,0.51476,0.082077
informação rígida|1% com toda a riqueza,880,1.0119,-0.083829,-0.057643,0.58455,0.5128,0.079177
informação rígida|1% com toda a riqueza,890,1.0086,-0.060938,-0.075781,0.58294,0.51151,0.081642
informação rígida|1% com toda a riqueza,900,1.0042,-0.031299,-0.065476,0.5817,0.51047,0.081242
informação rígida|1% com toda a riqueza,910,1.0008,-0.004953,-0.034895,0.58266,0.50987,0.078895
informação rígida|1% com toda a riqueza,920,1.0049,-0.056655,-0.022416,0.5814,0.50808,0.075177
informação rígida|1% com toda a riqueza,930,1.0061,-0.05419,-0.037539,0.58012,0.50672,0.075127
informação rígida|1% com toda a riqueza,940,1.0047,-0.069632,-0.047367,0.57924,0.50566,0.073477
informação rígida|1% com toda a riqueza,950,1.0034,-0.026177,-0.038547,0.58013,0.50619,0.073827
informação rígida|1% com toda a riqueza,960,1.0039,-0.018469,-0.03299,0.57962,0.50512,0.074028
informação rígida|1% com toda a riqueza,970,1.0049,-0.029981,-0.031799,0.57807,0.50354,0.071727
informação rígida|1% com toda a riqueza,980,1.0066,-0.061427,-0.037488,0.57646,0.50116,0.068378
informação rígida|1% com toda a riqueza,990,1.0054,-0.046823,-0.046364,0.57605,0.50039,0.070078
informação rígida|1% com toda a riqueza,1000,1.0044,-0.043388,-0.039241,0.57528,0.49959,0.070079
atenção limitada|equilíbrio estacionário,1,0.99999,0.028819,0.024496,0.51697,0.41513,0.012324
atenção limitada|equilíbrio estacionário,2,1.001,-0.0057005,-0.0048454,0.51689,0.41519,0.010423
atenção limitada|equilíbrio estacionário,3,1.0006,-0.013364,-0.01136,0.51677,0.41515,0.013473
atenção limitada|equilíbrio estacionário,4,1.0005,-0.0049498,-0.0042073,0.51665,0.41509,0.014328
atenção limitada|equilíbrio estacionário,5,1.0006,0.018176,0.01545,0.51654,0.41517,0.012503
atenção limitada|equilíbrio estacionário,6,1.0016,-0.024113,-0.020496,0.51645,0.41519,0.013676
atenção limitada|equilíbrio estacionário,7,1.0012,-0.014801,-0.012581,0.51628,0.41503,0.014568
atenção limitada|equilíbrio estacionário,8,1.0013,0.0073556,0.0062522,0.5161,0.41489,0.013578
atenção limitada|equilíbrio estacionário,9,1.0016,-0.0042906,-0.003647,0.51593,0.4147,0.012678
atenção limitada|equilíbrio estacionário,10,1.0011,-0.0024403,-0.0020742,0.51564,0.41439,0.013137
atenção limitada|equilíbrio estacionário,11,1.0006,-0.02447,-0.020799,0.51543,0.41403,0.013524
atenção limitada|equilíbrio estacionário,12,1.0006,0.0035044,0.0029788,0.5153,0.41395,0.013978
atenção limitada|equilíbrio estacionário,13,1.0011,0.023835,0.020259,0.51525,0.41392,0.013237
atenção limitada|equilíbrio estacionário,14,1.0018,0.0048696,0.0041392,0.51526,0.41401,0.014628
atenção limitada|equilíbrio estacionário,15,1.0023,0.0066055,0.0056147,0.51528,0.41404,0.015206
atenção limitada|equilíbrio estacionário,16,1.0022,-0.019261,-0.016371,0.51521,0.41398,0.014406
atenção limitada|equilíbrio estacionário,17,1.0013,-0.02298,-0.019533,0.51505,0.41381,0.013978
atenção limitada|equilíbrio estacionário,18,1.0013,-0.010249,-0.008712,0.51501,0.41387,0.014156
atenção limitada|equilíbrio estacionário,19,1.0013,-0.0062647,-0.005325,0.51492,0.41389,0.014642
atenção limitada|equilíbrio estacionário,20,1.0005,-0.033892,-0.028808,0.5149,0.41394,0.013556
atenção limitada|equilíbrio estacionário,21,0.99923,-0.0085059,-0.00723,0.51483,0.41395,0.013206
atenção limitada|equilíbrio estacionário,22,0.99894,0.020426,0.017362,0.51494,0.41417,0.012937
atenção limitada|equilíbrio estacionário,23,0.99975,0.014718,0.01251,0.51493,0.41432,0.012424
atenção limitada|equilíbrio estacionário,24,1.0003,0.017242,0.014656,0.51493,0.41436,0.013155
atenção limitada|equilíbrio estacionário,25,1.0008,0.0079327,0.0067428,0.5148,0.41431,0.013099
atenção limitada|equilíbrio estacionário,26,1.0009,0.0010906,0.00092699,0.51481,0.4144,0.013692
atenção limitada|equilíbrio estacionário,27,1.0007,-0.0066478,-0.0056507,0.51502,0.41465,0.013006
atenção limitada|equilíbrio estacionário,28,1.0007,-0.011135,-0.0094648,0.51508,0.41486,0.013873
atenção limitada|equilíbrio estacionário,29,1.0012,0.011633,0.0098878,0.51508,0.41501,0.014273
atenção limitada|equilíbrio estacionário,30,1.0015,0.0052641,0.0044744,0.51483,0.41503,0.014773
atenção limitada|equilíbrio estacionário,31,1.002,-0.012904,-0.010969,0.51469,0.41504,0.014826
atenção limitada|equilíbrio estacionário,32,1.0015,-0.012449,-0.010581,0.51471,0.41511,0.014651
atenção limitada|equilíbrio estacionário,33,1.0011,0.0050743,0.0043132,0.51477,0.41519,0.014361
atenção limitada|equilíbrio estacionário,34,1.0016,0.0046634,0.0039639,0.51472,0.41526,0.015142
atenção limitada|equilíbrio estacionário,35,1.002,0.019381,0.016474,0.51468,0.41527,0.015224
atenção limitada|equilíbrio estacionário,36,1.0026,-0.017478,-0.014856,0.51457,0.41533,0.014861
atenção limitada|equilíbrio estacionário,37,1.0024,-0.013273,-0.011282,0.51456,0.41532,0.014851
atenção limitada|equilíbrio estacionário,38,1.0025,-0.010586,-0.0089979,0.51466,0.4154,0.014428
atenção limitada|equilíbrio estacionário,39,1.0022,-0.032998,-0.028048,0.51473,0.41549,0.014937
atenção limitada|equilíbrio estacionário,40,1.0015,0.0073148,0.0062176,0.51471,0.41554,0.014387
atenção limitada|equilíbrio estacionário,41,1.0019,-0.0068522,-0.0058244,0.51475,0.41559,0.014887
atenção limitada|equilíbrio estacionário,42,1.0026,0.015445,0.013128,0.51474,0.41568,0.016087
atenção limitada|equilíbrio estacionário,43,1.0035,-0.032624,-0.027731,0.51475,0.41577,0.016137
atenção limitada|equilíbrio estacionário,44,1.0033,-0.016466,-0.013996,0.51475,0.41585,0.016005
atenção limitada|equilíbrio estacionário,45,1.003,-0.011889,-0.010106,0.51466,0.41578,0.016999
atenção limitada|equilíbrio estacionário,46,1.0028,-0.013073,-0.011112,0.51447,0.41552,0.016605
atenção limitada|equilíbrio estacionário,47,1.0023,-0.035606,-0.030265,0.51434,0.41548,0.016355
atenção limitada|equilíbrio estacionário,48,1.0014,-0.013455,-0.011437,0.51429,0.41548,0.016073
atenção limitada|equilíbrio estacionário,49,1.001,-0.0082942,-0.0070501,0.51428,0.41547,0.016449
atenção limitada|equilíbrio estacionário,50,1.0007,-0.0052221,-0.0044388,0.51431,0.41543,0.016199
atenção limitada|equilíbrio estacionário,51,1.0002,-0.018173,-0.015447,0.51436,0.41543,0.015599
atenção limitada|equilíbrio estacionário,52,0.99968,0.004379,0.0037222,0.51432,0.41538,0.016401
atenção limitada|equilíbrio estacionário,53,0.99971,0.0062175,0.0052849,0.51414,0.41536,0.017051
atenção limitada|equilíbrio estacionário,54,1,0.024821,0.021097,0.51398,0.41536,0.017537
atenção limitada|equilíbrio estacionário,55,1.0006,0.013725,0.011666,0.51375,0.41535,0.018737
atenção limitada|equilíbrio estacionário,56,1.0009,0.0055203,0.0046923,0.51354,0.41504,0.019237
atenção limitada|equilíbrio estacionário,57,1.0015,-0.0069588,-0.005915,0.51353,0.41496,0.018687
atenção limitada|equilíbrio estacionário,58,1.0014,-0.0025104,-0.0021338,0.51336,0.41483,0.018887
atenção limitada|equilíbrio estacionário,59,1.0019,-0.0038154,-0.0032431,0.51329,0.41478,0.019887
atenção limitada|equilíbrio estacionário,60,1.0016,-0.013063,-0.011104,0.51358,0.41504,0.019718
atenção limitada|equilíbrio estacionário,61,1.0019,-0.0061271,-0.005208,0.51378,0.41533,0.019318
atenção limitada|equilíbrio estacionário,62,1.0018,0.00072157,0.00061333,0.51408,0.41558,0.018801
atenção limitada|equilíbrio estacionário,63,1.0019,-0.00081388,-0.0006918,0.51425,0.41565,0.018092
atenção limitada|equilíbrio estacionário,64,1.0024,0.0024668,0.0020968,0.5143,0.41578,0.017601
atenção limitada|equilíbrio estacionário,65,1.0029,-0.016,-0.0136,0.51436,0.41588,0.017792
atenção limitada|equilíbrio estacionário,66,1.0025,-0.037385,-0.031777,0.51433,0.41592,0.017787
atenção limitada|equilíbrio estacionário,67,1.0017,-0.018911,-0.016074,0.51434,0.41592,0.017455
atenção limitada|equilíbrio estacionário,68,1.001,-0.010719,-0.009111,0.51419,0.41575,0.018223
atenção limitada|equilíbrio estacionário,69,1.001,-0.0069915,-0.0059428,0.51411,0.41559,0.018487
atenção limitada|equilíbrio estacionário,70,1.0008,-0.0062736,-0.0053326,0.51409,0.41555,0.018426
atenção limitada|equilíbrio estacionário,71,1.0004,0.0045201,0.003842,0.51418,0.41549,0.018518
atenção limitada|equilíbrio estacionário,72,1.0001,-0.01756,-0.014926,0.51417,0.41541,0.017799
atenção limitada|equilíbrio estacionário,73,0.99959,0.0079377,0.0067471,0.51426,0.41537,0.018092
atenção limitada|equilíbrio estacionário,74,0.9998,-0.030384,-0.025827,0.51436,0.41544,0.017041
atenção limitada|equilíbrio estacionário,75,0.99948,0.015604,0.013263,0.51445,0.41563,0.017505
atenção limitada|equilíbrio estacionário,76,0.99969,0.0031056,0.0026398,0.5145,0.41562,0.017455
atenção limitada|equilíbrio estacionário,77,0.9998,0.024496,0.020822,0.51449,0.41566,0.018055
atenção limitada|equilíbrio estacionário,78,0.99992,-0.03048,-0.025908,0.51455,0.41575,0.018649
atenção limitada|equilíbrio estacionário,79,0.99936,-0.0070112,-0.0059595,0.51464,0.41581,0.017749
atenção limitada|equilíbrio estacionário,80,0.99878,-0.00018169,-0.00015444,0.5147,0.41578,0.017499
atenção limitada|equilíbrio estacionário,81,0.99869,0.011056,0.0093975,0.51473,0.41577,0.017973
atenção limitada|equilíbrio estacionário,82,0.9987,-0.00072581,-0.00061694,0.51462,0.41554,0.017073
atenção limitada|equilíbrio estacionário,83,0.99889,0.028631,0.024336,0.51453,0.41536,0.017442
atenção limitada|equilíbrio estacionário,84,0.99882,-0.017552,-0.014919,0.51453,0.4154,0.017042
atenção limitada|equilíbrio estacionário,85,0.99834,-0.003591,-0.0030523,0.51461,0.41548,0.016942
atenção limitada|equilíbrio estacionário,86,0.99829,0.01928,0.016388,0.51465,0.41548,0.017001
atenção limitada|equilíbrio estacionário,87,0.99836,0.030548,0.025966,0.51471,0.41563,0.017142
atenção limitada|equilíbrio estacionário,88,0.99857,0.0059643,0.0050696,0.51456,0.41561,0.017376
atenção limitada|equilíbrio estacionário,89,0.99884,0.015269,0.012979,0.51463,0.41562,0.017201
atenção limitada|equilíbrio estacionário,90,0.9988,-0.015958,-0.013564,0.51458,0.41559,0.016676
atenção limitada|equilíbrio estacionário,91,0.99782,0.012615,0.010722,0.51466,0.41554,0.016376
atenção limitada|equilíbrio estacionário,92,0.99775,0.016716,0.014208,0.51465,0.41556,0.016342
atenção limitada|equilíbrio estacionário,93,0.99783,0.0047472,0.0040351,0.51475,0.41566,0.017492
atenção limitada|equilíbrio estacionário,94,0.99761,0.023252,0.019764,0.51483,0.41592,0.015942
atenção limitada|equilíbrio estacionário,95,0.99824,0.023526,0.019997,0.51481,0.41606,0.016823
atenção limitada|equilíbrio estacionário,96,0.99863,0.026048,0.02214,0.51488,0.4162,0.016973
atenção limitada|equilíbrio estacionário,97,0.9991,0.0018187,0.0015459,0.51478,0.41613,0.017323
atenção limitada|equilíbrio estacionário,98,0.99909,-0.0016718,-0.0014211,0.51481,0.41618,0.017176
atenção limitada|equilíbrio estacionário,99,0.9988,0.0022091,0.0018777,0.51466,0.41601,0.016899
atenção limitada|equilíbrio estacionário,100,0.99841,0.010255,0.0087167,0.5146,0.4159,0.016973
atenção limitada|equilíbrio estacionário,110,0.99776,0.0256,0.02176,0.51445,0.41601,0.018351
atenção limitada|equilíbrio estacionário,120,0.99747,0.018458,0.015689,0.51501,0.41596,0.016842
atenção limitada|equilíbrio estacionário,130,0.99875,0.0092766,0.0078851,0.51554,0.41668,0.017349
atenção limitada|equilíbrio estacionário,140,1.0013,-0.0046098,-0.0039183,0.51557,0.41705,0.020249
atenção limitada|equilíbrio estacionário,150,1.0024,-0.031374,-0.026668,0.51512,0.41689,0.021976
atenção limitada|equilíbrio estacionário,160,0.99473,0.051209,0.043528,0.51615,0.41734,0.017323
atenção limitada|equilíbrio estacionário,170,0.99619,0.021895,0.01861,0.51679,0.41812,0.016651
atenção limitada|equilíbrio estacionário,180,0.99977,-0.00018923,-0.00016084,0.5161,0.4173,0.017055
atenção limitada|equilíbrio estacionário,190,1.0011,-0.012099,-0.010284,0.51554,0.41715,0.019623
atenção limitada|equilíbrio estacionário,200,1.0015,-0.0052296,-0.0044451,0.51576,0.41776,0.019523
atenção limitada|equilíbrio estacionário,210,1.0023,-0.021013,-0.017861,0.51517,0.41719,0.021973
atenção limitada|equilíbrio estacionário,220,1.0048,-0.030529,-0.025949,0.51444,0.41702,0.023649
atenção limitada|equilíbrio estacionário,230,0.99896,-0.0015746,-0.0013384,0.51372,0.41642,0.023549
atenção limitada|equilíbrio estacionário,240,0.99734,0.032494,0.02762,0.51388,0.41561,0.024523
atenção limitada|equilíbrio estacionário,250,0.99864,-0.0096487,-0.0082014,0.514,0.41643,0.024492
atenção limitada|equilíbrio estacionário,260,0.99613,0.022708,0.019302,0.51439,0.41607,0.020723
atenção limitada|equilíbrio estacionário,270,1.0002,-0.040542,-0.034461,0.51379,0.4162,0.024276
atenção limitada|equilíbrio estacionário,280,0.99988,-0.0021539,-0.0018308,0.51395,0.41679,0.024992
atenção limitada|equilíbrio estacionário,290,0.99783,0.01886,0.016031,0.51398,0.41653,0.021576
atenção limitada|equilíbrio estacionário,300,0.99653,0.029525,0.025096,0.5148,0.41633,0.019501
atenção limitada|equilíbrio estacionário,310,0.99858,-0.014338,-0.012188,0.51489,0.41652,0.020126
atenção limitada|equilíbrio estacionário,320,1.001,0.0093812,0.0079741,0.5148,0.41662,0.023273
atenção limitada|equilíbrio estacionário,330,1.0007,-0.032323,-0.027474,0.51576,0.41687,0.018576
atenção limitada|equilíbrio estacionário,340,0.99795,0.022604,0.019214,0.51624,0.41693,0.015751
atenção limitada|equilíbrio estacionário,350,0.99992,-0.026343,-0.022392,0.51632,0.41751,0.017155
atenção limitada|equilíbrio estacionário,360,0.99946,0.016127,0.013708,0.51654,0.41782,0.017241
atenção limitada|equilíbrio estacionário,370,0.99654,0.046471,0.039501,0.51709,0.41878,0.017305
atenção limitada|equilíbrio estacionário,380,1.0014,0.0030608,0.0026016,0.51646,0.41878,0.018989
atenção limitada|equilíbrio estacionário,390,1.0004,-0.021363,-0.018159,0.51591,0.41802,0.021091
atenção limitada|equilíbrio estacionário,400,0.99877,0.013117,0.011149,0.51664,0.41849,0.019673
atenção limitada|equilíbrio estacionário,410,0.99669,0.040182,0.034155,0.51663,0.41836,0.018723
atenção limitada|equilíbrio estacionário,420,1.0022,0.0075637,0.0064291,0.51555,0.41807,0.022373
atenção limitada|equilíbrio estacionário,430,1.0004,-0.0097143,-0.0082572,0.51462,0.41738,0.021701
atenção limitada|equilíbrio estacionário,440,1.0002,0.0009987,0.0008489,0.51516,0.41797,0.020818
atenção limitada|equilíbrio estacionário,450,1.0011,-0.0040817,-0.0034694,0.51511,0.41881,0.021926
atenção limitada|equilíbrio estacionário,460,1.0007,-0.010885,-0.0092525,0.51585,0.41901,0.019476
atenção limitada|equilíbrio estacionário,470,1.0001,-0.019371,-0.016465,0.51585,0.4191,0.020076
atenção limitada|equilíbrio estacionário,480,0.99803,-0.0038926,-0.0033088,0.51545,0.4184,0.021637
atenção limitada|equilíbrio estacionário,490,0.99789,0.033408,0.028396,0.51651,0.41865,0.018701
atenção limitada|equilíbrio estacionário,500,1.0002,-0.013565,-0.01153,0.51613,0.41838,0.020842
atenção limitada|equilíbrio estacionário,510,0.99977,-0.013369,-0.011364,0.51741,0.4196,0.018351
atenção limitada|equilíbrio estacionário,520,0.99713,0.025134,0.021364,0.51862,0.42051,0.014637
atenção limitada|equilíbrio estacionário,530,1.001,-0.021229,-0.018044,0.51916,0.42105,0.016705
atenção limitada|equilíbrio estacionário,540,1.0007,-0.019125,-0.016256,0.51821,0.4204,0.017026
atenção limitada|equilíbrio estacionário,550,1.001,0.030095,0.025581,0.51732,0.41972,0.017601
atenção limitada|equilíbrio estacionário,560,1,-0.022097,-0.018782,0.51692,0.41926,0.017973
atenção limitada|equilíbrio estacionário,570,0.99967,0.0070655,0.0060057,0.51681,0.41742,0.017376
atenção limitada|equilíbrio estacionário,580,0.99565,0.02644,0.022474,0.5168,0.41671,0.015255
atenção limitada|equilíbrio estacionário,590,1.0007,-0.020682,-0.01758,0.51685,0.41746,0.016976
atenção limitada|equilíbrio estacionário,600,1.0034,-0.025869,-0.021989,0.51703,0.41816,0.019601
atenção limitada|equilíbrio estacionário,610,0.99921,-0.0057734,-0.0049074,0.51777,0.41943,0.016949
atenção limitada|equilíbrio estacionário,620,1.0048,-0.042731,-0.036321,0.51784,0.4202,0.019526
atenção limitada|equilíbrio estacionário,630,1.0026,-0.015578,-0.013241,0.51758,0.42014,0.017849
atenção limitada|equilíbrio estacionário,640,0.99823,0.025814,0.021942,0.518,0.42032,0.016742
atenção limitada|equilíbrio estacionário,650,0.99884,-0.0071305,-0.0060609,0.51786,0.41971,0.016942
atenção limitada|equilíbrio estacionário,660,0.99843,0.024863,0.021133,0.51854,0.42043,0.017149
atenção limitada|equilíbrio estacionário,670,1.0004,0.014868,0.012638,0.51775,0.41969,0.017218
atenção limitada|equilíbrio estacionário,680,1.0016,0.017667,0.015017,0.5172,0.41948,0.017026
atenção limitada|equilíbrio estacionário,690,1.0004,-0.0019917,-0.001693,0.51747,0.41964,0.016042
atenção limitada|equilíbrio estacionário,700,0.99595,0.01128,0.0095882,0.51725,0.41895,0.014241
atenção limitada|equilíbrio estacionário,710,0.99605,0.017381,0.014774,0.51718,0.41857,0.013949
atenção limitada|equilíbrio estacionário,720,0.99769,0.041489,0.035265,0.51612,0.41761,0.015705
atenção limitada|equilíbrio estacionário,730,1.0019,-0.011273,-0.0095823,0.51614,0.41813,0.017623
atenção limitada|equilíbrio estacionário,740,0.99709,0.03139,0.026681,0.51655,0.4179,0.015349
atenção limitada|equilíbrio estacionário,750,1.0021,0.0088159,0.0074935,0.51648,0.41805,0.017949
atenção limitada|equilíbrio estacionário,760,0.9966,0.015312,0.013015,0.51633,0.41693,0.015199
atenção limitada|equilíbrio estacionário,770,0.99571,0.029628,0.025183,0.51715,0.41794,0.015149
atenção limitada|equilíbrio estacionário,780,0.99828,0.034481,0.029309,0.51718,0.41805,0.015191
atenção limitada|equilíbrio estacionário,790,0.99918,-0.0098382,-0.0083625,0.51755,0.41777,0.013399
atenção limitada|equilíbrio estacionário,800,0.99655,0.015943,0.013552,0.5172,0.4173,0.013099
atenção limitada|equilíbrio estacionário,810,0.99804,0.037254,0.031666,0.51727,0.41771,0.014573
atenção limitada|equilíbrio estacionário,820,0.99963,0.008346,0.0070941,0.518,0.41868,0.013049
atenção limitada|equilíbrio estacionário,830,0.99919,-0.0039438,-0.0033522,0.51845,0.41888,0.012641
atenção limitada|equilíbrio estacionário,840,1,-0.012268,-0.010428,0.51926,0.41969,0.012373
atenção limitada|equilíbrio estacionário,850,0.99719,-0.031019,-0.026366,0.51874,0.41984,0.011127
atenção limitada|equilíbrio estacionário,860,0.99789,0.032103,0.027287,0.51878,0.41975,0.011155
atenção limitada|equilíbrio estacionário,870,0.9993,0.029821,0.025348,0.51792,0.41906,0.013191
atenção limitada|equilíbrio estacionário,880,1.0009,-0.0011452,-0.0009734,0.51685,0.41819,0.017126
atenção limitada|equilíbrio estacionário,890,1.0005,-0.017467,-0.014847,0.51799,0.4194,0.014049
atenção limitada|equilíbrio estacionário,900,1.0009,-0.022057,-0.018748,0.51796,0.41956,0.015187
atenção limitada|equilíbrio estacionário,910,1.0007,0.0065272,0.0055481,0.51751,0.41931,0.016991
atenção limitada|equilíbrio estacionário,920,0.99805,0.011585,0.0098472,0.51677,0.41904,0.018849
atenção limitada|equilíbrio estacionário,930,0.9977,0.014813,0.012591,0.51661,0.41839,0.017391
atenção limitada|equilíbrio estacionário,940,0.99889,0.0095303,0.0081008,0.51729,0.41951,0.016789
atenção limitada|equilíbrio estacionário,950,0.99926,0.0085216,0.0072434,0.51811,0.42024,0.017199
atenção limitada|equilíbrio estacionário,960,0.99619,-0.0073572,-0.0062536,0.5189,0.41947,0.012542
atenção limitada|equilíbrio estacionário,970,0.99795,0.02852,0.024242,0.51912,0.4202,0.014855
atenção limitada|equilíbrio estacionário,980,0.99695,0.023374,0.019868,0.519,0.41991,0.014623
atenção limitada|equilíbrio estacionário,990,0.99705,0.016964,0.014419,0.51889,0.42016,0.014349
atenção limitada|equilíbrio estacionário,1000,0.99534,0.050938,0.043298,0.51965,0.42105,0.011142
atenção limitada|capital 50% abaixo,1,0.50688,6.6944,5.6902,0.5368,0.42706,0.31013
atenção limitada|capital 50% abaixo,2,0.51701,6.4246,5.4609,0.55598,0.43893,0.30976
atenção limitada|capital 50% abaixo,3,0.52671,6.1953,5.266,0.57426,0.4504,0.31206
atenção limitada|capital 50% abaixo,4,0.53697,5.9857,5.0879,0.59152,0.46146,0.31391
atenção limitada|capital 50% abaixo,5,0.54776,5.7944,4.9252,0.60766,0.47218,0.31831
atenção limitada|capital 50% abaixo,6,0.55954,5.5085,4.6822,0.62246,0.48219,0.3198
atenção limitada|capital 50% abaixo,7,0.57086,5.2961,4.5016,0.63592,0.49156,0.32498
atenção limitada|capital 50% abaixo,8,0.5828,5.1007,4.3356,0.64813,0.50032,0.32976
atenção limitada|capital 50% abaixo,9,0.59519,4.8605,4.1315,0.65907,0.50837,0.33516
atenção limitada|capital 50% abaixo,10,0.60735,4.6422,3.9459,0.66882,0.5158,0.33907
atenção limitada|capital 50% abaixo,11,0.61962,4.3967,3.7372,0.6776,0.52253,0.34611
atenção limitada|capital 50% abaixo,12,0.63233,4.2206,3.5875,0.68554,0.529,0.35156
atenção limitada|capital 50% abaixo,13,0.64548,4.0388,3.433,0.69258,0.53493,0.35516
atenção limitada|capital 50% abaixo,14,0.65887,3.8121,3.2403,0.69889,0.54049,0.35947
atenção limitada|capital 50% abaixo,15,0.67214,3.6179,3.0752,0.70438,0.54547,0.36442
atenção limitada|capital 50% abaixo,16,0.68488,3.3967,2.8872,0.70922,0.55002,0.36832
atenção limitada|capital 50% abaixo,17,0.69692,3.2111,2.7294,0.71344,0.5541,0.37157
atenção limitada|capital 50% abaixo,18,0.70944,3.052,2.5942,0.7171,0.55795,0.37432
atenção limitada|capital 50% abaixo,19,0.72172,2.8896,2.4562,0.72026,0.56135,0.37672
atenção limitada|capital 50% abaixo,20,0.73326,2.6969,2.2923,0.72317,0.56463,0.37902
atenção limitada|capital 50% abaixo,21,0.74418,2.574,2.1879,0.72559,0.56749,0.38257
atenção limitada|capital 50% abaixo,22,0.75552,2.4621,2.0928,0.72774,0.57025,0.38471
atenção limitada|capital 50% abaixo,23,0.76743,2.3162,1.9688,0.72939,0.57256,0.38556
atenção limitada|capital 50% abaixo,24,0.77889,2.1862,1.8583,0.73067,0.57444,0.38655
atenção limitada|capital 50% abaixo,25,0.79003,2.0489,1.7416,0.73161,0.57601,0.38651
atenção limitada|capital 50% abaixo,26,0.80055,1.9205,1.6324,0.73245,0.57748,0.38641
atenção limitada|capital 50% abaixo,27,0.8106,1.7967,1.5272,0.73323,0.57892,0.38596
atenção limitada|capital 50% abaixo,28,0.82048,1.6825,1.4301,0.73366,0.5801,0.38591
atenção limitada|capital 50% abaixo,29,0.83037,1.6044,1.3638,0.73375,0.58105,0.38521
atenção limitada|capital 50% abaixo,30,0.8398,1.4994,1.2745,0.7335,0.5817,0.38347
atenção limitada|capital 50% abaixo,31,0.84904,1.3864,1.1784,0.73316,0.58218,0.38062
atenção limitada|capital 50% abaixo,32,0.85729,1.2978,1.1031,0.73284,0.58264,0.37807
atenção limitada|capital 50% abaixo,33,0.86528,1.2319,1.0472,0.73237,0.58298,0.37637
atenção limitada|capital 50% abaixo,34,0.87368,1.1516,0.97889,0.73159,0.58307,0.37387
atenção limitada|capital 50% abaixo,35,0.88164,1.0917,0.92792,0.73071,0.58298,0.37172
atenção limitada|capital 50% abaixo,36,0.88953,0.98048,0.83341,0.72971,0.58285,0.36961
atenção limitada|capital 50% abaixo,37,0.89649,0.91618,0.77875,0.72869,0.58253,0.36742
atenção limitada|capital 50% abaixo,38,0.90339,0.85394,0.72585,0.72765,0.5822,0.36536
atenção limitada|capital 50% abaixo,39,0.90968,0.76847,0.6532,0.72659,0.58198,0.36381
atenção limitada|capital 50% abaixo,40,0.91539,0.75244,0.63957,0.72537,0.58168,0.3638
atenção limitada|capital 50% abaixo,41,0.92168,0.68304,0.58059,0.72406,0.58121,0.36275
atenção limitada|capital 50% abaixo,42,0.92792,0.65475,0.55654,0.72258,0.58059,0.36135
atenção limitada|capital 50% abaixo,43,0.93414,0.55607,0.47266,0.72112,0.57996,0.3602
atenção limitada|capital 50% abaixo,44,0.93926,0.52582,0.44694,0.71962,0.57921,0.3589
atenção limitada|capital 50% abaixo,45,0.94402,0.48583,0.41295,0.71806,0.57831,0.35825
atenção limitada|capital 50% abaixo,46,0.94859,0.44244,0.37608,0.71632,0.57729,0.35585
atenção limitada|capital 50% abaixo,47,0.95273,0.37915,0.32228,0.71463,0.57642,0.35455
atenção limitada|capital 50% abaixo,48,0.95624,0.36375,0.30919,0.71303,0.57559,0.35335
atenção limitada|capital 50% abaixo,49,0.95994,0.33343,0.28341,0.71138,0.57466,0.35205
atenção limitada|capital 50% abaixo,50,0.96363,0.30303,0.25758,0.70972,0.57363,0.35095
atenção limitada|capital 50% abaixo,51,0.96688,0.25804,0.21933,0.70809,0.57273,0.34925
atenção limitada|capital 50% abaixo,52,0.96988,0.25096,0.21332,0.70636,0.57174,0.34775
atenção limitada|capital 50% abaixo,53,0.97317,0.22527,0.19148,0.70447,0.57066,0.34501
atenção limitada|capital 50% abaixo,54,0.97653,0.21848,0.18571,0.70258,0.56956,0.34341
atenção limitada|capital 50% abaixo,55,0.97996,0.18314,0.15567,0.70064,0.56845,0.3419
atenção limitada|capital 50% abaixo,56,0.98307,0.1518,0.12903,0.6987,0.56715,0.33985
atenção limitada|capital 50% abaixo,57,0.98616,0.11788,0.1002,0.69697,0.56601,0.3389
atenção limitada|capital 50% abaixo,58,0.98851,0.10279,0.087371,0.69517,0.56481,0.33601
atenção limitada|capital 50% abaixo,59,0.99112,0.08368,0.071128,0.6934,0.56371,0.33386
atenção limitada|capital 50% abaixo,60,0.99285,0.058021,0.049318,0.6921,0.56296,0.33256
atenção limitada|capital 50% abaixo,61,0.99498,0.050093,0.042579,0.69059,0.56218,0.33106
atenção limitada|capital 50% abaixo,62,0.99652,0.043404,0.036894,0.68928,0.56147,0.32942
atenção limitada|capital 50% abaixo,63,0.99818,0.029507,0.025081,0.68786,0.56063,0.32857
atenção limitada|capital 50% abaixo,64,1,0.021603,0.018362,0.68632,0.55981,0.32572
atenção limitada|capital 50% abaixo,65,1.0018,-0.006991,-0.0059424,0.6848,0.55895,0.32497
atenção limitada|capital 50% abaixo,66,1.0025,-0.037499,-0.031874,0.68334,0.55819,0.32312
atenção limitada|capital 50% abaixo,67,1.0027,-0.027255,-0.023166,0.68197,0.55732,0.32082
atenção limitada|capital 50% abaixo,68,1.003,-0.026414,-0.022452,0.68049,0.55628,0.31957
atenção limitada|capital 50% abaixo,69,1.0038,-0.029241,-0.024855,0.67904,0.55529,0.31687
atenção limitada|capital 50% abaixo,70,1.0043,-0.034422,-0.029259,0.67768,0.55438,0.31526
atenção limitada|capital 50% abaixo,71,1.0046,-0.028961,-0.024617,0.67648,0.55343,0.31306
atenção limitada|capital 50% abaixo,72,1.0049,-0.055897,-0.047513,0.67524,0.55251,0.31106
atenção limitada|capital 50% abaixo,73,1.0049,-0.034879,-0.029647,0.67408,0.55174,0.30961
atenção limitada|capital 50% abaixo,74,1.0056,-0.076885,-0.065352,0.67292,0.55092,0.30836
atenção limitada|capital 50% abaixo,75,1.0057,-0.03462,-0.029427,0.67173,0.55024,0.30561
atenção limitada|capital 50% abaixo,76,1.0063,-0.050132,-0.042612,0.67052,0.54944,0.30371
atenção limitada|capital 50% abaixo,77,1.0068,-0.031503,-0.026777,0.66926,0.5486,0.30071
atenção limitada|capital 50% abaixo,78,1.0072,-0.088612,-0.075321,0.66815,0.54787,0.29866
atenção limitada|capital 50% abaixo,79,1.0069,-0.067401,-0.057291,0.66709,0.54717,0.2966
atenção limitada|capital 50% abaixo,80,1.0065,-0.062502,-0.053126,0.66604,0.54649,0.295
atenção limitada|capital 50% abaixo,81,1.0066,-0.052837,-0.044911,0.66495,0.54571,0.29335
atenção limitada|capital 50% abaixo,82,1.0068,-0.065874,-0.055993,0.66374,0.54477,0.2915
atenção limitada|capital 50% abaixo,83,1.0071,-0.037606,-0.031965,0.66251,0.54383,0.2886
atenção limitada|capital 50% abaixo,84,1.0072,-0.084455,-0.071787,0.6615,0.54317,0.2872
atenção limitada|capital 50% abaixo,85,1.0068,-0.071265,-0.060575,0.66055,0.54247,0.2861
atenção limitada|capital 50% abaixo,86,1.0068,-0.049048,-0.041691,0.65951,0.54175,0.2834
atenção limitada|capital 50% abaixo,87,1.0069,-0.038292,-0.032548,0.6585,0.54108,0.28145
atenção limitada|capital 50% abaixo,88,1.0072,-0.063089,-0.053626,0.65732,0.54024,0.27918
atenção limitada|capital 50% abaixo,89,1.0075,-0.054063,-0.045954,0.65632,0.53954,0.27683
atenção limitada|capital 50% abaixo,90,1.0074,-0.085267,-0.072477,0.65531,0.53882,0.27513
atenção limitada|capital 50% abaixo,91,1.0065,-0.057008,-0.048457,0.65449,0.53822,0.27293
atenção limitada|capital 50% abaixo,92,1.0064,-0.052879,-0.044947,0.65358,0.5376,0.27233
atenção limitada|capital 50% abaixo,93,1.0065,-0.064624,-0.05493,0.65275,0.53707,0.27053
atenção limitada|capital 50% abaixo,94,1.0062,-0.045948,-0.039055,0.65191,0.53663,0.26853
atenção limitada|capital 50% abaixo,95,1.0068,-0.045226,-0.038442,0.65089,0.53599,0.26642
atenção limitada|capital 50% abaixo,96,1.0071,-0.042211,-0.035879,0.64999,0.53538,0.26397
atenção limitada|capital 50% abaixo,97,1.0075,-0.065792,-0.055923,0.64897,0.53467,0.26337
atenção limitada|capital 50% abaixo,98,1.0074,-0.068713,-0.058406,0.64813,0.53402,0.26162
atenção limitada|capital 50% abaixo,99,1.0071,-0.064248,-0.054611,0.64714,0.53327,0.25887
atenção limitada|capital 50% abaixo,100,1.0066,-0.055604,-0.047263,0.64625,0.53262,0.25652
atenção limitada|capital 50% abaixo,110,1.0051,-0.033623,-0.028579,0.63837,0.52716,0.23895
atenção limitada|capital 50% abaixo,120,1.004,-0.034043,-0.028936,0.6316,0.52173,0.22581
atenção limitada|capital 50% abaixo,130,1.0046,-0.038118,-0.032401,0.62557,0.51766,0.21093
atenção limitada|capital 50% abaixo,140,1.0065,-0.046459,-0.03949,0.61964,0.51372,0.19658
atenção limitada|capital 50% abaixo,150,1.0072,-0.069273,-0.058882,0.61396,0.50908,0.18452
atenção limitada|capital 50% abaixo,160,0.99907,0.015909,0.013522,0.61072,0.50657,0.18022
atenção limitada|capital 50% abaixo,170,1.0002,-0.01082,-0.0091967,0.60686,0.50397,0.16897
atenção limitada|capital 50% abaixo,180,1.0035,-0.029972,-0.025476,0.60185,0.49955,0.15771
atenção limitada|capital 50% abaixo,190,1.0045,-0.038905,-0.033069,0.59746,0.49608,0.14871
atenção limitada|capital 50% abaixo,200,1.0046,-0.02977,-0.025304,0.59395,0.49359,0.14004
atenção limitada|capital 50% abaixo,210,1.005,-0.042621,-0.036227,0.58976,0.48993,0.13354
atenção limitada|capital 50% abaixo,220,1.0073,-0.050198,-0.042668,0.58577,0.48699,0.12389
atenção limitada|capital 50% abaixo,230,1.0013,-0.020058,-0.017049,0.58236,0.48418,0.12069
atenção limitada|capital 50% abaixo,240,0.99951,0.014911,0.012674,0.57984,0.48128,0.11515
atenção limitada|capital 50% abaixo,250,1.0007,-0.026106,-0.02219,0.57739,0.47973,0.10948
atenção limitada|capital 50% abaixo,260,0.99807,0.0069939,0.0059449,0.57546,0.47721,0.10684
atenção limitada|capital 50% abaixo,270,1.002,-0.054997,-0.046747,0.57241,0.47519,0.099928
atenção limitada|capital 50% abaixo,280,1.0015,-0.015042,-0.012786,0.57034,0.47363,0.094797
atenção limitada|capital 50% abaixo,290,0.99926,0.0073477,0.0062455,0.56825,0.47124,0.090628
atenção limitada|capital 50% abaixo,300,0.99791,0.018282,0.01554,0.56726,0.46948,0.087995
atenção limitada|capital 50% abaixo,310,0.9999,-0.025007,-0.021256,0.56536,0.46776,0.084847
atenção limitada|capital 50% abaixo,320,1.0023,-0.00092225,-0.00078391,0.56352,0.46616,0.079778
atenção limitada|capital 50% abaixo,330,1.0019,-0.042141,-0.03582,0.56269,0.46501,0.077445
atenção limitada|capital 50% abaixo,340,0.99916,0.012801,0.010881,0.56155,0.46345,0.076212
atenção limitada|capital 50% abaixo,350,1.001,-0.035203,-0.029923,0.55985,0.46235,0.071462
atenção limitada|capital 50% abaixo,360,1.0005,0.0076408,0.0064947,0.55839,0.46095,0.069747
atenção limitada|capital 50% abaixo,370,0.99751,0.038574,0.032788,0.55742,0.46049,0.069579
atenção limitada|capital 50% abaixo,380,1.0023,-0.0040543,-0.0034462,0.55531,0.45889,0.063962
atenção limitada|capital 50% abaixo,390,1.0012,-0.028077,-0.023865,0.55346,0.45701,0.062012
atenção limitada|capital 50% abaixo,400,0.99957,0.0066346,0.0056394,0.55293,0.45625,0.060428
atenção limitada|capital 50% abaixo,410,0.99745,0.033989,0.028891,0.55171,0.45485,0.060195
atenção limitada|capital 50% abaixo,420,1.0029,0.0021435,0.0018219,0.54935,0.45306,0.053628
atenção limitada|capital 50% abaixo,430,1.0011,-0.014896,-0.012662,0.54742,0.45141,0.052178
atenção limitada|capital 50% abaixo,440,1.0008,-0.0040225,-0.0034191,0.54691,0.45085,0.050829
atenção limitada|capital 50% abaixo,450,1.0017,-0.0088013,-0.0074811,0.54587,0.45075,0.048062
atenção limitada|capital 50% abaixo,460,1.0013,-0.015596,-0.013257,0.54557,0.44999,0.048627
atenção limitada|capital 50% abaixo,470,1.0006,-0.023715,-0.020158,0.54453,0.44895,0.046745
atenção limitada|capital 50% abaixo,480,0.99848,-0.0075258,-0.0063969,0.54305,0.44701,0.045578
atenção limitada|capital 50% abaixo,490,0.99823,0.030653,0.026055,0.54315,0.44668,0.044828
atenção limitada|capital 50% abaixo,500,1.0006,-0.016338,-0.013888,0.54191,0.44539,0.043227
atenção limitada|capital 50% abaixo,510,1.0002,-0.016608,-0.014117,0.54244,0.44593,0.042979
atenção limitada|capital 50% abaixo,520,0.99754,0.021773,0.018507,0.54283,0.44606,0.043977
atenção limitada|capital 50% abaixo,530,1.0014,-0.024097,-0.020482,0.54239,0.44566,0.042478
atenção limitada|capital 50% abaixo,540,1.001,-0.021756,-0.018493,0.54073,0.44414,0.039779
atenção limitada|capital 50% abaixo,550,1.0013,0.027933,0.023743,0.53906,0.44253,0.037527
atenção limitada|capital 50% abaixo,560,1.0003,-0.024209,-0.020577,0.53793,0.4414,0.036477
atenção limitada|capital 50% abaixo,570,0.99997,0.0046247,0.003931,0.53727,0.43917,0.034392
atenção limitada|capital 50% abaixo,580,0.99596,0.023925,0.020336,0.53671,0.43787,0.035427
atenção limitada|capital 50% abaixo,590,1.0011,-0.023351,-0.019848,0.53607,0.43795,0.031295
atenção limitada|capital 50% abaixo,600,1.0037,-0.028552,-0.024269,0.53558,0.43807,0.031742
atenção limitada|capital 50% abaixo,610,0.99953,-0.0083176,-0.00707,0.53574,0.43877,0.035945
atenção limitada|capital 50% abaixo,620,1.0051,-0.045153,-0.03838,0.53518,0.43893,0.029692
atenção limitada|capital 50% abaixo,630,1.0029,-0.01758,-0.014943,0.53441,0.4382,0.027878
atenção limitada|capital 50% abaixo,640,0.99846,0.023954,0.020361,0.53436,0.43789,0.032277
atenção limitada|capital 50% abaixo,650,0.99903,-0.0086732,-0.0073722,0.53368,0.43677,0.029842
atenção limitada|capital 50% abaixo,660,0.99859,0.023561,0.020027,0.53394,0.43698,0.029345
atenção limitada|capital 50% abaixo,670,1.0006,0.013349,0.011347,0.5327,0.43585,0.025577
atenção limitada|capital 50% abaixo,680,1.0018,0.01609,0.013677,0.53174,0.43503,0.022677
atenção limitada|capital 50% abaixo,690,1.0006,-0.0037378,-0.0031771,0.53156,0.43471,0.023342
atenção limitada|capital 50% abaixo,700,0.99612,0.0099228,0.0084344,0.53093,0.43365,0.024377
atenção limitada|capital 50% abaixo,710,0.99623,0.015955,0.013562,0.5305,0.43294,0.023892
atenção limitada|capital 50% abaixo,720,0.99784,0.040255,0.034216,0.52902,0.43144,0.020227
atenção limitada|capital 50% abaixo,730,1.002,-0.012269,-0.010428,0.52861,0.43151,0.017895
atenção limitada|capital 50% abaixo,740,0.99719,0.03055,0.025968,0.52868,0.43099,0.020542
atenção limitada|capital 50% abaixo,750,1.0022,0.0078715,0.0066908,0.52826,0.43072,0.016142
atenção limitada|capital 50% abaixo,760,0.99671,0.014447,0.01228,0.52782,0.42935,0.018879
atenção limitada|capital 50% abaixo,770,0.99582,0.028676,0.024374,0.52834,0.42999,0.019327
atenção limitada|capital 50% abaixo,780,0.9984,0.0335,0.028475,0.52807,0.42987,0.019027
atenção limitada|capital 50% abaixo,790,0.99932,-0.010983,-0.0093352,0.52811,0.42917,0.017027
atenção limitada|capital 50% abaixo,800,0.99668,0.014873,0.012642,0.52746,0.4284,0.018592
atenção limitada|capital 50% abaixo,810,0.99816,0.036279,0.030837,0.52725,0.42851,0.015877
atenção limitada|capital 50% abaixo,820,0.99973,0.0075091,0.0063828,0.52765,0.4291,0.016327
atenção limitada|capital 50% abaixo,830,0.99927,-0.0045791,-0.0038923,0.52781,0.42903,0.016377
atenção limitada|capital 50% abaixo,840,1.0001,-0.013119,-0.011152,0.52837,0.42956,0.016277
atenção limitada|capital 50% abaixo,850,0.99731,-0.032002,-0.027202,0.52765,0.42946,0.016677
atenção limitada|capital 50% abaixo,860,0.998,0.031201,0.026521,0.52743,0.42911,0.014895
atenção limitada|capital 50% abaixo,870,0.99941,0.028971,0.024626,0.52636,0.42818,0.013628
atenção limitada|capital 50% abaixo,880,1.0011,-0.002066,-0.0017561,0.52509,0.42711,0.013227
atenção limitada|capital 50% abaixo,890,1.0006,-0.018425,-0.015662,0.52599,0.42806,0.013792
atenção limitada|capital 50% abaixo,900,1.001,-0.022861,-0.019432,0.5257,0.42797,0.014477
atenção limitada|capital 50% abaixo,910,1.0008,0.0056672,0.0048171,0.52501,0.42745,0.013392
atenção limitada|capital 50% abaixo,920,0.99816,0.010699,0.0090939,0.52406,0.42697,0.013849
atenção limitada|capital 50% abaixo,930,0.99779,0.014099,0.011984,0.52366,0.42612,0.014777
atenção limitada|capital 50% abaixo,940,0.99896,0.0089247,0.007586,0.52411,0.42698,0.014651
atenção limitada|capital 50% abaixo,950,0.99935,0.0078333,0.0066583,0.52476,0.42749,0.013049
atenção limitada|capital 50% abaixo,960,0.99628,-0.0081167,-0.0068992,0.52536,0.42664,0.014279
atenção limitada|capital 50% abaixo,970,0.99805,0.027754,0.023591,0.52538,0.42715,0.015027
atenção limitada|capital 50% abaixo,980,0.99705,0.022591,0.019203,0.52511,0.42672,0.016277
atenção limitada|capital 50% abaixo,990,0.99714,0.016245,0.013808,0.52482,0.42671,0.015127
atenção limitada|capital 50% abaixo,1000,0.9954,0.050449,0.042882,0.52533,0.4273,0.015651
atenção limitada|capital 50% acima,1,1.4669,-2.7683,-2.3531,0.51439,0.41324,0.19286
atenção limitada|capital 50% acima,2,1.4275,-2.6102,-2.2186,0.51186,0.41145,0.18397
atenção limitada|capital 50% acima,3,1.3901,-2.4412,-2.075,0.50942,0.40967,0.17319
atenção limitada|capital 50% acima,4,1.3564,-2.2681,-1.9279,0.50713,0.40799,0.16632
atenção limitada|capital 50% acima,5,1.326,-2.0918,-1.778,0.50499,0.4065,0.15922
atenção limitada|capital 50% acima,6,1.2995,-1.981,-1.6839,0.50299,0.40505,0.15192
atenção limitada|capital 50% acima,7,1.2741,-1.8366,-1.5611,0.50103,0.40362,0.14549
atenção limitada|capital 50% acima,8,1.2514,-1.6886,-1.4353,0.49921,0.40225,0.13892
atenção limitada|capital 50% acima,9,1.2308,-1.5779,-1.3412,0.49749,0.40089,0.13497
atenção limitada|capital 50% acima,10,1.2112,-1.4633,-1.2438,0.49579,0.39954,0.12971
atenção limitada|capital 50% acima,11,1.1933,-1.378,-1.1713,0.49426,0.39824,0.12486
atenção limitada|capital 50% acima,12,1.1774,-1.2544,-1.0663,0.49293,0.39726,0.12141
atenção limitada|capital 50% acima,13,1.1636,-1.1447,-0.97302,0.49174,0.3963,0.11916
atenção limitada|capital 50% acima,14,1.1513,-1.0772,-0.91564,0.49073,0.39553,0.11626
atenção limitada|capital 50% acima,15,1.1398,-0.99627,-0.84683,0.48982,0.3948,0.11161
atenção limitada|capital 50% acima,16,1.1286,-0.94686,-0.80483,0.48889,0.39405,0.1086
atenção limitada|capital 50% acima,17,1.1175,-0.88233,-0.74998,0.48792,0.39326,0.1053
atenção limitada|capital 50% acima,18,1.1083,-0.80701,-0.68596,0.48715,0.39271,0.10335
atenção limitada|capital 50% acima,19,1.0998,-0.74481,-0.63309,0.48638,0.39218,0.10056
atenção limitada|capital 50% acima,20,1.0913,-0.71751,-0.60988,0.48575,0.3918,0.098311
atenção limitada|capital 50% acima,21,1.0829,-0.64371,-0.54715,0.48511,0.39136,0.096711
atenção limitada|capital 50% acima,22,1.0761,-0.56927,-0.48388,0.48471,0.39118,0.094308
atenção limitada|capital 50% acima,23,1.0709,-0.53106,-0.4514,0.48426,0.39092,0.091972
atenção limitada|capital 50% acima,24,1.066,-0.48818,-0.41495,0.48382,0.39056,0.090122
atenção limitada|capital 50% acima,25,1.0614,-0.4599,-0.39091,0.48331,0.39021,0.089561
atenção limitada|capital 50% acima,26,1.0569,-0.43225,-0.36741,0.48297,0.38992,0.088861
atenção limitada|capital 50% acima,27,1.0525,-0.40838,-0.34712,0.4829,0.38982,0.087161
atenção limitada|capital 50% acima,28,1.0486,-0.3837,-0.32615,0.4827,0.38974,0.085792
atenção limitada|capital 50% acima,29,1.0455,-0.33431,-0.28417,0.48249,0.38965,0.085861
atenção limitada|capital 50% acima,30,1.0425,-0.31529,-0.26799,0.48202,0.38932,0.084892
atenção limitada|capital 50% acima,31,1.0399,-0.30964,-0.2632,0.48171,0.38904,0.083711
atenção limitada|capital 50% acima,32,1.0366,-0.28775,-0.24459,0.48155,0.38886,0.083328
atenção limitada|capital 50% acima,33,1.0336,-0.25066,-0.21306,0.48144,0.38876,0.083006
atenção limitada|capital 50% acima,34,1.0317,-0.23263,-0.19773,0.48126,0.38859,0.081906
atenção limitada|capital 50% acima,35,1.0299,-0.20116,-0.17098,0.48108,0.38841,0.082511
atenção limitada|capital 50% acima,36,1.0285,-0.22188,-0.18859,0.48086,0.38834,0.081761
atenção limitada|capital 50% acima,37,1.0264,-0.20336,-0.17286,0.48073,0.38813,0.080942
atenção limitada|capital 50% acima,38,1.0248,-0.18733,-0.15923,0.48073,0.38813,0.080492
atenção limitada|capital 50% acima,39,1.0229,-0.19716,-0.16758,0.48073,0.38823,0.080206
atenção limitada|capital 50% acima,40,1.0208,-0.14586,-0.12398,0.48067,0.38825,0.079842
atenção limitada|capital 50% acima,41,1.0198,-0.14909,-0.12672,0.48072,0.38828,0.080356
atenção limitada|capital 50% acima,42,1.0192,-0.11702,-0.099465,0.48071,0.38837,0.080506
atenção limitada|capital 50% acima,43,1.019,-0.15542,-0.1321,0.48076,0.38845,0.078406
atenção limitada|capital 50% acima,44,1.0177,-0.13097,-0.11133,0.48079,0.38854,0.078206
atenção limitada|capital 50% acima,45,1.0164,-0.11864,-0.10085,0.48072,0.38849,0.077792
atenção limitada|capital 50% acima,46,1.0153,-0.11262,-0.09573,0.48055,0.3883,0.077306
atenção limitada|capital 50% acima,47,1.014,-0.12844,-0.10917,0.48045,0.38827,0.077242
atenção limitada|capital 50% acima,48,1.0123,-0.10039,-0.085333,0.48043,0.38829,0.076956
atenção limitada|capital 50% acima,49,1.0111,-0.089652,-0.076204,0.48047,0.38828,0.076206
atenção limitada|capital 50% acima,50,1.0103,-0.08147,-0.06925,0.48054,0.38819,0.075306
atenção limitada|capital 50% acima,51,1.0092,-0.089656,-0.076208,0.48065,0.38827,0.074678
atenção limitada|capital 50% acima,52,1.0081,-0.062832,-0.053408,0.48064,0.38833,0.075156
atenção limitada|capital 50% acima,53,1.0076,-0.056907,-0.048371,0.48054,0.38838,0.076028
atenção limitada|capital 50% acima,54,1.0074,-0.034491,-0.029317,0.48043,0.38842,0.077328
atenção limitada|capital 50% acima,55,1.0075,-0.041867,-0.035587,0.48027,0.38842,0.077056
atenção limitada|capital 50% acima,56,1.0074,-0.046608,-0.039616,0.48013,0.38814,0.077106
atenção limitada|capital 50% acima,57,1.0076,-0.055851,-0.047473,0.48019,0.3881,0.077256
atenção limitada|capital 50% acima,58,1.0072,-0.048534,-0.041254,0.4801,0.38798,0.077156
atenção limitada|capital 50% acima,59,1.0073,-0.047117,-0.040049,0.48015,0.38797,0.077506
atenção limitada|capital 50% acima,60,1.0067,-0.053991,-0.045893,0.48054,0.38826,0.076792
atenção limitada|capital 50% acima,61,1.0067,-0.044838,-0.038112,0.48086,0.38859,0.076206
atenção limitada|capital 50% acima,62,1.0064,-0.036004,-0.030603,0.48126,0.38887,0.076056
atenção limitada|capital 50% acima,63,1.0063,-0.035627,-0.030283,0.4815,0.38902,0.075106
atenção limitada|capital 50% acima,64,1.0065,-0.030513,-0.025936,0.48164,0.38923,0.074156
atenção limitada|capital 50% acima,65,1.0068,-0.04721,-0.040128,0.4818,0.38944,0.074328
atenção limitada|capital 50% acima,66,1.0062,-0.067078,-0.057016,0.48184,0.38953,0.073806
atenção limitada|capital 50% acima,67,1.0052,-0.047317,-0.04022,0.48193,0.38954,0.073856
atenção limitada|capital 50% acima,68,1.0044,-0.037907,-0.032221,0.48186,0.38944,0.073106
atenção limitada|capital 50% acima,69,1.0042,-0.032875,-0.027944,0.48187,0.38935,0.072506
atenção limitada|capital 50% acima,70,1.0038,-0.030969,-0.026324,0.48195,0.3893,0.072906
atenção limitada|capital 50% acima,71,1.0033,-0.01908,-0.016218,0.48214,0.38925,0.072392
atenção limitada|capital 50% acima,72,1.0029,-0.04006,-0.034051,0.48222,0.38919,0.071378
atenção limitada|capital 50% acima,73,1.0023,-0.013654,-0.011606,0.48243,0.38929,0.071128
atenção limitada|capital 50% acima,74,1.0024,-0.05104,-0.043384,0.48265,0.3894,0.070711
atenção limitada|capital 50% acima,75,1.0019,-0.0043684,-0.0037131,0.48287,0.38975,0.070461
atenção limitada|capital 50% acima,76,1.0021,-0.016115,-0.013698,0.48302,0.38982,0.070256
atenção limitada|capital 50% acima,77,1.0021,0.0059121,0.0050253,0.48312,0.38995,0.069956
atenção limitada|capital 50% acima,78,1.0021,-0.048368,-0.041113,0.48327,0.39003,0.069061
atenção limitada|capital 50% acima,79,1.0015,-0.024319,-0.020672,0.48346,0.39008,0.068192
atenção limitada|capital 50% acima,80,1.0009,-0.016893,-0.014359,0.48362,0.39018,0.067178
atenção limitada|capital 50% acima,81,1.0007,-0.0050701,-0.0043096,0.48375,0.39027,0.066978
atenção limitada|capital 50% acima,82,1.0006,-0.016317,-0.01387,0.48372,0.39013,0.066878
atenção limitada|capital 50% acima,83,1.0008,0.013487,0.011464,0.48372,0.39004,0.067806
atenção limitada|capital 50% acima,84,1.0006,-0.032219,-0.027386,0.48382,0.39013,0.066874
atenção limitada|capital 50% acima,85,1.0001,-0.017903,-0.015217,0.48401,0.39029,0.066924
atenção limitada|capital 50% acima,86,1,0.0052455,0.0044587,0.48416,0.39049,0.066874
atenção limitada|capital 50% acima,87,1,0.01683,0.014306,0.48432,0.39073,0.067374
atenção limitada|capital 50% acima,88,1.0002,-0.0074095,-0.006298,0.48424,0.39069,0.068428
atenção limitada|capital 50% acima,89,1.0005,0.0021906,0.0018621,0.48441,0.39077,0.068192
atenção limitada|capital 50% acima,90,1.0004,-0.028707,-0.024401,0.48444,0.39079,0.068292
atenção limitada|capital 50% acima,91,0.99936,9.1919e-05,7.8131e-05,0.48461,0.39092,0.066892
atenção limitada|capital 50% acima,92,0.99927,0.0043976,0.003738,0.48468,0.39109,0.066106
atenção limitada|capital 50% acima,93,0.99933,-0.0073676,-0.0062624,0.48488,0.39135,0.065706
atenção limitada|capital 50% acima,94,0.99909,0.011288,0.0095947,0.48508,0.39167,0.064792
atenção limitada|capital 50% acima,95,0.99971,0.011689,0.0099359,0.48519,0.39181,0.064978
atenção limitada|capital 50% acima,96,1.0001,0.01438,0.012223,0.48538,0.39196,0.064978
atenção limitada|capital 50% acima,97,1.0005,-0.0096573,-0.0082087,0.48538,0.39193,0.064456
atenção limitada|capital 50% acima,98,1.0005,-0.012939,-0.010998,0.48549,0.39206,0.063778
atenção limitada|capital 50% acima,99,1.0002,-0.0088579,-0.0075292,0.48542,0.39195,0.064506
atenção limitada|capital 50% acima,100,0.99975,-0.0006411,-0.00054493,0.48546,0.39194,0.064592
atenção limitada|capital 50% acima,110,0.99896,0.01586,0.013481,0.48625,0.39314,0.063378
atenção limitada|capital 50% acima,120,0.99857,0.0096255,0.0081817,0.48765,0.39369,0.060228
atenção limitada|capital 50% acima,130,0.9997,0.0015845,0.0013469,0.48904,0.39484,0.058542
atenção limitada|capital 50% acima,140,1.0021,-0.011083,-0.0094208,0.48988,0.39571,0.058742
atenção limitada|capital 50% acima,150,1.0031,-0.036718,-0.031211,0.4902,0.39614,0.058278
atenção limitada|capital 50% acima,160,0.99537,0.045961,0.039067,0.49193,0.39713,0.052474
atenção limitada|capital 50% acima,170,0.99681,0.016917,0.014379,0.49335,0.39848,0.052206
atenção limitada|capital 50% acima,180,1.0003,-0.0048853,-0.0041525,0.49336,0.39832,0.051878
atenção limitada|capital 50% acima,190,1.0017,-0.01626,-0.013821,0.49348,0.39884,0.050368
atenção limitada|capital 50% acima,200,1.002,-0.0090617,-0.0077024,0.49446,0.39999,0.049478
atenção limitada|capital 50% acima,210,1.0028,-0.024642,-0.020946,0.49455,0.40004,0.049368
atenção limitada|capital 50% acima,220,1.0052,-0.033801,-0.028731,0.49446,0.4003,0.051106
atenção limitada|capital 50% acima,230,0.99937,-0.0048524,-0.0041245,0.49429,0.40002,0.046624
atenção limitada|capital 50% acima,240,0.99772,0.029399,0.024989,0.49498,0.39962,0.045118
atenção limitada|capital 50% acima,250,0.99899,-0.012504,-0.010629,0.49572,0.40099,0.046737
atenção limitada|capital 50% acima,260,0.99648,0.019851,0.016873,0.4966,0.40104,0.043918
atenção limitada|capital 50% acima,270,1.0005,-0.0431,-0.036635,0.49657,0.40166,0.046424
atenção limitada|capital 50% acima,280,1.0002,-0.0046373,-0.0039417,0.49722,0.40268,0.045674
atenção limitada|capital 50% acima,290,0.99813,0.016486,0.014013,0.49769,0.40269,0.043956
atenção limitada|capital 50% acima,300,0.99679,0.02738,0.023273,0.49894,0.40285,0.041856
atenção limitada|capital 50% acima,310,0.99883,-0.016371,-0.013916,0.49951,0.4034,0.040524
atenção limitada|capital 50% acima,320,1.0013,0.0075891,0.0064507,0.49985,0.40395,0.041887
atenção limitada|capital 50% acima,330,1.0009,-0.033987,-0.028889,0.50125,0.40452,0.038524
atenção limitada|capital 50% acima,340,0.99815,0.020987,0.017839,0.50216,0.40504,0.035178
atenção limitada|capital 50% acima,350,1.0001,-0.027962,-0.023767,0.5027,0.40593,0.034906
atenção limitada|capital 50% acima,360,0.99965,0.014553,0.01237,0.50338,0.40658,0.031818
atenção limitada|capital 50% acima,370,0.99673,0.044908,0.038172,0.50434,0.40791,0.030026
atenção limitada|capital 50% acima,380,1.0016,0.0014899,0.0012664,0.50404,0.40819,0.032687
atenção limitada|capital 50% acima,390,1.0005,-0.022701,-0.019296,0.50383,0.40767,0.032618
atenção limitada|capital 50% acima,400,0.99892,0.011855,0.010077,0.5049,0.40836,0.032437
atenção limitada|capital 50% acima,410,0.99684,0.038947,0.033105,0.5052,0.40857,0.031578
atenção limitada|capital 50% acima,420,1.0023,0.0063957,0.0054364,0.50447,0.4086,0.036178
atenção limitada|capital 50% acima,430,1.0006,-0.010806,-0.0091851,0.50383,0.40813,0.035611
atenção limitada|capital 50% acima,440,1.0003,-1.2595e-05,-1.0706e-05,0.50469,0.40894,0.035078
atenção limitada|capital 50% acima,450,1.0012,-0.0050971,-0.0043325,0.50497,0.41008,0.034928
atenção limitada|capital 50% acima,460,1.0008,-0.011833,-0.010058,0.50602,0.41051,0.033392
atenção limitada|capital 50% acima,470,1.0002,-0.020317,-0.017269,0.50628,0.41084,0.032706
atenção limitada|capital 50% acima,480,0.99815,-0.0048399,-0.0041139,0.50612,0.41039,0.032168
atenção limitada|capital 50% acima,490,0.99801,0.032408,0.027547,0.50742,0.41079,0.029468
atenção limitada|capital 50% acima,500,1.0003,-0.01449,-0.012317,0.50734,0.41078,0.031837
atenção limitada|capital 50% acima,510,0.99987,-0.014199,-0.012069,0.50885,0.4122,0.028637
atenção limitada|capital 50% acima,520,0.99722,0.024333,0.020683,0.51031,0.41332,0.024668
atenção limitada|capital 50% acima,530,1.0011,-0.022044,-0.018738,0.51109,0.41406,0.024351
atenção limitada|capital 50% acima,540,1.0007,-0.019756,-0.016793,0.51037,0.41366,0.025037
atenção limitada|capital 50% acima,550,1.0011,0.029415,0.025003,0.5097,0.41322,0.025601
atenção limitada|capital 50% acima,560,1.0001,-0.02273,-0.019321,0.5095,0.41289,0.026087
atenção limitada|capital 50% acima,570,0.99973,0.0065599,0.0055759,0.50955,0.41119,0.024737
atenção limitada|capital 50% acima,580,0.99571,0.025966,0.022071,0.50973,0.41062,0.020999
atenção limitada|capital 50% acima,590,1.0008,-0.021058,-0.017899,0.50997,0.41154,0.024176
atenção limitada|capital 50% acima,600,1.0034,-0.026175,-0.022249,0.51036,0.41246,0.027601
atenção limitada|capital 50% acima,610,0.99926,-0.0061534,-0.0052304,0.51133,0.41386,0.024887
atenção limitada|capital 50% acima,620,1.0048,-0.043096,-0.036632,0.51158,0.4148,0.027318
atenção limitada|capital 50% acima,630,1.0027,-0.015953,-0.01356,0.5115,0.41489,0.024868
atenção limitada|capital 50% acima,640,0.99827,0.025426,0.021612,0.51209,0.41519,0.023242
atenção limitada|capital 50% acima,650,0.99888,-0.0074526,-0.0063347,0.5121,0.41474,0.023937
atenção limitada|capital 50% acima,660,0.99847,0.024579,0.020892,0.51295,0.41558,0.022987
atenção limitada|capital 50% acima,670,1.0004,0.014584,0.012397,0.5123,0.41499,0.023924
atenção limitada|capital 50% acima,680,1.0017,0.017408,0.014796,0.51191,0.41493,0.022278
atenção limitada|capital 50% acima,690,1.0004,-0.0022259,-0.001892,0.51232,0.41519,0.022551
atenção limitada|capital 50% acima,700,0.99598,0.011032,0.0093768,0.51222,0.41455,0.018387
atenção limitada|capital 50% acima,710,0.99608,0.017131,0.014561,0.51228,0.41433,0.017749
atenção limitada|capital 50% acima,720,0.99772,0.041223,0.035039,0.51136,0.4135,0.020051
atenção limitada|capital 50% acima,730,1.0019,-0.01156,-0.0098261,0.51153,0.41415,0.022737
atenção limitada|capital 50% acima,740,0.99713,0.031085,0.026423,0.51205,0.41402,0.019542
atenção limitada|capital 50% acima,750,1.0022,0.0085909,0.0073023,0.51211,0.41428,0.021799
atenção limitada|capital 50% acima,760,0.99663,0.01508,0.012818,0.51206,0.41325,0.018842
atenção limitada|capital 50% acima,770,0.99573,0.029416,0.025003,0.51302,0.41437,0.018223
atenção limitada|capital 50% acima,780,0.9983,0.034277,0.029135,0.51315,0.41459,0.019592
atenção limitada|capital 50% acima,790,0.9992,-0.009983,-0.0084856,0.51364,0.41441,0.017424
atenção limitada|capital 50% acima,800,0.99656,0.015813,0.013441,0.5134,0.41402,0.017242
atenção limitada|capital 50% acima,810,0.99806,0.037092,0.031528,0.51358,0.41451,0.017942
atenção limitada|capital 50% acima,820,0.99965,0.0081688,0.0069435,0.51443,0.41559,0.017492
atenção limitada|capital 50% acima,830,0.99922,-0.0041716,-0.0035459,0.51499,0.41587,0.015526
atenção limitada|capital 50% acima,840,1,-0.0124,-0.01054,0.51587,0.41675,0.015223
atenção limitada|capital 50% acima,850,0.9972,-0.031122,-0.026454,0.51544,0.41697,0.013155
atenção limitada|capital 50% acima,860,0.99791,0.031973,0.027177,0.51558,0.41696,0.013876
atenção limitada|capital 50% acima,870,0.99932,0.029709,0.025253,0.51479,0.41632,0.015823
atenção limitada|capital 50% acima,880,1.0009,-0.0012058,-0.0010249,0.51378,0.41552,0.020676
atenção limitada|capital 50% acima,890,1.0005,-0.017512,-0.014885,0.515,0.41682,0.016799
atenção limitada|capital 50% acima,900,1.0009,-0.022088,-0.018775,0.51506,0.41706,0.018737
atenção limitada|capital 50% acima,910,1.0007,0.006519,0.0055412,0.51468,0.41685,0.018791
atenção limitada|capital 50% acima,920,0.99805,0.011568,0.0098327,0.51402,0.41662,0.020973
atenção limitada|capital 50% acima,930,0.99771,0.014735,0.012525,0.51394,0.41606,0.019451
atenção limitada|capital 50% acima,940,0.9989,0.009474,0.0080529,0.5147,0.41725,0.018655
atenção limitada|capital 50% acima,950,0.99927,0.0084718,0.007201,0.51559,0.41804,0.019449
atenção limitada|capital 50% acima,960,0.99619,-0.0073766,-0.0062701,0.51643,0.41732,0.014792
atenção limitada|capital 50% acima,970,0.99795,0.028535,0.024255,0.51671,0.41809,0.016699
atenção limitada|capital 50% acima,980,0.99695,0.023392,0.019884,0.51666,0.41785,0.016526
atenção limitada|capital 50% acima,990,0.99705,0.016964,0.014419,0.51662,0.41816,0.016192
atenção limitada|capital 50% acima,1000,0.99535,0.050936,0.043295,0.51743,0.41909,0.013251
atenção limitada|riqueza igual para todos,1,1.0011,0.019958,0.016964,0.013229,0.10525,0.67551
atenção limitada|riqueza igual para todos,2,1.0034,-0.025491,-0.021667,0.022844,0.1092,0.65373
atenção limitada|riqueza igual para todos,3,1.0044,-0.043798,-0.037229,0.031034,0.11257,0.6402
atenção limitada|riqueza igual para todos,4,1.0055,-0.045415,-0.038603,0.038244,0.11572,0.6306
atenção limitada|riqueza igual para todos,5,1.0068,-0.03178,-0.027013,0.044794,0.11872,0.61898
atenção limitada|riqueza igual para todos,6,1.0088,-0.081951,-0.069658,0.050718,0.12161,0.61179
atenção limitada|riqueza igual para todos,7,1.0094,-0.080625,-0.068531,0.056147,0.12414,0.60759
atenção limitada|riqueza igual para todos,8,1.0104,-0.065914,-0.056027,0.061214,0.12669,0.60064
atenção limitada|riqueza igual para todos,9,1.0116,-0.084394,-0.071735,0.066093,0.12907,0.59483
atenção limitada|riqueza igual para todos,10,1.012,-0.089066,-0.075706,0.070496,0.13119,0.58933
atenção limitada|riqueza igual para todos,11,1.0122,-0.11674,-0.099231,0.074292,0.13304,0.58488
atenção limitada|riqueza igual para todos,12,1.0127,-0.093632,-0.079587,0.078216,0.13513,0.58075
atenção limitada|riqueza igual para todos,13,1.0137,-0.077039,-0.065484,0.082101,0.13722,0.5756
atenção limitada|riqueza igual para todos,14,1.0148,-0.098925,-0.084086,0.086063,0.13939,0.57205
atenção limitada|riqueza igual para todos,15,1.0157,-0.099714,-0.084757,0.089856,0.14143,0.5672
atenção limitada|riqueza igual para todos,16,1.0159,-0.12797,-0.10878,0.093455,0.14334,0.5624
atenção limitada|riqueza igual para todos,17,1.0153,-0.13432,-0.11417,0.096805,0.14511,0.5581
atenção limitada|riqueza igual para todos,18,1.0155,-0.12376,-0.1052,0.10045,0.14716,0.55425
atenção limitada|riqueza igual para todos,19,1.0157,-0.12141,-0.1032,0.10378,0.14892,0.54995
atenção limitada|riqueza igual para todos,20,1.0151,-0.14994,-0.12745,0.10664,0.15019,0.54625
atenção limitada|riqueza igual para todos,21,1.0139,-0.12593,-0.10704,0.10947,0.15149,0.5431
atenção limitada|riqueza igual para todos,22,1.0137,-0.09772,-0.083062,0.11259,0.1532,0.5401
atenção limitada|riqueza igual para todos,23,1.0145,-0.10345,-0.087929,0.11564,0.15501,0.53695
atenção limitada|riqueza igual para todos,24,1.0151,-0.10078,-0.085667,0.11855,0.15678,0.5346
atenção limitada|riqueza igual para todos,25,1.0155,-0.10969,-0.093241,0.12135,0.15844,0.5329
atenção limitada|riqueza igual para todos,26,1.0155,-0.11602,-0.098618,0.12422,0.16014,0.5303
atenção limitada|riqueza igual para todos,27,1.0153,-0.12334,-0.10484,0.1271,0.16175,0.5263
atenção limitada|riqueza igual para todos,28,1.0152,-0.12696,-0.10792,0.1299,0.1633,0.5229
atenção limitada|riqueza igual para todos,29,1.0156,-0.10342,-0.08791,0.1326,0.16488,0.51975
atenção limitada|riqueza igual para todos,30,1.0158,-0.10874,-0.09243,0.13475,0.16607,0.51758
atenção limitada|riqueza igual para todos,31,1.0161,-0.12568,-0.10683,0.13718,0.16753,0.51565
atenção limitada|riqueza igual para todos,32,1.0156,-0.12433,-0.10568,0.13961,0.16886,0.5119
atenção limitada|riqueza igual para todos,33,1.015,-0.10584,-0.089964,0.1419,0.17022,0.50928
atenção limitada|riqueza igual para todos,34,1.0153,-0.10468,-0.088979,0.14444,0.1718,0.50678
atenção limitada|riqueza igual para todos,35,1.0155,-0.088669,-0.075369,0.14686,0.17326,0.50388
atenção limitada|riqueza igual para todos,36,1.016,-0.12384,-0.10526,0.14907,0.17463,0.50203
atenção limitada|riqueza igual para todos,37,1.0156,-0.11834,-0.10059,0.15122,0.17586,0.49893
atenção limitada|riqueza igual para todos,38,1.0155,-0.11425,-0.097114,0.15345,0.17722,0.49693
atenção limitada|riqueza igual para todos,39,1.015,-0.13525,-0.11496,0.15559,0.17843,0.49468
atenção limitada|riqueza igual para todos,40,1.0142,-0.094148,-0.080026,0.15767,0.17953,0.49198
atenção limitada|riqueza igual para todos,41,1.0145,-0.10708,-0.091018,0.1598,0.1808,0.49018
atenção limitada|riqueza igual para todos,42,1.015,-0.083694,-0.07114,0.1621,0.18225,0.48878
atenção limitada|riqueza igual para todos,43,1.0158,-0.13045,-0.11088,0.16441,0.18372,0.48667
atenção limitada|riqueza igual para todos,44,1.0155,-0.11356,-0.096522,0.16668,0.18496,0.48437
atenção limitada|riqueza igual para todos,45,1.0151,-0.1081,-0.091888,0.16841,0.18587,0.48177
atenção limitada|riqueza igual para todos,46,1.0148,-0.10864,-0.092345,0.17021,0.18684,0.47913
atenção limitada|riqueza igual para todos,47,1.0143,-0.13057,-0.11098,0.17194,0.18774,0.47692
atenção limitada|riqueza igual para todos,48,1.0132,-0.10805,-0.091843,0.17382,0.18884,0.47442
atenção limitada|riqueza igual para todos,49,1.0127,-0.10225,-0.086917,0.17579,0.19,0.47142
atenção limitada|riqueza igual para todos,50,1.0124,-0.098482,-0.08371,0.17763,0.191,0.47032
atenção limitada|riqueza igual para todos,51,1.0118,-0.11059,-0.093999,0.17933,0.19194,0.46837
atenção limitada|riqueza igual para todos,52,1.0111,-0.087394,-0.074285,0.18108,0.19302,0.46782
atenção limitada|riqueza igual para todos,53,1.0111,-0.084942,-0.072201,0.1827,0.19411,0.46522
atenção limitada|riqueza igual para todos,54,1.0113,-0.065956,-0.056063,0.18443,0.19529,0.46372
atenção limitada|riqueza igual para todos,55,1.0118,-0.076223,-0.064789,0.18587,0.19633,0.46152
atenção limitada|riqueza igual para todos,56,1.0121,-0.083523,-0.070994,0.18712,0.1971,0.46002
atenção limitada|riqueza igual para todos,57,1.0125,-0.095082,-0.080819,0.18873,0.19819,0.45867
atenção limitada|riqueza igual para todos,58,1.0123,-0.089661,-0.076212,0.19022,0.19921,0.45677
atenção limitada|riqueza igual para todos,59,1.0127,-0.089926,-0.076437,0.19194,0.20032,0.45482
atenção limitada|riqueza igual para todos,60,1.0123,-0.098263,-0.083524,0.19383,0.20151,0.45347
atenção limitada|riqueza igual para todos,61,1.0124,-0.090269,-0.076729,0.19577,0.2028,0.45182
atenção limitada|riqueza igual para todos,62,1.0122,-0.082392,-0.070034,0.19755,0.2039,0.45022
atenção limitada|riqueza igual para todos,63,1.0122,-0.082853,-0.070425,0.19914,0.20491,0.44842
atenção limitada|riqueza igual para todos,64,1.0125,-0.078313,-0.066566,0.20078,0.20602,0.44622
atenção limitada|riqueza igual para todos,65,1.0128,-0.095463,-0.081144,0.20243,0.20709,0.44462
atenção limitada|riqueza igual para todos,66,1.0123,-0.1159,-0.098517,0.20402,0.20807,0.44237
atenção limitada|riqueza igual para todos,67,1.0114,-0.096908,-0.082372,0.20567,0.20899,0.44027
atenção limitada|riqueza igual para todos,68,1.0108,-0.088559,-0.075275,0.20717,0.20983,0.43932
atenção limitada|riqueza igual para todos,69,1.0107,-0.0845,-0.071825,0.20875,0.2108,0.43697
atenção limitada|riqueza igual para todos,70,1.0104,-0.083103,-0.070637,0.2103,0.21183,0.43474
atenção limitada|riqueza igual para todos,71,1.0099,-0.071543,-0.060812,0.2118,0.2127,0.43462
atenção limitada|riqueza igual para todos,72,1.0095,-0.092645,-0.078748,0.21332,0.21359,0.43222
atenção limitada|riqueza igual para todos,73,1.0089,-0.066634,-0.056639,0.21484,0.21451,0.43077
atenção limitada|riqueza igual para todos,74,1.009,-0.10405,-0.088439,0.21624,0.21529,0.42862
atenção limitada|riqueza igual para todos,75,1.0086,-0.057551,-0.048919,0.21772,0.21633,0.42742
atenção limitada|riqueza igual para todos,76,1.0087,-0.069051,-0.058693,0.21883,0.21705,0.42509
atenção limitada|riqueza igual para todos,77,1.0087,-0.046937,-0.039896,0.22,0.21788,0.42342
atenção limitada|riqueza igual para todos,78,1.0087,-0.10075,-0.085638,0.22125,0.21873,0.42237
atenção limitada|riqueza igual para todos,79,1.008,-0.07662,-0.065127,0.22262,0.21959,0.42104
atenção limitada|riqueza igual para todos,80,1.0074,-0.069188,-0.05881,0.22395,0.22036,0.41984
atenção limitada|riqueza igual para todos,81,1.0072,-0.057185,-0.048607,0.22526,0.22121,0.41834
atenção limitada|riqueza igual para todos,82,1.0071,-0.06822,-0.057987,0.22644,0.22176,0.41659
atenção limitada|riqueza igual para todos,83,1.0072,-0.03837,-0.032614,0.22771,0.22245,0.41497
atenção limitada|riqueza igual para todos,84,1.0071,-0.083857,-0.071278,0.22905,0.22321,0.41319
atenção limitada|riqueza igual para todos,85,1.0065,-0.069545,-0.059113,0.23043,0.22413,0.41104
atenção limitada|riqueza igual para todos,86,1.0064,-0.046118,-0.0392,0.23184,0.22501,0.40969
atenção limitada|riqueza igual para todos,87,1.0064,-0.034071,-0.028961,0.23328,0.22605,0.40834
atenção limitada|riqueza igual para todos,88,1.0065,-0.057606,-0.048965,0.23436,0.22677,0.40724
atenção limitada|riqueza igual para todos,89,1.0066,-0.04737,-0.040265,0.23566,0.22759,0.40654
atenção limitada|riqueza igual para todos,90,1.0065,-0.07769,-0.066036,0.2367,0.22825,0.40474
atenção limitada|riqueza igual para todos,91,1.0054,-0.048821,-0.041498,0.23782,0.22892,0.40359
atenção limitada|riqueza igual para todos,92,1.0053,-0.044123,-0.037505,0.23902,0.22984,0.40129
atenção limitada|riqueza igual para todos,93,1.0053,-0.055324,-0.047025,0.24038,0.23075,0.39944
atenção limitada|riqueza igual para todos,94,1.005,-0.036309,-0.030863,0.24178,0.23169,0.39864
atenção limitada|riqueza igual para todos,95,1.0056,-0.035562,-0.030228,0.24312,0.23263,0.39664
atenção limitada|riqueza igual para todos,96,1.0059,-0.032723,-0.027814,0.24449,0.23359,0.39579
atenção limitada|riqueza igual para todos,97,1.0063,-0.056292,-0.047848,0.2455,0.23425,0.39364
atenção limitada|riqueza igual para todos,98,1.0063,-0.059347,-0.050445,0.24648,0.23497,0.39249
atenção limitada|riqueza igual para todos,99,1.0059,-0.055229,-0.046944,0.24725,0.23535,0.39229
atenção limitada|riqueza igual para todos,100,1.0055,-0.046931,-0.039891,0.24804,0.23581,0.3919
atenção limitada|riqueza igual para todos,110,1.0044,-0.027725,-0.023567,0.25759,0.24257,0.3811
atenção limitada|riqueza igual para todos,120,1.0038,-0.032322,-0.027473,0.26785,0.24927,0.36772
atenção limitada|riqueza igual para todos,130,1.0044,-0.036313,-0.030866,0.2773,0.25613,0.35777
atenção limitada|riqueza igual para todos,140,1.0065,-0.045864,-0.038984,0.28624,0.26242,0.34892
atenção limitada|riqueza igual para todos,150,1.007,-0.067944,-0.057752,0.29342,0.26743,0.34082
atenção limitada|riqueza igual para todos,160,0.99909,0.015791,0.013423,0.30118,0.2721,0.32571
atenção limitada|riqueza igual para todos,170,1.0002,-0.010729,-0.0091195,0.30917,0.27765,0.31626
atenção limitada|riqueza igual para todos,180,1.0037,-0.031484,-0.026761,0.31527,0.28205,0.31286
atenção limitada|riqueza igual para todos,190,1.0047,-0.040746,-0.034634,0.32097,0.28713,0.30816
atenção limitada|riqueza igual para todos,200,1.0049,-0.032154,-0.027331,0.32751,0.2919,0.29746
atenção limitada|riqueza igual para todos,210,1.0055,-0.046502,-0.039527,0.33316,0.29569,0.29471
atenção limitada|riqueza igual para todos,220,1.0077,-0.053941,-0.04585,0.33865,0.29981,0.28867
atenção limitada|riqueza igual para todos,230,1.0018,-0.024418,-0.020756,0.34301,0.30252,0.28032
atenção limitada|riqueza igual para todos,240,1.0001,0.010215,0.0086826,0.34824,0.30552,0.27322
atenção limitada|riqueza igual para todos,250,1.0012,-0.030447,-0.02588,0.35382,0.30993,0.26562
atenção limitada|riqueza igual para todos,260,0.99856,0.0030118,0.00256,0.35818,0.31252,0.25887
atenção limitada|riqueza igual para todos,270,1.0024,-0.05801,-0.049308,0.36258,0.31612,0.25497
atenção limitada|riqueza igual para todos,280,1.0019,-0.018819,-0.015996,0.36758,0.31989,0.24982
atenção limitada|riqueza igual para todos,290,0.99992,0.0019571,0.0016635,0.37174,0.32232,0.24327
atenção limitada|riqueza igual para todos,300,0.9984,0.014325,0.012177,0.37619,0.32482,0.23767
atenção limitada|riqueza igual para todos,310,1.0003,-0.028363,-0.024108,0.38042,0.32795,0.23052
atenção limitada|riqueza igual para todos,320,1.0026,-0.0032602,-0.0027712,0.38455,0.33097,0.22772
atenção limitada|riqueza igual para todos,330,1.002,-0.043075,-0.036614,0.38946,0.33346,0.21962
atenção limitada|riqueza igual para todos,340,0.99927,0.011936,0.010146,0.39368,0.33583,0.21097
atenção limitada|riqueza igual para todos,350,1.0012,-0.036935,-0.031394,0.39788,0.33899,0.20691
atenção limitada|riqueza igual para todos,360,1.0007,0.0060772,0.0051656,0.40167,0.34167,0.20117
atenção limitada|riqueza igual para todos,370,0.99778,0.036363,0.030909,0.40573,0.34463,0.19136
atenção limitada|riqueza igual para todos,380,1.0026,-0.0061952,-0.005266,0.40845,0.34715,0.19267
atenção limitada|riqueza igual para todos,390,1.0013,-0.029377,-0.024971,0.41102,0.34825,0.18521
atenção limitada|riqueza igual para todos,400,0.99967,0.0058049,0.0049342,0.41494,0.35071,0.18079
atenção limitada|riqueza igual para todos,410,0.9976,0.032794,0.027875,0.41792,0.35272,0.17512
atenção limitada|riqueza igual para todos,420,1.0031,0.00052992,0.00045043,0.41987,0.35442,0.17552
atenção limitada|riqueza igual para todos,430,1.0012,-0.015622,-0.013278,0.4216,0.3555,0.17357
atenção limitada|riqueza igual para todos,440,1.0009,-0.0049307,-0.0041911,0.4251,0.35826,0.16789
atenção limitada|riqueza igual para todos,450,1.0019,-0.010536,-0.0089558,0.42787,0.3609,0.16422
atenção limitada|riqueza igual para todos,460,1.0014,-0.016461,-0.013991,0.43123,0.36253,0.15814
atenção limitada|riqueza igual para todos,470,1.0007,-0.024552,-0.020869,0.43376,0.36411,0.15426
atenção limitada|riqueza igual para todos,480,0.99877,-0.0098742,-0.008393,0.43599,0.36521,0.14964
atenção limitada|riqueza igual para todos,490,0.99866,0.027137,0.023066,0.43932,0.36679,0.14416
atenção limitada|riqueza igual para todos,500,1.0009,-0.019095,-0.01623,0.44107,0.36816,0.14112
atenção limitada|riqueza igual para todos,510,1.0003,-0.018059,-0.01535,0.44445,0.37072,0.13514
atenção limitada|riqueza igual para todos,520,0.99767,0.020727,0.017618,0.44791,0.37282,0.12794
atenção limitada|riqueza igual para todos,530,1.0016,-0.025953,-0.02206,0.45066,0.37486,0.1255
atenção limitada|riqueza igual para todos,540,1.0011,-0.022903,-0.019467,0.45149,0.37565,0.12411
atenção limitada|riqueza igual para todos,550,1.0015,0.026018,0.022115,0.45266,0.37635,0.12355
atenção limitada|riqueza igual para todos,560,1.0005,-0.025682,-0.02183,0.45423,0.3771,0.11971
atenção limitada|riqueza igual para todos,570,1,0.0039965,0.003397,0.45582,0.37634,0.117
atenção limitada|riqueza igual para todos,580,0.996,0.023569,0.020034,0.45743,0.37666,0.1113
atenção limitada|riqueza igual para todos,590,1.0011,-0.023157,-0.019683,0.45938,0.37884,0.11114
atenção limitada|riqueza igual para todos,600,1.0036,-0.027919,-0.023731,0.46146,0.38063,0.10696
atenção limitada|riqueza igual para todos,610,0.99949,-0.0079903,-0.0067917,0.464,0.38302,0.10255
atenção limitada|riqueza igual para todos,620,1.005,-0.044604,-0.037914,0.46573,0.38487,0.1027
atenção limitada|riqueza igual para todos,630,1.0028,-0.017218,-0.014635,0.46688,0.38559,0.099903
atenção limitada|riqueza igual para todos,640,0.99845,0.023974,0.020378,0.4688,0.38663,0.093703
atenção limitada|riqueza igual para todos,650,0.99908,-0.0090303,-0.0076758,0.47003,0.38702,0.092703
atenção limitada|riqueza igual para todos,660,0.99865,0.023089,0.019626,0.47201,0.38851,0.090388
atenção limitada|riqueza igual para todos,670,1.0006,0.013096,0.011132,0.47263,0.38879,0.090805
atenção limitada|riqueza igual para todos,680,1.0018,0.015924,0.013536,0.47331,0.38961,0.089738
atenção limitada|riqueza igual para todos,690,1.0005,-0.0034115,-0.0028998,0.47489,0.39049,0.083988
atenção limitada|riqueza igual para todos,700,0.99616,0.0095755,0.0081392,0.47581,0.39055,0.080603
atenção limitada|riqueza igual para todos,710,0.99629,0.015417,0.013104,0.4769,0.39099,0.077572
atenção limitada|riqueza igual para todos,720,0.99792,0.039606,0.033665,0.47701,0.39091,0.077722
atenção limitada|riqueza igual para todos,730,1.0021,-0.013121,-0.011153,0.47822,0.39229,0.077388
atenção limitada|riqueza igual para todos,740,0.99729,0.029725,0.025266,0.47959,0.39259,0.074355
atenção limitada|riqueza igual para todos,750,1.0023,0.0075764,0.0064399,0.48063,0.39354,0.074753
atenção limitada|riqueza igual para todos,760,0.99673,0.014232,0.012097,0.48128,0.39289,0.068803
atenção limitada|riqueza igual para todos,770,0.9958,0.028839,0.024514,0.48312,0.39448,0.064958
atenção limitada|riqueza igual para todos,780,0.99838,0.033638,0.028593,0.48411,0.39516,0.066772
atenção limitada|riqueza igual para todos,790,0.99926,-0.010463,-0.0088936,0.48541,0.3956,0.065553
atenção limitada|riqueza igual para todos,800,0.99661,0.015471,0.013151,0.48599,0.39572,0.062758
atenção limitada|riqueza igual para todos,810,0.99811,0.03669,0.031187,0.48689,0.39668,0.062772
atenção limitada|riqueza igual para todos,820,0.99969,0.0078256,0.0066518,0.48861,0.39836,0.060222
atenção limitada|riqueza igual para todos,830,0.99928,-0.0046355,-0.0039402,0.48991,0.39915,0.057372
atenção limitada|riqueza igual para todos,840,1,-0.012358,-0.010504,0.49154,0.40047,0.055211
atenção limitada|riqueza igual para todos,850,0.9972,-0.031143,-0.026471,0.49167,0.40116,0.053058
atenção limitada|riqueza igual para todos,860,0.99791,0.031898,0.027113,0.49247,0.40152,0.050655
atenção limitada|riqueza igual para todos,870,0.9993,0.02981,0.025338,0.49231,0.40137,0.052353
atenção limitada|riqueza igual para todos,880,1.0009,-0.0010521,-0.00089432,0.49193,0.40102,0.053422
atenção limitada|riqueza igual para todos,890,1.0005,-0.017304,-0.014709,0.49385,0.40274,0.050105
atenção limitada|riqueza igual para todos,900,1.0009,-0.022011,-0.018709,0.49463,0.40334,0.048042
atenção limitada|riqueza igual para todos,910,1.0006,0.0065663,0.0055814,0.49486,0.40356,0.047661
atenção limitada|riqueza igual para todos,920,0.99805,0.01153,0.0098004,0.49478,0.40367,0.046078
atenção limitada|riqueza igual para todos,930,0.99775,0.014447,0.01228,0.49525,0.40345,0.046292
atenção limitada|riqueza igual para todos,940,0.99893,0.0091922,0.0078133,0.49654,0.40499,0.045206
atenção limitada|riqueza igual para todos,950,0.99928,0.0083272,0.0070781,0.49791,0.4061,0.042318
atenção limitada|riqueza igual para todos,960,0.99619,-0.0073598,-0.0062558,0.49918,0.40565,0.039278
atenção limitada|riqueza igual para todos,970,0.99793,0.028685,0.024382,0.49997,0.40678,0.038878
atenção limitada|riqueza igual para todos,980,0.99693,0.023565,0.02003,0.50039,0.40686,0.038468
atenção limitada|riqueza igual para todos,990,0.99705,0.017023,0.014469,0.50082,0.40756,0.038024
atenção limitada|riqueza igual para todos,1000,0.99538,0.050691,0.043087,0.50217,0.40883,0.036372
atenção limitada|1% com toda a riqueza,1,1.0209,-0.17427,-0.14813,0.97571,0.98364,0.94969
atenção limitada|1% com toda a riqueza,2,1.0419,-0.34261,-0.29122,0.9648,0.97106,0.88779
atenção limitada|1% com toda a riqueza,3,1.058,-0.48781,-0.41464,0.95576,0.96056,0.88186
atenção limitada|1% com toda a riqueza,4,1.0719,-0.54535,-0.46355,0.9474,0.95096,0.87082
atenção limitada|1% com toda a riqueza,5,1.0838,-0.65283,-0.5549,0.93982,0.94237,0.85644
atenção limitada|1% com toda a riqueza,6,1.094,-0.72191,-0.61362,0.9328,0.93449,0.84325
atenção limitada|1% com toda a riqueza,7,1.1018,-0.78369,-0.66613,0.92645,0.92739,0.82821
atenção limitada|1% com toda a riqueza,8,1.1091,-0.81267,-0.69077,0.9203,0.92058,0.81007
atenção limitada|1% com toda a riqueza,9,1.1157,-0.86454,-0.73486,0.91452,0.9141,0.79862
atenção limitada|1% com toda a riqueza,10,1.1211,-0.8617,-0.73244,0.90904,0.90801,0.77461
atenção limitada|1% com toda a riqueza,11,1.1263,-0.91238,-0.77552,0.90379,0.90222,0.7608
atenção limitada|1% com toda a riqueza,12,1.1304,-0.9429,-0.80146,0.89878,0.8967,0.7465
atenção limitada|1% com toda a riqueza,13,1.1342,-0.97221,-0.82638,0.89402,0.89162,0.71727
atenção limitada|1% com toda a riqueza,14,1.1366,-1.0213,-0.86808,0.8897,0.88692,0.70211
atenção limitada|1% com toda a riqueza,15,1.1382,-1.0054,-0.85455,0.88553,0.88231,0.6856
atenção limitada|1% com toda a riqueza,16,1.1394,-1.0471,-0.89,0.88173,0.87821,0.66981
atenção limitada|1% com toda a riqueza,17,1.1398,-1.035,-0.87976,0.87808,0.87419,0.66971
atenção limitada|1% com toda a riqueza,18,1.1407,-1.0251,-0.87137,0.87437,0.87017,0.65288
atenção limitada|1% com toda a riqueza,19,1.1415,-1.0256,-0.87172,0.87062,0.86617,0.63613
atenção limitada|1% com toda a riqueza,20,1.1413,-1.052,-0.89424,0.86736,0.86258,0.61907
atenção limitada|1% com toda a riqueza,21,1.1404,-1.0397,-0.88377,0.86427,0.85915,0.60638
atenção limitada|1% com toda a riqueza,22,1.1397,-1.0162,-0.86373,0.86122,0.8557,0.60139
atenção limitada|1% com toda a riqueza,23,1.1398,-0.99823,-0.84849,0.85799,0.85223,0.58589
atenção limitada|1% com toda a riqueza,24,1.1394,-1.0317,-0.87691,0.85505,0.84899,0.57854
atenção limitada|1% com toda a riqueza,25,1.1383,-1.0078,-0.85664,0.85209,0.84577,0.56946
atenção limitada|1% com toda a riqueza,26,1.1372,-1.003,-0.85256,0.84933,0.8429,0.56181
atenção limitada|1% com toda a riqueza,27,1.1357,-1.01,-0.85849,0.84687,0.84019,0.55269
atenção limitada|1% com toda a riqueza,28,1.1346,-0.99069,-0.84208,0.84421,0.83736,0.54564
atenção limitada|1% com toda a riqueza,29,1.1338,-0.96221,-0.81788,0.84139,0.83431,0.53724
atenção limitada|1% com toda a riqueza,30,1.133,-0.95784,-0.81416,0.83866,0.83147,0.53169
atenção limitada|1% com toda a riqueza,31,1.1323,-0.94784,-0.80567,0.83597,0.82861,0.52409
atenção limitada|1% com toda a riqueza,32,1.1309,-0.97299,-0.82704,0.83376,0.82608,0.51824
atenção limitada|1% com toda a riqueza,33,1.1291,-0.93968,-0.79872,0.83154,0.82362,0.51144
atenção limitada|1% com toda a riqueza,34,1.128,-0.94554,-0.80371,0.82913,0.82109,0.50568
atenção limitada|1% com toda a riqueza,35,1.1263,-0.91097,-0.77432,0.82687,0.81863,0.50073
atenção limitada|1% com toda a riqueza,36,1.1251,-0.92424,-0.7856,0.82471,0.81625,0.49508
atenção limitada|1% com toda a riqueza,37,1.1232,-0.92089,-0.78276,0.82291,0.81427,0.49113
atenção limitada|1% com toda a riqueza,38,1.1215,-0.89429,-0.76015,0.8211,0.81224,0.48625
atenção limitada|1% com toda a riqueza,39,1.1195,-0.90528,-0.76948,0.81938,0.81027,0.48155
atenção limitada|1% com toda a riqueza,40,1.1175,-0.8634,-0.73389,0.81753,0.80807,0.476
atenção limitada|1% com toda a riqueza,41,1.1166,-0.8504,-0.72284,0.81543,0.80574,0.47094
atenção limitada|1% com toda a riqueza,42,1.116,-0.82852,-0.70424,0.81319,0.80332,0.46529
atenção limitada|1% com toda a riqueza,43,1.1155,-0.86,-0.731,0.81118,0.80112,0.46109
atenção limitada|1% com toda a riqueza,44,1.1139,-0.85018,-0.72266,0.80941,0.79912,0.45674
atenção limitada|1% com toda a riqueza,45,1.112,-0.81373,-0.69167,0.80758,0.79708,0.45301
atenção limitada|1% com toda a riqueza,46,1.1111,-0.79499,-0.67574,0.8055,0.79477,0.44846
atenção limitada|1% com toda a riqueza,47,1.1099,-0.82873,-0.70442,0.80372,0.7929,0.44451
atenção limitada|1% com toda a riqueza,48,1.1077,-0.79882,-0.679,0.80222,0.79122,0.44101
atenção limitada|1% com toda a riqueza,49,1.106,-0.77604,-0.65964,0.80077,0.7895,0.43721
atenção limitada|1% com toda a riqueza,50,1.1049,-0.76743,-0.65232,0.79916,0.78754,0.43361
atenção limitada|1% com toda a riqueza,51,1.1037,-0.77645,-0.65998,0.79763,0.78574,0.43003
atenção limitada|1% com toda a riqueza,52,1.102,-0.75707,-0.64351,0.79613,0.78405,0.42658
atenção limitada|1% com toda a riqueza,53,1.1011,-0.75551,-0.64218,0.79441,0.78224,0.42193
atenção limitada|1% com toda a riqueza,54,1.0995,-0.74596,-0.63407,0.79275,0.78046,0.41913
atenção limitada|1% com toda a riqueza,55,1.0986,-0.71691,-0.60937,0.79106,0.77865,0.41623
atenção limitada|1% com toda a riqueza,56,1.098,-0.71839,-0.61063,0.78935,0.7768,0.41173
atenção limitada|1% com toda a riqueza,57,1.0971,-0.71944,-0.61153,0.78782,0.77503,0.40783
atenção limitada|1% com toda a riqueza,58,1.096,-0.71884,-0.61101,0.78623,0.77318,0.40523
atenção limitada|1% com toda a riqueza,59,1.0945,-0.71141,-0.6047,0.78472,0.77147,0.40178
atenção limitada|1% com toda a riqueza,60,1.0923,-0.7059,-0.60002,0.78368,0.77031,0.40153
atenção limitada|1% com toda a riqueza,61,1.0907,-0.70223,-0.59689,0.78246,0.76896,0.39763
atenção limitada|1% com toda a riqueza,62,1.0888,-0.68114,-0.57897,0.78142,0.7677,0.39568
atenção limitada|1% com toda a riqueza,63,1.0873,-0.6636,-0.56406,0.78025,0.76633,0.39423
atenção limitada|1% com toda a riqueza,64,1.0863,-0.65961,-0.56067,0.77899,0.76472,0.39053
atenção limitada|1% com toda a riqueza,65,1.0856,-0.63704,-0.54148,0.77765,0.76319,0.38753
atenção limitada|1% com toda a riqueza,66,1.0846,-0.66344,-0.56392,0.77646,0.76186,0.38478
atenção limitada|1% com toda a riqueza,67,1.0828,-0.63577,-0.5404,0.77545,0.76061,0.38243
atenção limitada|1% com toda a riqueza,68,1.0816,-0.62085,-0.52772,0.77429,0.75925,0.38148
atenção limitada|1% com toda a riqueza,69,1.0803,-0.63276,-0.53784,0.77332,0.7581,0.37883
atenção limitada|1% com toda a riqueza,70,1.0789,-0.61656,-0.52408,0.77224,0.75684,0.37703
atenção limitada|1% com toda a riqueza,71,1.0778,-0.59955,-0.50962,0.77119,0.75565,0.37474
atenção limitada|1% com toda a riqueza,72,1.0768,-0.58507,-0.49731,0.77021,0.7545,0.37314
atenção limitada|1% com toda a riqueza,73,1.076,-0.57789,-0.49121,0.76915,0.75302,0.36934
atenção limitada|1% com toda a riqueza,74,1.0755,-0.59534,-0.50603,0.76802,0.75162,0.36564
atenção limitada|1% com toda a riqueza,75,1.0746,-0.56103,-0.47687,0.76673,0.75016,0.36339
atenção limitada|1% com toda a riqueza,76,1.074,-0.56532,-0.48052,0.76557,0.74888,0.36129
atenção limitada|1% com toda a riqueza,77,1.0735,-0.52723,-0.44815,0.76429,0.74749,0.35779
atenção limitada|1% com toda a riqueza,78,1.073,-0.55993,-0.47594,0.76326,0.74634,0.35704
atenção limitada|1% com toda a riqueza,79,1.0717,-0.57315,-0.48718,0.76243,0.7453,0.35514
atenção limitada|1% com toda a riqueza,80,1.07,-0.56239,-0.47803,0.76166,0.74416,0.35294
atenção limitada|1% com toda a riqueza,81,1.0687,-0.53805,-0.45734,0.7609,0.74305,0.35094
atenção limitada|1% com toda a riqueza,82,1.0678,-0.51537,-0.43806,0.75988,0.74179,0.34829
atenção limitada|1% com toda a riqueza,83,1.0673,-0.5156,-0.43826,0.75874,0.74053,0.34639
atenção limitada|1% com toda a riqueza,84,1.0661,-0.53287,-0.45294,0.758,0.73954,0.34543
atenção limitada|1% com toda a riqueza,85,1.0648,-0.53238,-0.45252,0.75726,0.73851,0.34363
atenção limitada|1% com toda a riqueza,86,1.0639,-0.48825,-0.41501,0.7564,0.73739,0.34204
atenção limitada|1% com toda a riqueza,87,1.0633,-0.47763,-0.40599,0.75545,0.73619,0.33989
atenção limitada|1% com toda a riqueza,88,1.0626,-0.49173,-0.41797,0.75449,0.73502,0.33724
atenção limitada|1% com toda a riqueza,89,1.0619,-0.48304,-0.41058,0.75366,0.73389,0.33553
atenção limitada|1% com toda a riqueza,90,1.0611,-0.48469,-0.41199,0.75285,0.73271,0.33338
atenção limitada|1% com toda a riqueza,91,1.0606,-0.4736,-0.40256,0.75207,0.73174,0.33078
atenção limitada|1% com toda a riqueza,92,1.0605,-0.4659,-0.39602,0.75113,0.73059,0.3287
atenção limitada|1% com toda a riqueza,93,1.0602,-0.46235,-0.39299,0.75023,0.72948,0.327
atenção limitada|1% com toda a riqueza,94,1.0596,-0.45793,-0.38924,0.74941,0.72846,0.3252
atenção limitada|1% com toda a riqueza,95,1.0598,-0.46806,-0.39785,0.74835,0.72729,0.32296
atenção limitada|1% com toda a riqueza,96,1.0593,-0.44484,-0.37811,0.74745,0.7262,0.32125
atenção limitada|1% com toda a riqueza,97,1.0595,-0.44434,-0.37769,0.74638,0.72502,0.31851
atenção limitada|1% com toda a riqueza,98,1.0591,-0.46527,-0.39548,0.74556,0.72403,0.31676
atenção limitada|1% com toda a riqueza,99,1.0586,-0.42797,-0.36378,0.74469,0.72299,0.31559
atenção limitada|1% com toda a riqueza,100,1.0588,-0.44264,-0.37625,0.74369,0.72187,0.31399
atenção limitada|1% com toda a riqueza,110,1.0523,-0.39528,-0.33599,0.73592,0.71277,0.30411
atenção limitada|1% com toda a riqueza,120,1.0494,-0.38286,-0.32543,0.72857,0.70369,0.28911
atenção limitada|1% com toda a riqueza,130,1.0444,-0.33981,-0.28884,0.72272,0.69603,0.27754
atenção limitada|1% com toda a riqueza,140,1.043,-0.32406,-0.27545,0.71568,0.68744,0.26744
atenção limitada|1% com toda a riqueza,150,1.0416,-0.32234,-0.27399,0.70961,0.68025,0.25479
atenção limitada|1% com toda a riqueza,160,1.0327,-0.24168,-0.20543,0.70623,0.67537,0.25213
atenção limitada|1% com toda a riqueza,170,1.0318,-0.25201,-0.21421,0.7014,0.66889,0.24455
atenção limitada|1% com toda a riqueza,180,1.0319,-0.26995,-0.22946,0.69542,0.66164,0.23159
atenção limitada|1% com toda a riqueza,190,1.0315,-0.24869,-0.21139,0.69076,0.6559,0.22449
atenção limitada|1% com toda a riqueza,200,1.0281,-0.23163,-0.19689,0.68604,0.65022,0.22135
atenção limitada|1% com toda a riqueza,210,1.0333,-0.2525,-0.21463,0.6802,0.64369,0.21035
atenção limitada|1% com toda a riqueza,220,1.0303,-0.24805,-0.21084,0.67555,0.63796,0.20444
atenção limitada|1% com toda a riqueza,230,1.0278,-0.20575,-0.17489,0.67172,0.63315,0.19811
atenção limitada|1% com toda a riqueza,240,1.0262,-0.19726,-0.16767,0.66795,0.6278,0.19171
atenção limitada|1% com toda a riqueza,250,1.0243,-0.22725,-0.19316,0.66497,0.6241,0.18586
atenção limitada|1% com toda a riqueza,260,1.0227,-0.17232,-0.14647,0.66218,0.61976,0.18226
atenção limitada|1% com toda a riqueza,270,1.0241,-0.19109,-0.16242,0.65833,0.61508,0.17573
atenção limitada|1% com toda a riqueza,280,1.0236,-0.18073,-0.15362,0.6556,0.6119,0.17353
atenção limitada|1% com toda a riqueza,290,1.0199,-0.18114,-0.15397,0.65268,0.60845,0.17198
atenção limitada|1% com toda a riqueza,300,1.0185,-0.15188,-0.1291,0.65123,0.60553,0.16738
atenção limitada|1% com toda a riqueza,310,1.018,-0.17218,-0.14636,0.64889,0.60246,0.16338
atenção limitada|1% com toda a riqueza,320,1.0189,-0.14633,-0.12438,0.64576,0.59819,0.15838
atenção limitada|1% com toda a riqueza,330,1.0167,-0.17936,-0.15246,0.64404,0.59537,0.15743
atenção limitada|1% com toda a riqueza,340,1.0172,-0.13674,-0.11623,0.64226,0.59251,0.15333
atenção limitada|1% com toda a riqueza,350,1.0153,-0.13695,-0.1164,0.63974,0.58939,0.14843
atenção limitada|1% com toda a riqueza,360,1.0179,-0.13004,-0.11053,0.63729,0.58686,0.14163
atenção limitada|1% com toda a riqueza,370,1.0152,-0.13403,-0.11392,0.63571,0.58457,0.13993
atenção limitada|1% com toda a riqueza,380,1.0167,-0.12273,-0.10432,0.63228,0.58085,0.13518
atenção limitada|1% com toda a riqueza,390,1.0181,-0.13266,-0.11276,0.63013,0.57823,0.13293
atenção limitada|1% com toda a riqueza,400,1.0166,-0.12195,-0.10366,0.62913,0.57623,0.13228
atenção limitada|1% com toda a riqueza,410,1.0145,-0.08894,-0.075599,0.62715,0.57362,0.12844
atenção limitada|1% com toda a riqueza,420,1.0171,-0.13495,-0.1147,0.62335,0.56982,0.12524
atenção limitada|1% com toda a riqueza,430,1.0134,-0.11425,-0.097116,0.62066,0.5669,0.12448
atenção limitada|1% com toda a riqueza,440,1.0105,-0.091315,-0.077618,0.61937,0.56484,0.12309
atenção limitada|1% com toda a riqueza,450,1.0112,-0.09833,-0.08358,0.61732,0.56183,0.12014
atenção limitada|1% com toda a riqueza,460,1.0103,-0.06678,-0.056763,0.61624,0.55931,0.11728
atenção limitada|1% com toda a riqueza,470,1.0125,-0.10676,-0.090743,0.614,0.55631,0.11433
atenção limitada|1% com toda a riqueza,480,1.0122,-0.10216,-0.086837,0.61269,0.55416,0.11189
atenção limitada|1% com toda a riqueza,490,1.0101,-0.062184,-0.052856,0.61138,0.55172,0.11018
atenção limitada|1% com toda a riqueza,500,1.012,-0.096578,-0.082091,0.60882,0.54874,0.10628
atenção limitada|1% com toda a riqueza,510,1.0072,-0.075207,-0.063926,0.60841,0.54751,0.10868
atenção limitada|1% com toda a riqueza,520,1.0066,-0.066045,-0.056139,0.60787,0.5464,0.10694
atenção limitada|1% com toda a riqueza,530,1.0096,-0.072645,-0.061749,0.60589,0.54401,0.10369
atenção limitada|1% com toda a riqueza,540,1.0116,-0.078681,-0.066879,0.60369,0.54133,0.10019
atenção limitada|1% com toda a riqueza,550,1.0112,-0.078451,-0.066683,0.60151,0.53902,0.097877
atenção limitada|1% com toda a riqueza,560,1.0107,-0.063758,-0.054194,0.59966,0.53694,0.094695
atenção limitada|1% com toda a riqueza,570,1.0111,-0.093895,-0.079811,0.59889,0.53534,0.094795
atenção limitada|1% com toda a riqueza,580,1.0084,-0.089539,-0.076108,0.59825,0.53419,0.092695
atenção limitada|1% com toda a riqueza,590,1.0084,-0.07977,-0.067805,0.59636,0.53176,0.090095
atenção limitada|1% com toda a riqueza,600,1.0091,-0.078187,-0.066459,0.59518,0.5298,0.091077
atenção limitada|1% com toda a riqueza,610,1.0082,-0.080121,-0.068102,0.59479,0.52874,0.088795
atenção limitada|1% com toda a riqueza,620,1.0096,-0.060507,-0.051431,0.59326,0.52611,0.087601
atenção limitada|1% com toda a riqueza,630,1.01,-0.069601,-0.059161,0.5922,0.52499,0.087177
atenção limitada|1% com toda a riqueza,640,1.0093,-0.050013,-0.042511,0.59111,0.52373,0.086492
atenção limitada|1% com toda a riqueza,650,1.0109,-0.097132,-0.082562,0.5895,0.52125,0.081445
atenção limitada|1% com toda a riqueza,660,1.0099,-0.086765,-0.07375,0.58929,0.52113,0.081892
atenção limitada|1% com toda a riqueza,670,1.0097,-0.065708,-0.055852,0.58744,0.51884,0.081642
atenção limitada|1% com toda a riqueza,680,1.0089,-0.068992,-0.058643,0.58518,0.51682,0.080351
atenção limitada|1% com toda a riqueza,690,1.006,-0.050887,-0.043254,0.58447,0.51579,0.079963
atenção limitada|1% com toda a riqueza,700,1.005,-0.024137,-0.020516,0.58347,0.51409,0.076559
atenção limitada|1% com toda a riqueza,710,1.005,-0.039784,-0.033816,0.58274,0.51308,0.076677
atenção limitada|1% com toda a riqueza,720,1.0071,-0.056002,-0.047602,0.58102,0.51151,0.075013
atenção limitada|1% com toda a riqueza,730,1.0067,-0.067743,-0.057581,0.57959,0.50927,0.072663
atenção limitada|1% com toda a riqueza,740,1.0068,-0.037443,-0.031826,0.57874,0.50746,0.070709
atenção limitada|1% com toda a riqueza,750,1.0084,-0.07006,-0.059551,0.5769,0.50591,0.067413
atenção limitada|1% com toda a riqueza,760,1.0039,-0.043591,-0.037053,0.5762,0.50508,0.068901
atenção limitada|1% com toda a riqueza,770,1.0043,-0.043012,-0.03656,0.57668,0.50528,0.069163
atenção limitada|1% com toda a riqueza,780,1.006,-0.045614,-0.038772,0.57559,0.50377,0.065201
atenção limitada|1% com toda a riqueza,790,1.0077,-0.052043,-0.044237,0.57467,0.50253,0.062775
atenção limitada|1% com toda a riqueza,800,1.0077,-0.054448,-0.046281,0.57424,0.50202,0.062401
atenção limitada|1% com toda a riqueza,810,1.0071,-0.042153,-0.03583,0.57327,0.50107,0.064613
atenção limitada|1% com toda a riqueza,820,1.0071,-0.067248,-0.057161,0.57305,0.50061,0.062182
atenção limitada|1% com toda a riqueza,830,1.0031,-0.033605,-0.028564,0.57256,0.49939,0.064042
atenção limitada|1% com toda a riqueza,840,1.0017,-0.039921,-0.033933,0.57225,0.49844,0.062759
atenção limitada|1% com toda a riqueza,850,1.0025,-0.035937,-0.030546,0.57156,0.49696,0.064045
atenção limitada|1% com toda a riqueza,860,1.0045,-0.041872,-0.035591,0.57098,0.49582,0.062327
atenção limitada|1% com toda a riqueza,870,1.0061,-0.013568,-0.011533,0.56952,0.49495,0.060427
atenção limitada|1% com toda a riqueza,880,1.0087,-0.058099,-0.049384,0.56779,0.49313,0.058695
atenção limitada|1% com toda a riqueza,890,1.0062,-0.054409,-0.046248,0.56798,0.49336,0.059001
atenção limitada|1% com toda a riqueza,900,1.0054,-0.044896,-0.038161,0.56735,0.49188,0.059813
atenção limitada|1% com toda a riqueza,910,1.0059,-0.023064,-0.019604,0.56623,0.49028,0.056351
atenção limitada|1% com toda a riqueza,920,1.0052,-0.055579,-0.047242,0.56466,0.48869,0.055077
atenção limitada|1% com toda a riqueza,930,1.0011,-0.0056134,-0.0047714,0.5637,0.48775,0.057327
atenção limitada|1% com toda a riqueza,940,1.0038,-0.014791,-0.012572,0.56321,0.48653,0.054109
atenção limitada|1% com toda a riqueza,950,1.0015,-0.059069,-0.050209,0.56343,0.48594,0.050825
atenção limitada|1% com toda a riqueza,960,0.99965,-0.026167,-0.022242,0.56381,0.48571,0.052801
atenção limitada|1% com toda a riqueza,970,1.0001,-0.00658,-0.005593,0.56305,0.48488,0.052709
atenção limitada|1% com toda a riqueza,980,1.001,0.00089928,0.00076439,0.56276,0.48403,0.052542
atenção limitada|1% com toda a riqueza,990,1.0033,-0.020723,-0.017614,0.56203,0.48329,0.050592
atenção limitada|1% com toda a riqueza,1000,1.0019,0.019907,0.016921,0.56258,0.4837,0.050592
